Date,Open,High,Low,Close,Volume,RSI,MACD,MACD_Signal,BB_Upper,BB_Lower,BB_Middle,EMA_20,EMA_50
2024-05-10,183.48091883182525,183.66946303777598,180.73218899862087,181.64512634277344,50759500,68.67328090177276,3.1620821104480115,1.577999743897625,185.37133446129062,158.23339423743985,171.80236434936523,174.5560811591421,172.2214678419348
2024-05-13,184.01682262141375,185.6640864017181,183.20310853414878,184.85037231445312,72044800,72.70478103092456,3.5687883858142015,1.9761574722809403,187.24914519160927,157.727363902629,172.48825454711914,175.5364898406003,172.71671899771985
2024-05-14,186.0709344816443,186.8548800445926,184.8602962551219,185.99154663085938,52393600,73.98828174770294,3.9377967990387788,2.3684853376325083,189.15221445776402,157.63820760034147,173.39521102905275,176.53220953491066,173.23730047352925
2024-05-15,186.46785537715886,189.1868170758504,185.93199122253947,188.2639617919922,70400000,76.37101274019983,4.363306061011201,2.767449482308247,191.21079307091358,157.757540364145,174.4841667175293,177.64951927368034,173.82658130954738
2024-05-16,189.00821119957226,189.6333810173086,188.2044300863017,188.38304138183594,52845200,76.49253229115838,4.656457204355917,3.1452510267177813,192.89184726646783,158.3614394766962,175.62664337158202,178.67175947445708,174.39742288100967
2024-05-17,188.0555735439889,189.34559954047234,187.72810435814964,188.41281127929688,41282900,76.52503583227255,4.835443793333923,3.4832895800410095,194.04958697124232,159.69379071430455,176.87168884277344,179.59947869396564,174.94704595545232
2024-05-20,187.87693908543721,190.44705781727768,187.55938774134125,189.5738067626953,44361300,77.81344155384149,5.013185703108206,3.7892688046544487,195.14222112796787,161.124105776329,178.13316345214844,180.54941470051133,175.52064441848148
2024-05-21,189.62342455766938,191.25083732912466,189.4547310855792,190.87376403808594,42309400,79.19061959166596,5.1990121591948935,4.071217475562538,196.2144441689524,162.59978312596945,179.40711364746093,181.53268606599465,176.12272754081891
2024-05-22,190.79440205142186,191.3401840301744,188.8097513226368,189.43490600585938,34648500,73.73496137378179,5.170573987926275,4.291088778035285,196.8967406275591,164.111412143437,180.50407638549805,182.28527844121987,176.64477375513422
2024-05-23,189.5142796080912,189.5341303535584,185.1976736824305,185.4457550048828,51005900,61.15564165929521,4.771146577447865,4.3871003379178015,196.8416083866375,165.87534107625314,181.3584747314453,182.58627620918776,176.9899102747322
2024-05-24,187.37085638453854,189.11734333076396,186.59682877814635,188.52194213867188,36327000,65.97606515894138,4.6492266787434176,4.439525606082925,196.7884086129206,168.00342183141532,182.39591522216796,183.1515777262815,177.44214681841612
2024-05-28,190.04022981736387,191.51880009814326,187.64873713728954,188.5319061279297,52280100,65.99078689439357,4.501517598517012,4.451924004569743,196.97834313642136,169.47315222490676,183.22574768066406,183.6639899550099,177.87703934035784
2024-05-29,188.15481585355153,190.7745542503335,188.05557725890648,188.82958984375,53068000,66.45774003705495,4.358238614433361,4.433186926542467,196.37953240859645,172.07553808700902,184.22753524780273,184.1559518491756,178.30655112480457
2024-05-30,189.29596821795033,190.70506832278696,189.16697622567534,189.8218994140625,49889100,68.03335661103299,4.275475061407747,4.401644553515523,194.929091375076,175.73085582951384,185.32997360229493,184.69556590297435,178.75813341065782
2024-05-31,189.9707854632458,191.09211806054816,188.45252874493116,190.77456665039062,75158300,69.51395749285197,4.23790470610723,4.368896584033865,193.6447685808021,178.94569009839714,186.29522933959962,185.27451835510922,179.22936608672578
2024-06-03,191.41954585254337,193.49351725389894,191.04247253185534,192.54087829589844,50080500,72.0946661374569,4.301076385714481,4.355332544369989,194.35937665732922,179.31255937782703,186.83596801757812,185.96655263518437,179.75138617336
2024-06-04,193.14619663099631,193.82098571162214,191.54855228534223,192.85842895507812,47471400,72.54464830838445,4.3268864278972785,4.3496433210754475,194.74734361595353,180.20331403785508,187.4753288269043,186.62292180850758,180.26538785107445
2024-06-05,193.90036613096368,195.38885414673365,193.3744349100596,194.36676025390625,54156800,74.63674378500792,4.418121448569252,4.363338946574208,195.326837449782,180.9850003187727,188.15591888427736,187.36043023187887,180.81838284726393
2024-06-06,194.1881470745491,194.9919281725913,192.67980832687616,192.9874267578125,41181800,69.42673501556969,4.329220613811145,4.356515280021596,195.40964755951757,182.09174251616605,188.7506950378418,187.89633466292017,181.29560025552075
2024-06-07,193.1561225415401,195.42855606321456,192.65004206608782,195.37893676757812,53103900,72.9521203906624,4.401008842471299,4.365413992511536,196.0646569730412,182.68408570274008,189.37437133789064,188.60896343479234,181.84788796187595
2024-06-10,195.3888517006261,195.7857909182053,190.6753063763642,191.6378631591797,97010200,61.08585244643047,4.108666011920008,4.314064396393231,195.5494224971074,184.19859386031447,189.87400817871094,188.8974300752102,182.23180855784864
2024-06-11,192.16378906024917,205.57011360777915,192.14395345618084,205.5601806640625,172373300,76.44269217957589,4.943412301627802,4.439933977440146,199.52250391991217,182.29649327247066,190.9094985961914,190.48435870271993,183.14664667966093
2024-06-12,205.77850209290926,218.51003809526938,205.3121079690946,211.4347686767578,198134300,80.0247816578543,6.00970872561237,4.753888927074591,204.46863115779306,179.8946882391796,192.18165969848633,192.47963584310452,184.25598479719415
2024-06-13,213.09194207290335,215.08651049080893,209.97604121171418,212.5957794189453,97862700,80.65098187138045,6.869255684229415,5.176962278505556,208.53893804890748,178.2575631107605,193.39825057983398,194.39545904080364,185.3673492921648
2024-06-14,212.2088008716011,213.51866257545944,209.678367977573,210.85923767089844,70122700,76.77420608472785,7.325880248153766,5.606745872435198,211.3391366645871,177.70498412398712,194.5220603942871,195.9634379579555,186.36703118937004
2024-06-17,211.7324642876032,217.26964179829142,211.08745883873982,215.00714111328125,93728300,79.33001970763077,7.931035605627585,6.071603819073676,214.71594200168667,176.987611770286,195.85177688598634,197.77712397274843,187.49017275501362
2024-06-18,215.9200623200828,216.95208913019513,211.36529274424583,212.6453857421875,79943300,74.31550398977369,8.12637586343999,6.482558227946939,217.03857534078082,176.97213632914105,197.00535583496094,199.19314890317122,188.4766516956871
2024-06-20,212.28815296354617,212.59578653831548,207.24715355520107,208.07077026367188,86172500,65.65816289894869,7.821885362147157,6.750423654786983,218.2632301746871,177.46718211779339,197.86520614624024,200.0386366517903,189.24504850227476
2024-06-21,208.77533580800622,210.26382387597764,205.5205097773767,205.89759826660156,241805100,61.96518233774533,7.320827683451768,6.864504460519941,218.98236594250977,178.3943155760449,198.68834075927734,200.59663299605805,189.89808966950326
2024-06-24,206.12582769938734,211.06760381745957,205.00449518251241,206.5426025390625,80727000,62.63689635888294,6.896286222636547,6.8708608129432625,219.31945732589512,180.16690894607754,199.74318313598633,201.16291580967751,190.55081566438795
2024-06-25,207.54485732874397,209.75775393646785,207.0090082596573,207.46548461914062,55549700,63.62671117766084,6.558698335535297,6.8084283174616695,219.80838553016704,181.57233498985246,200.69036026000975,201.7631604581978,191.21413601555474
2024-06-26,209.87680350658064,213.21101716086312,209.02340313251779,211.61337280273438,66213200,67.7606394476613,6.550349067289233,6.756812467427182,220.6563347513621,183.03253243613793,201.84443359375,202.70127591958223,192.0141060856402
2024-06-27,213.0423164247351,214.0842609953053,210.72027890747495,212.45684814453125,49772700,68.54356400435903,6.5364455474416445,6.712739083430074,221.35777051768238,184.69382249989573,203.02579650878906,203.63037803624402,192.81578224481243
2024-06-28,214.1140398112984,214.41174043740799,208.68601906723538,209.00355529785156,82542700,61.91423313115059,6.1755867159462525,6.60530860993331,221.39198579536986,186.5777728105872,203.98487930297853,204.14210920401615,193.45059687434338
2024-07-01,210.46229254870087,215.84069445328046,210.29359904602236,215.08653259277344,60402900,67.8186239138857,6.307737253646508,6.54579433867595,222.11179865445217,188.28915654574314,205.20047760009766,205.18443524104066,194.29906494173278
2024-07-02,214.49110775455017,218.68865467979296,213.4491783018458,218.57949829101562,58046200,70.63390283754367,6.618032092403695,6.5602418894214996,223.3190542232516,189.6857629764554,206.5024085998535,206.4601555315145,195.2512387985674
2024-07-03,218.31157833867707,219.8496856689453,217.34902153194005,219.8496856689453,37369800,71.60663188886421,6.887046904000982,6.625602892337397,224.38814031197552,191.31580255911825,207.8519714355469,207.73534887793647,196.21588377387636
2024-07-05,219.94889718329503,224.71206166235044,219.94889718329503,224.6029052734375,60412400,74.95050235997958,7.39850284274462,6.780182882418841,226.23415025961435,192.4934071134325,209.36377868652343,209.34178282036513,197.32910030327093
2024-07-08,225.34715532852172,226.1013322692385,221.53662969916704,226.07156372070312,59085900,75.89511804678456,7.832060701169013,6.990558446168876,227.6130513717022,194.42291969763372,211.01798553466796,210.93509528706397,198.45625573140552
2024-07-09,226.18069804264906,227.63941744293055,224.63267299949706,226.92494201660156,48076100,76.45081433451554,8.150564292471529,7.222559615429407,228.92624376665967,196.26432782757863,212.59528579711915,212.45793783273422,199.5726748014132
2024-07-10,227.54019053238477,231.29117889263895,227.49057123987387,231.1919403076172,62627700,79.05130350958987,8.64760754770441,7.507569201884409,229.7576192680205,199.3883600410615,214.572989654541,214.24212854462783,200.81264599773493
2024-07-11,229.61417679228308,230.6065022056456,224.0373128145247,225.82350158691406,64710600,68.76299135882451,8.510229145478036,7.708101190603135,230.94183232954765,200.23047907181956,215.5861557006836,215.34511645341698,201.79346386397725
2024-07-12,227.16311346469493,230.8545649156238,226.92494993371525,228.7706756591797,53046500,70.99478319181887,8.540716031031508,7.87462415868881,232.75022683918644,200.15567526042292,216.45295104980468,216.6237411396801,202.8513937382989
2024-07-15,234.66509753137677,235.409341553401,231.30111515749465,232.60105895996094,62631300,73.63165076328752,8.772829312584122,8.054265189467873,235.14935642517634,199.7570736285346,217.45321502685547,218.1453904558973,204.0180472764033
2024-07-16,233.19646408342908,234.4567215545301,230.54695713829173,233.01785278320312,43234300,73.9095944129204,8.887957694998363,8.221003690573973,237.2649644006323,199.8573271643091,218.5611457824707,219.56181543945024,205.1552945511798
2024-07-17,227.68904591405493,229.6836295353235,224.9006141352506,227.12342834472656,57345900,63.68561482841878,8.406660230914554,8.25813499864209,238.16860804739304,200.1653122406929,219.16696014404297,220.28196904947654,206.016789994064
2024-07-18,228.51269423226466,228.67146993188885,220.5641731481692,222.45950317382812,66034600,56.9703534568075,7.561721916578762,8.118852382229425,238.45599472817796,200.85933730307207,219.657666015625,220.48935325179573,206.66160227562338
2024-07-19,223.09459660515446,225.0593965950336,221.56640705838353,222.5885009765625,49151500,57.10507681255411,6.823850162641179,7.859851938311777,238.40305623319375,202.3640488693453,220.38355255126953,220.68927208272592,207.28618653840533
2024-07-22,225.26777593230437,226.03187070395737,221.3778623137636,222.24119567871094,48201800,56.59134213057931,6.140275571976673,7.515936665044756,237.88724916041616,204.51421568333382,221.200732421875,220.8370743299626,207.872657485084
2024-07-23,222.64803919770813,225.19832267550643,220.97100689389265,223.2831268310547,39960300,57.8173968163161,5.617853798600521,7.13632009175591,237.2420002970467,206.83351697590254,222.03775863647462,221.07003171101897,208.47698961629857
2024-07-24,222.2808652028311,223.07472846403482,215.4635952984219,216.86276245117188,61777600,48.6912094247971,4.63236204501203,6.635528482407134,236.334115444108,208.68112961204437,222.50762252807618,220.66933940055733,208.8058434529603
2024-07-25,217.2497669876539,219.1550448561193,212.9728474396388,215.82083129882812,51391200,47.384054401774875,3.7243456556032015,6.053291917046347,235.9623381952051,209.47365271055665,222.71799545288087,220.20757672420217,209.08094101554335
2024-07-26,217.02155779536062,217.80550332568987,214.35220009781358,216.28724670410156,41601300,48.05629999267387,3.007701044884726,5.444173742614023,235.6294930988286,210.18953766289016,222.90951538085938,219.83421196038307,209.36354123862407
2024-07-29,215.29491873308154,217.61695646267233,214.0941983741811,216.56509399414062,36311800,48.478595285363404,2.4341160078304824,4.842162195657315,234.64361850139318,211.9315661299545,223.28759231567383,219.5228673921695,209.64595507217373
2024-07-30,217.50777956722112,218.63902977566391,214.4613337033208,217.1207733154297,41643800,49.36521038262741,2.001314502915534,4.273992657108959,234.4691313522453,212.30947735136795,223.38930435180663,219.2940965277181,209.93908519936025
2024-07-31,219.74053796301214,222.10227724921992,218.93675681546986,220.37562561035156,50036300,54.32350090021488,1.8990643387974444,3.7990069934466564,234.42307239586935,212.53514903967752,223.47911071777344,219.39709929749273,210.34836129390894
2024-08-01,222.64802807062824,222.7571844619209,215.35444602521784,216.6841583251953,62501000,48.52040438582221,1.5028360297602603,3.339772800709377,234.5730297894128,212.06863891175905,223.32083435058593,219.13872396679776,210.59682392258685
2024-08-02,217.46809553371503,223.86860618805187,216.0391597412521,218.1726531982422,105568600,50.802571530055765,1.2940147401336333,2.9306211885942286,234.4627573635392,211.53588613011317,222.99932174682618,219.04671722693533,210.8939152667302
2024-08-05,197.56204548052773,211.8614570593827,194.49576385779395,207.66392517089844,119548600,37.99589382905409,0.2773586194114728,2.399968674757677,235.32155723595443,208.83632240271746,222.07893981933594,217.96264179302707,210.7672489884623
2024-08-06,203.72439154098564,208.3783997216886,199.52685967053256,205.6395721435547,69660500,36.10759745759492,-0.6838144644684689,1.7832120469124482,235.93275343012743,206.09658922123975,221.0146713256836,216.78901611212493,210.56616362199534
2024-08-07,205.31211338628992,212.00039184379946,204.80603289763474,208.209716796875,63516400,40.17285242559604,-1.2240517576768468,1.1817592859945891,235.02151782281905,204.7096024774739,219.86556015014648,215.97193998686302,210.47375394257887
2024-08-08,211.47448105000998,212.5561121759152,207.22732925913098,211.67294311523438,47161100,45.22982595714011,-1.357096520319402,0.6739881247317909,234.463342581909,203.85272187121603,219.1580322265625,215.5625117133746,210.5207809689575
2024-08-09,210.47221789303094,215.11629337558463,210.3432107490655,214.5804443359375,42201600,49.118287590735356,-1.2139309632417223,0.2964043071370883,233.18253256970962,203.71450875109116,218.4485206604004,215.468981486952,210.6799834539371
2024-08-12,214.65993379251097,218.07747160820446,214.1929998012183,216.1103973388672,38028100,51.086209602558554,-0.9658827121552349,0.04394690327862369,230.7849997168238,204.46297544186763,217.6239875793457,215.53006871094394,210.89294086118926
2024-08-13,217.58072790378117,220.44193777769505,217.58072790378117,219.82598876953125,44155300,55.57949685457948,-0.46413524789315375,-0.0576695269557318,228.03293302430382,205.89585573302043,216.96439437866212,215.9392039546189,211.24325646543798
2024-08-14,219.13055181670978,221.5744891931242,218.2662191901357,220.27304077148438,41960600,56.10200411991646,-0.0300767016870509,-0.05215096190199563,226.75082653452617,206.4929234654738,216.621875,216.35195031812992,211.59736565391037
2024-08-15,223.1342364732981,223.87934187315213,221.30623303799138,223.25344848632812,46414000,59.52058170903092,0.5480937342931611,0.06789797733703572,226.89256468440558,206.43057984684444,216.661572265625,217.00923585795832,212.05446694145618
2024-08-16,222.45869413327577,225.34970708383625,222.19045191126241,224.57479858398438,44340200,60.97171440601165,1.1002370325602726,0.27436578838168313,227.26894045671395,206.25283383527824,216.7608871459961,217.72976564138935,212.54546033920238
2024-08-19,224.2469437652095,224.51518597934856,221.58442566604344,224.41583251953125,40687800,60.68983714571535,1.5076085684249847,0.5210143443903434,227.6577126257648,206.08152535030942,216.8696189880371,218.36653391549808,213.01096513058783
2024-08-20,224.29662301984854,225.68748051768907,223.97870407222223,225.0317840576172,30299000,61.433823591367855,1.8587293124577968,0.7885573380038342,227.98957836502152,205.92452533370894,216.95705184936523,219.00131964331896,213.4823697943929
2024-08-21,225.04171252806572,226.4921759358446,223.58130467937312,224.9224853515625,34765500,61.21243613819844,2.1039228269582395,1.0516304357947153,228.95264298740003,205.76743300136948,217.36003799438475,219.5652401869612,213.93100177702698
2024-08-22,226.30343225653021,226.84984597984075,222.43881906323927,223.06471252441406,43695300,57.424481172308134,2.123851277156632,1.2660746040670987,229.56235824160962,205.8821058697185,217.72223205566405,219.89852326671863,214.28918651221863
2024-08-23,224.18732719786422,226.7306179936649,222.8660050723941,225.359619140625,38677300,60.662841868540426,2.2983307755892213,1.4725258383715232,230.470915112293,205.8807862426875,218.17585067749025,220.4186276356621,214.72332112509733
2024-08-26,225.28014571740593,225.79675641202357,222.4288803537143,225.69740295410156,30602200,61.13146310297706,2.4357851509280977,1.6651777008828381,231.34681900241733,205.91811324855925,218.6324661254883,220.92136814218014,215.15367727525438
2024-08-27,224.52511915345738,227.35652605602343,223.4223624308928,226.5418701171875,35934600,62.33937462858872,2.5830839918992865,1.848758959086128,232.27203010254956,205.93501182860277,219.10352096557617,221.4566540445618,215.60027307297727
2024-08-28,226.43256221050876,228.35990394020044,224.2071752885293,225.01190185546875,38052200,58.77553725386862,2.5470034619031594,1.9884078596495343,232.75889394090802,205.91177561475604,219.33533477783203,221.79524907417198,215.9693565546436
2024-08-29,228.59836441740794,231.39995310375193,227.3863249726349,228.29037475585938,51906300,63.580238553041674,2.7512401616592115,2.1409743200514697,233.8503845394171,205.98090665931338,219.91564559936523,222.4138324724279,216.45253373900502
2024-08-30,228.68776005113654,228.89638108151303,225.9954391052015,227.50552368164062,52990800,61.72552633442022,2.8172923032778954,2.276237916696755,234.69131176495802,206.07326648211227,220.38228912353514,222.89875544473387,216.88598432499074
2024-09-03,227.05848641015993,227.50554667965343,219.72664341730942,221.3162078857422,50190600,49.469900682539624,2.343202068083798,2.2896307469741637,234.0616623207304,208.0681441978243,221.06490325927734,222.7480366295918,217.05971858227514
2024-09-04,220.21344869061124,220.33266071869627,216.06071952153204,219.4087371826172,43840200,46.41148793854144,1.7928977870632536,2.190284154991982,232.58870664436424,210.91801637809672,221.75336151123048,222.43000811083232,217.15183695875916
2024-09-05,220.1836359939166,224.00850159902006,220.07435325324454,220.92874145507812,36615400,49.111385571737294,1.4625697278040093,2.0447412695543874,231.17726324357736,213.6013622447039,222.38931274414062,222.28703033409383,217.2999508605756
2024-09-06,222.48850009081283,223.77009004470926,218.33578603187902,219.37893676757812,48423000,46.536903190267125,1.0634670883239323,1.8484864333082967,230.14576558935954,215.40345926415608,222.7746124267578,222.0100690420447,217.38147971967373
2024-09-09,219.37891374117063,219.82597396405737,215.29573540828238,219.46832275390625,67180000,46.710414277483636,0.7457910581440785,1.6279473582754531,229.5188624258164,216.5191502694961,223.01900634765624,221.7679979669839,217.46331670140833
2024-09-10,217.49131703149231,220.03460793809228,215.31560663834654,218.67355346679688,51591000,45.30257734875629,0.425000139138092,1.387357914447981,229.15600337572258,217.13832493238291,223.14716415405275,221.4732889669661,217.51077696671769
2024-09-11,220.01474349397893,221.63409569372266,216.46803428284608,221.2069091796875,44587100,50.4310509734665,0.37091597012880584,1.184069525584146,229.09468550738117,217.33773484173994,223.21621017456056,221.44791946341576,217.65572332801062
2024-09-12,221.04796566036197,222.09111639532034,218.38546260882887,221.3162078857422,37455600,50.64605503585505,0.33303435591642483,1.0138624916506018,229.0546789775666,217.4820580829803,223.26836853027345,221.43537550363732,217.79927174203934
2024-09-13,222.12091208096655,222.57790161811045,220.46181236980377,221.04795837402344,36766600,50.072017034046986,0.2781609437791417,0.8667221820763098,229.02904633935125,217.28714170996514,223.1580940246582,221.39847863415028,217.9266712178034
2024-09-16,215.12686027714844,215.80243050187988,212.52396316355507,214.90830993652344,59357400,39.13793798880136,-0.2577734960011071,0.6418230464608266,229.5588201240808,215.7907190604895,222.67476959228514,220.7803673296144,217.8083041087336
2024-09-17,214.34202255786693,215.4845116318028,213.10018001697546,215.37522888183594,45519300,40.20728357839515,-0.637480466049027,0.38596234395885587,229.77980079207904,214.66567802872171,222.22273941040038,220.2655922393498,217.7128893939533
2024-09-18,216.1302484418979,221.2565773677011,216.12030400107497,219.249755859375,59894900,48.32144525050514,-0.6186278721114036,0.185044300744804,229.48061224690028,214.3866637540763,221.9336380004883,220.1688459174474,217.7731586671071
2024-09-19,223.52171975466862,228.32020097310811,223.16406850984052,227.3763885498047,66781300,60.44592751623858,0.051470960234269114,0.15832963264269703,229.8825258802593,214.23014044054148,222.05633316040038,220.8552785491005,218.14975591740898
2024-09-20,228.46919216926284,231.56882586153637,226.13452245924367,226.7107391357422,318679900,59.22034271658098,0.5227903661042888,0.2312217793350154,230.32912442289856,214.14814455903505,222.2386344909668,221.412941462114,218.48548074950048
2024-09-23,225.8563676699032,227.95259834339626,224.33635371548323,224.99205017089844,54146000,56.05978196889574,0.7489965887088488,0.33477674120978207,230.28251545198896,214.15799663297196,222.22025604248046,221.7538089581887,218.74064033465336
2024-09-24,227.15781488965328,227.85325878901892,224.25687274556688,225.88616943359375,43556100,57.33546588380088,0.9890138656800502,0.4656241661038357,230.30951609379338,214.14987263911678,222.22969436645508,222.14736709870346,219.02085716206278
2024-09-25,223.462095237407,225.80669443859438,222.55804543582803,224.8927001953125,42308700,55.410527584467246,1.08653966919141,0.5898072667213505,230.07397234900998,214.22049939171268,222.14723587036133,222.4088273936186,219.25112551630787
2024-09-26,225.81663654010723,227.00880227293717,223.9389713421174,226.0352020263672,36636700,57.19052957163917,1.2417063032609121,0.7201870740292629,230.21568589870452,214.181115859108,222.19840087890626,222.75419640626131,219.51716773238863
2024-09-27,226.96904659349977,228.0221264682928,225.81661326820586,226.30340576171875,34026000,57.61824965515295,1.37052027404701,0.8502537140328124,229.84307012372676,214.35503473467168,222.09905242919922,223.0922163448763,219.78329471393099
2024-09-30,228.53875664504176,231.4794464111328,228.15130238402674,231.4794464111328,54541900,64.90567641811799,1.8687279636583298,1.053948563957916,230.7933059745083,213.80219115683934,222.29774856567383,223.89100016071026,220.24196732950753
2024-10-01,228.0221302637843,228.15127156053518,222.2798524228829,224.73373413085938,63285000,52.28723280742104,1.6996460802988622,1.1830880672261053,231.01836151650753,213.91888823935187,222.4686248779297,223.97126053881968,220.4181150472076
2024-10-02,224.41584231153624,225.8861795938886,221.56457676904253,225.30003356933594,32880600,53.11135907465978,1.5929802171429799,1.2650664972094803,231.27490394865225,214.251475445879,222.76318969726563,224.09781035124982,220.60956283238914
2024-10-03,223.6707104185886,225.3298099915582,221.86259582618194,224.19725036621094,34044200,51.254743823202666,1.4032851660776373,1.2927102309831118,231.4155088124271,214.43772147321744,222.92661514282227,224.10728082886516,220.75025646116646
2024-10-04,226.41271278943105,226.5120662505933,222.66732681912907,225.3199005126953,37245100,53.053916487626026,1.3282279706197642,1.2998137789104423,231.60494937926944,214.8423772808868,223.22366333007812,224.22276841780138,220.9294581886774
2024-10-07,223.0348842523572,224.2171205854488,219.8855738973866,220.24322509765625,39505400,44.97061216712187,0.849309018327773,1.2097128267939083,231.577501835536,214.94731505899523,223.2624084472656,223.84376429207327,220.9025470870687
2024-10-08,222.83622285599392,224.50525191173782,221.79307211654884,224.296630859375,31855700,51.34481624653085,0.7877574894802422,1.125321759331175,231.58097184670757,215.5061527870815,223.54356231689454,223.8868944413401,221.03564841147286
2024-10-09,223.76012210676075,228.25062837641602,223.3627386107029,228.0419921875,33591100,56.37335107203317,1.0293313265073323,1.1061236727664066,232.0840298091278,215.6866031254425,223.88531646728515,224.28261803621248,221.31040699092492
2024-10-10,226.29350107451606,228.00227752622936,225.68748134269669,227.54527282714844,28183500,55.55333097078718,1.1672439697739208,1.1183477321679094,232.45757987397758,215.93595955473336,224.19676971435547,224.59334706392067,221.55491153352193
2024-10-11,227.80358186995707,227.91286461183438,225.85636623992795,226.06500244140625,31759200,53.075566989828374,1.1439090131312923,1.123459988360586,232.6099412533568,216.2853025820924,224.4476219177246,224.7335047189193,221.73177784363503
2024-10-14,227.2075041009655,230.21772915238438,227.1081657950345,229.79054260253906,39882100,58.1363717006383,1.4097847264716563,1.1807249359828003,232.34326200544427,218.04020509660648,225.19173355102538,225.21512737450212,222.0478078341803
2024-10-15,232.08545910083197,235.9401430278398,230.85354589755886,232.3238983154297,64751400,61.20070491450481,1.804117040499193,1.305403356886079,232.24742717208252,219.83090687332762,226.03916702270507,225.8921531784,222.45079177462145
2024-10-16,230.0885769817669,230.60517253033711,228.34005309673006,230.26739501953125,34082200,57.5199608242238,1.928455575856475,1.4300138006801582,232.18683821640067,220.99325974502509,226.59004898071288,226.30884287755538,222.75732523520617
2024-10-17,231.9066247344228,232.3238971476739,229.0156269629083,230.63497924804688,32993800,58.006118735978006,2.033218063942684,1.5506546533326633,232.6289142142649,220.87704281698507,226.752978515625,226.72085586522124,223.06625284355286
2024-10-18,234.63867690560429,234.63867690560429,232.4828401919167,233.4663848876953,46431500,61.647116232491605,2.3179934767008206,1.7041224180062948,233.68880756466197,220.49271404178333,227.09076080322265,227.36328720069497,223.47410115900942
2024-10-21,232.91994058587363,235.30428691612863,232.91994058587363,234.9366912841797,36254500,63.42073305550623,2.6319816353995122,1.8896942614849386,234.97214080908302,220.2038449086904,227.5879928588867,228.08456378007446,223.92361449725138
2024-10-22,232.36362533760988,234.67842149785605,231.0820505913223,234.32077026367188,38846600,62.124665317391745,2.7988563605457273,2.0715266812970965,235.9287042087171,220.09074159206412,228.0097229003906,228.67848820708372,224.33134609593455
2024-10-23,232.55238437433343,233.60546433739609,226.27362172475395,229.25404357910156,52287000,52.601492892463135,2.4935195423265384,2.155925253502985,236.02462068301924,220.4309594561409,228.22779006958007,228.73330300441873,224.52439305605876
2024-10-24,228.4791312160334,229.31366084202813,226.91938502162782,229.06529235839844,31109500,52.27997883709637,2.210822284892714,2.166904659780931,236.11424726599697,220.6443419063663,228.37929458618163,228.76492103813106,224.70246753850344
2024-10-25,228.2407111108546,231.69799621804017,228.07182235817814,229.89981079101562,38802300,53.62948436100197,2.0307125446631176,2.1396662367573684,236.25800115787504,220.86022851741794,228.5591148376465,228.87300577650103,224.9062849209549
2024-10-28,231.7973512193415,233.19813797949908,231.032372026897,231.87681579589844,36087100,56.74993503246475,2.024168702483422,2.116566729902579,236.31157936096443,220.8463872528051,228.57898330688477,229.15908292120554,225.17963907291346
2024-10-29,231.57877779482254,232.80074647701065,230.80386934668286,232.14505004882812,35417200,57.17105316495912,2.017371915226107,2.096727766967285,236.61631207639616,221.28278612917026,228.9495491027832,229.44346074288387,225.45279244451797
2024-10-30,231.09197226998216,231.94636045913163,228.05194445904854,228.59835815429688,47070900,50.2096289482677,1.7061298149311312,2.018608176560054,236.59020691530486,221.63872374875763,229.11446533203124,229.36297478206606,225.57614796254853
2024-10-31,227.84330777090054,228.330115454563,223.89921505082026,224.43569946289062,64370100,43.51277653830269,1.1107721505430277,1.837040971356649,236.56980080119538,221.68297477253506,229.12638778686522,228.89371046595411,225.53142449197372
2024-11-01,219.5279346472888,223.87935529424118,218.83250593091054,221.4552764892578,65276700,39.45508963999625,0.3939109266951277,1.5484149624243448,236.9696617755165,220.8966513958702,228.93315658569335,228.18528818245923,225.37157555069075
2024-11-04,219.54780947276666,221.33605042122997,218.2761640538016,220.56114196777344,44944500,38.30114973785648,-0.24354846608699177,1.1900222767220776,236.9141260615655,220.98397879683293,228.9490524291992,227.45917901915584,225.1829310964587
2024-11-05,220.3525342324639,222.48849724939907,219.69683776020295,221.99176025390625,28111300,41.26127613708321,-0.6260835861411636,0.8268011041494294,237.14163218565167,220.5259856121999,228.83380889892578,226.93847247008443,225.05778714184882
2024-11-06,221.15722727351368,224.59465366535846,219.7464961432124,221.26651000976562,54561100,40.2081129471165,-0.9765104536804188,0.4661387925834598,237.4650003208396,219.5250692592385,228.49503479003906,226.3982855691017,224.9091096072573
2024-11-07,223.16406118155706,226.39285156162418,223.10445516924474,225.99545288085938,42137700,49.29587904402255,-0.8626954860677358,0.20037193685322066,237.4486258232988,219.38646176215042,228.41754379272462,226.35992055117384,224.95171130426132
2024-11-08,225.9357792784742,227.4176895436531,225.17991383614745,225.7269287109375,38328800,48.8419252463621,-0.7851136590593057,0.0032748176707153853,237.4515062650471,219.34977394735523,228.40064010620117,226.29963561400848,224.98211198687608
2024-11-11,223.77757009002366,224.47376393957063,220.29658566640109,223.01174926757812,42005600,44.39057612597416,-0.9319785233057871,-0.18377585052458512,237.3966608756193,218.72674000328695,228.06170043945312,225.98650358101509,224.9048428606291
2024-11-12,223.33001798502116,224.36436096493557,222.14648085284745,223.01174926757812,40398300,44.39057612597416,-1.0364227500139407,-0.3543052304224562,236.9648195785919,218.22736639552923,227.59609298706056,225.70319364640204,224.83060389619573
2024-11-13,222.79294167641658,225.4185978724207,221.54973296285615,223.89691162109375,48566200,46.242947643907044,-1.0358299450174968,-0.49061017334146434,236.6969314678398,217.85820616643755,227.27756881713867,225.53116678684887,224.7939885128584
2024-11-14,223.7974607959322,227.62653447284012,223.77756520755418,226.98007202148438,44923900,52.21384559693,-0.7776110493906288,-0.5480103485512973,236.38079757347145,217.80884933814963,227.09482345581054,225.66915776157606,224.87971727790256
2024-11-15,225.1699449930133,225.6871240415238,223.05152776948486,223.77755737304688,47923700,46.443417190044975,-0.8219123874569902,-0.602790756332436,235.49920460578295,217.7215595543733,226.61038208007812,225.48900534362087,224.8364953208494
2024-11-18,224.0262188410909,228.49183017609323,223.94665165924164,226.7811737060547,44633700,51.821346066645695,-0.6076501683521656,-0.6037626387363819,234.1852078014004,218.22000460094335,226.20260620117188,225.612068997186,224.91275721830843
2024-11-19,225.7467938634959,228.90952454109907,225.42854034251505,227.03973388671875,36211800,52.26570567026696,-0.4122302367686075,-0.565456158342827,232.86968336171563,218.8074254029328,225.83855438232422,225.7480370819034,224.99616806805003
2024-11-20,226.82094870348703,228.68078414631773,224.6627401240164,227.75584411621094,35169600,53.54369575481735,-0.1973000699357783,-0.4918249406614173,232.67241661073717,218.85487220762218,225.76364440917968,225.9392567994565,225.10439065817397
2024-11-21,227.63650237265796,228.90954693288327,224.48372676835862,227.27845764160156,42108300,52.53395019568111,-0.06474116717305378,-0.4064081859637446,232.4482003209295,218.9004050257502,225.67430267333984,226.06679973680366,225.18964818693584
2024-11-22,226.82094518602503,229.46649702017746,226.82094518602503,228.62110900878906,38168300,55.09867401581117,0.14695940607393254,-0.2957346675562092,232.23891857582308,218.98181659263398,225.61036758422853,226.31006728651656,225.3242152779889
2024-11-25,230.20248468460477,231.98275293866183,228.49182822914253,231.6048126220703,90152800,60.240061373510684,0.5491631701494555,-0.12675510001507626,232.17208519675972,219.0214496543145,225.5967674255371,226.81432874704547,225.57051321305093
2024-11-26,232.0623317186483,234.2901673751303,232.0623317186483,233.78292846679688,45986200,63.523606772423335,1.0317746404984973,0.10495084808763845,232.62756376651495,218.72975892635614,225.67866134643555,227.47800491083132,225.89256871319782
2024-11-27,233.19611792325418,234.40949083683986,232.53970008294309,233.6536102294922,33498400,63.18994321916653,1.3878149400410962,0.36152366647833,233.65237036843521,218.21047753195543,225.93142395019532,228.06615779832282,226.19692328246427
2024-11-29,233.5342752849028,236.51797629056327,232.698842645531,236.04058837890625,28481400,66.66997065827714,1.8413625491511993,0.657491443012904,235.41330817320875,217.61002861878342,226.51166839599608,228.825627377426,226.5829493646777
2024-12-02,235.98089694287458,239.4817615684827,235.8714939748314,238.2882843017578,48137100,69.58582618627496,2.3550253074091074,0.9969982158921448,237.3568995288194,217.34973804442276,227.3533187866211,229.72683279879095,227.04198210730829
2024-12-03,238.50711361537608,241.441083276618,237.60205398884364,241.33168029785156,38861000,73.02670866525675,2.973407772314829,1.3922801271766816,239.65922192491615,217.12446948133385,228.391845703125,230.83205637013006,227.60236242850607
2024-12-04,241.55047375645148,242.78374225546824,239.9392801306149,241.68971252441406,44383900,73.40785826752577,3.4525714449745806,1.8043383907362616,241.68422580703597,217.0692608262648,229.3767433166504,231.86611886101426,228.15480753030639
2024-12-05,242.66439419479377,243.21139387343032,240.81449907142343,241.71954345703125,40033900,73.4415322079368,3.791018710828723,2.201674454754754,243.25613270321983,217.5426572748075,230.39939498901367,232.80454025111112,228.68675795880543
2024-12-06,241.5902721155965,243.3009285590703,240.76477968960373,241.52064514160156,36870600,72.77977257251437,3.997114922892962,2.5607625483823955,244.76659985576012,217.58470934834142,231.17565460205077,233.63464547877686,229.1900476522484
2024-12-09,240.51612576959502,245.89673657618508,240.43655859300793,245.40939331054688,44649200,77.12055004047437,4.423248676045546,2.9332597739150255,246.89199279662174,217.42756286744074,232.15977783203124,234.75605003418352,229.82610042316207
2024-12-10,245.54861966146674,246.8614552449502,244.00703794178958,246.42384338378906,36914800,78.10160556617404,4.787631552010112,3.304134129534043,248.7084399148303,217.95232516085326,233.33038253784179,235.86726844843167,230.47699230397097
2024-12-11,246.61284788068906,249.43741460876686,244.92207178593077,245.1508331298828,45205800,73.82371367961944,4.9170061319896945,3.6267085300251733,249.87511669950274,218.99955676241134,234.43733673095704,236.75141746571273,231.05243704224202
2024-12-12,245.54864477609476,247.3885997871069,244.34521203481492,246.6128387451172,32777500,75.48449520482764,5.078960953052359,3.9171590146306103,251.08805364595088,220.05821252836552,235.5731330871582,237.69060044470365,231.6626488737273
2024-12-13,246.47359279661413,247.9355922748061,244.90217516923994,246.7819061279297,33155300,75.6766816567264,5.161455593219756,4.1660183303484395,252.29502880215253,220.8314207828084,236.56322479248047,238.55643908120135,232.25556092291174
2024-12-16,246.6426692963963,250.01425073054844,246.3045049916291,249.67608642578125,51694800,78.74804534700962,5.398142920892155,4.412443248457183,253.42135366988515,222.29494882034925,237.8581512451172,239.6154531140185,232.9387187857694
2024-12-17,248.72130738305802,252.45093348613432,248.42293425963442,252.1028289794922,51356400,80.92322973650111,5.71565071271624,4.673084741308995,255.00977945580604,223.2386885617721,239.12423400878907,240.80472700596837,233.69025251885657
2024-12-18,250.79000225751088,252.89847930582897,246.39401822090946,246.70233154296875,56774100,64.98308488551913,5.468465845702269,4.83216096218765,255.26080132631228,224.95392645689083,240.10736389160155,241.36640362853984,234.20053012764527
2024-12-19,246.15534002348284,250.63089166027345,245.74756389880645,248.43289184570312,60882300,67.21189480564101,5.350534183778933,4.935835606505907,255.54957659772398,226.73285595842836,241.14121627807617,242.03940250636492,234.75866195972597
2024-12-20,246.6923766885693,253.61456925624782,244.35515348919105,253.1073455810547,147495300,72.33421734472779,5.570053730291221,5.06267923126297,256.2263253123632,228.63899603773444,242.43266067504882,243.09349232300204,235.47821818017024
2024-12-23,253.38581895601413,254.26102752773247,252.07298333460633,253.8831024169922,40858800,73.08569016622981,5.740449319396532,5.198233248889682,256.7720938546727,230.61942683624528,243.69576034545898,244.1210742367154,236.19997834632014
2024-12-24,254.10192745486222,256.80713572411884,253.90300191480816,256.7972106933594,23234700,75.750343216695,6.040996389096392,5.366785876931024,257.9810957384094,231.9296647596375,244.95538024902345,245.32832532782436,237.00771294816482
2024-12-26,256.7872242633273,258.6868506395932,256.2302692406472,257.6127014160156,27237100,76.45291797511062,6.272677867288536,5.547964275002526,259.22895951008906,233.06477828287967,246.14686889648436,246.4982659076521,237.81575171160998
2024-12-27,256.42919055718573,257.29448932345014,251.68511699924173,254.2013702392578,42355300,67.6263398198569,6.1105822037115445,5.66048786074433,259.31902538816036,235.02948840578492,247.17425689697265,247.23189489161456,238.45832498720404
2024-12-30,250.85962400320443,252.1227283114492,249.38766912858338,250.8297882080078,35557500,60.225617682606604,5.644989801507791,5.657388248897022,258.954993235444,236.87244054141144,247.91371688842773,247.57455139793774,238.94348040762773
2024-12-31,251.0684930674946,251.90392569582917,248.07483671879714,249.05946350097656,39480700,56.715940001127194,5.074656577550712,5.5408419146277605,258.5250044158014,238.37954728097597,248.45227584838867,247.71597159822716,239.34018562697474
2025-01-02,247.57754859678104,247.74663833648884,240.50619200781614,242.52516174316406,55740700,46.04905460698802,4.048728622801008,5.24241925626241,258.4198512809953,238.6040485603133,248.5119499206543,247.2216087548878,239.46508665113905
2025-01-03,242.03781127929688,242.853348279154,240.57579666249651,242.03781127929688,40244100,45.36377382653107,3.159922597058369,4.825919924421602,258.38789546683995,238.67081424995698,248.52935485839845,246.72791375721246,239.5659778130276
2025-01-06,242.9826459215422,245.98624232017474,241.8786760145675,243.6688995361328,45045600,48.14513933928428,2.5576693882946984,4.372269817196221,258.2373093039645,239.01633602074253,248.6268226623535,246.4365790694906,239.72687670412975
2025-01-07,241.65986382248775,244.21590806857427,240.0387300769128,240.89405822753906,40856000,44.03790575587658,1.8353164919875553,3.8648791521544883,258.3070725189344,238.8839141143664,248.5954933166504,245.9087199416857,239.77264852857718
2025-01-08,240.6056476428208,242.38593107741448,238.74581220273618,241.38140869140625,37628900,44.92654843198061,1.2873321630299017,3.349369754329571,258.54117778483214,238.2470103865546,248.39409408569335,245.47754744165908,239.8357371624136
2025-01-10,238.70603757812466,238.85523174451487,231.73412786407496,235.56321716308594,61710900,37.30954030860891,0.37920002084058524,2.755335807631774,259.4942452457939,236.20788030352256,247.8510627746582,244.5333255103664,239.66818735851842
2025-01-13,232.26124214226888,233.39504797306242,228.4719441071402,233.1265106201172,49630700,34.65921045383149,-0.5310020372464237,2.0980682386561345,260.5971865788543,233.90250671948556,247.2498466491699,243.44696218748552,239.41165101583604
2025-01-14,233.47460320476435,234.8371551382162,231.20699165927476,232.01258850097656,39435300,33.488076648290075,-1.3269318867076265,1.4130682135833823,261.50986195645453,231.52980631747127,246.51983413696288,242.35797421734182,239.12149170152782
2025-01-15,233.36518970349533,237.66172623332486,233.15632396556444,236.57763671875,39832000,42.11972367818469,-1.5712385276117686,0.8162068653443522,261.6429298336831,230.3763114993247,246.0096206665039,241.80746588414257,239.02173268259537
2025-01-16,236.06047699847062,236.7168796666606,226.79110553013876,227.0198516845703,71759100,32.58499401100508,-2.5071854025269147,0.1515284117700988,262.5427428129898,227.21087504589696,244.87680892944337,240.3991216746595,238.55107068267284
2025-01-17,230.85888730040747,231.0279618693864,227.2386640256131,228.7305145263672,68488300,35.403529495663534,-3.0754420675447136,-0.4938656840928637,262.4225501944163,224.99383621915788,243.70819320678712,239.28782575577452,238.165950833406
2025-01-21,222.783001089375,223.20071739531107,218.1881065481907,221.43038940429688,98070400,29.697462821227134,-4.067955794119285,-1.2086837060981481,263.56570613273453,221.32348606697252,242.44459609985353,237.58711753182428,237.50965430677425
2025-01-22,218.59584816144178,222.90232457853583,218.59584816144178,222.61390686035156,64126500,31.621609618684673,-4.704796144153505,-1.9079061937092194,263.8323949518385,218.47489874933336,241.15364685058594,236.1610974678745,236.925507348091
2025-01-23,223.51900422998196,225.79655609657794,221.09225820038625,222.4448699951172,60234800,31.489047884005245,-5.163613648168763,-2.5590476846011283,263.030663568524,216.21038257405414,239.62052307128906,234.85479008951665,236.35763921660183
2025-01-24,223.5587751677507,224.40416321125562,220.207089142254,221.56964111328125,54697900,30.769791617155263,-5.534060279801025,-3.1540502036411078,261.7285663288689,214.2811336833381,238.0048500061035,233.58953780606566,235.77771772235397
2025-01-27,222.80289291870474,230.88871192185238,222.76310174211312,228.6111602783203,94863400,42.207192118574305,-5.199513402190121,-3.5631428433509105,258.9267190735219,214.26437589718125,236.59554748535157,233.11540661294706,235.49667625396052
2025-01-28,229.5957855991,238.88503723433337,229.55599442275542,236.96551513671875,75707600,52.280245336744784,-4.211706048951044,-3.692855484470937,255.59388365833578,215.53249268443764,235.5631881713867,233.48208361521102,235.55427777877455
2025-01-29,232.84801856891494,238.55683854812662,232.73861559310797,238.05955505371094,45486100,53.425084150335636,-3.3025124192862734,-3.6147868714340046,252.82997344165182,216.68222138256692,234.75609741210937,233.91803327602054,235.65252394641914
2025-01-30,237.37329797187644,239.48177510143526,235.9212386876704,236.29916381835938,55658300,51.29271428095544,-2.6929758288443963,-3.4304246629160833,250.47801382917228,217.58111855608163,234.02956619262696,234.14480761338612,235.67788237276974
2025-01-31,245.8470107317681,245.8470107317681,232.1717149504871,234.71780395507812,100959800,49.38582349720993,-2.3108778530180984,-3.2065153009364864,248.17615131144677,218.4488151192173,233.31248321533204,234.19937869354726,235.64023223874264
2025-02-03,228.7404478557844,230.5704473180637,224.4737473364884,226.7711944580078,73063300,41.11408793089732,-2.619096118413154,-3.08903146443182,246.9973842082469,218.05218549390156,232.52478485107423,233.49193257587683,235.29242683557658
2025-02-04,226.0153670030395,231.8634262398647,225.4186206897715,231.53521728515625,45067300,46.86040072502628,-2.4506944071591192,-2.96136405297728,245.76370424839823,218.23560605433616,231.9996551513672,233.30557873866533,235.14508528457972
2025-02-05,227.2883891710869,231.4058958330951,227.0298072213747,231.2069854736328,39620300,46.52354635327072,-2.3170113373561776,-2.8324935098530597,243.99713639262023,218.75598250386412,231.37655944824218,233.10571271342414,234.99064999787595
2025-02-06,230.03338922164468,232.5297620441898,229.17806101517482,231.95291137695312,29925300,47.448083680180915,-2.126365141235908,-2.6912678361296294,242.7378601146935,219.12114409673228,230.92950210571288,232.99592210995073,234.8715229931339
2025-02-07,231.33629458433444,232.72868233994458,226.02529517161955,226.39329528808594,39707200,41.66608083908849,-2.3962685201255454,-2.6322679729288128,241.06156216954574,219.29863070154803,230.1800964355469,232.36710050786837,234.5390434752889
2025-02-10,228.57379092662126,229.58935370973873,226.21406518332185,226.662109375,33115600,42.03389264471254,-2.5589795192154554,-2.6176102821861416,240.4157335790714,219.05434851321377,229.73504104614258,231.82376801902376,234.230144098807
2025-02-11,227.20971719471092,234.2092091135714,227.1400288616486,231.61053466796875,53718400,48.474494437806726,-2.2625513097275416,-2.546598487694422,240.25980993908345,219.05867455798685,229.65924224853515,231.80346008082805,234.1274143172055
2025-02-12,230.19669384296432,235.9317077791751,229.67894615315132,235.8420867919922,45243300,53.25730740571016,-1.6669632119476319,-2.370671432545064,240.76399486239515,218.9374394637767,229.85071716308593,232.18809119617703,234.19465637504027
2025-02-13,235.8819260401158,241.28835511000761,234.54774465400956,240.48187255859375,53614100,57.8746066550496,-0.8112122683518521,-2.0587795997064218,241.58744311858956,218.5044147915667,230.04592895507812,232.9779751354548,234.44121387243453
2025-02-14,240.2030902821229,244.484433375407,239.94422402720738,243.53855895996094,40896200,60.633522729645904,0.11233068834479809,-1.6245575420961778,243.7843767730944,217.9593518646009,230.87186431884766,233.98374502350302,234.79797250331794
2025-02-18,243.0905000064508,244.11602908498713,240.7905267294893,243.40911865234375,48822500,60.45296525848828,0.8242983855667774,-1.1347863565635867,245.62687595554428,217.58471309474868,231.60579452514648,234.8813996548212,235.13566450916207
2025-02-19,243.59830810290342,244.94244069837237,242.10481731288857,243.80738830566406,32204200,60.83937198110468,1.4044849197170493,-0.6269321013074596,246.89733472992896,218.55195421050075,232.72464447021486,235.73149381204433,235.4757321090249
2025-02-20,243.87709210808563,245.7091038330044,243.2299036494767,244.7632293701172,32316900,61.8039608151216,1.9192909226148913,-0.11768749652298938,248.1391228306664,219.52509836073983,233.8321105957031,236.59165910328937,235.83994768789128
2025-02-21,244.88267886995578,247.6107939080121,244.155851012499,244.4844207763672,53197400,61.329427565337525,2.2785155564651802,0.3615531140746446,248.94006970987977,220.9281065596515,234.93408813476563,237.34335069120155,236.17894663253742
2025-02-24,243.8670982314444,247.7800515637824,243.35931688895815,246.02769470214844,51326400,63.021880899083854,2.6571035393849627,0.8206631991367083,249.50532453758626,222.80865709083173,236.156990814209,238.1704310731965,236.56517204703195
2025-02-25,246.92379728169456,248.91511822751468,243.84721006662005,245.96795654296875,48013300,62.907110645688824,2.9186722365028004,1.2402650066099268,250.563066024245,223.48659523063785,237.02483062744142,238.91305254650814,236.93390869393141
2025-02-26,243.26972892021308,243.91690216055417,238.0922974197643,239.31695556640625,44433600,51.63293808842082,2.559779573875005,1.5041679200629425,250.71925592891498,223.5655493689366,237.14240264892578,238.95151950078414,237.02736151245986
2025-02-27,238.3710773588995,241.4078448384303,236.0312691715791,236.27023315429688,41153600,47.43874260984541,2.0063812033416752,1.6046105767186891,250.62792451468212,223.47794859322804,237.05293655395508,238.6961588963568,236.9976702042966
2025-02-28,235.92173324374943,241.03942718971118,229.20102541549332,240.79051208496094,56833400,53.476937855716244,1.910534289804815,1.6657953193359143,250.9482495534391,223.60675838113121,237.27750396728516,238.89562110479528,237.14640910157758
2025-03-03,240.74073286620586,242.97101773746803,235.0853888180174,236.99705505371094,47184000,48.446996917781355,1.511056126679847,1.6348474808047009,251.0102688603815,223.7726641840521,237.3914665222168,238.71480529040628,237.14055208009262
2025-03-04,236.6784633674393,239.02822274747484,233.6615980851158,234.9061737060547,53798100,45.885182193463,1.0140606933451863,1.510690123312798,250.5391032389026,225.05732773033566,237.79821548461913,238.35207847284897,237.05292939875778
2025-03-05,234.39839184729655,235.5234930679701,228.235250954078,234.71701049804688,47227600,45.64999506135805,0.5980306170927179,1.328158222068782,250.44587706619043,225.4687332243369,237.95730514526366,238.00588152286784,236.96132473598482
2025-03-06,233.42265485870865,236.82781201573715,232.1482106078643,234.3087921142578,45170400,45.11261729746165,0.23270153394770432,1.1090668844445666,250.32192417556715,225.90286677902267,238.1123954772949,237.65377776966687,236.85730384885827
2025-03-07,234.08974000390756,240.32256924437755,233.74125275300776,238.03256225585938,46273600,50.801955928844194,0.2408760637601688,0.9354287203076871,250.2779819656049,226.55477407687556,238.41637802124023,237.6898524826376,236.90339241383873
2025-03-10,234.5178647329352,235.13518456664028,223.24699590534985,226.4928436279297,72071200,37.74491531765943,-0.6760117713926661,0.6131406219676165,250.26178116989365,226.58092970657117,238.4213554382324,236.62347068695112,236.49513559870505
2025-03-11,222.8387656202518,224.8599551431671,216.50636447278404,219.88165283203125,76137400,32.57875417177486,-1.9140557881066798,0.10770133995275727,251.60869254747925,224.55597267468872,238.08233261108398,235.02901184362543,235.84362647060019
2025-03-12,219.18471261137486,220.78772670269151,213.97741219492326,216.03842163085938,62547500,30.00752288755973,-3.168803238467774,-0.5475995757313491,253.8534718758692,220.75398204258786,237.30372695922853,233.22038420431437,235.06695177100252
2025-03-13,215.01286026738592,215.89899741537764,207.51553867337546,208.7700653076172,61368300,25.85200394623206,-4.695567662815932,-1.377193193148266,256.85787064866656,215.04238112135297,235.95012588500975,230.89178240462894,234.035701321458
2025-03-14,210.3332680009786,213.02154815111564,208.67051688888432,212.5635528564453,60107600,31.206626506720298,-5.535625482409358,-2.2088796510004842,257.7867141222325,211.3217056775721,234.55420989990233,229.14623673337334,233.19365628361436
2025-03-17,212.3843419118567,214.28605714072168,209.0588394397278,213.07135009765625,48073400,31.915411671033723,-6.090198347664767,-2.985143390333341,257.7319730005914,208.32972591298287,233.0308494567871,227.61529514901935,232.4045462371062
2025-03-18,213.23066628615402,214.2163605039484,210.57225445008928,211.7670440673828,42432400,31.031033329769116,-6.559335992685391,-3.6999819108037513,257.37402722929795,205.52346422578017,231.44874572753906,226.1059379031492,231.59523242652878
2025-03-19,213.29037609854922,217.81066771448715,212.82241448637808,214.3059539794922,54385400,34.81739283678493,-6.649609584910081,-4.289907445625017,256.2923429132169,203.65500510924403,229.97367401123046,224.98212991041996,230.91722150703717
2025-03-20,213.0613904363763,216.5462020975973,211.29906714235267,213.17091369628906,48862900,33.92082490661424,-6.735102255713031,-4.7789464076426205,254.76745657421804,202.02065988086008,228.39405822753906,223.85725217574083,230.22128786739998
2025-03-21,210.64192650603025,217.89033350890864,210.36314278996363,217.32281494140625,94127800,40.00653578876687,-6.394124593561116,-5.10198204482632,252.70872279568687,201.36323307589515,227.035977935791,223.23492482008993,229.71546539971396
2025-03-24,220.04097309502072,220.5188858867363,217.63147647971348,219.7721405029297,44299500,43.32272893929314,-5.858721541741517,-5.2533299442093595,249.9514438932974,201.49495655836276,225.72320022583008,222.90513583750322,229.32553109003618
2025-03-25,219.81195837594151,223.12750944589686,219.12495024533285,222.77902221679688,34493600,47.18255537179234,-5.132614950842253,-5.229186945535938,246.85474154125959,202.2727654777834,224.5637535095215,222.89312501648357,229.06880525186992
2025-03-26,222.5400680439697,224.04352508950674,219.51326687455483,220.56866455078125,34466100,44.7689479802424,-4.6815615102376,-5.119661858476271,244.8566427439299,202.39603517355056,223.62633895874023,222.6717478292738,228.73546640084686
2025-03-27,220.42928473771144,224.0136687326393,219.60288467242046,222.8786163330078,37094800,47.77560330366375,-4.090551276307224,-4.9138397420424615,243.33565227184022,202.57786396351133,222.95675811767578,222.6914495915342,228.50578600602964
2025-03-28,220.7080664246457,222.8387793372666,216.73537546649092,216.9544219970703,39818600,41.531263380517274,-4.053478404427352,-4.74176747451944,240.47182880200992,203.05807842455258,221.76495361328125,222.14506601110907,228.05279133901163
2025-03-31,216.0682695484103,224.6409066608951,215.29165561007284,221.1660614013672,65299300,46.84979636100812,-3.6422679864644465,-4.521867576908441,238.25168260583806,203.69512525549007,220.97340393066406,222.05182747684793,227.78272349831968
2025-04-01,218.85614379144315,222.70934527111467,217.95008904171658,222.2214813232422,36412700,48.12329739265284,-3.194394212395622,-4.256372904005878,236.34870853308638,204.32963008996052,220.33916931152345,222.06798498602834,227.5646355698853
2025-04-02,220.3595869543347,224.21278818927524,220.06088576879955,222.91842651367188,35905900,48.9924319284589,-2.75149583618321,-3.955397490441345,234.33416611027832,205.16431411433103,219.74924011230468,222.14897941723248,227.38243129317104
2025-04-03,204.64803566499702,206.58958563447752,200.37665915579902,202.30824279785156,103419000,31.946881354516776,-4.017256825470497,-3.9677693574471755,233.02714678602806,203.27127850694072,218.1492126464844,220.2593854534819,226.39912978355068
2025-04-04,193.0486144227304,199.01262630823254,186.52703508606032,187.56253051757812,125910900,25.19328118637283,-6.139465339999788,-4.402108553957698,233.18321188293,198.0682102362106,215.6257110595703,217.14539926911013,224.87612589076744
2025-04-07,176.43103817745248,193.30748067285785,173.86223225537526,180.6725616455078,160466300,22.77099691708152,-8.28182604812946,-5.17805205279205,236.10548105196654,190.56391286893188,213.3346969604492,213.6717956859099,223.1426527831102
2025-04-08,185.88979780340043,189.51400113284038,168.4757067407598,171.67176818847656,120859500,20.05785185943519,-10.583946012061148,-6.25923084464587,240.08669934539822,181.76170611114478,210.9242027282715,209.67179306710673,221.12418672057558
2025-04-09,171.20381523449285,199.7394480269994,171.14407803694525,197.98709106445312,184395900,41.86654692488312,-10.167758449399116,-7.0409363655965205,239.63160727635605,180.41166512354627,210.02163619995116,208.55896430494926,220.21684963602178
2025-04-10,188.24952597387417,193.9347385570105,182.205859833413,189.59365844726562,121880000,38.27951017154048,-10.395375257808212,-7.711824144038859,240.05318262945545,178.07244908441172,209.06281585693358,206.75274469945558,219.01594017763918
2025-04-11,185.29243322025624,198.67409816298056,185.25259829067514,197.29013061523438,87435900,43.09413541347606,-9.841278108458198,-8.137714936922727,239.6766108202045,176.9216786695416,208.29914474487305,205.8515433581012,218.16394764578018
2025-04-14,210.52246440005902,212.01595519155484,200.28707539108044,201.64117431640625,101352900,45.67417222405527,-8.947913287552524,-8.299754607048687,239.15545709566396,176.29981481595712,207.72763595581054,205.45055583032072,217.51599575051063
2025-04-15,200.98401841430368,202.62685207462172,198.93296032454862,201.26280212402344,51343900,45.48105993887459,-8.176196599482552,-8.27504300553546,238.69702832966433,175.70781938762084,207.2024238586426,205.0517221440067,216.87861560829543
2025-04-16,197.49920369317184,199.8290454554037,191.53519224238798,193.4269561767578,59732400,41.56195784951772,-8.103480961038855,-8.24073059663614,238.04339787158185,174.27355006542987,206.15847396850586,203.94460157569728,215.95894268941163
2025-04-17,196.34426016251078,197.96719174329118,193.5763250102755,196.12521362304688,52164700,43.37151829811243,-7.738917049607892,-8.140367887230491,237.31291186430286,173.29946606538465,205.30618896484376,203.19989796115914,215.18114939269145
2025-04-21,192.43131586910098,192.9590147372882,188.98632373298676,192.32179260253906,46742500,41.424327081937605,-7.66850407163713,-8.045995124111819,236.03964237677812,172.07263331902269,204.0561378479004,202.16388792700485,214.28470402837178
2025-04-22,195.26894368988752,200.715208155226,195.1196006832811,198.8732452392578,52976400,45.92759273461351,-7.003323846404612,-7.837460868570378,234.18816878097556,171.83421738845806,203.0111930847168,201.85049338531465,213.68033309546536
2025-04-23,205.10606155750318,207.09738254349836,201.9199510184256,203.71214294433594,52929200,49.04362756035874,-6.016352356185934,-7.47323916609349,231.82383140849277,172.2918668336947,202.05784912109374,202.0277933433167,213.289423677774
2025-04-24,204.00088023313933,207.92378505310097,202.0593452871763,207.4657745361328,47311000,51.38405519002067,-4.875086675829266,-6.953608668040646,230.00736440038278,172.79804484033988,201.40270462036133,202.54569631406108,213.06104528006261
2025-04-25,205.47445049920006,208.8397878176709,205.30519003897632,208.371826171875,38222300,51.957652257362554,-3.853098486079489,-6.333506631648415,227.6799290788407,173.6748011457687,200.6773651123047,203.10056582432907,212.87715433464348
2025-04-28,209.088696522261,210.5821872117057,206.55972563953335,209.22808837890625,38743100,52.52769448218398,-2.9401797170698103,-5.654841248732694,226.52319088713307,174.0589059756599,200.2910484313965,203.68413940095547,212.73405370892831
2025-04-29,207.78438836336602,211.31898611202763,207.46576971677675,210.29345703125,36827600,53.270629040021014,-2.106436974586728,-4.945160393903501,224.57086425912217,174.9239721666591,199.74741821289064,204.3135982228883,212.63834403529387
2025-04-30,208.39175489829196,212.65318081121782,205.77316280594096,211.57786560058594,52286500,54.20120588767308,-1.326754803582162,-4.221479275839234,222.4131417993092,176.01733305420646,199.21523742675782,205.00543321124044,212.59675664569747
2025-05-01,208.17271138967982,213.62892699621815,207.99348458901505,212.39431762695312,57365700,54.817159489081895,-0.6356429147535039,-3.504312003622088,220.02586587773013,177.35219808711363,198.68903198242188,205.70913648892736,212.58881786064867
2025-05-02,205.19567188008233,206.0917754590827,201.2827333487594,204.45889282226562,101010600,48.05266117939803,-0.7199550328285795,-2.9474406094633863,220.2316494741762,177.36147949310896,198.79656448364258,205.590065663531,212.26999727090816
2025-05-05,202.21865389928206,203.21431440062256,197.34987465543003,198.02691650390625,69018500,43.379968323627025,-1.2908990477955058,-2.6161322971298104,220.1011635850679,178.53840398085006,199.31978378295898,204.86976574356675,211.7114450839669
2025-05-06,197.3498735756035,199.77927242381972,196.16503515467957,197.6485595703125,51216500,43.11437702052155,-1.7536910764717106,-2.4436440529981907,219.04227557490123,181.29489178349723,200.16858367919923,204.18203182230442,211.15995937754911
2025-05-07,198.30568786560423,198.5745204381265,192.4113798882551,195.3983612060547,68536700,41.48753261915924,-2.275795343649179,-2.410074311128388,214.92396585834703,187.7858608018092,201.35491333007812,203.34549176361398,210.5418574884709
2025-05-08,196.8619779876493,199.18186857203315,193.83516182561291,196.6329803466797,50478900,42.76365601639866,-2.5604282671868077,-2.440145102340072,214.94026898508372,187.63414660329516,201.28720779418944,202.7062049620012,209.9964113260477
2025-05-09,198.13644922219603,199.66975978270045,196.68277813613466,197.66848754882812,36453900,43.8693854193637,-2.6716480371125613,-2.48644568929457,214.32777743288037,189.0541210656548,201.6909492492676,202.22642235122282,209.5129633347842
2025-05-12,210.32994399020487,210.62903686932515,206.12274573806786,210.15048217773438,63775800,55.12350351703367,-1.7326252307642847,-2.335681597588513,215.3315523252563,189.33638132952885,202.33396682739257,202.98109471565252,209.5379640737234
2025-05-13,209.79158118866218,212.75257189298435,208.36592688565332,212.28399658203125,51909300,56.7208057856905,-0.806983703729685,-2.0299420188167474,216.59515117826902,189.13706470307864,202.86610794067383,203.86708536959335,209.6456516230688
2025-05-14,211.78550901932945,213.29093762104833,209.94113079478424,211.68582153320312,49325800,56.11771108697214,-0.12028725534722184,-1.6480110661228424,217.64131669480443,189.1332011274612,203.38725891113282,204.61172690898476,209.72565828621134
2025-05-15,210.31000386923802,212.31391554357438,208.90427796298633,210.80848693847656,45029500,55.19081390435381,0.3491067722146681,-1.2485874984553404,218.0659994183657,190.44667148007179,204.25633544921874,205.20189453084112,209.76812215492765
2025-05-16,211.71573318604425,211.92510277199543,209.1335944967917,210.6190643310547,54737900,54.979666884282054,0.6977765656131112,-0.8593146856416501,218.51245714026686,191.44959882897143,204.98102798461915,205.71781546419479,209.8014924363444
2025-05-19,207.27922031045682,208.84444913775627,203.6402850091008,208.14657592773438,46140500,52.17385701930919,0.765763493331491,-0.5342990498470219,217.97206219816314,193.5724721035947,205.77226715087892,205.9491259845319,209.73659374973226
2025-05-20,207.03996203611737,207.83753801206538,204.40797196423648,206.232421875,42496600,50.04454085946713,0.6576069055043092,-0.2959178587767557,217.89986803929403,194.38058392603799,206.140225982666,205.97610654552884,209.5991752448408
2025-05-21,204.5475404614086,206.41186226922272,200.10108001028593,201.4768829345703,59211800,45.11797447758221,0.18601551061394161,-0.19953118489861624,217.92693677154915,194.1299891928063,206.02846298217773,205.54760905877086,209.28065397777138
2025-05-22,200.1010778345708,202.1348820380274,199.09413231135568,200.7490997314453,46742400,44.39763953905548,-0.24364154159349027,-0.20835325623759107,217.79765298166362,193.5876055022231,205.69262924194337,205.09060817045415,208.94608322301352
2025-05-23,193.0824298832746,197.10020219746903,192.8730755135501,194.67758178710938,78432900,38.828193402932975,-1.061828509206208,-0.3790483068313145,217.99213137820584,192.0237026672043,205.00791702270507,204.09889137204036,208.38653414709572
2025-05-27,197.6983910952664,200.1309909415137,196.83102019804124,199.60260009765625,56288500,44.86960570713812,-1.2978786213468823,-0.5628143697344281,217.56566711277884,191.48761810450634,204.5266426086426,203.67067315543235,208.04206614515692
2025-05-28,199.98143310081724,202.11494001836002,199.2935240345892,199.81195068359375,45339700,45.11773054784982,-1.4513271966945922,-0.740516935126461,216.9075302915941,191.09760429092543,204.00256729125977,203.30317577716204,207.7193165192133
2025-05-29,202.9623758748587,203.19167383577107,197.90775006205254,199.3433837890625,51396800,44.63353307711368,-1.592389653904604,-0.9108914788820897,215.93881055012045,190.84287585124676,203.3908432006836,202.92605273067636,207.3908485690113
2025-05-30,198.7651407343476,201.3472946799051,196.18300200128658,200.24066162109375,70819900,45.83235653639016,-1.61318406364893,-1.0513499958354577,214.65413407913184,190.9121867216494,202.7831604003906,202.6703011964304,207.11044908085768
2025-06-02,199.67238359256916,201.51677709467234,199.51286535414474,201.08807373046875,35423300,46.999543538734706,-1.5434922897532033,-1.1497784546190069,214.48113310033423,190.7481057912673,202.61461944580077,202.5196128663388,206.8742774984895
2025-06-03,200.73913195165156,203.1517881077627,200.35031577799097,202.65330505371094,46381600,49.177864921582874,-1.3464390588952995,-1.1891105754742655,214.5146239092985,191.1772538372835,202.845938873291,202.53234545561236,206.7087491673217
2025-06-04,202.29440469878628,205.6143037964219,201.48686455307688,202.20468139648438,43604000,48.561801450988504,-1.2124962317751624,-1.193787706734445,214.49037223831638,191.6571176908828,203.0737449645996,202.50113935474303,206.53211905866144
2025-06-05,202.88261988754903,204.12882762641604,199.54277706238673,200.02133178710938,55126100,45.569820003489085,-1.26790798869078,-1.2086117631257118,214.244432254964,192.36535473234068,203.30489349365234,202.26496720544458,206.2767940676202
2025-06-06,202.3841235560851,205.07592905349443,201.4370087789868,203.30133056640625,46607700,50.503527921530306,-1.0352203401913869,-1.1739334785388469,214.11848182882596,193.15814018045137,203.63831100463867,202.36366847791712,206.16010922443536
2025-06-09,203.76991971327615,205.37503589356555,199.4131823149893,200.83883666992188,72862600,47.055060223964446,-1.0375560792326155,-1.1466579986776007,213.9887459619542,193.6049109594325,203.79682846069335,202.21844640096518,205.9514318693564
2025-06-10,199.9914028593682,203.73002568042446,199.96149509379936,202.05511474609375,54672600,48.91063041990413,-0.9305370415875416,-1.1034338072595888,213.15552602449677,193.6285941537259,203.39206008911134,202.20289100526315,205.79863511942455
2025-06-11,202.88260699920767,203.8795731269679,197.80805305990708,198.1769256591797,60989900,43.65669673995023,-1.1454570157039257,-1.1118384489484563,211.75922883620842,193.61418424972908,202.68670654296875,201.8194657342076,205.49974455235613
2025-06-12,198.47602627663701,199.07419684911244,196.7612432530472,198.5956573486328,43904600,44.3517599352074,-1.2673848718705756,-1.1429477335328802,210.21640175252705,193.84799491495343,202.03219833374024,201.51243636415288,205.22899603456307
2025-06-13,199.12403626091725,199.76209396079906,195.1062640673262,195.85398864746094,51447300,40.802539227419814,-1.5671778764038322,-1.2277937621070707,208.7976311952458,193.7713156431331,201.28447341918945,200.9735365816108,204.86134868604927
2025-06-16,196.701426450214,198.08720880439395,195.96366601516638,197.81802368164062,43020700,44.24467084473121,-1.6275236991502595,-1.3077397495157084,206.88206885323046,194.40677392020706,200.64442138671876,200.6730115435184,204.58513986234698
2025-06-17,196.60172782081946,197.7881200100286,194.61777485692886,195.0464630126953,38856200,40.65238971453157,-1.8773490700594664,-1.42166161362446,205.63301174620207,194.3458197357315,199.9894157409668,200.13714977867812,204.21107410353713
2025-06-18,195.34553910938874,196.97059871241268,194.4781834746436,195.9835968017578,45394700,42.356591028328225,-1.9769297954898093,-1.5327152499975298,204.56789260115195,194.38605637345742,199.4769744873047,199.74157330468572,203.8884279348399
2025-06-20,197.63857663438114,201.08807102199273,196.2627584683704,200.39019775390625,96813500,49.67458187355117,-1.6808960452083852,-1.562351409039701,204.4464398618502,194.39884059469279,199.4226402282715,199.80334706175432,203.7512424375484
2025-06-23,201.01828233775666,201.686247808318,198.3563846401482,200.888671875,55814300,50.441039186263595,-1.3900409429324725,-1.5278893158182554,204.46155794182135,194.39767972907708,199.42961883544922,199.90671132968248,203.63898476842886
2025-06-24,201.9753521214132,202.82277936444737,199.59260382672892,199.6923065185547,54064000,48.53064689842605,-1.241758644023264,-1.4706631814592572,204.18769945441454,195.17301068962843,199.68035507202148,199.88629182386077,203.48421307235537
2025-06-25,200.83883469818846,203.05210084338043,200.01135094007643,200.94850158691406,39525700,50.644393689132464,-1.0112226648489298,-1.3787750781371917,204.29015828205823,195.20514201091052,199.74765014648438,199.98745465843726,203.38477340625965
2025-06-26,200.81888589983927,202.025221644493,198.85487656411598,200.39019775390625,50799100,49.66810104715226,-0.8636164608371928,-1.2757433546771921,204.32814568675693,195.2249793132431,199.7765625,200.02581114372,203.26733906695168
2025-06-27,201.2774955925489,202.60346239871808,199.39323017588663,200.46995544433594,73188600,49.816931736922086,-0.7317663546303379,-1.1669479546678212,204.38978318959704,195.2759989759303,199.83289108276367,200.06811060092153,203.15763774841773
2025-06-30,201.39711462840114,206.76079706763053,198.65545787730727,204.5475311279297,91912800,56.843030689763125,-0.2948490789436562,-0.9925281795229883,205.06964366300983,195.0268254532011,200.04823455810546,200.4947220796842,203.2121433711437
2025-07-01,206.04297877714563,209.5523036527052,205.5145879695679,207.1894989013672,78788900,60.683965423685805,0.26158039338076833,-0.7417064649422371,206.2973276892554,194.40928394404537,200.3533058166504,201.13231987222545,203.36811809781912
2025-07-02,208.2761972389462,212.69274987948137,207.5085290616707,211.7954864501953,67941800,66.31293710001432,1.0619776431895502,-0.3809696433158796,208.61430943687512,193.0065203360741,200.8104148864746,202.14785954631782,203.69860313124565
2025-07-03,211.5063683517463,213.9987837940836,211.16740350258758,212.90213012695312,34955800,67.51629454586954,1.7652464639128311,0.04827357812986255,210.8356978417574,191.8548768042387,201.34528732299805,203.1720757920926,204.05952575852828
2025-07-07,212.03474730839852,215.57398008038285,208.16652910348648,209.3130340576172,50229000,60.02701242598341,2.009814127450852,0.4405816879940605,211.91706455356336,191.70268031948353,201.80987243652345,203.75692896023781,204.2655456918259
2025-07-08,209.46258702266434,210.78853856973336,207.81758380403343,209.3728485107422,42848900,60.1064343096972,2.1832946278800307,0.7891242759712546,212.75961218517094,191.4672844823095,202.11344833374022,204.29177844123825,204.46583207688147
2025-07-09,208.8943192909964,210.6888614301138,206.59132988433592,210.4994354248047,48749400,61.65190447179584,2.3842017295901883,1.1081397666950414,213.8579880211862,191.33496852178257,202.5964782714844,204.8829838682446,204.70244397287848
2025-07-10,209.87131932773667,212.83230973607434,209.3927798795442,211.76556396484375,44443600,63.369414982566184,2.615438895325269,1.4095995924210871,215.0597610497023,191.10424041514145,203.08200073242188,205.53846768696832,204.97942907060263
2025-07-11,209.931172276849,211.48643705736623,209.2233196075129,210.51937866210938,39765800,60.49743079594392,2.6673912500810957,1.661157923953089,215.88284891447464,191.51539785066208,203.69912338256836,206.01284016079128,205.19668199575977
2025-07-14,209.29309904361602,210.27013683517245,206.91035052542594,207.98707580566406,38840100,55.038739563381554,2.475689975371864,1.824064334236844,216.2476998467136,192.08968876412627,204.16869430541993,206.20086260316012,205.30610920399133
2025-07-15,208.5852528191871,211.24715053377864,208.28615994072268,208.4755859375,42296300,55.866047209411754,2.3362531470096712,1.9265020967914097,216.35728282570835,193.2422655141354,204.79977416992188,206.41750292071632,205.43040240922699
2025-07-16,209.66198981724762,211.7556096589697,208.0070223143888,209.5224151611328,47490500,57.663789711228176,2.283891545511324,1.9979799865353927,216.63520907860047,194.13477840919248,205.38499374389647,206.71320884837502,205.59087349753702
2025-07-17,209.93117746335784,211.1574416148312,208.95413964633332,209.38284301757812,48068100,57.32849032455746,2.20570628450389,2.0395252461290925,216.3617591959308,195.84186629235046,206.10181274414063,206.96745972163245,205.73957818459746
2025-07-18,210.23024956462245,211.1474566075158,209.06380098140497,210.539306640625,48974600,59.43331998765901,2.211567280316558,2.0739336529665855,216.08316658847295,197.57602988369504,206.829598236084,207.30763561867937,205.9278028299319
2025-07-21,211.45652088357517,215.12534891613055,210.98794558852114,211.83535766601562,51377400,61.712659183045126,2.294344868459433,2.118015896065155,216.39047674617012,198.4132357172088,207.40185623168946,207.7388472422352,206.15947164703323
2025-07-22,212.49337032996837,214.29787667610697,211.5861274580158,213.74954223632812,46404100,64.85364634672787,2.485751208158007,2.1915629584837255,216.9109095554552,199.17888994405655,208.04489974975587,208.31129438452976,206.45712147406442
2025-07-23,214.3477172095632,214.4972560435483,211.76557859278188,213.5002899169922,46989300,64.11605161251654,2.587502415118365,2.2707508498106534,216.99224578525244,200.47835205410306,208.73529891967775,208.8054844352405,206.73332415810083
2025-07-24,213.25105536667797,215.03563331063384,212.8821827557749,213.11148071289062,46022600,62.9140282355373,2.606718695855619,2.337944419019647,216.95177317955583,201.73512257239727,209.34344787597655,209.2155793188262,206.98344794456318
2025-07-25,214.0486138925591,214.58698409364732,212.75255494872997,213.23110961914062,40268800,63.142983481901126,2.601611037149979,2.3906777426457135,216.50138806546707,203.46959887300952,209.9854934692383,209.598010775999,207.2284542847427
2025-07-28,213.38067592321022,214.1981955143971,212.41361748607306,213.40061950683594,37858000,63.48696291933168,2.581483477499887,2.4288388896165483,215.54018764520882,205.72386569951775,210.63202667236328,209.96016398845967,207.47049997972675
2025-07-29,213.53020352524888,214.1582970701604,210.18041185237743,210.62904357910156,51411700,54.52639532252032,2.3152010308037347,2.4061113178539855,214.92443772997572,206.94776685986804,210.93610229492188,210.02386680661604,207.59436443460422
2025-07-30,211.25711581327238,211.74563469104578,207.0898047125579,208.415771484375,45512500,48.624411220751064,1.9036338068237058,2.3056158156479296,214.7753918792633,207.21943996888123,210.99741592407227,209.87071487116452,207.6265764757717
2025-07-31,207.85748415888986,209.20337937318874,206.5315173151756,206.94027709960938,80698400,45.11825713345042,1.441783765241837,2.132849405566711,214.92073507260272,206.5885758404832,210.75465545654296,209.59162555958784,207.59966277474575
2025-08-01,210.23025491744008,212.93203997684435,200.88868661623732,201.76602172851562,104434500,35.461545137479376,0.6507437456218668,1.8364282735777424,215.86261249865262,204.5330875745896,210.1978500366211,208.84632995662858,207.3708925376387
2025-08-04,203.8895472057539,207.24933356384108,201.06813110178,202.7330780029297,75109300,38.12697279743119,0.10071125361506006,1.4892848695852061,216.44152959322975,203.29617487454368,209.8688522338867,208.26411548484774,207.1890174578462
2025-08-05,202.78290655256814,204.71702329589334,201.54667827641916,202.3043670654297,44155100,37.38975059719644,-0.3655727536964264,1.1183133449288798,216.90927569084775,202.12158063239443,209.5154281616211,207.69652039728413,206.99746254049654
2025-08-06,205.00615029681612,214.72657006985978,204.96626313259566,212.60302734375,108483100,58.26614314353932,0.09481663888786329,0.9136140037206766,217.1323025635052,202.10891295163154,209.62060775756837,208.16380677313802,207.21728861121238
2025-08-07,218.2159523061407,220.1799768073744,215.92292715514498,219.36245727539062,90224800,66.22601903719229,0.9936538311701213,0.9296219692105656,218.65083799492797,201.35006685126345,210.0004524230957,209.2303449162097,207.6935697352978
2025-08-08,220.16004899168945,230.29919347638386,218.58484056145957,228.65420532226562,113854000,73.66245847807004,2.4277693806442926,1.229251451497311,222.93075112402468,198.88363638818234,210.9071937561035,211.08023638345313,208.5155554445907
2025-08-11,227.4864157407103,229.12329528601256,224.3324234952035,226.74781799316406,61806100,70.24504980565692,3.371620814741135,1.6577253241460759,225.69774871343301,197.99271301752404,211.84523086547853,212.5723870129494,209.23054613277003
2025-08-12,227.57622481823222,230.36092560837628,226.63802588155738,229.21310424804688,55626200,72.05081294298915,4.269343539112583,2.1800489671393777,228.6453182929961,197.1188952690156,212.88210678100586,214.15721722581583,210.0141758627809
2025-08-13,230.6304284784954,234.55294488479396,229.99163136972763,232.88612365722656,69878500,74.53084161587628,5.217038463621805,2.787446866435863,232.06697743300293,196.03360697861814,214.05029220581054,215.9409226002359,210.91111499197484
2025-08-14,233.61473725595164,234.67271834509882,230.41085227691244,232.33717346191406,51916300,73.48139746156181,5.856290158541441,3.401215524856979,234.81612267824366,195.579894777811,215.19800872802733,217.5024703013481,211.7513525790313
2025-08-15,233.5548328767578,233.834298979768,228.9036945156081,231.1494140625,56038700,71.14707643732248,6.195639994111616,3.9601004187079067,236.95042915330498,195.50659904493722,216.2285140991211,218.8021792309816,212.51206087250068
2025-08-18,231.2592012143754,232.67649791960375,229.6722297518056,230.45074462890625,37476200,69.7435671786135,6.335172474637943,4.435114829893914,238.7062200369214,195.61234685760988,217.15928344726564,219.91156641173635,213.21553866686952
2025-08-19,230.84001516813981,232.42698672077375,228.9136940815642,230.1213836669922,39402600,69.05202337515547,6.346023287494319,4.817296521413995,240.21237981082538,195.7433712267723,217.97787551879884,220.88392995985595,213.87851298059982
2025-08-20,229.54248102593337,230.0315543310328,225.3404986724704,225.5800323486328,42263900,60.189917273933894,5.91993224325347,5.0378236657818904,240.96005040890526,196.20367487185644,218.58186264038085,221.33117780640612,214.3373960930717
2025-08-21,225.8395414786139,226.08906587116957,223.3542730460458,224.47213745117188,30621200,58.22664537007637,5.430257533087797,5.1163104392430725,241.52016545615476,196.7796254984351,219.14989547729493,221.63031682019334,214.73483693064426
2025-08-22,225.73973438952316,228.65417758009713,224.98118568943215,227.3267059326172,42477800,61.693647388913114,5.212440843778836,5.135536520150225,242.32773079140287,197.38161979453463,219.85467529296875,222.1728300689956,215.22863571503538
2025-08-25,226.0491451945495,228.86378779922748,225.79962078901826,226.7278594970703,30983100,60.55814772319033,4.934614481583964,5.095352112436974,242.97865407584283,198.0634205091181,220.52103729248046,222.60664239547893,215.67958566727205
2025-08-26,226.43840339540802,229.0534295301293,224.26255788237486,228.87376403808594,54575100,63.17381729664596,4.831892600155271,5.0426602099806335,243.68025836615703,199.18628826470234,221.4332733154297,223.2035111233463,216.19700442691183
2025-08-27,228.17510050695543,230.46073738560713,227.82576024347395,230.05152893066406,31259500,64.56286472219213,4.790300945450639,4.992188357074635,244.19368665003998,200.83643572544833,222.51506118774415,223.85570329547178,216.74031911333347
2025-08-28,230.3809040856524,232.9659733126178,228.90370861616245,232.11758422851562,38074700,66.9200475425697,4.86793809506392,4.967338304672492,244.54973747310768,202.99811561527125,223.77392654418946,224.64254909861882,217.3433491178504
2025-08-29,232.0676707602769,232.9360260407387,230.92984008944924,231.69837951660156,39418400,65.9613250211311,4.839849011957938,4.941840446129582,243.53131513982146,207.00977372736605,225.27054443359376,225.31453294795048,217.90629148642887
2025-09-02,228.81388239599917,230.4108447009183,226.53822101083426,229.28298950195312,44075600,60.57632846024986,4.570006236139875,4.867473604131641,241.51417207041362,211.68190794667623,226.59804000854493,225.69248119118885,218.35243650664552
2025-09-03,236.75874463665696,238.395624134605,233.9141603097862,238.01634216308594,66427800,70.08572496225125,5.003188817955248,4.894616646896363,238.97916960152742,217.78810792532806,228.38363876342774,226.8661822361314,219.12357006180005
2025-09-04,237.9963808412042,239.4436193831587,236.28964239378743,239.3238525390625,47549400,71.20555826959128,5.389863305860501,4.993665978689191,238.52423035382685,220.91512969255984,229.71968002319335,228.05262702688677,219.91573800208485
2025-09-05,239.54341659874092,240.86091270031892,238.03629475202086,239.2340087890625,54870400,71.00885353683043,5.624223436773633,5.119777470306079,239.07012640095004,222.35638879680388,230.71325759887696,229.11752052804636,220.673317248633
2025-09-08,238.84475646782593,239.69313028194867,235.89038089866295,237.42745971679688,48999500,67.00085256462657,5.599633032872163,5.215748582819296,239.96243175606097,222.34140888114607,231.15192031860352,229.90894330792736,221.33034244346294
2025-09-09,236.54912730927947,238.3257397896772,232.9160527142261,233.9041748046875,66313900,59.899790548780445,5.235493799984823,5.219697626252402,240.14671370588079,222.87276261247857,231.50973815917968,230.28944154571403,221.82343390860902
2025-09-10,231.7482872752143,231.97784546194652,225.52015268533836,226.35855102539062,83440800,48.13387189771761,4.288605680143604,5.033479237030642,240.25449636814875,222.479524627945,231.36701049804688,229.91507101996893,222.00128163867888
2025-09-11,226.44839058875493,230.01159113632517,226.21881717306923,229.59239196777344,50208600,52.445127302432866,3.755838987009156,4.777951187026345,240.09335199809766,222.31129582905078,231.20232391357422,229.88433968166458,222.29897223981985
2025-09-12,228.78394562468256,234.0638755168574,228.58432913969838,233.62472534179688,55824200,57.22021131538167,3.6172952203784803,4.545819993696773,240.21081527425014,222.3225877408866,231.26670150756837,230.24056688739148,222.74311942028956
2025-09-15,236.54912714503797,237.7368657054393,234.58287368836292,236.24969482421875,42699500,60.03362299531252,3.676926071668703,4.372041209291159,240.73843245679478,222.30499863451382,231.5217155456543,230.81286478613694,223.27278904397306
2025-09-16,236.72878926810645,240.76111223381088,235.87043992435724,237.6969451904297,63421100,61.53558143589279,3.7971932798511716,4.257071623403162,241.4851603397529,222.28289080770804,231.88402557373047,231.4684914913077,223.83844222618706
2025-09-17,238.5153883976145,239.6432435766681,237.27774187166392,238.5353546142578,46508000,62.41674135474787,3.915028530557578,4.188663004834045,242.30953373223045,222.29991450995706,232.30472412109376,232.1415260744458,224.4147917316016
2025-09-18,239.5134800259323,240.74113579799257,236.199788714976,237.42745971679688,44249600,60.446173165791485,3.874354806036621,4.125801365074561,242.62453780734825,223.16965317165568,232.89709548950196,232.6449483260983,224.92509243690338
2025-09-19,240.77107799962133,245.83144010441063,239.7530294205925,245.032958984375,163741300,67.93111020494314,4.405042230608615,4.181649538181372,244.2322294988641,223.61804363346013,233.9251365661621,233.8247588649818,225.71363622307874
2025-09-22,247.82763635806887,256.15178189089505,247.64797087114997,255.5928192138672,105517400,75.00385265967864,5.613005077505022,4.467920646046101,249.03148548068745,221.64539897976178,235.33844223022462,235.89790746963754,226.88536888938415
2025-09-23,255.39322235208516,256.8504363399061,253.0975947938589,253.9459686279297,60275200,72.32485578269913,6.36407614924363,4.847151746685608,252.09366611467635,221.30502925885878,236.69934768676757,237.61677043709395,227.94656887913104
2025-09-24,254.73446948849343,255.2534845023776,250.56241362070242,251.8300018310547,42303700,68.91869597421316,6.711201989182797,5.219961795185046,254.17941008718182,221.5149090656502,237.847159576416,238.97041152223306,228.88317409293197
2025-09-25,252.72829161839874,256.6807646844572,251.2311452680336,256.3813171386719,55202100,71.97588383753099,7.269753632031268,5.62992016255429,257.0233754187936,221.3039225548392,239.1636489868164,240.62859300951294,229.9615326437453
2025-09-26,253.61660096533106,257.10994249251326,253.2972024297037,254.97401428222656,46076300,69.69318541304659,7.512255647058993,6.006387259455231,259.16498238327046,221.44795859573344,240.30647048950195,241.99482360691422,230.94241427662692
2025-09-29,254.0757261912774,254.5148915782133,252.52867184357527,253.9459686279297,40127700,67.99666663379779,7.5346310123698,6.312036010038145,260.75790453869377,222.07979535144298,241.41884994506836,243.13302789462998,231.84451444726625
2025-09-30,254.37515755125318,255.4331385813304,252.6284867333586,254.14559936523438,37704300,68.15875731884442,7.482221787456751,6.546073165521867,261.9125660937421,223.41139478272274,242.66198043823243,244.18184422516373,232.7190667969905
2025-10-01,254.55481135314994,258.29769267334166,254.44502000530687,254.9640350341797,48713900,68.85520757758788,7.42118125962071,6.721094784341636,263.3809335362719,223.6377966273023,243.5093650817871,245.2087195403081,233.59141849256653
2025-10-02,256.09186667190835,257.68882891050583,253.66649683440303,256.6408386230469,42630200,70.28904224578193,7.422547727697321,6.861385373012774,264.9746499314668,223.7757788405059,244.37521438598634,246.29749278628321,234.49531732121284
2025-10-03,254.18552630266564,258.7468246365968,253.46689477740222,257.5291442871094,49155600,71.04943095667542,7.409892874147516,6.971086873239722,266.54262580856255,224.03731651321485,245.28997116088868,247.3671738816,235.3986046532088
2025-10-06,257.49920544747016,258.5771679771474,254.56481112131073,256.2016906738281,44664100,68.23887352826029,7.209641143678425,7.018797727327463,267.67668968076606,224.7806757367144,246.22868270874022,248.20855643324074,236.21441194813505
2025-10-07,256.3214394907812,256.91031341337026,254.94405994391948,255.99208068847656,31955800,67.7829107708386,6.95386658514974,7.005811498891919,268.37998016432766,226.28617584153167,247.33307800292968,248.94984445754892,236.99000680069747
2025-10-08,256.03198246417537,258.0281776413904,255.62275879770374,257.5690612792969,36496900,69.43748290459882,6.800026091152546,6.964654417344045,267.92408988547254,229.86311714577744,248.893603515625,249.77072225009636,237.79702854495628
2025-10-09,257.3195337882977,257.50917476461467,252.65841993311406,253.55670166015625,38322000,60.8715969585697,6.281928343147484,6.8281092025047325,266.89251143356535,233.2911265669229,250.09181900024413,250.1312917177211,238.41505494163079
2025-10-10,254.45500785015722,255.8922708493858,243.53581752909898,244.80340576171875,61999100,47.19371318400349,5.10615375844597,6.48371811369298,265.80820393083246,235.493302111648,250.65075302124023,249.62387400762563,238.66557850320285
2025-10-13,248.90558714178317,249.2149949644775,245.09284695690994,247.18885803222656,38142900,50.46063297424077,4.317065546900437,6.050387600334472,264.88531976136437,237.51010260191686,251.1977111816406,249.3919677242543,238.999824759243
2025-10-14,246.13087266264282,248.37659224814226,244.23447809703134,247.29864501953125,35478000,50.61207222959861,3.6583946502677236,5.571989010321123,263.97446143441425,239.38113091177715,251.67779617309571,249.19260365713782,239.32526869101903
2025-10-15,249.01537013681215,251.3409393203658,246.99920876557604,248.8656463623047,33893600,52.828584330972205,3.225653802468827,5.102721968750664,262.93612829423273,241.45249322676335,252.19431076049804,249.1614648671537,239.6994011487165
2025-10-16,247.7777291727393,248.56621957555782,244.66366953460536,246.979248046875,39777000,49.92385209166333,2.6993703233046915,4.6220516396614695,261.28842915215404,244.05537120184985,252.67190017700196,248.95363469379382,239.98488534080116
2025-10-17,247.5481624372989,252.89796599708643,246.79958926324147,251.81002807617188,49147000,56.51742657806213,2.641639277028247,4.225969167134825,260.8613946741845,245.16011258899908,253.0107536315918,249.2256721587822,240.44861642846277
2025-10-20,255.4032084113237,263.87706298772724,255.14370850365398,261.7411193847656,90483000,66.33200506455219,3.3585280571036833,4.052480945128597,262.0289221451199,244.6074151351535,253.31816864013672,250.4176195136378,241.2836165443962
2025-10-21,261.38182000576944,264.7853366806196,261.33189684706855,262.2701110839844,46695900,66.76235644974741,3.9241179997546,4.026808356053798,263.3226954091339,244.14605611674497,253.73437576293946,251.5464282346232,242.10661633026243
2025-10-22,262.15033525743416,262.349966966352,254.94406918261987,257.9583435058594,45015300,60.02723460421713,3.978566062553682,4.017159897353775,263.7636128254743,244.31797286788512,254.0407928466797,252.15708683188376,242.72825269008976
2025-10-23,259.4454820834593,260.12418111371363,257.51916110368444,259.0861511230469,32754900,61.13175340695425,4.065852576231094,4.026898433129238,264.10891046851094,244.24315862328592,254.17603454589843,252.81699771675645,243.3697389031469
2025-10-24,260.69310343226954,263.6275126875418,258.68691759501684,262.32000732421875,38253700,64.18747786830356,4.34587637847946,4.0906940221992825,265.12269797065375,243.96397042534232,254.54333419799804,253.72204625080047,244.1128866843654
2025-10-27,264.37609822840903,268.60802232244004,264.1465248140549,268.2986145019531,44888200,69.03436812082451,4.992668518311177,4.271088921421661,267.48850162351647,243.03343135988194,255.2609664916992,255.11029084614833,245.06134659878063
2025-10-28,268.4782600095115,269.3765722048576,267.63986169210665,268.4882507324219,41534800,69.17686686557857,5.4576456659852965,4.508400270334389,269.5397814995078,242.41641662060937,255.97809906005858,256.38438226388865,245.98004872166854
2025-10-29,268.76770579477784,270.8936584399069,266.6018207191691,269.1869201660156,51086700,69.72956108615557,5.815482922643611,4.769816800796233,271.464374993913,241.91411163938778,256.6892433166504,257.60367158790075,246.89012211164294
2025-10-30,271.4725408872279,273.6184749716116,267.969239224885,270.8836669921875,69886500,71.08554082409594,6.164919461171451,5.048837332871277,273.4819900120815,241.32077945813327,257.4013847351074,258.8684330549757,247.83104544029177
2025-10-31,276.4630533049319,276.79244258078194,268.647962249571,269.85565185546875,86167100,69.06684336434803,6.286432129041373,5.296356292105297,275.0364500719008,240.99897015514995,258.01771011352537,259.91483484549883,248.6947554957889
2025-11-03,269.90556627002525,270.33474092754267,265.74348587775046,268.53814697265625,50194600,66.46188938418945,6.20489400490834,5.478063834665905,276.2595774827205,241.00948837421313,258.6345329284668,260.73610266713285,249.47292771056803
2025-11-04,267.8195068636227,270.9734988318123,267.11086611942017,269.5262756347656,49274800,67.45336599791764,6.149124894888018,5.612276046710328,277.5381124449155,241.08437290664702,259.3112426757813,261.5732619973836,250.25933351151696
2025-11-05,268.0989800730272,271.18312844251227,266.4221834255846,269.6260986328125,43683100,67.55770753086196,6.043318738506741,5.698484585069611,278.6877135615226,241.14047552539148,259.91409454345705,262.3401988198054,251.0188144966658
2025-11-06,267.38037702601645,272.8798740142925,267.38037702601645,269.25677490234375,51204000,66.70563814095341,5.862090725936923,5.731205813243074,279.6654189343779,241.73277747675496,260.69909820556643,262.9989203514757,251.73402863022181
2025-11-07,269.28671541495146,271.7719991063764,266.26248096015127,267.9592590332031,48227400,63.66749674324178,5.549792974665138,5.694923245527487,279.5198375111987,244.19394422708248,261.8568908691406,263.4713335592593,252.3703121754368
2025-11-10,268.7085692371889,273.4741297822401,267.20997142836535,269.1781311035156,41312400,65.26781963516449,5.33910170534989,5.623758937491968,279.47541186891726,246.43729717649288,262.95635452270506,264.0148380872837,253.0294423294791
2025-11-11,269.55775905965567,275.65206242273547,269.5477586519058,274.99267578125,46208300,71.67689560264655,5.5770240560435695,5.614411961202289,279.95169790805556,248.73041421352647,264.341056060791,265.06034643909,253.89074560209758
2025-11-12,274.74292397164845,275.4722525277038,271.4460210796085,273.21435546875,48398000,67.57015521874689,5.558014316632125,5.603132432288256,279.827647172812,251.2893358594146,265.5584915161133,265.83691872762904,254.64853422431923
2025-11-13,273.85374352181776,276.4413491841305,271.83564282199285,272.6948547363281,49602800,66.37375818196453,5.438339797793162,5.570173905389238,278.45022844952325,255.2383152516486,266.8442718505859,266.4900554903623,255.35623306792743
2025-11-14,270.7965900477885,275.70200347225597,269.3479639093673,272.15533447265625,47431300,65.0848947583373,5.239563674560372,5.504051859223465,277.27931332345054,258.44376101736975,267.86153717041014,267.0296058696284,256.01502135830896
2025-11-17,268.5687054184609,270.2371271729127,265.48159771217263,267.2099609375,45018300,54.61588734514268,4.629614536179645,5.329164394614701,277.11177433604666,259.1581841600471,268.1349792480469,267.04678254275905,256.4540385967086
2025-11-18,269.7376065335732,270.4569347049811,265.0719890725528,267.19000244140625,45677300,54.57773210581576,4.097382886350488,5.082808092961859,276.9410349787776,259.8209126530583,268.38097381591797,267.0604225331064,256.87505678669675
2025-11-19,265.2817633125939,271.9555110777923,265.2517925781922,268.3089294433594,40424500,56.4160491282306,3.7229575895022435,4.810837992269936,275.9183518160734,261.87865440951254,268.898503112793,267.1793279531305,257.3234439497031
2025-11-20,270.5768036466949,275.17250947675234,265.67142054546326,266.0010986328125,45823600,51.76280052806489,3.2030771060646543,4.48928581502888,274.7462823871595,263.74221858940297,269.24425048828124,267.06711563690976,257.6637441333545
2025-11-21,265.70137680880595,273.0744516711978,265.4216397990326,271.2361755371094,59030800,59.852244004166764,3.176874006209175,4.226803453264939,274.18195582684194,265.1981619710096,269.69005889892577,267.4641689607383,258.19599634526645
2025-11-24,270.64675212306133,276.7410558404627,270.64675212306133,275.6620788574219,65585800,65.17026735696562,3.4732043323734274,4.076083629086637,275.2261346752856,264.89032955811285,270.05823211669923,268.24492228423196,258.88094075750786
2025-11-25,275.012667049666,280.1179060838009,274.9926967216935,276.7110900878906,46914200,66.30936526790305,3.7494730982389797,4.010761522917106,276.3680662382878,264.5706819306575,270.46937408447263,269.05122397981853,259.58016229987584
2025-11-26,276.70108254872224,279.26868736786383,276.3714044558947,277.29052734375,33431400,66.9522945221691,3.969416862866126,4.002492590906909,277.4739838383915,264.27512504832725,270.8745544433594,269.8359195382882,260.27468641924344
2025-11-28,277.0008150112318,278.73917862681736,275.73198274965245,278.5893249511719,20135600,68.40760703914047,4.200109742720258,4.042016021269579,278.70681436608277,263.8128603165344,271.2598373413086,270.66957719665805,260.9929075381426
2025-12-01,277.75011957449965,283.1550658399818,275.88187257202503,282.8353576660156,46587700,72.64820690377225,4.671702389457096,4.1679532949070826,280.9353363622839,262.882308901388,271.90882263183596,271.8282229556445,261.84947420982394
2025-12-02,282.7354345985028,287.1313151163589,282.36578537497866,285.9224548339844,53669500,75.24945180323436,5.234209195719018,4.38120447506947,283.6061689148348,261.94990713496986,272.77803802490234,273.1705307535816,262.79351266567335
2025-12-03,285.9324708384744,288.35019153510143,283.0351573834178,283.8843688964844,43538700,70.48360144085136,5.452688194833399,4.595501219022257,285.27816723790124,261.71371813807536,273.4959426879883,274.1908962910009,263.62060506688164
2025-12-04,283.83440686502166,284.46382276925783,278.32954829392816,280.4375915527344,43989100,63.194232588579624,5.286765705808136,4.733754116379433,286.0607494454017,262.012285222567,274.03651733398436,274.7858196492612,264.2800947329935
2025-12-05,280.27774306596746,280.8771882481053,277.79005013345267,278.5193786621094,47265800,59.50589959102948,4.943501579760607,4.775703609055668,286.46209372870635,262.5372013152389,274.49964752197263,275.1413966981039,264.8384980243314
2025-12-08,277.86998437615557,279.4085531850005,275.8918244790692,277.6302185058594,38211800,57.82125585469185,4.547296094412673,4.730022106127069,286.609599081978,263.3567919092329,274.98319549560546,275.37842734646154,265.3401341216462
2025-12-09,277.8999627322321,279.7682096639769,276.6611317163261,276.9208679199219,32193300,56.44827542686981,4.128471281721602,4.609711941245976,286.6945615058243,264.0461031670273,275.3703323364258,275.52532644869586,265.794280545108
2025-12-10,277.490342786908,279.48847306800184,276.1815698919154,278.5193786621094,33038300,58.821230427351956,3.880800604127046,4.46392967382219,286.9556507966027,264.13768416433476,275.5466674804687,275.81047427854475,266.2933040006767
2025-12-11,278.83908758708685,279.3286197507982,273.5540244422053,277.77008056640625,33248000,57.24667425021606,3.582757910580881,4.287695321173929,287.1692764871159,264.3796309835873,275.7744537353516,275.99710344881726,266.74337366992097
2025-12-12,277.64021728323,278.9589906850317,276.5612402656973,278.0198669433594,39532900,57.65362244265682,3.3283455065557064,4.095825358250284,287.3812658658606,264.7001428255457,276.04070434570315,276.18974759115457,267.18558909240875
2025-12-15,279.8880911943856,279.8880911943856,272.5849275039148,273.8537292480469,50409100,49.23579979717614,2.758748217091636,3.828409930018555,287.3687003431353,264.88254782581,276.12562408447263,275.96726965371573,267.44708478478674
2025-12-16,272.5649667835892,275.2424541197232,271.53593087885605,274.353271484375,37648600,50.17518166475359,2.3208933314683122,3.5269066103085063,286.9611680315743,266.00441119205857,276.48278961181643,275.81355554234995,267.717915635751
2025-12-17,274.75292651919426,275.90184538512057,271.38608172110213,271.58587646484375,50138700,45.186591435333064,1.7306348487925902,3.1676522580053232,286.52404903610596,266.8811175898706,276.7025833129883,275.4109194397303,267.86960037414684
2025-12-18,273.35420232069225,273.374203136776,266.7004552212896,271.935546875,51630700,45.9182559258838,1.2763532230187593,2.789392451008011,286.1723250840954,267.5955032850452,276.8839141845703,275.07993157642267,268.02904925653326
2025-12-19,271.8955859651445,274.34330788170604,269.64768928264715,273.4141845703125,144632000,49.01735261552032,1.0238432386565819,2.436282608537725,285.21049838559946,269.2986385772911,277.2545684814453,274.9212890044122,268.2402310335442
2025-12-22,272.6048920133635,273.62395794129594,270.25711338978425,270.7166748046875,36571800,44.057279799797676,0.5991540873980625,2.0688569043097926,285.27018799846877,269.1869988911797,277.22859344482424,274.52084955681937,268.33734647554985
2025-12-23,270.5868091030317,272.2452609569047,269.30800689497966,272.1053771972656,29642000,47.02899544721706,0.3703721331145857,1.7291599500707513,285.39001586399706,268.71150085963575,277.0507583618164,274.2908045701952,268.4851123862054
2025-12-24,272.085389177814,275.17249671786806,271.9455359163183,273.55401611328125,17910600,50.01207236029342,0.3024671863568642,1.4438213973279739,285.37748821244526,268.4083211137266,276.8929046630859,274.2206342409653,268.6838929245221
2025-12-26,273.9037084592662,275.1125687682936,272.6049054553,273.1444091796875,21521800,49.16891487332642,0.2131431885094912,1.1976857555642775,285.3303702240261,268.04082728573945,276.6855987548828,274.1181366160817,268.858815130607
2025-12-29,272.4350823114352,274.10350406329195,272.0954038139857,273.50408935546875,23715200,49.9665932335456,0.1694234527824392,0.9920332950079098,285.1392547019662,267.72341924822916,276.4313369750977,274.0596559245948,269.0409827472683
2025-12-30,272.5549704076282,273.82377221524894,272.02546707967076,272.82470703125,22139600,48.420933088675405,0.07904360601838789,0.8094353572100055,284.23004778414736,267.63156110257137,275.93080444335936,273.9420417442762,269.1893640917382
2025-12-31,272.80472532736104,273.42414083736213,271.49595243002375,271.6058349609375,27293600,45.69016059972987,-0.08989955709540709,0.629568374348923,282.2605669722998,268.1693799271143,275.21497344970703,273.7195458601487,269.2841276552362
2026-01-02,272.0054842546519,277.58025431004916,268.7485221479618,270.75665283203125,37838100,43.835330832925706,-0.2889789623299066,0.4458589070131571,280.57423745205597,268.5429378409128,274.5585876464844,273.4373655717566,269.3418737406007
2026-01-05,270.38700744645297,271.25618925068443,265.89121426121545,267.0101623535156,45647200,36.7474411956663,-0.7405249850894506,0.2085821285926356,280.1329633206161,267.6414690524308,273.88721618652346,272.82525097954317,269.25043407836205
2026-01-06,266.7503924619391,267.2998660934885,261.8749496989937,262.1147155761719,52352100,29.936002553676687,-1.4763812987194456,-0.1284105568697806,280.8667622446446,265.26720381980857,273.0669830322266,271.8051999887459,268.97060198023695
2026-01-07,262.95395138764474,263.4334831315393,259.56710600115036,260.08660888671875,48309800,27.649449017820885,-2.1978683310786096,-0.5423021117115464,281.6070512602003,262.7725538423387,272.1898025512695,270.68914369331475,268.62221009421665
2026-01-08,256.7797203952787,259.0476178563403,255.46096229095477,258.7978515625,50419300,26.276002075792803,-2.8408958685503762,-1.0020208630793124,282.1589342689796,260.40836919781725,271.2836517333984,269.5566396808562,268.2369411321886
2026-01-09,258.8377955175017,259.9667440583015,255.98048371428257,259.1275329589844,39997000,27.27126859747807,-3.2860181199148997,-1.45882031444643,281.9071990172741,258.72091987921027,270.3140594482422,268.56339142163034,267.87970943912177
2026-01-12,258.9177364764393,261.05572011368304,256.5599267903311,260.0067138671875,45263800,29.985741448394563,-3.5271790350599304,-1.8724920585691303,281.33145342460386,257.5203288019586,269.42589111328124,267.7484697497787,267.57096451473217
2026-01-13,258.4781303943212,261.56523797230057,258.148452318208,260.8059387207031,45730800,32.45380202053404,-3.6121711707471036,-2.220427881004725,280.3430298950355,256.7873595092614,268.56519470214846,267.08727631843817,267.30566938555455
2026-01-14,259.247418118488,261.57525710051715,256.4700180914029,259.71697998046875,40019400,30.85770226120829,-3.724464610512257,-2.5212352269062315,279.99128399828953,255.72543047924958,267.85835723876954,266.3853433338696,267.00807372261
2026-01-15,260.40631875644857,260.7959687899761,256.8096782083212,257.9685974121094,39388600,28.439328030874762,-3.9094718737812286,-2.798882556281231,279.53281155810305,254.54543551220945,267.03912353515625,265.58374848417816,266.6535844555316
2026-01-16,257.6589020182799,258.6579671912775,254.69167723491495,255.29112243652344,72142800,25.18424219429646,-4.223455945633873,-3.08379723415176,279.5660874464923,252.88268422098824,266.22438583374026,264.6034983844015,266.20799770968813
2026-01-20,252.49373739571587,254.55180921698133,243.19244305608962,246.46937561035156,80267500,17.910419320380456,-5.1250534017869995,-3.492048467678808,280.6503667863164,249.25178775469928,264.9510772705078,262.87643907258723,265.4339340979494
2026-01-21,248.46750904444812,251.3248360900433,244.9507953165175,247.41848754882812,54641700,20.56853534968505,-5.697315374885591,-3.933101849120165,280.65098429081877,246.65160054804844,263.6512924194336,261.4042532131816,264.72744599798386
2026-01-22,248.96703988447874,250.76536025794266,247.9180183962477,248.1178436279297,39708300,22.55841018000045,-6.024953012742401,-4.351472081844612,280.518621310132,244.5240804110594,262.5213508605957,260.13888087172904,264.07608904229545
2026-01-23,247.08880782235642,249.17685039145397,244.45126111041233,247.80812072753906,41689000,22.29206603417917,-6.237695974481937,-4.728716860372078,279.85168760771097,242.7612884665078,261.3064880371094,258.9645227627586,263.4381295005403
2026-01-26,251.24490015634893,256.32015295784896,249.5664780183616,255.17123413085938,55969200,40.32925903345,-5.745919208919219,-4.932157330081506,278.18376544087903,242.59093243509756,260.3873489379883,258.60325717876816,263.1139375252587
2026-01-27,258.92771692213245,261.70511669708895,257.96859246831417,258.0285339355469,49648300,45.605643561474615,-5.067210713487071,-4.959168006762619,276.4010828634546,242.86202748810797,259.6315551757813,258.5485216317947,262.91450993350526
2026-01-28,257.409147241713,258.61800761819165,254.27208306792676,256.2002868652344,41288000,42.98643435769237,-4.623556123375863,-4.892045630085268,274.25922485484296,243.2735052476961,258.76636505126953,258.3248802254556,262.6512070680829
2026-01-29,257.75880668092503,259.4072580677027,254.17216647920577,258.0385437011719,67253000,46.32441904530952,-4.0766318265658015,-4.728962869381375,272.03530679711895,244.01880697241228,258.0270568847656,258.2976100802857,262.4703183085962
2026-01-30,254.93144331105526,261.6551472598355,251.94423313215475,259.2374267578125,92443400,48.44442503624377,-3.506035147035959,-4.484377324912292,269.9031023379358,244.91417061128286,257.40863647460935,258.38711643052636,262.34353824778117
2026-02-02,259.7869174093499,270.2371306501278,258.9676766447768,269.7575988769531,73913400,62.45704852158792,-2.179815640498134,-4.023464988029461,269.6345299202117,245.08283763349917,257.35868377685546,259.4700195206623,262.63428572343497
2026-02-03,268.9483513556569,271.6258386480508,267.3598109321867,269.22808837890625,64394700,61.550251545403974,-1.1581537233625454,-3.4504027350960778,270.14607021282285,244.79308994342713,257.469580078125,260.3993594119236,262.892866219728
2026-02-04,272.03545112075,278.68922850453845,272.03545112075,276.23150634765625,90545700,68.13906582220937,0.2141691975227218,-2.717488348572318,273.28040007526954,243.07043915812892,258.17541961669923,261.9071829296124,263.4159501463134
2026-02-05,277.86999494352693,279.2387093202658,272.97458180817284,275.6520690917969,52977400,67.1143342845375,1.2406873835321335,-1.925853202151428,275.9578934669642,241.94949178694202,258.9536926269531,263.21621970696333,263.8957979480971
2026-02-06,276.8609202349588,280.6473855638201,276.67109542368036,277.8599853515625,50453400,69.02583473321226,2.206930708010475,-1.0992964201190476,278.8953492757728,240.9182493570397,259.90679931640625,264.61086405406803,264.44341314038985
2026-02-09,277.9100036621094,278.20001220703125,271.70001220703125,274.6199951171875,44623400,63.21873414480257,2.680347986748359,-0.34336753874556636,280.768359503644,240.59448534498884,260.6814224243164,265.564114631508,264.8424947865388
2026-02-10,274.8900146484375,275.3699951171875,272.94000244140625,273.67999267578125,34376900,61.599553842636084,2.9457277341744543,0.3144515158384377,282.26944811113486,240.46072461835735,261.3650863647461,266.33705539762923,265.189063331215
2026-02-11,274.70001220703125,280.17999267578125,274.45001220703125,275.5,51931300,63.546344863727384,3.2652625623328504,0.9046137251373203,283.9336163018896,240.26596255553233,262.09978942871095,267.2097167883312,265.5934137888144
2026-02-12,275.5899963378906,275.7200012207031,260.17999267578125,261.7300109863281,81077200,44.97027762483156,2.379938730741401,1.1996787262581365,284.00655948877807,240.39432246922982,262.20044097900393,266.6878400452833,265.44190779656003
2026-02-13,262.010009765625,262.2300109863281,255.4499969482422,255.77999877929688,56290700,39.58549446323898,1.184542290834088,1.1966514391733267,284.00823043046034,240.17379166426622,262.0910110473633,265.64899801995125,265.0630094037262
2026-02-17,258.04998779296875,266.2900085449219,255.5399932861328,263.8800048828125,58469100,48.60734941794209,0.8806334041121318,1.133447832161088,284.2120978475288,240.82881249182665,262.52045516967775,265.4805224830809,265.0166170695727
2026-02-18,263.6000061035156,266.82000732421875,262.45001220703125,264.3500061035156,34203300,49.08248780005565,0.6699854175443534,1.040755349237741,283.7523136447567,243.07665974391514,263.41448669433595,265.37285425645564,264.99047546306065
2026-02-19,262.6000061035156,264.4800109863281,260.04998779296875,260.5799865722656,30845300,45.45249221978718,0.19657036098783465,0.8719183515877598,283.0364074330874,245.1087158579282,264.0725616455078,264.9163906674852,264.81751511440206
2026-02-20,258.9700012207031,264.75,258.1600036621094,264.5799865722656,42070500,49.70283638914172,0.14250932965734364,0.7260365472016767,282.3094245110405,247.48191307440874,264.8956687927246,264.88435218222617,264.8082002696124
2026-02-23,263.489990234375,269.42999267578125,263.3800048828125,266.17999267578125,37308200,51.336267899812675,0.22616559736087538,0.6260623572335164,281.25974290126993,250.36878187900348,265.8142623901367,265.0077465149457,264.8619960502465
2026-02-24,267.8599853515625,274.8900146484375,267.7099914550781,272.1400146484375,47014600,56.94531121495747,0.7645742197637446,0.6537647297395621,281.4987722502108,251.8266305818205,266.66270141601564,265.6870101467069,265.1474085442932
2026-02-25,271.7799987792969,274.94000244140625,271.04998779296875,274.2300109863281,33714300,58.741211424379046,1.3444145950990105,0.7918947028114518,282.0914991862085,252.85405135090087,267.4727752685547,266.50062927428985,265.50358903221615
2026-02-26,274.95001220703125,276.1099853515625,270.79998779296875,272.95001220703125,32345100,57.168435798738656,1.6812763586787014,0.9697710339849018,282.1058530312043,254.5146700400848,268.31026153564454,267.1148562202652,265.79560562730694
2026-02-27,272.80999755859375,272.80999755859375,262.8900146484375,264.17999267578125,72366500,47.73741944008012,1.2264368506293977,1.021104197313801,281.7055142783981,255.52915369035196,268.617333984375,266.8353454065048,265.7322482566589
2026-03-02,262.4100036621094,266.5299987792969,260.20001220703125,264.7200012207031,41827900,48.30294565514293,0.8991822271015621,0.9967198032713533,281.36780506244213,256.4151203525969,268.8914627075195,266.6338840554761,265.6925522944646
2026-03-03,263.4800109863281,265.55999755859375,260.1300048828125,263.75,38568900,47.31258159969559,0.5551600488729491,0.9084078523916725,281.2672991827638,255.91486634457993,268.59108276367186,266.359228431145,265.616373773113
2026-03-04,264.6499938964844,266.1499938964844,261.4200134277344,262.5199890136719,39803100,46.02395646868842,0.18117985848681428,0.7629622536107009,281.21279874881174,255.2985568420086,268.2556777954102,265.99358658186185,265.49494691980163
2026-03-05,260.7900085449219,261.55999755859375,257.25,260.2900085449219,49658600,43.70010084758112,-0.291779471755774,0.552013908537406,280.3107552874417,254.60645052310517,267.45860290527344,265.45038867358187,265.2908316894142
2026-03-06,258.6300048828125,258.7699890136719,254.3699951171875,257.4599914550781,41120000,40.87912440632251,-0.8847628804318788,0.264658550743549,279.5339004368727,253.56409761000222,266.5489990234375,264.6893984622958,264.98373991551864
2026-03-09,255.69000244140625,261.1499938964844,253.67999267578125,259.8800048828125,38218500,44.196479917591,-1.1462187490575957,-0.01751690921667995,277.80045586022743,253.49954413977255,265.65,264.23136097853546,264.7835934436478
2026-03-10,257.6499938964844,262.4800109863281,256.95001220703125,260.8299865722656,30590800,45.48952383752247,-1.2622187535338298,-0.26645727808010994,276.5183448819761,253.40265426353173,264.9604995727539,263.90742055889075,264.628550036927
2026-03-11,261.0899963378906,262.1300048828125,259.54998779296875,260.80999755859375,26218900,45.46565144682633,-1.3403122538177286,-0.48122827322763373,275.24680707856066,253.38719255522835,264.3169998168945,263.6124278921958,264.4788028809139
2026-03-12,258.6600036621094,258.95001220703125,254.17999267578125,255.75999450683594,40794000,39.785106431229345,-1.7890716527123232,-0.7427969491245716,273.54987407158353,253.1101250128892,263.32999954223635,262.8645770935901,264.1368888270285
2026-03-13,255.47999572753906,256.3299865722656,249.52000427246094,250.1199951171875,36930000,34.58755755287491,-2.570189974636378,-1.108275554226933,274.5488952385716,250.95010225898696,262.7494987487793,261.6508073815518,263.5872067207602
2026-03-16,252.11000061035156,253.88999938964844,249.8800048828125,252.82000732421875,32074200,38.7152010260387,-2.9375017604873506,-1.4741207954790165,274.83523287377915,250.36776547827168,262.6014991760254,260.8097788046629,263.16496360717036
2026-03-17,252.9600067138672,255.1300048828125,252.17999267578125,254.22999572753906,32361600,40.815514812030855,-3.0793281387611273,-1.7951622641354388,274.88982484825345,249.34817258826996,262.1189987182617,260.1831327973178,262.8145727099299
2026-03-18,252.6300048828125,254.94000244140625,249.0,249.94000244140625,35757900,36.69489265164766,-3.497575299678431,-2.1356448712440375,275.2219313199017,247.57506575041077,261.39849853515625,259.20759657294525,262.30968760136034
2026-03-19,249.39999389648438,251.8300018310547,247.3000030517578,248.9600067138672,34864100,35.80560795167176,-3.8635797111446095,-2.481231839224152,275.7204103610041,245.9145887234685,260.8174995422363,258.23163563398543,261.7861707038116
2026-03-20,247.97999572753906,249.1999969482422,246.0,247.99000549316406,88331100,34.903948499270754,-4.183684920513002,-2.8217224554819222,275.8265709179255,244.14943005863705,259.9880004882813,257.2562422872405,261.24514461711954
2026-03-23,253.97000122070312,254.60000610351562,250.27999877929688,251.49000549316406,40546100,40.70601343858928,-4.10759999998379,-3.0788979643822962,275.24476093585344,243.26224132244735,259.2535011291504,256.7070768782809,260.8625901416703
2026-03-24,250.35000610351562,254.8300018310547,249.5500030517578,251.63999938964844,45152300,40.94892376758253,-3.9892137257757554,-3.2609611166609884,273.3460224428235,243.1109782895984,258.22850036621094,256.2244980698397,260.5009199161008
2026-03-25,254.10000610351562,255.0,251.60000610351562,252.6199951171875,28476700,42.60338609336952,-3.7728235244042025,-3.3633335982096315,270.42734522847456,243.86865391703327,257.1479995727539,255.881212074349,260.19186404163366
2026-03-26,252.1199951171875,257.0,250.77000427246094,252.88999938964844,41796700,43.07659301446901,-3.538753099607362,-3.398417498489178,267.251437145474,245.0385607182955,256.14499893188474,255.59633467580608,259.90551640822247
2026-03-27,253.89999389648438,255.49000549316406,248.07000732421875,248.8000030517578,47900000,37.96988461800318,-3.641304433634076,-3.446994885518158,266.2676886289051,244.48431027246212,255.3759994506836,254.9490649973253,259.470006080518
2026-03-30,250.07000732421875,250.8699951171875,245.50999450683594,246.6300048828125,39446200,35.56111007113154,-3.8532598406234797,-3.5282478765392224,265.0972567809446,243.8457424866335,254.47149963378905,254.15677355784788,258.96647662178447
2026-03-31,247.91000366210938,255.47999572753906,247.10000610351562,253.7899932861328,49598100,47.41489974506708,-3.404242810044053,-3.503446863240189,263.6603943107367,244.28660428545467,253.9734992980957,254.12184210339882,258.7634772752883
2026-04-01,254.0800018310547,256.17999267578125,253.3300018310547,255.6300048828125,40059400,49.962312516258365,-2.86687249848697,-3.3761319902895455,262.4910851665193,244.76691501658615,253.62900009155274,254.26547665381915,258.6405960049952
2026-04-02,254.1999969482422,256.1300048828125,250.64999389648438,255.9199981689453,31289400,50.370377802429196,-2.3900515934047064,-3.178915910912578,261.7830538638975,245.03794528161032,253.4104995727539,254.4230501314502,258.53390589377756
2026-04-06,256.510009765625,262.1600036621094,256.4599914550781,258.8599853515625,29329900,54.42800925643426,-1.7547080139616185,-2.8940743315223867,262.0174027127651,244.94359582239113,253.48049926757812,254.8456153905085,258.54669332349465
2026-04-07,256.1600036621094,256.20001220703125,245.6999969482422,253.5,62148000,46.89959406842853,-1.6645122117993765,-2.6481619075777845,261.1507735059847,245.17222454089028,253.1614990234375,254.7174615437934,258.34878378139683
2026-04-08,258.45001220703125,259.75,256.5299987792969,258.8999938964844,41032800,53.828566316526214,-1.1441084410205349,-2.3473512142663346,260.7031830485401,245.4268157307568,253.06499938964845,255.1157979583354,258.37039986434144
2026-04-09,259.0,261.1199951171875,256.07000732421875,260.489990234375,28121600,55.663092509753994,-0.5965091014501525,-1.9971827917030982,260.619915088513,245.478082958362,253.0489990234375,255.62762579414868,258.45352105532317
2026-04-10,259.9800109863281,262.19000244140625,259.0199890136719,260.4800109863281,31259500,55.64814779440181,-0.16147652070270624,-1.6300415375030197,261.4802574273757,245.08974226744851,253.2849998474121,256.0897577172134,258.5329912486959
2026-04-13,259.8599853515625,260.17999267578125,256.6600036621094,257.7300109863281,14506715,51.541417039967165,-0.038172059767248356,-1.3116676419558655,261.94821471824076,245.38278656349752,253.66550064086914,256.24597231427197,258.50150182664225
