Date,Open,High,Low,Close,Volume,RSI,MACD,MACD_Signal,BB_Upper,BB_Lower,BB_Middle,EMA_20,EMA_50
2024-05-10,189.16000366210938,189.88999938964844,186.92999267578125,187.47999572753906,34141800,58.20149005847306,1.646693828934957,0.4604437298999873,192.07830114480907,171.6266976344878,181.85249938964844,183.80663142146875,183.0600270622382
2024-05-13,188.0,188.30999755859375,185.36000061035156,186.57000732421875,24898600,56.160561854187975,1.6450363944331627,0.6973622628066224,192.41647544856406,171.58352455143594,182.0,184.0698100788735,183.19767334702175
2024-05-14,183.82000732421875,187.72000122070312,183.4499969482422,187.07000732421875,38698200,57.051726932219104,1.6648770210265127,0.8908652144506005,192.83642871895617,171.53857128104383,182.1875,184.35554314985876,183.34952958142162
2024-05-15,185.97000122070312,186.72000122070312,182.72999572753906,185.99000549316406,75459900,54.475786250286696,1.575294721765971,1.0277511159136747,193.19503796720096,171.65096270418576,182.42300033569336,184.51120623017357,183.4530776563919
2024-05-16,185.60000610351562,187.30999755859375,183.4600067138672,183.6300048828125,38834500,49.24353498674314,1.2988949261147695,1.0819798779538938,193.31959309220366,171.96740794539397,182.64350051879882,184.42728229232966,183.46001597899664
2024-05-17,183.75999450683594,185.3000030517578,183.35000610351562,184.6999969482422,33175700,51.517197120041466,1.1528956506831207,1.0961630324997393,193.16112544338282,173.13287480075783,183.14700012207032,184.4532551167023,183.50864268367295
2024-05-20,184.33999633789062,186.6699981689453,183.27999877929688,183.5399932861328,30511800,48.956779042446165,0.9328344373341508,1.0634973134666217,193.081511355585,173.843488644415,183.4625,184.3662777995052,183.50987211906352
2024-05-21,182.3000030517578,183.25999450683594,180.75,183.14999389648438,50839100,48.09138247033612,0.7186801514923786,0.9945338810717731,193.08596509066143,174.20003497037374,183.64300003051758,184.25044123731277,183.49575924758983
2024-05-22,183.8800048828125,185.22000122070312,181.97000122070312,183.1300048828125,28148800,48.044505645903605,0.5411108022180713,0.9038492653010328,192.81885129839398,175.12114961713334,183.97000045776366,184.14373301307464,183.4814159391672
2024-05-23,183.66000366210938,184.75999450683594,180.0800018310547,181.0500030517578,33670200,43.31332548069385,0.2298969403125284,0.769058800303332,191.90135037569985,176.77665102810874,184.3390007019043,183.8490920643778,183.38606641417073
2024-05-24,181.64999389648438,182.44000244140625,180.3000030517578,180.75,27471600,42.66079420464049,-0.04048335950079718,0.6071503683425062,191.8251208495409,176.96588104254897,184.39550094604493,183.55394043919898,183.28269126067386
2024-05-28,179.92999267578125,182.24000549316406,179.49000549316406,182.14999389648438,29927000,46.69651023273767,-0.14017800311646056,0.4576846940507129,191.78719785599407,177.1228027543575,184.4550003051758,183.42023124465473,183.23827175619584
2024-05-29,181.6999969482422,184.0800018310547,181.5500030517578,182.02000427246094,32009300,46.370166847954934,-0.22705841466776633,0.32073607230701706,190.77845441453445,178.83354662306323,184.80600051879884,183.286876294922,183.19049656075526
2024-05-30,181.30999755859375,181.33999633789062,178.36000061035156,179.32000732421875,29184700,40.101311692377344,-0.5079239248350405,0.15500407287860554,190.73033283184685,178.9136689381727,184.82200088500977,182.90907925009313,183.03871266912637
2024-05-31,178.3000030517578,179.2100067138672,173.8699951171875,176.44000244140625,58903900,34.710812442937836,-0.9519309228846282,-0.06638292627404122,191.4062625400992,177.40973935199065,184.40800094604492,182.29297669688484,182.7799397190197
2024-06-03,177.6999969482422,178.6999969482422,175.9199981689453,178.33999633789062,30786600,40.40251276837751,-1.1373849732280519,-0.2805833356648434,191.45706665601693,176.57193419847528,184.0145004272461,181.91650237698065,182.60582429230874
2024-06-04,177.63999938964844,179.82000732421875,176.44000244140625,179.33999633789062,27198400,43.2086901792384,-1.189949998730981,-0.4624566682780709,190.9253841033839,176.16761669007312,183.5465003967285,181.67112084944824,182.47775260782174
2024-06-05,180.10000610351562,181.5,178.75,181.27999877929688,32116400,48.29504122962321,-1.0628147100102296,-0.5825282766245027,190.18807178091856,176.15692943978456,183.17250061035156,181.63387112848145,182.43078186944823
2024-06-06,181.75,185.0,181.49000549316406,185.0,31371200,56.365213263832736,-0.6543432073950157,-0.5968912627786053,189.72476477132128,176.32023644938184,183.02250061035156,181.95445483053084,182.53153552162672
2024-06-07,184.89999389648438,186.2899932861328,183.36000061035156,184.3000030517578,28021500,54.637085417198236,-0.3826989866030317,-0.5540528075434905,188.77465781394096,176.75034371193794,182.76250076293945,182.17784037540957,182.60088718947503
2024-06-10,184.07000732421875,187.22999572753906,183.7899932861328,187.05999755859375,34445600,59.862404547760114,0.05465942609103536,-0.43231036081658536,188.686840541527,176.79616116745737,182.7415008544922,182.64280772618903,182.7757542627738
2024-06-11,187.05999755859375,187.77000427246094,184.5399932861328,187.22999572753906,27265100,60.16675800075817,0.41025735918785244,-0.26379681681569783,188.81586469312847,176.73313585618794,182.7745002746582,183.07968277393664,182.95043039864697
2024-06-12,188.02000427246094,188.35000610351562,185.42999267578125,186.88999938964844,33984200,59.19990035323561,0.6570622158941717,-0.07962501027372393,188.78039771902635,176.75060203683304,182.7654998779297,183.44257007067108,183.10492330025488
2024-06-13,186.08999633789062,187.6699981689453,182.6699981689453,183.8300018310547,39721500,51.22191457942188,0.598837586521114,0.05606750908524366,188.50382428633066,176.8111751033178,182.65749969482422,183.47946833356477,183.13335775244312
2024-06-14,183.0800018310547,183.72000122070312,182.22999572753906,183.66000366210938,25456400,50.8122311540915,0.5328345319508685,0.15142091365836863,188.50639007661184,176.81160919096627,182.65899963378905,183.49666217437854,183.15401053321435
2024-06-17,182.52000427246094,185.0,181.22000122070312,184.05999755859375,35601900,51.789310280251215,0.5069588936800642,0.22252850966270776,188.43422794407076,176.81977138454255,182.62699966430665,183.5503131633514,183.1895394361704
2024-06-18,183.74000549316406,184.2899932861328,181.42999267578125,182.80999755859375,36659200,48.544047087001466,0.3811935486681364,0.2542615174637935,188.3827235683769,176.7982761874825,182.5904998779297,183.47980691527926,183.17465544097135
2024-06-20,182.91000366210938,186.50999450683594,182.72000122070312,186.10000610351562,44726800,56.30497250936872,0.5407661845224254,0.3115624508755199,188.73677728237396,176.73922369418852,182.73800048828124,183.7293496951113,183.28937507479662
2024-06-21,187.8000030517578,189.27999877929688,185.86000061035156,189.0800018310547,70792500,61.90903713214351,0.8973453597159562,0.4287190326436072,189.67235873600666,176.39864193538008,183.03550033569337,184.2389356128202,183.51645847700283
2024-06-24,189.3300018310547,191.0,185.3300018310547,185.57000732421875,50610400,53.246627750245516,0.8864907886274977,0.5202733838403854,189.92147492972876,176.60152616890403,183.2615005493164,184.3657043472391,183.59698980434462
2024-06-25,186.80999755859375,188.83999633789062,185.4199981689453,186.33999633789062,45366400,54.74264499215128,0.9293076609322952,0.6020802392587674,190.22632722764456,176.85567350477731,183.54100036621094,184.55373215587258,183.7045586880131
2024-06-26,186.9199981689453,194.8000030517578,186.25999450683594,193.61000061035156,65103900,65.85267373434147,1.532206603578942,0.7881055121228023,192.12948383254545,176.09851757126316,184.1140007019043,185.41623391344203,184.0930073908499
2024-06-27,195.00999450683594,199.83999633789062,194.1999969482422,197.85000610351562,74397500,70.41434185143869,2.32533633754511,1.095551677207264,194.9259160814324,174.88508550548167,184.90550079345704,186.60040269344904,184.63249753644465
2024-06-28,197.72999572753906,198.85000610351562,192.5,193.25,76930200,60.9079135754532,2.5532826640182407,1.3870978745694593,195.91981462862466,175.2841862258675,185.60200042724608,187.23369767502533,184.97043880952526
2024-07-01,193.49000549316406,198.3000030517578,192.82000732421875,197.1999969482422,41192000,65.24676273759304,3.017875324060441,1.7132533644676555,197.24977295247302,176.03022735270278,186.6400001525879,188.1828690343793,185.45002932476908
2024-07-02,197.27999877929688,200.42999267578125,195.92999267578125,200.0,45600000,67.96136458604323,3.5708427476062923,2.084771241095383,199.1555146263272,176.29048604505954,187.72300033569337,189.30831007872413,186.02061641007225
2024-07-03,199.94000244140625,200.02999877929688,196.75999450683594,197.58999633789062,31597900,63.37298912554195,3.771134963975584,2.4220439856714235,200.1636448283463,177.10735584304044,188.63550033569337,190.09704210340664,186.47431758371218
2024-07-05,198.64999389648438,200.5500030517578,198.1699981689453,200.0,39858900,65.85555935899092,4.0773341724790555,2.75310202303295,201.61346714941007,177.52953364404695,189.5715003967285,191.04018095070123,187.00473650199797
2024-07-08,200.0399932861328,201.1999969482422,197.9600067138672,199.2899932861328,34767300,64.46918135853106,4.214129778348735,3.045307574096107,202.869471829514,177.70252829255634,190.28600006103517,191.8258773635995,187.4865112778464
2024-07-09,199.39999389648438,200.57000732421875,199.0500030517578,199.33999633789062,32700100,64.52582097546014,4.277270399288852,3.2917001391346563,203.90955536507772,178.16644408560586,191.0379997253418,192.54150774210342,187.9513538292207
2024-07-10,200.0,200.11000061035156,197.69000244140625,199.7899932861328,32883800,65.06553895046792,4.313892916987328,3.496138694705191,204.96981516700998,178.37918385642752,191.67449951171875,193.23183969867765,188.41561420008
2024-07-11,200.08999633789062,200.27000427246094,192.86000061035156,195.0500030517578,44565000,55.48889827408644,3.9153057207953736,3.5799720999232276,205.27011248357374,178.86088727228562,192.06549987792968,193.4049981132567,188.6757863119105
2024-07-12,194.8000030517578,196.47000122070312,193.8300018310547,194.49000549316406,30598500,54.4688891663309,3.5137312664460865,3.5667239332277996,205.45903920048286,179.4319611657281,192.44550018310548,193.50833214943836,188.9037949072538
2024-07-15,194.55999755859375,196.19000244140625,190.8300018310547,192.72000122070312,40683200,51.26142726801342,3.0178679626262976,3.4569527391074995,205.255656104737,180.5243442004388,192.8900001525879,193.43325301336833,189.05345005680084
2024-07-16,195.58999633789062,196.6199951171875,192.24000549316406,193.02000427246094,33994700,51.77972429550426,2.618911281852178,3.2893444476564353,204.93623256468229,181.77976780152866,193.35800018310547,193.39389599042477,189.209001202513
2024-07-17,191.35000610351562,191.5800018310547,185.99000549316406,187.92999267578125,48076100,43.355532949595705,1.8704524298655087,3.0055660440982503,204.59233351468737,182.5106663632423,193.55149993896484,192.87352424617302,189.15884400538627
2024-07-18,189.58999633789062,189.67999267578125,181.4499969482422,183.75,51043600,37.902064687577116,0.9292906380202908,2.5903109628826586,204.45323830519504,182.7437618168753,193.59850006103517,192.00461717510893,188.9467324757633
2024-07-19,181.13999938964844,184.92999267578125,180.11000061035156,183.1300048828125,43081800,37.155531413357416,0.1318646591291781,2.0986217021319624,204.80634587691685,182.09365412308313,193.45,191.15941600441403,188.71862551133384
2024-07-22,185.0,185.05999755859375,182.47999572753906,182.5500030517578,39931900,36.4325915953082,-0.5406699679394933,1.5707633681176714,205.3509266589404,180.89607346312988,193.12350006103514,190.33947191368486,188.47671874821322
2024-07-23,184.10000610351562,189.38999938964844,183.55999755859375,186.41000366210938,47537700,44.21224494389587,-0.7535028040713598,1.1059101336798651,205.28901176633877,181.04198798952058,193.16549987792968,189.96523684210624,188.39567109777778
2024-07-24,183.1999969482422,185.4499969482422,180.41000366210938,180.8300018310547,41532400,37.13668896005009,-1.3567936017622628,0.6133693865914396,205.8856417615111,179.8943585436647,192.8900001525879,189.09521446010132,188.09897818535725
2024-07-25,182.91000366210938,183.89999389648438,176.8000030517578,179.85000610351562,44464200,36.045637489279514,-1.892171594152643,0.11226119044262312,206.43515668208948,177.96884417240273,192.2020004272461,188.21471842614076,187.77548908410856
2024-07-26,180.38999938964844,183.19000244140625,180.24000549316406,182.5,29506000,41.08604459617046,-2.0786685526403517,-0.3259247581739718,206.03598317891982,176.83301706522082,191.43450012207032,187.67045952841306,187.56860715924157
2024-07-29,183.83999633789062,184.75,182.3800048828125,183.1999969482422,33270100,42.377919123200215,-2.1452556603975665,-0.6897909386186908,205.95602693738644,175.90797300157843,190.93199996948243,187.24470118744443,187.3972891117514
2024-07-30,184.72000122070312,185.86000061035156,179.3800048828125,181.7100067138672,39508600,40.34970200565853,-2.2918373086999964,-1.010200212634952,205.41623027098535,174.89877064454197,190.15750045776366,186.71758742805613,187.17425842948145
2024-07-31,185.0500030517578,187.94000244140625,184.4600067138672,186.97999572753906,41667300,49.54722433961795,-1.9601646923625538,-1.2001931085804725,204.0933196889264,174.91968079935484,189.50650024414062,186.74257869467357,187.16664028430728
2024-08-01,189.2899932861328,190.60000610351562,181.8699951171875,184.07000732421875,70435600,45.38577843155302,-1.9101049972933595,-1.34217548632305,203.0894276241123,174.57157396280175,188.83050079345702,186.4880480879636,187.04520369763713
2024-08-02,166.75,168.77000427246094,160.5500030517578,167.89999389648438,141448400,30.204685297571345,-3.1390324612345637,-1.7015468813053527,203.30139686218527,171.14960411437724,187.22550048828126,184.71775721258462,186.29441115641546
2024-08-05,154.2100067138672,162.9600067138672,151.61000061035156,161.02000427246094,83149400,26.190566395001895,-4.614926000298823,-2.284222705104047,204.2051078427069,166.41889423248844,185.31200103759767,182.46082836114425,185.30325794528
2024-08-06,161.7100067138672,165.0800018310547,158.5399932861328,161.92999267578125,59950800,27.561815113901858,-5.646069430351503,-2.956592050153538,203.8348346298428,163.04816707914156,183.44150085449218,180.50551067682397,184.38665930726046
2024-08-07,166.5500030517578,167.5800018310547,161.42999267578125,162.77000427246094,48408200,28.875400485619465,-6.322593193417191,-3.629792278806269,202.4508484946837,160.73015431293348,181.5905014038086,178.8164148287894,183.53894734511144
2024-08-08,165.1699981689453,166.69000244140625,162.5500030517578,165.8000030517578,44616200,33.55586796185756,-6.538871530309166,-4.211608129106849,201.116145486479,159.13985732113815,180.12800140380858,177.5767565643102,182.84330247086228
2024-08-09,166.39999389648438,168.5500030517578,165.85000610351562,166.94000244140625,36401000,35.281486431268604,-6.542863193026847,-4.677859141890849,199.38308373074364,158.11791877169776,178.7505012512207,176.56373236212886,182.21964364617773
2024-08-12,168.13999938964844,168.5500030517578,166.11000061035156,166.8000030517578,30072800,35.16071837006447,-6.48259606307073,-5.038806526126826,197.64395453779892,157.26504814774793,177.45450134277343,175.63385338018875,181.61495185816128
2024-08-13,167.80999755859375,171.0399932861328,167.10000610351562,170.22999572753906,39237900,40.531573084525,-6.087884838249977,-5.248622188551456,195.34465075575883,157.28535107529586,176.31500091552735,175.1192002704126,181.16848299029374
2024-08-14,172.11000061035156,172.27999877929688,168.86000061035156,170.10000610351562,28843800,40.395010065575946,-5.719630089799665,-5.342823768801098,193.8221781858486,157.0248249879795,175.42350158691406,174.64118177832717,180.7344250731652
2024-08-15,174.86000061035156,177.91000366210938,173.99000549316406,177.58999633789062,51698500,50.70188900244902,-4.768438344085894,-5.2279466838580575,193.12949899772596,157.10150380989123,175.1155014038086,174.92202126019035,180.61111414237013
2024-08-16,177.0399932861328,178.33999633789062,176.25999450683594,177.05999755859375,31489200,50.04246979522695,-4.011140573067934,-4.984585461700033,192.4582385615757,157.16576351361962,174.81200103759767,175.12563805051448,180.47185466849655
2024-08-19,177.63999938964844,178.3000030517578,176.16000366210938,178.22000122070312,31129800,51.52838530000707,-3.2795692002437704,-4.64358220940878,191.94577115998288,157.24523073210696,174.59550094604492,175.42033930481816,180.38354669015172
2024-08-20,177.9199981689453,179.00999450683594,177.42999267578125,178.8800048828125,26255200,52.39596344476477,-2.616376872988269,-4.238141142124679,190.7995277515197,157.63847426264044,174.21900100708007,175.74983126462715,180.32458426633448
2024-08-21,179.9199981689453,182.38999938964844,178.88999938964844,180.11000061035156,35599100,54.046707310670264,-1.9688461668392563,-3.7842821470675947,190.7061170863139,157.65988480577596,174.18300094604493,176.16508548802946,180.31616922100181
2024-08-22,181.3800048828125,181.47000122070312,175.67999267578125,176.1300048828125,32047500,48.2199568896591,-1.7565770828300344,-3.378741134220083,190.33421993328474,157.65978183673477,173.99700088500975,176.1617444780088,180.15200591362185
2024-08-23,177.33999633789062,178.97000122070312,175.24000549316406,177.0399932861328,29150100,49.55895266406971,-1.4976597559729328,-3.002524858570653,189.64000159914877,157.80799949948403,173.7240005493164,176.24538722163967,180.02996620273993
2024-08-26,176.6999969482422,177.47000122070312,174.3000030517578,175.5,22366200,47.32843044390369,-1.400585420081569,-2.682136970872836,188.6509213651137,158.0270800386949,173.3390007019043,176.1743979624359,179.85232046929914
2024-08-27,174.14999389648438,174.88999938964844,172.25,173.1199951171875,29842000,44.03021554159804,-1.4984268806750265,-2.4453949528332743,187.70598370301298,158.11301654112765,172.9095001220703,175.88350245336463,179.58830771039283
2024-08-28,173.69000244140625,173.69000244140625,168.9199981689453,170.8000030517578,29045000,41.02871711513822,-1.7430777979756726,-2.304931521861754,185.34577510443245,158.85522587213006,172.10050048828126,175.3993596532116,179.243668312015
2024-08-29,173.22000122070312,174.2899932861328,170.80999755859375,172.1199951171875,26407800,43.39314378321804,-1.8095932202940617,-2.205863861548216,183.49350770203412,159.51249205382524,171.50299987792968,175.0870392212093,178.9643085788845
2024-08-30,172.77999877929688,178.89999389648438,172.60000610351562,178.5,43429400,53.16710575485886,-1.332138039489564,-2.0311186971364856,184.2871223429577,159.7788780232532,172.03300018310546,175.41208310490364,178.94610039932041
2024-09-03,177.5500030517578,178.25999450683594,175.25999450683594,176.25,37817500,49.89515912377338,-1.122369586842268,-1.8493688750776422,184.01643377506844,161.5725661638964,172.79449996948242,175.49188471396045,178.84037097189608
2024-09-04,174.47999572753906,175.97999572753906,172.5399932861328,173.3300018310547,30309200,45.9435625146085,-1.1781648743211974,-1.7151280749263536,183.35320220446346,163.37579865002874,173.3645004272461,175.28599110606467,178.62427806441212
2024-09-05,175.0,179.8800048828125,175.0,177.88999938964844,40170500,52.29723028717892,-0.8446922615542292,-1.5410409122519289,182.95504189689348,165.28595846931745,174.12050018310546,175.5339918949774,178.59548282226453
2024-09-06,177.24000549316406,178.3800048828125,171.16000366210938,171.38999938964844,41466500,44.30351469464565,-1.0923169408785895,-1.451296117977261,182.44455898182852,166.3554410181715,174.4,175.1393259420889,178.3129148445149
2024-09-09,174.52999877929688,175.85000610351562,173.50999450683594,175.39999389648438,29037400,49.438133485627795,-0.9539912225289982,-1.3518351388876084,182.06564760848954,167.58035153701826,174.8229995727539,175.16415146155515,178.1986826504745
2024-09-10,177.49000549316406,180.5,176.7899932861328,179.5500030517578,36233800,54.14918089490318,-0.503689815737232,-1.182206074257533,181.933337214858,168.98766193064984,175.46049957275392,175.58185161300304,178.2516756073876
2024-09-11,180.10000610351562,184.99000549316406,175.72999572753906,184.52000427246094,42564700,59.06788489016041,0.251317820474668,-0.8955012953110929,183.33512300156693,169.0148769984331,176.175,176.43310424723714,178.49749241778264
2024-09-12,184.8000030517578,187.41000366210938,183.5399932861328,187.0,33544200,61.29891703550536,1.0378184160514934,-0.5088373530385757,185.092233470468,168.94776591918043,177.0199996948242,177.4394752713098,178.83092408767354
2024-09-13,187.0,188.5,185.91000366210938,186.49000549316406,26495400,60.56780700982611,1.6015122733962812,-0.08676742775160429,186.58305807843044,168.34694222674534,177.4650001525879,178.30143053053402,179.1312802212222
2024-09-16,185.2899932861328,185.80999755859375,183.36000061035156,184.88999938964844,26065500,58.221659355716156,1.8972660932760448,0.31003927645392554,187.55523913932788,168.15776134895336,177.85650024414062,178.92891327902112,179.35711234547423
2024-09-17,186.85000610351562,189.4499969482422,186.13999938964844,186.8800048828125,26091700,60.28235701779905,2.2661076599496255,0.7012529531530656,188.7961701543001,167.78283070019205,178.28950042724608,179.6861600984298,179.65212773909533
2024-09-18,186.4499969482422,188.8000030517578,185.05999755859375,186.42999267578125,34448100,59.56683611141493,2.4933630969825344,1.0596749819189595,189.78760013514068,167.54639949864838,178.66699981689453,180.32842986770137,179.91792636406342
2024-09-19,190.0399932861328,190.99000549316406,188.47000122070312,189.8699951171875,39543200,63.16598870184287,2.917413983465451,1.4312227822282577,191.34717820080036,166.96282088367232,179.15499954223634,181.23715036765245,180.3082035700683
2024-09-20,190.22999572753906,191.83999633789062,187.41000366210938,191.60000610351562,100378600,64.86008477747362,3.354407275391708,1.8158596808609477,193.225474691285,166.63152451525798,179.9284996032715,182.22408900916324,180.75101935569367
2024-09-23,191.63999938964844,194.4499969482422,190.57000732421875,193.8800048828125,36993100,67.0133506633192,3.8404343181223908,2.2207746083132367,195.36658528999226,166.17441507621868,180.77050018310547,183.33417623522507,181.26588153322774
2024-09-24,194.27000427246094,195.3699951171875,190.1300048828125,193.9600067138672,43478900,67.08955517752281,4.183841015410081,2.6133878897326057,197.19299725138666,166.194003786211,181.69350051879883,184.34616009033385,181.76369036384105
2024-09-25,193.75,193.9499969482422,192.16000366210938,192.52999877929688,26391100,64.23311783829567,4.2911380396964205,2.9489379197253687,198.33294875813314,166.99505264567543,182.66400070190429,185.12557329880653,182.1858985369962
2024-09-26,194.30999755859375,194.52999877929688,189.5399932861328,191.16000366210938,36334900,61.530256476561085,4.217013442085886,3.2025530241974725,198.73909786973115,168.62490359511258,183.68200073242187,185.70028095245442,182.53782422817713
2024-09-27,190.67999267578125,190.89999389648438,187.33999633789062,187.97000122070312,36002300,55.6574614814174,3.8564083524260298,3.333324089843184,198.60954645206465,170.33945562313068,184.47450103759766,185.91644478752573,182.75085077690366
2024-09-30,187.13999938964844,188.49000549316406,184.64999389648438,186.3300018310547,41583900,52.863933994286796,3.399109161610312,3.34648110419661,198.73554702723425,170.99645523106653,184.8660011291504,185.95583117262373,182.89120964177232
2024-10-01,184.89999389648438,186.19000244140625,183.4499969482422,185.1300048828125,36044900,50.85269060606446,2.906363780779685,3.2584576395132254,198.573500470469,172.04650227611302,185.31000137329102,185.87718104978458,182.97900553357783
2024-10-02,184.44000244140625,186.60000610351562,184.0399932861328,184.75999450683594,23704100,50.21825836989962,2.4576722554836863,3.098300562707318,197.89790927439034,173.86509273976984,185.8815010070801,185.77078233140853,183.0488482384115
2024-10-03,183.0500030517578,183.44000244140625,180.8800048828125,181.9600067138672,30204300,45.58370541094247,1.8547648005507824,2.8495934102760114,197.66136197520248,174.50864077137956,186.08500137329102,185.40785132021412,183.0061485707823
2024-10-04,185.75,187.60000610351562,183.60000610351562,186.50999450683594,40890300,53.15016992117855,1.7242264783125165,2.6245200238833126,196.12442626813848,177.5575759901623,186.84100112915038,185.51281733798763,183.1435542937648
2024-10-07,182.9499969482422,183.60000610351562,180.25,180.8000030517578,42364200,44.74219789230006,1.1468056655747887,2.328977152221608,195.2350843342637,178.98691883956442,187.11100158691406,185.06397788215622,183.05165032349
2024-10-08,181.9199981689453,183.08999633789062,180.9199981689453,182.72000122070312,26372100,47.73610559897276,0.8345036785812852,2.030082457493543,194.87992597007602,179.65907702064666,187.26950149536134,184.8407420096369,183.0386444763219
2024-10-09,182.82000732421875,185.85000610351562,182.0500030517578,185.1699981689453,26343100,51.3577660134616,0.7757539732059229,1.7792167606360192,194.86841197652092,179.73559040385015,187.30200119018554,184.87209973909484,183.12222697407185
2024-10-10,187.1300048828125,188.1300048828125,185.8300018310547,186.64999389648438,27785000,53.455978488289404,0.8389468378783818,1.5911627760844917,194.85547039074277,179.7135313792768,187.28450088500978,185.04142299217955,183.2605707749508
2024-10-11,186.6300048828125,189.92999267578125,186.3000030517578,188.82000732421875,25751600,56.424018639163755,1.052002753576346,1.4833307715828628,194.99217470371448,179.80982724941052,187.4010009765625,185.40128816665947,183.47858789452994
2024-10-14,189.77999877929688,189.8300018310547,187.36000061035156,187.5399932861328,22614400,54.227366072173744,1.1048288867279723,1.4076303946118847,195.03207849654973,180.0349228462237,187.53350067138672,185.6049743685141,183.63785869420065
2024-10-15,187.6300048828125,188.41000366210938,184.5800018310547,187.69000244140625,32178900,54.45116722868761,1.145592782504167,1.3552228721903412,195.06646428445458,180.0815368141782,187.5740005493164,185.8035484706943,183.7967662921303
2024-10-16,187.0500030517578,187.77999877929688,185.61000061035156,186.88999938964844,23456800,52.96388023913771,1.1006572120176088,1.3043097401557948,195.0774924839566,180.11650928606295,187.59700088500978,185.90701998678517,183.9180695508565
2024-10-17,188.22000122070312,188.94000244140625,186.0,187.52999877929688,25039400,54.04528982747507,1.1039622609585535,1.2642402443163467,194.88360675480146,180.076395381429,187.48000106811523,186.06158939559583,184.05971383432475
2024-10-18,187.14999389648438,190.74000549316406,186.27999877929688,188.99000549316406,37417700,56.50218242856115,1.2104386923067523,1.2534799339144278,194.5361642445947,180.16283783060064,187.34950103759766,186.3404861667928,184.25305860525964
2024-10-21,188.0500030517578,189.4600067138672,186.39999389648438,189.07000732421875,24639400,56.63898219827409,1.2864481370960732,1.260073574550757,193.67020236268232,180.54779995665362,187.10900115966797,186.60044056273813,184.44195855502275
2024-10-22,188.35000610351562,191.52000427246094,186.97999572753906,189.6999969482422,29650600,57.76541245903195,1.381594901316447,1.2843778399038952,192.76032750470978,181.03167383806368,186.89600067138673,186.8956364089766,184.64815613907058
2024-10-23,188.85000610351562,189.16000366210938,183.69000244140625,184.7100067138672,31937100,47.28695859438134,1.0423335166806282,1.2359689752592418,191.80312555941777,181.2068765768127,186.50500106811523,186.68748119991855,184.65058165180773
2024-10-24,185.25,187.11000061035156,183.86000061035156,186.3800048828125,21647400,50.52173853171289,0.897871220067799,1.1683494242209531,191.09000340559894,181.44199885270186,186.2660011291504,186.65819774114655,184.7184021706707
2024-10-25,187.85000610351562,190.4499969482422,187.52999877929688,187.8300018310547,29362100,53.20674712206024,0.8901256306147616,1.1127046654997148,191.0729882852974,181.44501403403854,186.25900115966797,186.76979813066163,184.84042568676418
2024-10-28,189.57000732421875,190.2100067138672,188.2100067138672,188.38999938964844,27930800,54.239568196246815,0.9185854369355013,1.073880819786872,191.26962507589326,181.45437699930204,186.36200103759765,186.92410301246989,184.97962465550475
2024-10-29,188.5800018310547,191.4600067138672,187.82000732421875,190.8300018310547,35690200,58.534153203970995,1.1250588652825968,1.084116428886017,191.90304288967647,181.39095888034305,186.64700088500976,187.29609337614463,185.20905121140868
2024-10-30,194.6999969482422,195.61000061035156,192.4199981689453,192.72999572753906,37707600,61.559445631325346,1.4255710773506394,1.1524073585789416,192.87626113112265,181.21474076096717,187.0455009460449,187.81360788580122,185.50399021204126
2024-10-31,190.50999450683594,190.60000610351562,185.22999572753906,186.39999389648438,75146800,48.78832416603129,1.1398118828770976,1.149888263438573,192.59978793614118,181.9352126742104,187.2675003051758,187.67897798205675,185.53912761143118
2024-11-01,199.0,200.5,197.02000427246094,197.92999267578125,99687800,63.60100916277782,1.8227091472889754,1.2844524402086535,194.97111241189066,180.7058880153554,187.83850021362304,188.6552650957448,186.02504388846452
2024-11-04,196.4499969482422,197.3300018310547,194.30999755859375,195.77999877929688,38492100,60.10959590277748,2.165461517723628,1.4606542557116484,195.75407722358776,181.42092277641225,188.5875,189.333811160845,186.4075911390854
2024-11-05,196.0399932861328,199.82000732421875,195.99000549316406,199.5,30564800,63.811292821877295,2.7060743096846522,1.7097382665062493,197.56394923034037,181.2890506475893,189.42649993896484,190.3020196217169,186.92101893755265
2024-11-06,200.00999450683594,207.5500030517578,199.13999938964844,207.08999633789062,72292200,69.94041840873633,3.704262680087737,2.108643149222547,201.61439225238377,179.43060744244048,190.52249984741212,191.9008745470668,187.71195922776198
2024-11-07,207.44000244140625,212.25,207.19000244140625,210.0500030517578,52878400,71.93660645898237,4.680231167634133,2.6229607529048646,205.63480188946,177.75019872089155,191.69250030517577,193.629362976085,188.58796094635005
2024-11-08,209.72000122070312,209.9600067138672,207.44000244140625,208.17999267578125,36075800,68.82694564535014,5.242368258452871,3.146842254014466,208.34279036321246,176.97820878229535,192.6604995727539,195.0151372331989,189.35627591613166
2024-11-11,208.5,209.64999389648438,205.58999633789062,206.83999633789062,35456000,66.6050952817892,5.516152672926921,3.620704337796957,210.32344601611084,176.92755343457276,193.6254997253418,196.14131429078859,190.04191201110262
2024-11-12,208.3699951171875,209.5399932861328,206.00999450683594,208.91000366210938,38942900,68.30713899460825,5.832922782233993,4.063148026684365,212.4585843962648,176.9144151764891,194.68649978637694,197.35737994520008,190.78183717388723
2024-11-13,209.39999389648438,215.08999633789062,209.13999938964844,214.10000610351562,46212900,72.14100018660709,6.42864972607984,4.53624836656346,215.40160134234742,176.69239890179318,196.0470001220703,198.95191576980156,191.69627517112755
2024-11-14,214.16000366210938,215.89999389648438,210.8800048828125,211.47999572753906,42620300,67.6894040015732,6.613122717891599,4.951623236829088,217.330162405922,177.15883753304286,197.24449996948243,200.14506624196704,192.47210734981036
2024-11-15,206.75999450683594,207.33999633789062,199.61000061035156,202.61000061035156,86591100,55.25768134280703,5.974711659758896,5.1562409214150495,217.754704255361,178.09629519532263,197.9254997253418,200.37982189609892,192.86967179140024
2024-11-18,204.14999389648438,204.6699981689453,200.9499969482422,201.6999969482422,36409900,54.158717418263706,5.333851288919618,5.191762994915964,217.99943069362823,179.1145677194577,198.55699920654297,200.50555285344592,193.21595905245286
2024-11-19,199.3300018310547,205.3000030517578,198.77999877929688,204.61000061035156,31197900,57.09712637734986,5.003105121975409,5.154031420327853,218.45625730949982,180.14874146979705,199.30249938964843,200.89645263981788,193.66278421158614
2024-11-20,202.97999572753906,203.1300048828125,199.4499969482422,202.8800048828125,32769000,54.84631495200143,4.54895270952909,5.033015678168101,218.13461420038357,182.28738439580786,200.21099929809571,201.08536237724593,194.02424384575187
2024-11-21,203.49000549316406,203.49000549316406,195.75,198.3800048828125,58800000,49.392074348400385,3.7823210164782495,4.782876745830131,217.5493699480309,184.07262864816053,200.8109992980957,200.827709282538,194.195058004068
2024-11-22,198.25,199.25999450683594,196.75,197.1199951171875,31530800,47.954075808536714,3.0380666771836786,4.433914732100841,216.98083841603528,185.5701595087694,201.27549896240234,200.47459364774272,194.30976142026876
2024-11-25,199.27999877929688,201.9499969482422,199.0,201.4499969482422,40685700,53.01636178143528,2.7657528346047116,4.100282352601615,216.41689847173834,187.44009920892572,201.92849884033203,200.56748920017122,194.58977065665988
2024-11-26,201.89999389648438,208.0,201.7899932861328,207.86000061035156,41673700,59.323827663774956,3.03222230609029,3.886670343299351,216.50354920903553,189.05644834955822,202.77999877929688,201.2620140963789,195.11017183131446
2024-11-27,206.97999572753906,207.63999938964844,205.0500030517578,205.74000549316406,28061600,56.61666818467294,3.0373230244746594,3.7168008795344125,216.35856977602657,190.50242875912966,203.4304992675781,201.6884894675013,195.52702805334778
2024-11-29,205.8300018310547,208.1999969482422,204.58999633789062,207.88999938964844,24892400,58.676215682186324,3.178215430626693,3.609083789752869,214.77144252721675,194.23855655725592,204.50499954223633,202.27910946008674,196.0118504586929
2024-12-02,209.9600067138672,212.99000549316406,209.50999450683594,210.7100067138672,39523200,61.27313772831147,3.4773400888815047,3.5827350495785963,215.27736624275272,195.0106342455285,205.1440002441406,203.0820520556849,196.58824874320953
2024-12-03,210.30999755859375,214.02000427246094,209.64999389648438,213.44000244140625,32214800,63.65439924402555,3.8898466445386077,3.644157368570599,215.79590488825846,196.25809596623372,206.0270004272461,204.06852352099168,197.24910182941335
2024-12-04,215.9600067138672,220.0,215.75,218.16000366210938,48745700,67.38807071357274,4.545231118633268,3.824372118583133,217.62719423661844,196.29280698408468,206.96000061035156,205.41056924871717,198.06913719540142
2024-12-05,218.02999877929688,222.14999389648438,217.3000030517578,220.5500030517578,41140200,69.11800633526796,5.197566699293276,4.099011034725161,219.91144181027312,195.35456008181671,207.63300094604492,206.852420087102,198.95073977800365
2024-12-06,220.75,227.14999389648438,220.60000610351562,227.02999877929688,44178100,73.25972777868714,6.166347036203291,4.5124782350207875,223.50546403617625,193.4585374286675,208.48200073242188,208.7740942482634,200.05188718981907
2024-12-09,227.2100067138672,230.0800018310547,225.6699981689453,226.08999633789062,46819400,71.75632723102477,6.780105258841672,4.966003639784965,226.33570355491818,192.41929827613652,209.37750091552735,210.42322778060884,201.0729895093513
2024-12-10,226.08999633789062,229.05999755859375,224.1999969482422,225.0399932861328,31199900,70.02760607570654,7.099942879186273,5.392791487665227,228.5736517949464,192.00134973093253,210.28750076293946,211.81530068589683,202.01287201040154
2024-12-11,226.41000366210938,231.1999969482422,226.25999450683594,230.25999450683594,35385800,73.4518432994668,7.686027233196853,5.851438636771553,231.6814553023318,191.02854530801977,211.3550003051758,213.57193819265294,203.12060230437936
2024-12-12,229.8300018310547,231.08999633789062,227.6300048828125,228.97000122070312,28204100,71.2844450709633,7.954714630371825,6.272093835491607,233.8832365488223,190.31376357324802,212.09850006103517,215.03842038580058,204.13430422266657
2024-12-13,228.39999389648438,230.1999969482422,225.86000061035156,227.4600067138672,28768100,68.7279667642886,7.9541172785490915,6.608498524103105,235.73355398275433,190.06144723794878,212.89750061035156,216.2214286075212,205.04903765369403
2024-12-16,230.22999572753906,233.0,228.00999450683594,232.92999267578125,37552100,72.5661804073809,8.299356213216157,6.946670061925716,238.37205355229065,190.45494687495545,214.41350021362305,217.81272042354598,206.14240843887393
2024-12-17,232.38999938964844,232.72999572753906,227.85000610351562,231.14999389648438,35948100,69.5736670577778,8.333268795439153,7.223989808628405,240.17231962529965,191.59968049677067,215.88600006103516,219.0829369447782,207.1230980646626
2024-12-18,230.77000427246094,231.39999389648438,220.11000061035156,220.52000427246094,43281400,54.98955859859671,7.4168960759431855,7.262571062091361,240.4494117436781,192.91358874460317,216.68150024414064,219.21980049979558,207.64846693555666
2024-12-19,224.91000366210938,226.08999633789062,222.9199981689453,223.2899932861328,39918700,57.4902137293794,6.835384993942171,7.177133848461523,240.71550693713223,194.68849239148105,217.70199966430664,219.60743790801817,208.2618601257753
2024-12-20,219.83999633789062,226.2100067138672,218.72999572753906,224.9199981689453,88279200,58.93597821880587,6.431917897625112,7.028090658294241,240.3498251427192,197.70817351450737,219.02899932861328,220.11339602810648,208.91512044119375
2024-12-23,225.00999450683594,226.8800048828125,223.89999389648438,225.05999755859375,28070000,59.06475215668504,6.053681031050928,6.833208732845579,239.21334093887344,201.63865796249377,220.4259994506836,220.58450093577196,209.54825287717023
2024-12-24,226.94000244140625,229.13999938964844,226.1300048828125,229.0500030517578,15007500,62.65882223858294,6.006644824146321,6.667895951105727,238.6818729182288,204.93012659348994,221.80599975585938,221.3907392325325,210.31302739382073
2024-12-26,228.5,228.5,226.6699981689453,227.0500030517578,16146700,59.823501892740715,5.741797142678109,6.4826761894202045,238.4423186336906,207.0886811221688,222.7654998779297,221.92971673912538,210.9693793804065
2024-12-27,225.60000610351562,226.02999877929688,220.89999389648438,223.75,27367100,55.37131132846507,5.205613705573569,6.227263692650878,237.1392194838736,210.19277972266934,223.66599960327147,222.10307704968486,211.47058018901802
2024-12-30,220.05999755859375,223.0,218.42999267578125,221.3000030517578,28321200,52.2615971328194,4.530762381992872,5.887963430519277,235.6686218369036,213.00437773585028,224.33649978637695,222.02659381178705,211.85604775226273
2024-12-31,222.97000122070312,223.22999572753906,218.94000244140625,219.38999938964844,24819700,49.90837752262409,3.798035128284255,5.469977770072273,234.4495613840163,215.0914374563157,224.770499420166,221.7754895811072,212.15149683608178
2025-01-02,222.02999877929688,225.14999389648438,218.19000244140625,220.22000122070312,33956600,50.94213335612473,3.2468895897843026,5.025360134014679,233.5078525220153,216.71114619624643,225.10949935913087,221.6273478324973,212.46790877273358
2025-01-03,222.50999450683594,225.36000061035156,221.6199951171875,224.19000244140625,27515600,55.65606594293549,3.094774070505281,4.6392429213128,233.16729433273005,217.65470426346135,225.4109992980957,221.87141017620291,212.92759872052466
2025-01-06,226.77999877929688,228.83999633789062,224.83999633789062,227.61000061035156,31849800,59.285536994718356,3.2131475310372366,4.354023843257687,233.22582735815791,218.30217099389284,225.76399917602538,222.4179425985028,213.5033791867924
2025-01-07,227.89999389648438,228.3800048828125,221.4600067138672,222.11000061035156,28084200,51.925035301940895,2.830526766143066,4.0493244278347635,233.12704251010777,217.90895602504847,225.51799926757812,222.38861479010743,213.84089375242215
2025-01-08,223.19000244140625,223.52000427246094,220.1999969482422,222.1300048828125,25033300,51.948402747645,2.500091729728325,3.739477888213476,233.07113623971472,217.56886314993372,225.31999969482422,222.36398527512696,214.1659569340061
2025-01-10,221.4600067138672,221.7100067138672,216.5,218.94000244140625,36811500,47.946197339126854,1.958239677613392,3.383230246093459,233.27582751274124,216.75417279243456,225.0150001525879,222.03789167191547,214.35317440488456
2025-01-13,218.05999755859375,219.39999389648438,216.47000122070312,218.4600067138672,27262700,47.35501131311746,1.4731053374050305,3.0012052643557734,232.79338756355733,216.05661396232156,224.42500076293945,221.69714072352994,214.51422665229563
2025-01-14,220.44000244140625,221.82000732421875,216.1999969482422,217.75999450683594,24711700,46.455391440564746,1.0203853752859402,2.6050412865418067,232.4499726181554,215.27902823633679,223.8645004272461,221.32217441717813,214.64151166619916
2025-01-15,222.8300018310547,223.57000732421875,220.75,223.35000610351562,31291300,53.97475351353919,1.099988775921645,2.3040307844177743,232.07723266797768,215.24076812547935,223.65900039672852,221.51530124444835,214.98302125197628
2025-01-16,224.4199981689453,224.64999389648438,220.30999755859375,220.66000366210938,24757300,50.31314928872219,0.9352335386331845,2.0302713352608563,230.3311258157751,215.75987607631473,223.0455009460449,221.43384433184463,215.205648013158
2025-01-17,225.83999633789062,226.50999450683594,223.0800018310547,225.94000244140625,42370100,56.544614453611885,1.216690351771291,1.8675551385629434,229.1670435914194,216.40295915516262,222.785001373291,221.86300224704098,215.62660308877557
2025-01-21,228.89999389648438,231.77999877929688,226.94000244140625,230.7100067138672,39951500,61.270277144435774,1.8038526931809429,1.8548146494865434,230.49031005524677,216.09869293547587,223.29450149536132,222.70557410102444,216.21810911328896
2025-01-22,232.02000427246094,235.44000244140625,231.19000244140625,235.00999450683594,41448200,64.96863791408074,2.586342412035833,2.0011202019964016,232.78157450996164,214.97942860283135,223.8805015563965,223.87742366348266,216.95504579538886
2025-01-23,234.10000610351562,235.52000427246094,231.50999450683594,235.4199981689453,26404400,65.3088027129626,3.202637014816503,2.2414235645604217,234.69504814305986,214.11595496973308,224.40550155639647,224.97671647352672,217.679161574744
2025-01-24,234.5,236.39999389648438,232.92999267578125,234.85000610351562,25890700,64.37296271898289,3.603522171150928,2.513843285878523,236.1972816736522,213.59272229363293,224.89500198364257,225.91702977162092,218.3525280268527
2025-01-27,226.2100067138672,235.61000061035156,225.86000061035156,235.4199981689453,49428300,64.91439424708962,3.9220096558784974,2.795476559878518,237.33790009326236,213.08910338574157,225.21350173950196,226.82207438088992,219.02184058144456
2025-01-28,234.2899932861328,241.77000427246094,233.97999572753906,238.14999389648438,41587200,67.46472308339018,4.344619057723719,3.1053050594475584,239.19333703110712,212.34366553236944,225.76850128173828,227.90092385856556,219.7719642408579
2025-01-29,239.02000427246094,240.38999938964844,236.14999389648438,237.07000732421875,26091700,65.43825402250417,4.540059186649927,3.392255884888032,240.73100900509405,212.1379942908044,226.43450164794922,228.77416990291348,220.45031887157793
2025-01-30,237.13999938964844,237.9499969482422,232.22000122070312,234.63999938964844,32020700,60.998523815765566,4.447596441750079,3.6033239962604418,241.63221249646483,212.57079043322267,227.10150146484375,229.33282033022158,221.00677693111012
2025-01-31,236.5,240.2899932861328,236.41000366210938,237.67999267578125,36110200,64.26492269950663,4.56697584744029,3.7960543664964117,242.80314664191934,213.22885561638145,228.0160011291504,230.1277891250368,221.66062852894038
2025-02-03,234.05999755859375,239.25,232.89999389648438,237.4199981689453,37285900,63.77299506693281,4.587721109501899,3.9543877150975093,243.75444879441778,213.9975531587072,228.8760009765625,230.82228522445666,222.27864302462686
2025-02-04,239.00999450683594,242.52000427246094,238.02999877929688,242.05999755859375,29713800,68.41911074124931,4.921835199356877,4.147877211949383,245.58016563608183,213.95883582876192,229.76950073242188,231.89254354199355,223.05438241811575
2025-02-05,237.02000427246094,238.32000732421875,235.1999969482422,236.1699981689453,38727300,58.21301394498713,4.657658706486586,4.249833510856823,246.2239957195383,214.17100550116484,230.19750061035157,232.2999201731318,223.5687202906973
2025-02-06,238.00999450683594,239.66000366210938,236.00999450683594,238.8300018310547,60897100,61.0395703923199,4.60979811438915,4.321826431563289,247.0280068998401,215.03899444293333,231.03350067138672,232.9218327119816,224.16720191973093
2025-02-07,232.5,234.80999755859375,228.05999755859375,229.14999389648438,77539300,48.24915873727722,3.7475728225022067,4.206975709751073,246.85587564907433,215.91312459506628,231.3845001220703,232.56260996764854,224.36260552666243
2025-02-10,230.5500030517578,233.9199981689453,229.1999969482422,233.13999938964844,35419900,52.65315148030579,3.347623840307506,4.03510533586236,246.4223212516954,217.76667868726946,232.09449996948243,232.61759943641042,224.7068170507011
2025-02-11,231.9199981689453,233.44000244140625,230.1300048828125,232.75999450683594,23713700,52.19755567839133,2.9658101588729835,3.8212463004644848,245.61927927341836,219.99971944484335,232.80949935913085,232.63116087168902,225.02262793133383
2025-02-12,230.4600067138672,231.17999267578125,228.16000366210938,228.92999267578125,32285200,47.71614088598324,2.327342767706284,3.5224655939128446,244.24292673014557,222.49307180501066,233.3679992675781,232.27866866255494,225.17585792131217
2025-02-13,228.85000610351562,230.4199981689453,227.52000427246094,230.3699951171875,31346500,49.4726109970319,1.9154685931128768,3.201066193752851,243.64417196945485,223.79382546706861,233.71899871826173,232.0968902296628,225.3795495760524
2025-02-14,229.1999969482422,229.88999938964844,227.22999572753906,228.67999267578125,27031100,47.45755430741152,1.4361314399931189,2.8480792430009045,242.32213233467533,225.91786400321527,234.1199981689453,231.77147141500743,225.50897871721824
2025-02-18,228.82000732421875,229.3000030517578,223.72000122070312,226.64999389648438,42975100,45.08224017020692,0.8822789935879314,2.4549191931183096,242.21344187652318,226.09755360687524,234.1554977416992,231.28371165133856,225.5537244105228
2025-02-19,225.52000427246094,226.8300018310547,223.7100067138672,226.6300048828125,28566700,45.05832513545373,0.43669998755208894,2.0512753520050655,242.5642057159726,225.33878958432035,233.95149765014648,230.8405014829075,225.5959314878675
2025-02-20,224.77999877929688,225.1300048828125,221.80999755859375,222.8800048828125,30001700,40.69669118446777,-0.21652231048227577,1.5977158195075973,243.25458650992525,223.4354098279654,233.34499816894532,230.08235894956513,225.48942456217907
2025-02-21,223.27999877929688,223.30999755859375,214.74000549316406,216.5800018310547,55323900,34.63155760003171,-1.2284030175100327,1.0324920521040715,244.76134881492575,220.04464788917582,232.4029983520508,228.7964201763737,225.14003543546832
2025-02-24,217.4499969482422,217.72000122070312,212.4199981689453,212.7100067138672,42387600,31.523623884664815,-2.315905711651993,0.36281249935285853,246.39412666218985,216.1978701029469,231.29599838256837,227.2643807989921,224.65258332873887
2025-02-25,211.6300048828125,213.33999633789062,204.16000366210938,212.8000030517578,58958000,31.677179115692752,-3.134366454049456,-0.3366232913276043,247.22396927768625,213.1060279757317,230.16499862670898,225.8868210135412,224.18777625905335
2025-02-26,214.94000244140625,218.16000366210938,213.08999633789062,214.35000610351562,39120600,34.405428979949164,-3.616244382522069,-0.9925475095664973,246.98272942828584,210.96726904583528,228.97499923706056,224.7880767363959,223.80198135099306
2025-02-27,218.35000610351562,219.97000122070312,208.3699951171875,208.74000549316406,40548600,29.771640938611725,-4.400094724088206,-1.674056952470839,247.26219109042987,207.85480720058578,227.55849914550782,223.25968899894525,223.2113156310782
2025-02-28,208.64999389648438,212.6199951171875,206.99000549316406,212.27999877929688,51771700,35.66025057907876,-4.6816863281412395,-2.2755828276049193,246.97239962745147,205.90859860252903,226.44049911499025,222.2140042161216,222.78263653885148
2025-03-03,213.35000610351562,214.00999450683594,202.5500030517578,205.02000427246094,42948400,30.088200659528354,-5.428098840943022,-2.90608603027254,246.72400441171033,202.89099497793813,224.80749969482423,220.57648041196344,222.0860627244832
2025-03-04,200.11000061035156,206.8000030517578,197.42999267578125,203.8000030517578,60853100,29.26078221791103,-6.0483583276564445,-3.5345404897493213,246.10157656853698,200.15142330939273,223.12649993896486,218.97872066337243,221.36896234516067
2025-03-05,204.8000030517578,209.97999572753906,203.25999450683594,208.36000061035156,38610100,36.31070630356686,-6.101628965533763,-4.04795818490621,243.49452172356132,199.38847845954416,221.44150009155274,217.96741399165614,220.8588069830113
2025-03-06,204.39999389648438,205.77000427246094,198.3000030517578,200.6999969482422,49863800,30.764207001199637,-6.684885410243709,-4.57534362997371,242.42747519989933,196.90852486113585,219.6680000305176,216.3228980827596,220.06826541302038
2025-03-07,199.49000549316406,202.27000427246094,192.52999877929688,199.25,59802800,29.835164676904967,-7.1813409521384415,-5.096543094406656,240.31573637097426,195.06226350695545,217.68899993896486,214.69690778916345,219.2518628478039
2025-03-10,195.60000610351562,196.72999572753906,190.85000610351562,194.5399932861328,62350900,26.984516996536186,-7.864190234761708,-5.650072522477667,240.1354059263084,191.78159389058612,215.95849990844727,212.7772016460177,218.2827699238168
2025-03-11,193.89999389648438,200.17999267578125,193.39999389648438,196.58999633789062,54002900,30.114347333729256,-8.14603270294728,-6.1492645585715895,238.36504756085037,189.89695195086836,214.13099975585936,211.23556304524368,217.43207292044715
2025-03-12,200.72000122070312,201.52000427246094,195.2899932861328,198.88999938964844,43679300,33.555647044521805,-8.09054114308978,-6.537519875475228,235.91206816524868,188.96293183475132,212.4375,210.05979507804412,216.70493278198447
2025-03-13,198.1699981689453,198.8800048828125,191.82000732421875,193.88999938964844,41270800,30.087146631127368,-8.353725349548029,-6.900760970289788,234.20763021976092,187.16337045162578,210.68550033569335,208.51981453629213,215.8102295116968
2025-03-14,197.41000366210938,198.64999389648438,195.32000732421875,197.9499969482422,38096700,35.88266207052263,-8.140850203500122,-7.148778816931856,231.3085592224881,186.82044163200408,209.0645004272461,207.51316524219214,215.1098282346986
2025-03-17,198.77000427246094,199.0,194.32000732421875,195.74000549316406,47341800,34.21977887697983,-8.057590074625551,-7.330541068470595,228.3877241265672,186.44727800966325,207.41750106811523,206.3919119327609,214.35022734287372
2025-03-18,192.52000427246094,194.0,189.3800048828125,192.82000732421875,40414900,32.102890792846836,-8.133467718475828,-7.491126398471642,225.5928657436762,185.8591377353277,205.72600173950195,205.09934958909022,213.50590498920099
2025-03-19,193.3800048828125,195.97000122070312,191.9600067138672,195.5399932861328,39442900,36.07017214828521,-7.883247986998157,-7.569550716176946,221.90185773401552,186.44114458532042,204.17150115966797,204.18893470309428,212.8013594322179
2025-03-20,193.07000732421875,199.32000732421875,192.3000030517578,194.9499969482422,38921100,35.58447051713149,-7.644434537871632,-7.5845274805158835,218.59810243775814,186.95189908812074,202.77500076293944,203.30903586929884,212.10130600147374
2025-03-21,192.89999389648438,196.99000549316406,192.52000427246094,196.2100067138672,60056900,37.51944613162277,-7.2697003210659545,-7.521562048625897,216.4178311235558,187.09517089060438,201.7565010070801,202.63293785449582,211.47811779411663
2025-03-24,200.0,203.63999938964844,199.9499969482422,203.25999450683594,41625400,47.095314910266076,-6.330867360641605,-7.283423111029039,215.04015058204644,187.5278502114106,201.28400039672852,202.69265753567106,211.1558384495174
2025-03-25,203.60000610351562,206.2100067138672,203.22000122070312,205.7100067138672,31171200,49.96523463725321,-5.3277252656098995,-6.892283541945211,213.7711125051337,188.08788865453428,200.92950057983398,202.9800241240707,210.94227642066838
2025-03-26,205.83999633789062,206.00999450683594,199.92999267578125,201.1300048828125,32855300,45.04583255348662,-4.846429180348849,-6.48311266962594,211.45589988585525,189.0811011517424,200.26850051879882,202.80383181537945,210.55748145839954
2025-03-27,200.88999938964844,203.7899932861328,199.27999877929688,201.36000061035156,27317700,45.336889207838816,-4.395768153171389,-6.06564376633503,210.37455132747905,189.42444922183736,199.8995002746582,202.6663240815673,210.19679593494666
2025-03-28,198.4199981689453,199.25999450683594,191.8800048828125,192.72000122070312,52548200,37.33683351912167,-4.681822648395553,-5.788879542747135,208.102035725392,189.740965068065,198.9215003967285,201.71905523767546,209.5114314363489
2025-03-31,188.19000244140625,191.3300018310547,184.39999389648438,190.25999450683594,63547600,35.420365423207045,-5.048825165721297,-5.640868667341968,207.66786518941288,188.69913462748164,198.18349990844726,200.62771612045265,208.7564731253876
2025-04-01,187.86000061035156,193.92999267578125,187.1999969482422,192.1699981689453,41267300,38.07797894121507,-5.1264613168968935,-5.537987197252954,207.06252009787906,188.14147923073423,197.60199966430665,199.82221917269004,208.10602312709577
2025-04-02,187.66000366210938,198.33999633789062,187.66000366210938,196.00999450683594,53679200,43.143859116924105,-4.8225416554859635,-5.394898088899556,204.98851987753164,188.9804788407301,196.98449935913087,199.4591501568944,207.6316690635562
2025-04-03,183.0,184.1300048828125,176.9199981689453,178.41000366210938,95553600,30.733423091598482,-5.93345809463807,-5.502610090047258,207.20852660378043,184.53147278586803,195.86999969482423,197.45446953834343,206.48572140075436
2025-04-04,167.14999389648438,178.13999938964844,166.0,171.0,123159400,27.187509551540913,-7.327327869359834,-5.867553645909774,210.20457810031968,178.71042128932874,194.4574996948242,194.93499624897737,205.09412448307774
2025-04-07,162.0,183.41000366210938,161.3800048828125,175.25999450683594,109327100,32.04188988824707,-7.996060149643711,-6.293254946656562,211.42794913816414,175.5590503735546,193.49349975585938,193.06118655924962,203.9241586016565
2025-04-08,185.22999572753906,185.89999389648438,168.57000732421875,170.66000366210938,87710400,29.73647047881724,-8.795823340902473,-6.793768625505745,212.7471866052457,171.6468136388949,192.1970001220703,190.9277405690458,202.61968193736055
2025-04-09,172.1199951171875,192.64999389648438,169.92999267578125,191.10000610351562,116804300,47.732361658409594,-7.691639625441439,-6.9733428254928835,212.11744740244103,171.4975535130863,191.80750045776367,190.9441468104239,202.16792994387643
2025-04-10,185.44000244140625,186.8699951171875,175.85000610351562,181.22000122070312,68302000,42.11718262538679,-7.5270329487041465,-7.084080850135137,211.99442642022018,170.35357467841266,191.17400054931642,190.01803770664094,201.34644254296768
2025-04-11,179.92999267578125,185.86000061035156,178.0,184.8699951171875,50594300,44.70512856648693,-7.021121846142506,-7.071489049336611,211.2658315862862,169.77416932924115,190.52000045776367,189.5277479362168,200.70030734979983
2025-04-14,186.83999633789062,187.44000244140625,179.22999572753906,182.1199951171875,48002500,43.140135971001136,-6.764113183495709,-7.010013876168431,210.75681693175125,168.92118294617842,189.83899993896483,188.82224766773783,199.97166765440326
2025-04-15,181.41000366210938,182.35000610351562,177.92999267578125,179.58999633789062,43642000,41.694026796995175,-6.687492473690753,-6.945509595672896,210.53062356403206,167.8243752152648,189.17749938964843,187.9429856363238,199.17238642630474
2025-04-16,176.2899932861328,179.10000610351562,171.41000366210938,174.3300018310547,51875300,38.78322176163003,-6.970851964004936,-6.950578069339304,210.23279198507862,166.00120764871042,188.11699981689452,186.64651098820292,198.1981752657067
2025-04-17,176.0,176.2100067138672,172.0,172.61000061035156,44726500,37.852621048103174,-7.250625428848451,-7.010587541241135,209.90524027884797,164.09475972115203,187.0,185.30970047602662,197.19471743608494
2025-04-21,169.60000610351562,169.60000610351562,165.2899932861328,167.32000732421875,48126100,35.06576899224396,-7.80918671981226,-7.1703073769553605,209.62921987040014,161.48178019063502,185.55550003051758,183.59639636633062,196.02316017679607
2025-04-22,169.85000610351562,176.77999877929688,169.35000610351562,173.17999267578125,56607200,40.308488536520066,-7.690349165088719,-7.274315734582032,207.2090730780202,160.89392679990948,184.05149993896484,182.60435791961163,195.1273496865602
2025-04-23,183.4499969482422,187.3800048828125,180.19000244140625,180.60000610351562,63470100,46.22856597121123,-6.917693609003578,-7.202991309466342,203.6139777539026,161.97802206299195,182.79599990844727,182.41346727045965,194.55764993820551
2025-04-24,180.9199981689453,186.74000549316406,180.17999267578125,186.5399932861328,43763200,50.4640298689071,-5.759657445263684,-6.914324536625811,201.1277981387729,163.00520051845365,182.06649932861328,182.8064697481428,194.2432320302811
2025-04-25,187.6199951171875,189.94000244140625,185.49000549316406,188.99000549316406,36414300,52.138595703366775,-4.591284463479042,-6.449716521996457,198.5783185884984,164.3176805570094,181.4479995727539,183.3953779143353,194.03722314647257
2025-04-28,190.11000061035156,190.22000122070312,184.88999938964844,187.6999969482422,33224700,51.15796865721194,-3.726476860667418,-5.90506858973065,197.76994254911475,164.624056169147,181.19699935913087,183.80534163185027,193.78870447203215
2025-04-29,183.99000549316406,188.02000427246094,183.67999267578125,187.38999938964844,41667300,50.91016971278597,-3.0311832237009355,-5.330291516524707,197.34331006470373,164.76368914183925,181.0534996032715,184.14673760878344,193.5377748609583
2025-04-30,182.1699981689453,185.0500030517578,178.85000610351562,184.4199981689453,55176500,48.48694324470683,-2.688817272473301,-4.801996667714427,196.19325096379816,165.13874824274478,180.66599960327147,184.17276242403696,193.18021499068328
2025-05-01,190.6300048828125,191.80999755859375,187.5,190.1999969482422,74266000,53.15961934022555,-1.9288575246162907,-4.2273688390948,194.87758605476276,165.87341339592084,180.3754997253418,184.74678475967556,193.06334369490128
2025-05-02,191.44000244140625,192.8800048828125,186.39999389648438,189.97999572753906,77903500,52.96269452113398,-1.3290161383500276,-3.647698298945846,196.03738053139708,165.8706181258295,180.9539993286133,185.24518580423398,192.94242808833806
2025-05-05,186.50999450683594,188.17999267578125,185.52999877929688,186.35000610351562,35217500,49.69178757412041,-1.133481277085167,-3.1448548945737103,196.2231764698779,167.2198227977002,181.72149963378905,185.35040678511794,192.68390173599207
2025-05-06,184.57000732421875,187.92999267578125,183.85000610351562,185.00999450683594,29314100,48.50099365054217,-1.0742627948938548,-2.730736474637739,196.4492577815941,167.96874148598403,182.20899963378906,185.3179865681387,192.3829641975938
2025-05-07,185.55999755859375,190.99000549316406,185.00999450683594,188.7100067138672,43948600,51.92659011223397,-0.7204665681728954,-2.3286824933447705,196.53435678200816,169.68864279074575,183.11149978637695,185.64103610582714,192.23892664921237
2025-05-08,191.42999267578125,194.3300018310547,188.82000732421875,192.0800018310547,41043600,54.87103559437156,-0.16623382771078354,-1.8961927602179731,196.71267518608866,169.60832395941915,183.1604995727539,186.2542709368012,192.23269430340227
2025-05-09,193.3800048828125,194.69000244140625,191.16000366210938,193.05999755859375,29663100,55.720376619204934,0.3480648027992288,-1.4473412476145329,197.96603781470705,169.53896096458985,183.75249938964845,186.9024353769719,192.26513756831173
2025-05-12,210.7100067138672,211.66000366210938,205.75,208.63999938964844,75205000,66.51119513569338,1.989887923735381,-0.75989541334455,203.00233025633258,166.87966895021037,184.94099960327148,188.9726795686554,192.9072890122857
2025-05-13,211.0800018310547,214.83999633789062,210.10000610351562,211.3699951171875,56193700,67.98351854959589,3.471317231238487,0.08634711557205732,207.9112021213062,164.89579708523678,186.40349960327148,191.10575723994415,193.631316702674
2025-05-14,211.4499969482422,211.92999267578125,208.85000610351562,210.25,38492100,66.68815662342297,4.503077708039484,0.9696932340655428,211.65631599368876,164.21668357906512,187.93649978637694,192.92901845518756,194.2830297731574
2025-05-15,206.4499969482422,206.8800048828125,202.6699981689453,205.1699981689453,64347300,61.00983768446468,4.854877619773362,1.7467301112071065,213.48197477054822,165.47502443599473,189.47849960327147,194.09482604697402,194.70996971024712
2025-05-16,206.85000610351562,206.85000610351562,204.3699951171875,205.58999633789062,43318500,61.303206710127576,5.10868221800186,2.4191205325660574,214.7804393798258,167.4745593994711,191.12749938964845,195.18960416991845,195.1366374211351
2025-05-19,201.64999389648438,206.6199951171875,201.25999450683594,206.16000366210938,34314800,61.7241290916936,5.2947840434119655,2.994253234735239,214.7911580499991,171.34784036308682,193.06949920654296,196.23440412155568,195.56892629333018
2025-05-20,204.6300048828125,205.58999633789062,202.64999389648438,204.07000732421875,29470400,59.18217481588154,5.213527542993717,3.4381080963869346,214.71324714869837,174.5147527292313,194.61399993896484,196.98065204561883,195.9023020200317
2025-05-21,201.61000061035156,203.4600067138672,200.05999755859375,201.1199951171875,42460900,55.695617884975746,4.855123014264763,3.7215110799625,214.80018953249902,176.47980924679786,195.63999938964844,197.37487519529205,196.10691743560645
2025-05-22,201.3800048828125,205.75999450683594,200.16000366210938,203.10000610351562,38938900,57.50516724950768,4.676942302468916,3.9125973244637837,215.40232473925042,177.53367532178473,196.46800003051757,197.92012575798,196.381156206897
2025-05-23,198.89999389648438,202.3699951171875,197.85000610351562,200.99000549316406,33393500,54.930410190668724,4.315724404908877,3.993222740552803,215.76359044187132,178.37240961916382,197.06800003051757,198.21249525656896,196.56189539459376
2025-05-27,203.08999633789062,206.69000244140625,202.19000244140625,206.02000427246094,34892000,59.57693834221211,4.384790348987707,4.071536262239784,216.54168851112644,179.42631228233057,197.9840003967285,198.95606754379676,196.93280162509836
2025-05-28,205.9199981689453,207.66000366210938,204.41000366210938,204.72000122070312,28549800,57.915065857639,4.285228775701398,4.114274764932107,216.93781151189157,180.76318946467094,198.85050048828126,199.50501360826402,197.2381820013966
2025-05-29,208.02999877929688,208.80999755859375,204.22999572753906,205.6999969482422,34650000,58.84700060323898,4.236566475457977,4.138733107037281,216.89746825710236,182.9315325973898,199.91450042724608,200.0950120215953,197.57001788166508
2025-05-30,204.83999633789062,205.99000549316406,201.6999969482422,205.00999450683594,51679400,57.87523230350744,4.095117852015903,4.130010056033005,217.13865321637022,184.17134739398134,200.65500030517578,200.5631055916182,197.86178167088747
2025-06-02,204.97999572753906,207.0,202.67999267578125,206.64999389648438,29113300,59.583571371431326,4.068454433370732,4.117698931500551,217.37438369642888,185.6026167308172,201.48850021362304,201.14280923970068,198.2064174444403
2025-06-03,207.11000061035156,208.9499969482422,205.02999877929688,205.7100067138672,33139100,58.12848593585606,3.9262154049541778,4.079402226191276,216.73657674892831,188.1764237393529,202.4565002441406,201.57778042771653,198.5006758471629
2025-06-04,206.5500030517578,208.17999267578125,205.17999267578125,207.22999572753906,29915600,59.83651989186511,3.891284060077993,4.04177859296862,215.37599013814733,191.7590104722042,203.56750030517577,202.11608664674725,198.84300211698158
2025-06-05,209.5500030517578,212.80999755859375,207.55999755859375,207.91000366210938,51864200,60.6106515825052,3.873816726991663,4.008186219773229,214.1741224476461,194.88087785752967,204.5275001525879,202.66788826725795,199.19857080502584
2025-06-06,212.39999389648438,213.8699951171875,210.5,213.57000732421875,39832500,66.41343674643375,4.267495698593791,4.060048115537342,214.13377364666792,197.07022720782425,205.60200042724608,203.70618532030184,199.76215655087654
2025-06-09,214.75,217.85000610351562,212.8800048828125,216.97999572753906,38102500,69.3436486812949,4.799323076625711,4.2079031077550155,214.60227188196035,198.99372878942637,206.79800033569336,204.97035774003874,200.4373659303535
2025-06-10,216.77999877929688,217.69000244140625,214.14999389648438,217.61000061035156,31303300,69.86671368129305,5.211560607597278,4.408634607723468,216.40923903096552,198.08376176249152,207.24650039672852,206.1741332514971,201.11080258447106
2025-06-11,217.41000366210938,218.39999389648438,212.88999938964844,213.1999969482422,39326000,61.90444629273247,5.1233525621491935,4.551578198608613,216.70831665124484,197.96768432531763,207.33800048828124,206.84326312737758,201.58488863795228
2025-06-12,211.77999877929688,213.5800018310547,211.3300018310547,213.24000549316406,27640000,61.94681604577425,4.999049475285915,4.641072453944074,217.14446262581563,197.83053890006326,207.48750076293945,207.4524766860239,202.04195204403902
2025-06-13,209.9600067138672,214.0500030517578,209.6199951171875,212.10000610351562,29337800,59.90243127370791,4.753751669876522,4.663608297130564,217.63704548536467,198.03095683397126,207.83400115966796,207.89509853530885,202.43638553656754
2025-06-16,212.30999755859375,217.05999755859375,211.60000610351562,216.10000610351562,33284200,64.34836655601666,4.826481290483116,4.6961828958010745,218.76437637162263,197.95462692427583,208.35950164794923,208.6765183037095,202.97221379409493
2025-06-17,215.1999969482422,217.41000366210938,214.55999755859375,214.82000732421875,32086300,61.980094567899215,4.726352386450543,4.702216793930969,219.5275138512952,198.0574898108142,208.7925018310547,209.26161249613895,203.43683314821743
2025-06-18,215.08999633789062,217.9600067138672,212.33999633789062,212.52000427246094,44360500,57.859390329217156,4.410566222336655,4.643886679612106,219.83191462325934,198.59808873367425,209.2150016784668,209.57193552245533,203.79303593740346
2025-06-20,214.67999267578125,214.88999938964844,208.27000427246094,209.69000244140625,75350700,53.17483524097617,3.8871374152420515,4.492536826738095,219.55297370182393,199.73403038753156,209.64350204467775,209.58317999092685,204.02428952579572
2025-06-23,209.7899932861328,210.38999938964844,207.30999755859375,208.47000122070312,37311700,51.24849137320508,3.335423723527896,4.261114206096056,219.35497923198992,200.46902436908428,209.9120018005371,209.47716296519124,204.19863116089016
2025-06-24,212.13999938964844,214.33999633789062,211.0500030517578,212.77000427246094,38378800,57.14174733952556,3.20817906635898,4.050527178148641,219.0256952776964,201.97630820130752,210.50100173950196,209.79076689921692,204.53476343977528
2025-06-25,214.6199951171875,216.02999877929688,211.11000061035156,211.99000549316406,31755700,55.823508165760494,3.009703388845594,3.8423624202880324,219.07807462148395,202.52092897959028,210.79950180053712,210.00021819387854,204.8271258732415
2025-06-26,213.1199951171875,218.0399932861328,212.00999450683594,217.1199951171875,50480800,62.02806383958567,3.229133829304544,3.719716702091335,219.63809996474637,203.20090302597626,211.41950149536132,210.67829218657462,205.30919917692566
2025-06-27,219.9199981689453,223.3000030517578,216.74000549316406,223.3000030517578,119217100,67.88060010202784,3.8572451055921704,3.7472223827915023,221.632928294139,202.96607530693524,212.29950180053712,211.88035988802065,206.01472089750732
2025-06-30,223.52000427246094,223.82000732421875,219.1199951171875,219.38999938964844,58887800,61.42953514426348,3.9934887466681346,3.796475655566829,222.20183993668587,203.83516415266962,213.01850204467775,212.59556365008044,206.53924162268933
2025-07-01,219.5,221.8800048828125,217.92999267578125,220.4600067138672,39256800,62.480379623859356,4.140079206461138,3.8651963657456907,222.9526898456568,204.46531552543692,213.70900268554686,213.34455822758395,207.08515397920613
2025-07-02,219.72999572753906,221.60000610351562,219.05999755859375,219.9199981689453,30894200,61.568700260002664,4.164671287257221,3.925091350047997,223.24963796654552,205.58936655005604,214.41950225830078,213.9707906029517,207.58848120233316
2025-07-03,221.82000732421875,224.00999450683594,221.36000061035156,223.41000366210938,29632400,65.11182823236743,4.414882942181691,4.023049668474736,224.2479452503805,206.2090600596781,215.2285026550293,214.8697632752524,208.20893306350087
2025-07-07,223.0,224.2899932861328,222.3699951171875,223.47000122070312,36604100,65.17127544391502,4.565391788267533,4.1315180924332955,225.05223816530537,206.9607669006126,216.006502532959,215.68883355577154,208.8074063245676
2025-07-08,223.9199981689453,224.0,218.42999267578125,219.36000061035156,45692000,57.89383609232946,4.3034212709760595,4.1658987281418485,225.38391865941315,207.20808573511812,216.29600219726564,216.03846851335058,209.2212335514611
2025-07-09,221.07000732421875,224.2899932861328,220.47000122070312,222.5399932861328,38155100,61.478092536112634,4.302806506254711,4.193280283764421,226.0805368983681,207.06746725202254,216.57400207519532,216.65766134885365,209.74353785478155
2025-07-10,221.5500030517578,222.7899932861328,219.6999969482422,222.25999450683594,30370600,60.98582971486936,4.2309539360447275,4.200815014220483,226.6414937074138,206.9715098326253,216.80650177001954,217.19121688770912,210.23437929211704
2025-07-11,223.5800018310547,226.67999267578125,222.3699951171875,225.02000427246094,50518300,64.04221919936754,4.346614907228712,4.229974992822129,227.72806673191624,207.06693754054467,217.39750213623046,217.93681568625692,210.81420772271878
2025-07-14,225.07000732421875,226.66000366210938,224.24000549316406,225.69000244140625,35702600,64.7638620341747,4.441145551608059,4.272209104579315,228.78694305229726,207.25306091498788,218.02000198364257,218.67521442484258,211.39757222149083
2025-07-15,226.1999969482422,227.27000427246094,225.4600067138672,226.35000610351562,34907300,65.49841958164424,4.517246541741798,4.321216592011812,229.7333903430034,207.73161362428175,218.73250198364258,219.40614696566857,211.9839421776487
2025-07-16,225.8800048828125,226.10000610351562,222.17999267578125,223.19000244140625,39535900,59.14138018250606,4.273311167328018,4.311635507075053,230.18720294305166,207.98680065802256,219.0870018005371,219.76651415383407,212.42339552132546
2025-07-17,223.32000732421875,224.5,222.50999450683594,223.8800048828125,31855800,60.05308664762042,4.08853793577893,4.267015992815828,230.64647366146198,208.43352969547163,219.5400016784668,220.15827517564153,212.87267431981516
2025-07-18,225.13999938964844,226.39999389648438,222.97999572753906,226.1300048828125,37833800,62.95582470490164,4.076666738003638,4.22894614185339,231.182794423369,209.25820899459978,220.2205017089844,220.72701133822926,213.39256963601113
2025-07-21,225.83999633789062,229.69000244140625,225.64999389648438,229.3000030517578,40297600,66.63443879525454,4.273785548232297,4.237914023129171,231.69545808060084,210.70654539840305,221.20100173950195,221.5434867395177,214.01639055427572
2025-07-22,229.67999267578125,230.0,226.35000610351562,227.47000122070312,37483700,62.75986870153753,4.233536201652271,4.2370384588337915,231.12237898855577,213.17962449044816,222.15100173950196,222.1079166901068,214.54398312942973
2025-07-23,228.47000122070312,228.7899932861328,227.08999633789062,228.2899932861328,28294900,63.77625985518104,4.219168858962604,4.233464538859554,231.13415143695195,214.71985094341912,222.92700119018554,222.69668588972834,215.0830423512612
2025-07-24,229.1699981689453,236.0,228.63999938964844,232.22999572753906,42902300,68.2589840622733,4.474132886551928,4.281598208398029,231.42783054968388,216.4501708541247,223.9390007019043,223.60462015999605,215.75547189542897
2025-07-25,232.22000122070312,232.47999572753906,231.17999267578125,231.44000244140625,28712100,66.48247470052647,4.55988435102239,4.337255436922902,232.1369833380481,217.17301879818237,224.65500106811524,224.35084704393986,216.37055152468298
2025-07-28,233.35000610351562,234.2899932861328,232.25,232.7899932861328,26300100,68.0144562154015,4.6827956301609674,4.406363475570515,233.41066960227337,216.84833155739457,225.12950057983397,225.15457525748204,217.01445120160258
2025-07-29,234.14999389648438,234.72000122070312,230.30999755859375,231.00999450683594,33716200,63.86924265467004,4.583734243899329,4.441837629236279,233.92642175160015,217.49457891978656,225.71050033569335,225.71223423361099,217.56329603710194
2025-07-30,231.63999938964844,231.8000030517578,229.2899932861328,230.19000244140625,32993300,61.994785698310885,4.388473286550095,4.431164760699042,234.2546358910725,218.13936435306812,226.1970001220703,226.1386883486391,218.0584609941335
2025-07-31,235.77000427246094,236.52999877929688,231.39999389648438,234.11000061035156,104357300,66.98337030214583,4.498186370063536,4.444569082571941,235.13409325567892,218.67890723260234,226.90650024414063,226.89786094499266,218.68793313594597
2025-08-01,217.2100067138672,220.44000244140625,212.8000030517578,214.75,122258800,39.445296218794304,2.9884950179156817,4.153354269640689,236.24292970330984,216.7040704187605,226.47350006103517,225.74092180737432,218.53350438551672
2025-08-04,217.39999389648438,217.44000244140625,211.4199981689453,211.64999389648438,77890100,36.83399338620758,1.524337545520325,3.627550924816616,237.6439714955123,214.12102789413615,225.88249969482422,224.39892867300384,218.26356279771153
2025-08-05,213.0500030517578,216.3000030517578,212.8699951171875,213.75,51505100,39.74407051437285,0.5273561090748444,3.0075119616682615,238.25243330828118,212.9515660203321,225.60199966430665,223.38474498986062,218.08656033505616
2025-08-06,214.6999969482422,222.64999389648438,213.74000549316406,222.30999755859375,54823000,49.88012282840255,0.42308434890910007,2.4906264391164292,238.2530658352384,212.92793392062097,225.5904998779297,223.28238809164475,218.2521853242145
2025-08-07,221.0,226.22000122070312,220.82000732421875,223.1300048828125,40603500,50.735063067748534,0.4019821655384703,2.0728975844008373,238.2542986887372,213.0137021047198,225.6340003967285,223.2678754050893,218.44347236572818
2025-08-08,223.13999938964844,223.8000030517578,221.8800048828125,222.69000244140625,32970500,50.23984544249251,0.34576821269388347,1.7274717100594466,238.20450443036964,212.83049617998194,225.5175003051758,223.21283988473854,218.61000295693125
2025-08-11,221.77999877929688,223.0500030517578,220.39999389648438,221.3000030517578,31646200,48.625141255887385,0.18690242126029943,1.4193578522996173,238.12358554904748,212.47241512233924,225.29800033569336,223.0306649482642,218.71549315672837
2025-08-12,222.22999572753906,223.5,219.0500030517578,221.47000122070312,37185800,48.84169968929223,0.07386608622093149,1.1502594990838801,237.98059780418268,212.12740237892277,225.05400009155272,222.88203030754408,218.8235130808058
2025-08-13,222.0,224.9199981689453,222.0,224.55999755859375,36508300,52.741171759504745,0.2309585106660279,0.9663993014003097,238.0219989559787,212.22300073884554,225.12249984741212,223.04183671240594,219.04847325640534
2025-08-14,227.39999389648438,233.11000061035156,227.02000427246094,230.97999572753906,61545800,59.626812622877694,0.8635412212364031,0.9458276853675284,238.62149611975872,212.33350265953817,225.47749938964844,223.7978518567043,219.5163760984106
2025-08-15,232.5800018310547,234.0800018310547,229.80999755859375,231.02999877929688,39649200,59.67609257950395,1.3533023778493316,1.027322623863889,239.09833020859244,212.34666796035285,225.72249908447264,224.4866277540941,219.96789071334732
2025-08-18,230.22999572753906,231.91000366210938,228.3300018310547,231.49000549316406,25248900,60.15789820143415,1.758291826696734,1.173516464430458,239.36606435026013,212.29793406282582,225.83199920654297,225.153616110196,220.4197383517715
2025-08-19,230.08999633789062,230.52999877929688,227.1199951171875,228.00999450683594,29891000,54.82135367419956,1.7779460247282373,1.294402376490014,239.40896799130815,212.30902975039106,225.8589988708496,225.42565214797122,220.7173954558917
2025-08-20,227.1199951171875,227.27000427246094,220.9199981689453,223.80999755859375,36604300,49.154010817326835,1.4380406281725868,1.3231300268265287,239.16386144361633,212.106136725329,225.63499908447267,225.27178028231623,220.83867396972317
2025-08-21,222.64999389648438,222.77999877929688,220.5,221.9499969482422,32140500,46.844413162942125,1.0069689368468744,1.2598978088305979,238.3731639796373,211.86883431137835,225.12099914550782,224.95541996478536,220.88225526299843
2025-08-22,222.7899932861328,229.13999938964844,220.82000732421875,228.83999633789062,37315300,55.235234321776204,1.207388857212095,1.2493960185068973,238.03148261916408,211.95051506149997,224.99099884033203,225.32537961936683,221.19432354044517
2025-08-25,227.35000610351562,229.60000610351562,227.30999755859375,227.94000244140625,22633700,54.035352157291456,1.2788592092634303,1.255288656658204,237.35137047428523,212.14562812190619,224.7484992980957,225.5743913167039,221.45885996793385
2025-08-26,227.11000061035156,229.0,226.02000427246094,228.7100067138672,26105400,54.93729274485107,1.3817054474570796,1.2805720148179793,237.03618586975998,212.23081394713458,224.63349990844728,225.87302135452896,221.74321866385282
2025-08-27,228.57000732421875,229.8699951171875,227.80999755859375,229.1199951171875,21254500,55.43868213656929,1.479242681093524,1.3203061480730884,236.89065486351288,212.26934422095977,224.57999954223632,226.18225695097263,222.032504014964
2025-08-28,229.00999450683594,232.7100067138672,228.02000427246094,231.60000610351562,33679600,58.450252184280814,1.7366389094206909,1.403572700342609,236.40190809543776,212.5070915383513,224.45449981689453,226.69823306073863,222.40770017529934
2025-08-29,231.32000732421875,231.80999755859375,228.16000366210938,229.0,26199200,54.3065139343298,1.7111039699729815,1.4650789542686835,236.3529761119184,213.98102352187067,225.16699981689453,226.9174489597159,222.6662217370523
2025-09-02,223.52000427246094,226.1699981689453,221.8300018310547,225.33999633789062,38843900,49.03644015243758,1.3796320988417108,1.447989583183289,235.05445692769015,216.64854295023954,225.85149993896485,226.7672153766849,222.77107564296753
2025-09-03,225.2100067138672,227.1699981689453,224.36000061035156,225.99000549316406,29223100,49.965107925126546,1.1560621939732982,1.3896041053412909,233.69472604898746,219.2322743782586,226.46350021362304,226.69319538777816,222.8973081861125
2025-09-04,231.19000244140625,235.77000427246094,230.77999877929688,235.67999267578125,59391800,61.28955879441486,1.7407165201800865,1.45982658830905,235.17314140675688,219.09085853220796,227.13199996948242,227.54908084377846,223.39858993080537
2025-09-05,235.19000244140625,236.0,231.92999267578125,232.3300018310547,36721800,56.52634383346744,1.9117060642649903,1.5502024835002381,235.7212977169788,219.4627019168103,227.59199981689454,228.0044066520905,223.748841377874
2025-09-08,234.94000244140625,237.60000610351562,233.75,235.83999633789062,33947100,60.031289747980054,2.3038859689877427,1.700939180597739,236.8243685703683,219.67463045306917,228.24949951171874,228.75065328883335,224.2230043174825
2025-09-09,236.36000061035156,238.85000610351562,235.0800018310547,238.24000549316406,27033800,62.27114486052309,2.776348038134387,1.9160209521050686,238.1160844836614,220.0769147839167,229.09649963378905,229.65440111781723,224.77269063809746
2025-09-10,237.52000427246094,237.67999267578125,229.10000610351562,230.3300018310547,60907700,51.93996516105823,2.4838738909085407,2.029591539865763,237.82213077041382,221.25686855819947,229.53949966430665,229.71874404288747,224.9906244103703
2025-09-11,231.49000549316406,231.52999877929688,229.33999633789062,229.9499969482422,37485600,51.49793686453868,2.196107444271803,2.0628947207469714,237.7532773866268,221.86472188095132,229.80899963378906,229.74076812911173,225.1851096079339
2025-09-12,230.35000610351562,230.7899932861328,226.2899932861328,228.14999389648438,38496200,49.35528870536258,1.80203254953841,2.0107222865052594,237.6247601193081,221.71023896516456,229.66749954223633,229.58926582124246,225.30137958003394
2025-09-15,230.6300048828125,233.72999572753906,230.32000732421875,231.42999267578125,33243300,53.17820032768799,1.7344007534429409,1.9554579798927958,237.66117247899192,221.71382599512916,229.68749923706054,229.76457314072235,225.54171734849461
2025-09-16,232.94000244140625,235.89999389648438,232.22999572753906,234.0500030517578,38203900,56.03315657979602,1.8706513049737623,1.9384966449089893,237.99065003853698,221.6403481914435,229.81549911499025,230.17270932272572,225.8753756113677
2025-09-17,233.77000427246094,234.3000030517578,228.7100067138672,231.6199951171875,42815200,52.81646062007152,1.7622355621905967,1.903244428365311,238.16270876662963,221.829289524386,229.99599914550782,230.31054606505543,226.10065480767437
2025-09-18,232.5,233.47999572753906,228.7899932861328,231.22999572753906,37931700,52.29755635488031,1.6261009342011619,1.8478157295324813,238.00768319195834,222.72631491595183,230.36699905395508,230.3981126995777,226.30180543198279
2025-09-19,232.3699951171875,234.16000366210938,229.6999969482422,231.47999572753906,97943200,52.618910387711345,1.5208547050447692,1.7824235246349391,237.3833694289559,224.30362855688398,230.84349899291993,230.50114917843115,226.50487171808302
2025-09-22,230.55999755859375,230.57000732421875,227.50999450683594,227.6300048828125,45914500,47.33090041778158,1.1139433788609097,1.6487274954801334,237.42253598946564,224.1434628508664,230.78299942016602,230.22770686456272,226.5489945872881
2025-09-23,227.8300018310547,227.86000061035156,220.07000732421875,220.7100067138672,70956200,39.62310935125926,0.2304210513780447,1.3650662066597157,238.37088261071145,222.4721166568667,230.42149963378907,229.32125923116314,226.32001467068335
2025-09-24,224.14999389648438,224.55999755859375,219.4499969482422,220.2100067138672,49509000,39.127301079875984,-0.5043092171783314,0.9911911218921063,239.1489874264938,220.84401184108432,229.99649963378906,228.45352089618257,226.08040651551408
2025-09-25,220.05999755859375,220.6699981689453,216.47000122070312,218.14999389648438,52226300,37.06921648055593,-1.2385369831925743,0.5452455008751702,240.02555821513104,218.87044093037676,229.4479995727539,227.47223261049703,225.7694099422188
2025-09-26,219.0800018310547,221.0500030517578,218.02000427246094,219.77999877929688,41650100,39.76886987295329,-1.6696433963048491,0.10226772143916635,240.21996792568567,217.4940304874003,228.85699920654298,226.7396389122875,225.53453107308462
2025-09-29,220.0800018310547,222.60000610351562,219.3000030517578,222.1699981689453,44259200,43.59002233086377,-1.797722333941607,-0.2777302896369883,240.26435449872255,216.76664373125791,228.51549911499023,226.3044350319692,225.40258860625562
2025-09-30,222.02999877929688,222.24000549316406,217.88999938964844,219.57000732421875,48396400,40.57435332481734,-2.0849888928210305,-0.6391820102737968,240.5724013675006,215.8815979611127,228.22699966430665,225.6630609645644,225.17385992852869
2025-10-01,217.36000061035156,222.14999389648438,216.61000061035156,220.6300048828125,43933800,42.32618741166586,-2.2017365181199864,-0.9516929118430348,240.7341085464898,215.18389072108832,227.95899963378906,225.18372229011186,224.99566953457904
2025-10-02,221.00999450683594,222.80999755859375,218.9499969482422,222.41000366210938,41258600,45.24523068032822,-2.126120236252234,-1.1865783767248748,239.7567173158702,214.83428305034076,227.29550018310547,224.9195586112545,224.89427087291358
2025-10-03,223.44000244140625,224.1999969482422,219.33999633789062,219.50999450683594,43639000,41.55503129443438,-2.273987181805012,-1.4040601377409023,239.34216014158085,213.96683949220824,226.65449981689454,224.4043620298813,224.6831227801262
2025-10-06,221.0,221.72999572753906,216.02999877929688,220.89999389648438,43690900,43.91613407072597,-2.2530398267897453,-1.573856075550671,238.06627603429268,213.74872335535576,225.90749969482422,224.07061268384348,224.5347647846893
2025-10-07,220.8800048828125,222.88999938964844,220.1699981689453,221.77999877929688,31194700,45.41948559275324,-2.140752594154094,-1.6872353792713557,235.88039744310947,214.28860127515225,225.08449935913086,223.85245897864854,224.42673474526214
2025-10-08,222.9199981689453,226.72999572753906,221.19000244140625,225.22000122070312,46686000,50.95405752017969,-1.753966076459534,-1.7005815187089914,235.3403133593237,214.3176852979029,224.8289993286133,223.98270109693945,224.4578432344951
2025-10-09,225.0,228.2100067138672,221.75,227.74000549316406,46412100,54.58696353321698,-1.2299140072266255,-1.6064480164125183,235.04803655452537,214.38896295719337,224.71849975585937,224.3405396108656,224.5865554799331
2025-10-10,226.2100067138672,228.25,216.0,216.3699951171875,72367500,40.140094499062855,-1.7123251623815747,-1.6276234456063297,234.9661411577004,213.29285847608867,224.12949981689454,223.5814401352772,224.26433742649212
2025-10-13,217.6999969482422,220.67999267578125,217.0399932861328,220.07000732421875,37809700,45.220836845152846,-1.7756112741228947,-1.6572210113096428,233.96934777922246,213.15365331941035,223.5615005493164,223.24701796279544,224.09985389306965
2025-10-14,215.55999755859375,219.32000732421875,212.60000610351562,216.38999938964844,45665600,41.452321531410995,-2.0985214103062333,-1.745481091108961,232.30700581384883,213.04999491857302,222.67850036621093,222.5939685748767,223.79750665764138
2025-10-15,216.6199951171875,217.7100067138672,212.66000366210938,215.57000732421875,45909500,40.6396276540196,-2.393011380794036,-1.8749871490459762,231.03039360668686,212.72160834643813,221.8760009765625,221.92501988433784,223.47485962495816
2025-10-16,215.6699981689453,218.58999633789062,212.80999755859375,214.47000122070312,42414600,39.520271785179204,-2.6842161308208574,-2.0368329454009526,229.63874222070507,212.43726028173631,221.0380012512207,221.21501810684882,223.1217279228305
2025-10-17,214.55999755859375,214.8000030517578,211.02999877929688,213.0399932861328,45986900,38.052919221148386,-2.995853349915052,-2.2286370263037725,227.9202069868441,212.31179527145667,220.1160011291504,220.43644431439967,222.7263657802149
2025-10-20,213.8800048828125,216.69000244140625,213.58999633789062,216.47999572753906,38882800,43.48861897826034,-2.931456636216609,-2.36920094828634,226.66440460279412,212.45259673997933,219.55850067138672,220.0596396870796,222.4814100918747
2025-10-21,218.42999267578125,223.32000732421875,217.99000549316406,222.02999877929688,50494600,50.96452982157942,-2.4048611710851446,-2.376332992846101,226.79961961744343,212.44938093187298,219.6245002746582,220.24729293395745,222.4637076874599
2025-10-22,219.3000030517578,220.00999450683594,216.52000427246094,217.9499969482422,44308500,46.13292905296592,-2.2903507826921157,-2.359136550815304,226.7189062826657,212.30409329008822,219.51149978637696,220.0285028400798,222.28669942317686
2025-10-23,219.0,221.3000030517578,218.17999267578125,221.08999633789062,31540000,50.05712301546291,-1.9240495210140125,-2.2721191448550457,226.86891105476812,212.4480887621264,219.65849990844725,220.1295974589189,222.23976989042055
2025-10-24,221.97000122070312,225.39999389648438,221.89999389648438,224.2100067138672,38685100,53.66882244449909,-1.3662451461624698,-2.090944345116531,227.37277353893194,212.3872270714196,219.88000030517577,220.5182078641521,222.3170340795753
2025-10-27,227.66000366210938,228.39999389648438,225.5399932861328,226.97000122070312,38267000,56.65498898160692,-0.6934786793242438,-1.8114512119580737,228.2056584856106,212.03434242991673,220.12000045776367,221.1326643742998,222.4995033792274
2025-10-28,228.22000122070312,231.49000549316406,226.2100067138672,229.25,47100000,59.00557713402927,0.023400690812877656,-1.4444808314038835,229.65257251242298,211.5554276706825,220.60400009155273,221.90574395769983,222.76422873690478
2025-10-29,231.6699981689453,232.82000732421875,227.75999450683594,230.3000030517578,52036200,60.07926148268677,0.668552569655219,-1.021874151192063,231.12165747902083,211.0533425209792,221.0875,222.70519720475295,223.05974929827156
2025-10-30,227.05999755859375,228.44000244140625,222.75,222.86000061035156,102252900,50.072024262428215,0.572890142429145,-0.7029212924678215,231.1586511850974,211.0613485097268,221.1099998474121,222.71994038623853,223.05191601639234
2025-10-31,250.10000610351562,250.5,243.97999572753906,244.22000122070312,166340800,67.04411781470046,2.195343957337883,-0.12326824250668067,236.7137110368134,207.9772893293975,222.34550018310546,224.7675652276161,223.88203700479667
2025-11-03,255.36000061035156,258.6000061035156,252.89999389648438,254.0,95997800,71.7750513072582,4.221649909163688,0.745715387827393,244.13558845316365,203.86541252339887,224.00050048828126,227.55160663450982,225.06313359284388
2025-11-04,250.3800048828125,257.010009765625,248.66000366210938,249.32000732421875,51546300,66.83100055228337,5.387768832792062,1.6741260768203268,248.42882849447665,202.32617333657805,225.37750091552735,229.62478765257734,226.01438354309389
2025-11-05,249.02999877929688,251.0,246.16000366210938,250.1999969482422,40610700,67.28729266159614,6.310194297576402,2.6013397209715423,252.20983855163934,201.04316285216925,226.6265007019043,231.58433139502162,226.9628389707468
2025-11-06,249.16000366210938,250.3800048828125,242.1699981689453,243.0399932861328,46004200,60.048991006889516,6.389812881867954,3.3590343531508244,254.00913353594098,200.77386664716448,227.39150009155273,232.6753468132227,227.59331561056587
2025-11-07,242.89999389648438,244.89999389648438,238.49000549316406,244.41000366210938,46374300,60.91536416552544,6.488662311155849,3.9849599447518296,255.91587906794547,201.67112196965218,228.79350051879882,233.79293317978332,228.2527935733715
2025-11-10,248.33999633789062,251.75,245.58999633789062,248.39999389648438,36476500,63.404440886568786,6.810453394836827,4.550058634768829,258.3539795845811,202.06602011024313,230.20999984741212,235.18408181946913,229.04287986055238
2025-11-11,248.41000366210938,249.75,247.22999572753906,249.10000610351562,23564100,63.83953646149111,7.040798341360471,5.048206576087158,260.4065696570786,203.28443070913232,231.84550018310546,236.50940794175926,229.82943383086467
2025-11-12,250.24000549316406,250.3699951171875,243.75,244.1999969482422,31190100,58.58850459024123,6.750147089454231,5.388594678760573,261.2675916263733,205.28640770223993,233.27699966430663,237.24184498999574,230.3929853256638
2025-11-13,243.0500030517578,243.75,236.5,237.5800018310547,41401700,52.3263880219415,5.917413340413532,5.494358411091165,261.0273425392423,207.8376568504062,234.43249969482423,237.27405040342992,230.67482911018897
2025-11-14,235.05999755859375,238.72999572753906,232.88999938964844,234.69000244140625,38956700,49.82280677580557,4.967010442242611,5.388888817321454,260.1324853613366,210.8975149438392,235.5150001525879,237.02795059752293,230.83228688788375
2025-11-17,233.25,234.60000610351562,229.19000244140625,232.8699951171875,59919000,48.2569191495561,4.020602909923241,5.115231635841812,259.3211360550141,213.3478641891265,236.33450012207032,236.63195483749098,230.91219701452314
2025-11-18,228.10000610351562,230.1999969482422,222.4199981689453,222.5500030517578,60608400,40.486663594233775,2.4100494601809146,4.5741952007096325,259.28008920076667,213.44091147062002,236.36050033569336,235.29081657218308,230.58426783951273
2025-11-19,223.74000549316406,223.74000549316406,218.52000427246094,222.69000244140625,58335600,40.626332922943796,1.1319229256803283,3.885740745703772,258.8023999055809,214.39260131512222,236.59750061035157,234.0907390359186,230.27468880429288
2025-11-20,227.0500030517578,227.41000366210938,216.74000549316406,217.13999938964844,50309000,36.92654224783758,-0.3250929550592616,3.0435740055511653,259.2466516361316,213.55334988974727,236.40000076293944,232.47638287913097,229.75960294489505
2025-11-21,216.35000610351562,222.2100067138672,215.17999267578125,220.69000244140625,68490500,40.64970967069548,-1.1797337241017942,2.1989124596205736,259.5159394639734,212.93206163465945,236.2240005493164,231.3538704564905,229.40393233691512
2025-11-24,222.55999755859375,227.3300018310547,222.27000427246094,226.27999877929688,54318400,46.05008755856353,-1.3899541774617887,1.4811391322041012,259.5411209046765,212.8378799498157,236.1895004272461,230.87064458247207,229.28142513857716
2025-11-25,226.3800048828125,230.52000427246094,223.8000030517578,229.6699981689453,39379300,49.07626462213235,-1.2683895764760393,0.9312333904680731,259.53658590741867,212.88441476396804,236.21050033569335,230.75629730499332,229.29666329663084
2025-11-26,230.74000549316406,231.75,228.77000427246094,229.16000366210938,38497900,48.63429060540891,-1.1993753958903426,0.50511163319639,259.54587572653895,212.76112500588295,236.15350036621095,230.6042693390044,229.29130409527704
2025-11-28,231.24000549316406,233.2899932861328,230.22000122070312,233.22000122070312,20292300,52.315947822106764,-0.8077619118867574,0.24253692417976053,259.2697635791206,214.07323721433644,236.6715003967285,230.85338666107094,229.44537064921533
2025-12-01,233.22000122070312,235.8000030517578,232.25,233.8800048828125,42904000,52.90687347125999,-0.4390871019506051,0.1062121189536874,258.497303145829,213.81169801383896,236.15450057983398,231.14163601552252,229.61927787406228
2025-12-02,235.00999450683594,238.97000122070312,233.5500030517578,234.4199981689453,45785400,53.41553338344199,-0.10215908727263923,0.06453787770842208,255.88187759579108,214.4691233807714,235.17550048828124,231.45386098251518,229.8075414150381
2025-12-03,233.35000610351562,233.3800048828125,230.61000061035156,232.3800048828125,35495100,51.16707110095757,0.00024555196898745635,0.05167941256053516,253.9565216316044,214.70047910081746,234.32850036621093,231.5420651634959,229.90842233534298
2025-12-04,232.77000427246094,233.5,226.8000030517578,229.11000061035156,45683200,47.70090834182288,-0.18038073306044566,0.005267383436339,251.52990213553386,215.01809896309896,233.2740005493164,231.31043996795833,229.87711167946097
2025-12-05,230.32000732421875,231.24000549316406,228.5500030517578,229.52999877929688,33117400,48.18640459635745,-0.2863373049133884,-0.053053554233606484,250.32500293083496,214.87199871711425,232.5985008239746,231.14087414046676,229.8634994088663
2025-12-08,229.58999633789062,230.8300018310547,226.27000427246094,226.88999938964844,35019200,45.33742276688226,-0.5766868517796695,-0.1577802137428191,248.70741668830348,214.73758453239967,231.72250061035157,230.73602892610313,229.74689156497539
2025-12-09,226.83999633789062,228.57000732421875,225.11000061035156,227.9199981689453,25841700,46.66242315351337,-0.7154316157705125,-0.2693104941483578,245.81672794496978,215.5802737029794,230.6985008239746,230.46783552065952,229.67524868669972
2025-12-10,228.80999755859375,232.4199981689453,228.4600067138672,231.77999877929688,38790700,51.4153419869528,-0.508061434985791,-0.31706068231584444,242.25674557665852,217.40825533886883,229.83250045776367,230.59280345005354,229.75778790601726
2025-12-11,230.7100067138672,232.11000061035156,228.69000244140625,230.27999877929688,28249600,49.5668933582237,-0.4594601658811257,-0.3455405790289007,239.57232799812294,218.70067310050985,229.1365005493164,230.5630125290291,229.77826676379294
2025-12-12,229.8699951171875,230.0800018310547,225.1199951171875,226.19000244140625,35639100,44.83388399377492,-0.7424137493387661,-0.42491521309087377,238.28089060198263,218.8531105576853,228.56700057983397,230.14653537782692,229.63755051585622
2025-12-15,227.92999267578125,227.92999267578125,221.5,222.5399932861328,47286100,41.06531444650026,-1.246809295780821,-0.5892940296288632,237.580320865801,218.33867937833963,227.95950012207032,229.42210279766556,229.35921493822
2025-12-16,223.0399932861328,223.66000366210938,221.1300048828125,222.55999755859375,39298900,41.09453841726525,-1.6261865563492677,-0.7966725349729442,237.06183209656592,217.82616839171533,227.44400024414062,228.76856896537302,229.09257896254837
2025-12-17,224.66000366210938,225.19000244140625,220.99000549316406,221.27000427246094,44034400,39.726501104529156,-2.007792859604649,-1.0388965998992852,237.1507716825545,217.60922892779703,227.38000030517577,228.05441994700044,228.785811327643
2025-12-18,225.7100067138672,229.22999572753906,224.41000366210938,226.75999450683594,50272400,47.705344606210716,-1.8459433877936249,-1.2003059574781532,237.1094529197566,218.05754689713794,227.58349990844727,227.93114133365145,228.7063675307486
2025-12-19,226.75999450683594,229.1300048828125,225.5800018310547,227.35000610351562,85544400,48.494461131402815,-1.6510354020208524,-1.2904518463866932,236.26079518451226,219.927205303769,228.09400024414063,227.87579512125757,228.65317688654338
2025-12-22,228.61000061035156,229.47999572753906,226.7100067138672,228.42999267578125,32261300,49.98228050911715,-1.3933617219096561,-1.3110338214912858,235.86671709764667,221.0952824140721,228.4809997558594,227.92857584073602,228.6444245645527
2025-12-23,229.05999755859375,232.4499969482422,228.72999572753906,232.13999938964844,29230200,54.81138225380662,-0.8796469159082108,-1.224756440374671,236.25638317761866,221.29161639513524,228.77399978637695,228.3296637977753,228.78150593024276
2025-12-24,232.1300048828125,232.9499969482422,231.3300018310547,232.3800048828125,11420500,55.11330184776273,-0.44799360216853756,-1.0694038727334443,236.55654349428818,221.26245674985245,228.9095001220703,228.71541056777886,228.9226235362259
2025-12-26,232.0399932861328,232.99000549316406,231.17999267578125,232.52000427246094,15994700,55.300909510082825,-0.09353030132169238,-0.874229158451094,236.89348312393847,221.26151718123734,229.0775001525879,229.0777528253676,229.06369729058807
2025-12-29,231.94000244140625,232.60000610351562,230.77000427246094,232.07000732421875,19797900,54.512240002773915,0.1493517909500497,-0.6695129685708653,236.7237823228086,221.31621859271874,229.02000045776367,229.3627294443058,229.18159180171085
2025-12-30,231.2100067138672,232.77000427246094,230.1999969482422,232.52999877929688,21910500,55.21533974509466,0.3746364888222047,-0.4606830770922513,236.49903690790083,221.40596339727497,228.9525001525879,229.6643741428764,229.31290187926325
2025-12-31,232.91000366210938,232.99000549316406,230.1199951171875,230.82000732421875,24383700,51.997714209176806,0.41046265753260514,-0.28645393016728005,235.9317358314854,221.6132653892177,228.77250061035156,229.77443444586137,229.37200405357524
2026-01-02,231.33999633789062,235.4600067138672,224.6999969482422,226.5,51456200,44.88193378762723,0.08923798712550024,-0.211315546708724,235.49548774792464,221.46151298449723,228.47850036621094,229.46258354625553,229.2593764436311
2026-01-05,228.83999633789062,234.0,227.17999267578125,233.05999755859375,49733300,54.96120110678221,0.35985392823712914,-0.09708165171955337,235.98413888899574,221.36786153825034,228.67600021362304,229.80519440457346,229.40842040892377
2026-01-06,232.10000610351562,243.17999267578125,232.07000732421875,240.92999267578125,53764700,63.56851007534397,1.1955799435476706,0.16145066733389143,238.38383630373235,220.10816351316217,229.24599990844726,230.86469900183133,229.86024677232996
2026-01-07,239.61000061035156,245.2899932861328,239.52000427246094,241.55999755859375,42236500,64.15900315026204,1.886982995271211,0.5065571329213554,240.56199393946497,219.3970056943241,229.97949981689453,231.88329886438012,230.31906052865403
2026-01-08,243.05999755859375,246.41000366210938,241.8800048828125,246.2899932861328,39509800,68.31176851974186,2.78449805969845,0.9621453182767743,243.68669876136337,218.10930038414446,230.89799957275392,233.25536499978514,230.94537161718262
2026-01-09,244.57000732421875,247.86000061035156,242.24000549316406,247.3800048828125,34560000,69.19749257205005,3.5428996984042556,1.4782961943022705,246.44337184906533,216.91262790679406,231.6779998779297,234.6005687981687,231.58986703936418
2026-01-12,246.72999572753906,248.94000244140625,245.9600067138672,246.47000122070312,35867800,67.50116999655353,4.024121206414009,1.9874611967246183,248.64019299736404,216.33480700263598,232.4875,235.73099093364817,232.17340171314217
2026-01-13,246.52999877929688,247.66000366210938,240.25,242.60000610351562,38371800,60.68766649672811,4.046570114094294,2.399282980198554,249.77781292452212,216.8381874416888,233.30800018310546,236.38518285458792,232.5822881598235
2026-01-14,241.14999389648438,241.27999877929688,236.22000122070312,236.64999389648438,41410600,51.99740275270578,3.54339868206813,2.628106120572469,249.73291040302786,218.29409002421824,234.01350021362305,236.41040295381615,232.7418060318494
2026-01-15,239.30999755859375,240.64999389648438,236.6300048828125,238.17999267578125,43003600,53.82830941929928,3.23084662305061,2.7486542210680973,249.64606053489487,219.94293940406996,234.79449996948242,236.578935308289,232.95506825318006
2026-01-16,239.08999633789062,239.57000732421875,236.41000366210938,239.1199951171875,45888300,54.96482630502365,3.024136838541665,2.803750744562811,249.2016610168341,222.17233800660338,235.68699951171874,236.82094100437456,233.19683009098426
2026-01-20,233.75999450683594,235.08999633789062,229.33999633789062,231.0,47737900,44.723669507769124,2.1799727320590705,2.678995142062063,248.94907760688554,222.84892196586836,235.89899978637695,236.2665656706246,233.11067989133784
2026-01-21,231.08999633789062,232.3000030517578,226.8800048828125,231.30999755859375,47276100,45.143889159380755,1.518476753226281,2.446891464294907,248.71391444348114,223.48008427478055,236.09699935913085,235.79451156471688,233.04006489789688
2026-01-22,234.0500030517578,235.72000122070312,230.89999389648438,234.33999633789062,31913300,49.20831009369378,1.2246153988911885,2.2024362512141633,248.5207072515127,224.26429183295994,236.39249954223632,235.65598630501913,233.09104260142604
2026-01-23,234.9600067138672,240.4499969482422,234.57000732421875,239.16000366210938,33778500,54.92914471297752,1.3649284217983393,2.034934685330999,248.75932313166726,224.7276763800515,236.74349975585938,235.98970224378962,233.329041074394
2026-01-26,239.97999572753906,240.9499969482422,237.5399932861328,238.4199981689453,32825500,53.92492621068039,1.4002737602703519,1.9080025003188696,248.9021123883796,225.1888864519524,237.045499420166,236.22115899856635,233.52868645065095
2026-01-27,239.69000244140625,244.8800048828125,238.0800018310547,244.67999267578125,38029200,60.50318753254796,1.9113812224644562,1.908678244747987,249.77710480607848,225.52989287458556,237.65349884033202,237.02676220592016,233.96599257712666
2026-01-28,246.3699951171875,247.77999877929688,241.52999877929688,243.00999450683594,40882700,58.119266141491906,2.156820192501641,1.9583066342987179,250.25036087609664,226.15063552282913,238.20049819946288,237.59659385362642,234.3206593194682
2026-01-29,242.82000732421875,243.0,236.74000549316406,241.72999572753906,47229600,56.28858686732677,2.2224283696238842,2.0111309813637512,250.4994786833944,226.82151741035563,238.660498046875,237.99025117495142,234.6112215315494
2026-01-30,239.88999938964844,243.32000732421875,237.63999938964844,239.3000030517578,46585000,52.88302683755188,2.0546583989921317,2.019836464889427,250.33389175782634,227.83510390867758,239.08449783325196,238.114989448933,234.79509531665565
2026-02-02,238.30999755859375,245.6300048828125,238.1699981689453,242.9600067138672,37546100,57.093690867994304,2.191765883377741,2.05422234858709,249.57796862777022,230.23702771012043,239.90749816894532,238.576419664641,235.11528792046786
2026-02-03,244.97999572753906,246.35000610351562,235.4499969482422,238.6199951171875,53831300,51.24548238782878,1.9279971368407303,2.0289773062378185,249.33264848734976,231.03834760640027,240.185498046875,238.58056970774066,235.25272741837844
2026-02-04,238.86000061035156,238.86000061035156,231.82000732421875,232.99000549316406,51299900,44.83031612974365,1.2502532527447272,1.8732324955392003,249.47302662638774,230.10397074910057,239.78849868774415,238.0481350206381,235.1639932252328
2026-02-05,224.91000366210938,226.30999755859375,220.3800048828125,222.69000244140625,103509200,35.96086242073402,-0.1166432332570082,1.4752573497799588,251.13037249023256,226.55962537353696,238.84499893188476,236.58545572737793,234.6748171160631
2026-02-06,202.6999969482422,211.44000244140625,200.30999755859375,210.32000732421875,179210900,28.633920579671056,-2.173024498210566,0.745600980181854,254.27850551789183,219.8144937496863,237.04649963378907,234.0839844508866,233.7197265359908
2026-02-09,208.97000122070312,212.80999755859375,203.35000610351562,208.72000122070312,91178400,27.843685756193565,-3.887021423475005,-0.1809235005495179,255.79328370441192,214.4337151969553,235.1134994506836,231.66836700039292,232.73934515107754
2026-02-10,208.8000030517578,212.64999389648438,206.41000366210938,206.9600067138672,67175000,26.962220182632194,-5.325998389130916,-1.2099384782657976,256.61004828591274,209.6659511647708,233.13799972534179,229.31518983024762,231.7283907025595
2026-02-11,208.05999755859375,208.57000732421875,202.49000549316406,204.0800018310547,65545500,25.537518550717067,-6.622450835619787,-2.2924409497365956,257.5602709728814,204.86372805055606,231.21199951171874,226.91183859222923,230.64414015857892
2026-02-12,203.9600067138672,203.9600067138672,197.55999755859375,199.60000610351562,83975400,23.460788996492113,-7.920098983235363,-3.4179725564363492,259.09061250675614,199.6283877373845,229.3595001220703,224.31071168854223,229.42672313681175
2026-02-13,198.8800048828125,201.16000366210938,197.27999877929688,198.7899932861328,66321600,23.09509322173271,-8.91113375117854,-4.516604795384787,259.76226090304135,195.01773940213445,227.3900001525879,221.88016707878896,228.22528275051064
2026-02-17,198.1300048828125,201.74000549316406,196.0,201.14999389648438,69879200,26.680998224245883,-9.39777195371363,-5.492838227050556,259.3850939926169,191.59790619048854,225.49150009155272,219.9058648709504,227.16350671701943
2026-02-18,202.07000732421875,206.86000061035156,201.50999450683594,204.7899932861328,51003300,31.951333319745274,-9.38157376275106,-6.270585334190657,259.1863984400778,189.17560107164095,224.18099975585938,218.46625805334875,226.28611403345525
2026-02-19,203.8000030517578,205.63999938964844,202.80999755859375,204.86000061035156,35669600,32.052496399463394,-9.25638572103071,-6.867745411558667,258.7180020106248,186.99899780626976,222.85849990844727,217.17042401115853,225.44587429137277
2026-02-20,204.75999450683594,211.1699981689453,203.75,210.11000061035156,65881600,39.33590467873694,-8.634014625995917,-7.2209992544461175,257.51044969276904,185.7835505513716,221.64700012207032,216.4980027348912,224.84446748035234
2026-02-23,208.10000610351562,208.42999267578125,203.11000061035156,205.27000427246094,53581500,35.55235109231228,-8.43410518959243,-7.46362044147538,255.53328272114194,184.37171758403386,219.9525001525879,215.42866954799308,224.07684147219973
2026-02-24,205.47000122070312,210.36000061035156,203.25,208.55999755859375,41137200,39.79172381904887,-7.918916221555264,-7.554679597491357,253.27517133476115,183.6438289093795,218.45950012207032,214.77451031090743,223.46833778931324
2026-02-25,210.4600067138672,211.58999633789062,208.92999267578125,210.63999938964844,41346400,42.37265556114176,-7.2591080096864005,-7.495565279930366,249.43878876018215,184.07621215534522,216.75750045776368,214.38074736602562,222.96526569520876
2026-02-26,210.72999572753906,211.0500030517578,205.35000610351562,207.9199981689453,47756800,39.96031146559364,-6.876419530703515,-7.371736130084996,245.44071611296465,184.56528516877364,215.00300064086915,213.76543791868465,222.37525520398276
2026-02-27,206.8300018310547,210.3300018310547,205.1999969482422,210.0,57422800,42.649197370815,-6.332302547476644,-7.163849413563327,241.17871335018998,185.65428835879442,213.4165008544922,213.40682478357184,221.88995107833637
2026-03-02,204.5500030517578,209.72999572753906,203.4600067138672,208.38999938964844,46001000,41.11431870755624,-5.9622701728685,-6.9235335654243615,236.87018262548887,186.87181871728458,211.87100067138672,212.92903188891245,221.36054120819173
2026-03-03,203.10000610351562,209.17999267578125,202.47999572753906,208.72999572753906,43184900,41.592360344078855,-5.577290454436451,-6.65428494322678,230.43814146563605,189.88085877850457,210.1595001220703,212.52912368306738,220.86522569914655
2026-03-04,210.47000122070312,217.5399932861328,210.14999389648438,216.82000732421875,54731100,51.65030702981623,-4.566752251890591,-6.2367784049595425,224.7230609963882,193.41594046845557,209.0695007324219,212.93777926793896,220.7065896844435
2026-03-05,215.97999572753906,220.47000122070312,215.58999633789062,218.94000244140625,60943400,53.89106605494257,-3.5538608616087686,-5.700194896289388,220.32550237073676,196.4084987889312,208.36700057983398,213.50941957017395,220.637311753344
2026-03-06,214.99000549316406,217.32000732421875,212.52999877929688,213.2100067138672,51152700,47.48538230737469,-3.176878823424005,-5.195531681716313,218.08164456749176,197.70435701942228,207.89300079345702,213.4809040600495,220.3460448890508
2026-03-09,210.4499969482422,213.82000732421875,207.11000061035156,213.49000549316406,54642900,47.81182529917591,-2.822982693467253,-4.721021884066501,218.4945679138822,197.6084334899264,208.0515007019043,213.48177086320325,220.07718059901603
2026-03-10,214.19000244140625,215.64999389648438,212.42999267578125,214.3300018310547,35678800,48.83929633606448,-2.446534647960391,-4.2661244368452795,219.14547117114753,197.51853029369622,208.33200073242188,213.56255476490338,219.85180103948812
2026-03-11,215.7100067138672,217.0,211.35000610351562,212.64999389648438,34199300,46.85251964593344,-2.2577337108143922,-3.8644462916391022,219.57639663913108,197.65660354397437,208.61650009155272,213.47564420600634,219.56937722995855
2026-03-12,210.38999938964844,211.7100067138672,208.14999389648438,209.52999877929688,44349500,43.32743235641873,-2.332972088942114,-3.5581514510997048,219.64305786225387,198.13494201567582,208.88899993896484,213.09986845108162,219.17567611424633
2026-03-13,209.61000061035156,210.55999755859375,206.22000122070312,207.6699981689453,35662100,41.33099082124585,-2.513709076746096,-3.349262976228983,219.14702763717727,199.43797144729538,209.29249954223633,212.58273794802102,218.72447305756785
2026-03-16,208.35000610351562,212.72000122070312,207.4499969482422,211.74000549316406,42209300,47.077460349099155,-2.301992923643496,-3.139808965711886,218.50655931922543,201.37344098595034,209.94000015258788,212.5024777142251,218.45057236876772
2026-03-17,212.82000732421875,215.6999969482422,212.42999267578125,215.1999969482422,44969900,51.43259670768642,-1.8338741927603905,-2.878622011121587,218.44420622940694,202.84079438094463,210.6425003051758,212.75938430794102,218.32309882286478
2026-03-18,213.92999267578125,215.13999938964844,208.8300018310547,209.8699951171875,37846600,45.25443535845035,-1.8714009833747411,-2.677177805572218,218.21153218406414,203.5814686093929,210.89650039672853,212.4842043850121,217.99160455989704
2026-03-19,207.05999755859375,209.1199951171875,206.0500030517578,208.75999450683594,36440600,44.06725331373413,-1.968022865355607,-2.5353468175288962,217.92078467862345,204.26221550448204,211.09150009155275,212.1295177299477,217.6295806362476
2026-03-20,207.39999389648438,207.5399932861328,204.32000732421875,205.3699951171875,63694600,40.56706921206604,-2.29172346077857,-2.486622146178831,218.14089309404991,203.56810653973915,210.85449981689453,211.4857536715896,217.14881257667662
2026-03-23,209.7899932861328,212.8000030517578,209.50999450683594,210.13999938964844,44277400,46.95188922407777,-2.1387053703777212,-2.417038791018609,217.90856150879657,204.28743763671125,211.0979995727539,211.35758659711902,216.87395715757748
2026-03-24,207.9499969482422,209.35000610351562,206.63999938964844,207.24000549316406,35351400,43.866449970165725,-2.2257852357903403,-2.3787880799729555,217.9705024029873,204.09349753597755,211.03199996948243,210.96543601578998,216.49615513152204
2026-03-25,211.55999755859375,213.07000732421875,209.89999389648438,211.7100067138672,36388800,49.38744586411538,-1.9120638336980846,-2.2854432307179815,218.02777599779625,204.14322467359045,211.08550033569335,211.03634751084496,216.30846303671206
2026-03-26,210.61000061035156,212.88999938964844,207.1199951171875,207.5399932861328,46746000,44.94622257676641,-1.9771314549698502,-2.2237808755683552,218.04722777321464,204.08577240989084,211.06650009155274,210.7033613942057,215.9646014778658
2026-03-27,206.4600067138672,206.60000610351562,199.13999938964844,199.33999633789062,56009800,37.756130654437115,-2.6597097586183907,-2.3109666521783625,219.26531516581474,201.80168465107977,210.53349990844725,209.62113615074713,215.31265617825895
2026-03-30,201.47999572753906,203.8000030517578,199.97999572753906,200.9499969482422,46373800,39.79264659933911,-3.0357501500116655,-2.455923351745023,219.85841293296826,200.46458663978567,210.16149978637696,208.7953133695562,214.74941463982694
2026-03-31,204.85000610351562,210.27999877929688,204.13999938964844,208.27000427246094,58470100,48.10603787134337,-2.7118410387722918,-2.507106889150477,219.85187746272808,200.425122964518,210.13850021362305,208.7452839317376,214.4953201156165
2026-04-01,210.44000244140625,213.5800018310547,208.19000244140625,210.57000732421875,45955400,50.42244742825471,-2.243685895766191,-2.45442269047362,219.0226998463443,200.6293005809018,209.82600021362305,208.9190671119739,214.34138628065975
2026-04-02,206.5399932861328,212.2100067138672,204.89999389648438,209.77000427246094,31453000,49.593229238197466,-1.9151465155368044,-2.346567455486257,217.50429464686917,201.2307059634824,209.36750030517578,209.00010874630598,214.16211639798527
2026-04-06,209.8000030517578,212.9499969482422,209.58999633789062,212.7899932861328,25385500,52.75205877768437,-1.3950080311834085,-2.1562555706256874,217.44360811567392,201.24939115190418,209.34649963378905,209.3610501310514,214.10830764850087
2026-04-07,211.24000549316406,213.97000122070312,209.0800018310547,213.77000427246094,28154600,53.76462164139549,-0.8934170826389334,-1.9036878730283366,217.48868147487124,201.23231767063655,209.3604995727539,209.78095052547135,214.09504084944047
2026-04-08,223.7899932861328,226.10000610351562,219.6199951171875,221.25,51092700,60.68937274930671,0.10644348588351704,-1.501661601245966,219.19987466594955,200.2131242964528,209.70649948120118,210.87324095161694,214.37562748279575
2026-04-09,225.22999572753906,233.8000030517578,223.27000427246094,233.64999389648438,65964200,68.98284683664488,1.8777702992786658,-0.8257752211410396,225.0516336134802,196.46136534892213,210.75649948120116,213.0424555177948,215.13148498921493
2026-04-10,235.3000030517578,240.42999267578125,235.2100067138672,238.3800048828125,56842200,71.45660640011559,3.621485684189622,0.06367695992509281,231.06475371373782,193.3332458590161,212.19899978637696,215.4555554573203,216.04319165170895
2026-04-13,237.27000427246094,239.32000732421875,235.75,238.375,22493775,71.45011295882483,4.9459747195030275,1.0401365118406798,235.77791689108375,191.69058286477565,213.7342498779297,217.63835969948028,216.91894884183802
