Date,Open,High,Low,Close,Volume,RSI,MACD,MACD_Signal,BB_Upper,BB_Lower,BB_Middle,EMA_20,EMA_50
2024-05-02,58253.703125,59602.296875,56937.203125,59123.43359375,32711813559,33.78210363574466,-914.662420529763,-256.1285370879176,67849.64125848576,59100.263429014245,63474.95234375,62862.87164838009,63480.55424367332
2024-05-03,59122.30078125,63320.50390625,58848.3125,62889.8359375,33172023048,49.240607069796845,-791.116137568315,-363.1260571839971,67807.3616740512,59049.37934157381,63428.3705078125,62865.43967591532,63457.38881990182
2024-05-04,62891.03125,64494.95703125,62599.3515625,63891.47265625,20620477992,52.42165083994386,-605.402403979504,-411.5813265430985,67585.8382341876,59086.1773908124,63336.0078125,62963.157102613855,63474.41171544489
2024-05-05,63892.453125,64610.890625,62955.3046875,64031.1328125,18296164805,52.86520010430779,-441.8600372335204,-417.6370686811829,67627.38284117728,59105.12497132271,63366.25390625,63064.869074983966,63496.2439153294
2024-05-06,64038.3125,65494.90234375,62746.23828125,63161.94921875,28697928697,49.75631694880688,-378.0296942731802,-409.7155937995824,67590.48902992449,59077.02737632551,63333.758203125,63074.11480296168,63483.13431938511
2024-05-07,63162.76171875,64390.45703125,62285.98046875,62334.81640625,25930730982,46.92808045134362,-389.69424030968366,-405.7113231016027,67561.25492928017,59212.07397696982,63386.664453125,63003.70543184628,63438.102244360205
2024-05-08,62332.640625,62986.0859375,60877.12890625,61187.94140625,26088172222,43.25656745221121,-485.88077363959746,-421.74521320920167,67558.16580867197,58982.681847578024,63270.423828125,62830.77552464663,63349.860642865686
2024-05-09,61191.19921875,63404.9140625,60648.07421875,63049.9609375,25453338161,50.0846564639815,-407.16631978252553,-418.8294345238665,67510.83410699572,58950.65261175428,63230.743359375,62851.65032587076,63338.09987010625
2024-05-10,63055.19140625,63446.7421875,60208.78125,60792.77734375,27804954694,43.28498164231689,-520.9156090565302,-439.24666943039927,67348.45133433957,58692.86897816043,63020.66015625,62655.567184716405,63238.283300445226
2024-05-11,60793.35546875,61451.15234375,60492.625,60793.7109375,13842272968,43.288411143789986,-604.0245876580302,-472.2022530759255,67153.28112435483,58474.74582877016,62814.0134765625,62478.247542124365,63142.417717584634
2024-05-12,60793.50390625,61818.15625,60632.6015625,61448.39453125,13800459405,45.765091905955764,-610.0295168311859,-499.76770582697765,66482.53463125083,58606.56380624916,62544.54921875,62380.16630299347,63075.985435767594
2024-05-13,61451.21875,63422.66015625,60769.83984375,62901.44921875,27889181179,50.89125304876651,-491.86913564968563,-498.18799179151927,65871.25480108174,58867.261214543265,62369.2580078125,62429.81229497029,63069.14087823749
2024-05-14,62900.7734375,63092.125,61123.765625,61552.7890625,28186271527,46.49830822460382,-501.2734177223101,-498.80507697767746,65633.06502358001,58833.040054544974,62233.0525390625,62346.286272830264,63009.67610114975
2024-05-15,61553.98828125,66454.453125,61330.41015625,66267.4921875,39815167074,59.62058365075518,-126.82725361712801,-424.4095123055676,66049.09311449571,58595.590479254286,62322.341796875,62719.73445517976,63137.433594732116
2024-05-16,66256.109375,66712.4296875,64613.0546875,65231.58203125,31573077994,56.35026536586406,85.3508653811441,-322.4574367682253,66296.82937112839,58495.480394496604,62396.1548828125,62958.958033853116,63219.55706283086
2024-05-17,65231.296875,67459.4609375,65119.31640625,67051.875,28031279310,60.455035769923576,395.8231798768684,-178.80131343920658,66984.53007760104,58171.05312552396,62577.7916015625,63348.75964967663,63369.84404075907
2024-05-18,67066.2109375,67387.328125,66663.5,66940.8046875,16712277406,60.08375223121639,625.699604426205,-17.901129866124265,67587.0876649079,57951.2529600921,62769.1703125,63690.85917708837,63509.881713180286
2024-05-19,66937.9296875,67694.296875,65937.1796875,66278.3671875,19249094538,57.80362093454105,745.82771933607,134.8446399743146,67940.82535860444,57841.23987577055,62891.0326171875,63937.28851141329,63618.44977099675
2024-05-20,66278.7421875,71483.5625,66086.171875,71448.1953125,43850655717,68.0075278555445,1243.8536686889784,356.6464457172474,69645.78367810335,57217.41554064665,63431.599609375,64652.61296865964,63925.498615761586
2024-05-21,71443.0625,71946.4609375,69191.125,70136.53125,46932005990,63.79257579201651,1515.2357987382493,588.3643163214479,70424.99159170898,57626.45958016602,64025.7255859375,65174.89090021587,64169.06852298662
2024-05-22,70135.3203125,70623.6953125,68977.6953125,69122.3359375,32802561717,60.661919001622984,1629.6850118966395,796.6284554364862,70874.46990338745,58176.871502862545,64525.670703125,65550.83804662389,64363.31430394793
2024-05-23,69121.3046875,70041.2734375,66356.953125,67929.5625,41895680979,57.11203625142125,1605.6312720703427,958.4290187632575,71251.89789954157,58303.41616295843,64777.65703125,65777.3832326597,64503.16717438135
2024-05-24,67928.1328125,69220.296875,66622.671875,68526.1015625,29197308153,58.42249074588437,1616.0751188210124,1089.9582387748085,71678.90356665399,58339.87338647101,65009.3884765625,66039.16593073973,64660.92930724875
2024-05-25,68526.921875,69579.3203125,68515.8203125,69265.9453125,15473071741,60.05275914740023,1664.8596840094833,1204.9385278217435,72185.38102910644,58356.87717401856,65271.1291015625,66346.47825281214,64841.51817019978
2024-05-26,69264.2890625,69506.2265625,68183.890625,68518.09375,15628433737,57.59442361820598,1624.4507750088815,1288.8409772591713,72523.76807603642,58554.10458021358,65538.936328125,66553.29877635384,64985.69760470175
2024-05-27,68512.1796875,70597.8828125,68232.5,69394.5546875,25870990717,59.67773850224713,1644.1962256493425,1359.9120269372056,72908.44235708089,58875.404127294125,65891.9232421875,66823.89457741538,65158.59396088992
2024-05-28,69392.1953125,69514.640625,67227.15625,68296.21875,32722265965,55.96707262991385,1553.3124871123873,1398.5921189722421,72974.76140357132,59519.912815178686,66247.337109375,66964.11592718535,65281.63807026679
2024-05-29,68296.3515625,68852.4609375,67101.4921875,67578.09375,26707072906,53.61953754182413,1407.1193872659205,1400.2975726309778,73051.20331839504,59896.28418160495,66473.74375,67022.59000554866,65371.69515574652
2024-05-30,67576.0859375,69500.5390625,67118.078125,68364.9921875,29509712534,55.80697934841879,1339.317610180893,1388.101580140961,72903.63791825419,60801.07106612082,66852.3544921875,67150.43783240116,65489.07935307019
2024-05-31,68362.515625,68999.5625,66633.421875,67491.4140625,27387283769,52.82822166351199,1201.2465371349972,1350.7305715397683,72526.15185365643,61848.32744321859,67187.2396484375,67182.91175907724,65567.60228285176
2024-06-01,67489.609375,67839.765625,67386.1953125,67706.9375,11641495604,53.48783683439023,1096.5745286274323,1299.899362957301,72106.1399522847,62894.19364146529,67500.166796875,67232.81897249845,65651.49778156346
2024-06-02,67710.2734375,68409.1640625,67315.5234375,67751.6015625,17110588415,53.6325373631074,1005.6329140858434,1241.0460731830094,71808.19085189383,63677.15797623115,67742.6744140625,67282.2268382129,65733.85479258059
2024-06-03,67753.8984375,70230.8203125,67589.8359375,68804.78125,32401285324,57.027414051369405,1006.9364912788005,1194.2241568021677,70959.40618155099,65251.141865323996,68105.2740234375,67427.23202028786,65854.28328110685
2024-06-04,68804.5703125,71047.40625,68564.640625,70567.765625,33149696545,62.038019511065066,1137.119682911114,1182.803262023957,71238.67367733439,65401.9017132906,68320.2876953125,67726.33045883187,66039.12572596541
2024-06-05,70568.3515625,71735.4140625,70390.7109375,71082.8203125,32810771409,63.38137309411387,1267.2434157237876,1199.6912927639232,71397.59277341452,65828.10644533548,68612.849609375,68045.99615918122,66236.91767053539
2024-06-06,71082.84375,71625.734375,70119.125,70757.1640625,25223152007,61.89011262249409,1328.7724124775996,1225.5075167066584,71638.0643295531,65958.16379544689,68798.1140625,68304.20262616395,66414.18223492616
2024-06-07,70759.1875,71907.8515625,68507.2578125,69342.5859375,36188381096,55.75365919485492,1248.9923468291236,1230.2044827311515,71627.58961863173,66208.81663136827,68918.203125,68403.09627486263,66529.02159581141
2024-06-08,69324.1796875,69533.3203125,69210.7421875,69305.7734375,14262185861,55.59916310879073,1169.3164566848282,1218.026877521887,71479.72301165244,66659.42386334756,69069.5734375,68489.06552844714,66637.91382489724
2024-06-09,69297.4921875,69817.5234375,69160.84375,69647.9921875,13534028500,56.7976805043205,1120.8662839884782,1198.5947588152053,71136.88078066299,66822.245781837,68979.56328125,68599.439495976,66755.95611362676
2024-06-10,69644.3125,70146.0703125,69232.421875,69512.28125,20597699541,56.15038637490682,1059.307398297722,1170.7372867117087,71052.5980360053,66844.1035264947,68948.35078125,68686.37680588305,66864.04729544533
2024-06-11,69508.078125,69549.4140625,66123.6015625,67332.03125,37116136345,46.90248750059579,825.0825459953194,1101.606338568431,71080.93871692955,66636.73237682044,68858.835546875,68557.39151484656,66882.39960738865
2024-06-12,67321.375,69977.890625,66902.453125,68241.1875,34497940694,50.559214998692795,704.6956811316632,1022.2242070810775,71073.3333757656,66675.5002179844,68874.416796875,68527.27684676593,66935.6854070989
2024-06-13,68243.1015625,68365.78125,66304.5625,66756.3984375,28955204146,45.09690803129263,483.9000563110603,914.559376927074,71177.82355355831,66394.03972769169,68785.931640625,68358.62176016918,66928.65454554601
2024-06-14,66747.5703125,67294.6484375,65056.89453125,66011.09375,27403884779,42.60847722028011,245.94299562470405,780.8361006666,71303.13631824004,65943.24180675995,68623.1890625,68135.04766396258,66892.6717692501
2024-06-15,66006.7421875,66402.1875,65871.7734375,66191.0,14121265576,43.420070214593196,71.05812761546986,638.8805060563741,71399.6125875885,65614.0561624115,68506.834375,67949.90026739471,66865.15522927951
2024-06-16,66189.359375,66894.84375,66018.25,66639.046875,13281140541,45.48758144415615,-31.02807954409218,504.8987889362808,71345.09411136141,65393.02385738861,68369.058984375,67825.05708716664,66856.28823499403
2024-06-17,66636.515625,67188.3203125,65094.96484375,66490.296875,30006354476,44.90095817353921,-122.52265119852382,379.41450090931994,71371.40620863222,65186.11957261778,68278.762890625,67697.9370669603,66841.93563264133
2024-06-18,66490.9765625,66556.703125,64066.95703125,65140.74609375,39481285950,39.87638514659448,-300.46663545827323,243.4382736358013,71543.87620895075,64769.91480667425,68156.8955078125,67454.3950695117,66775.2223173907
2024-06-19,65146.66015625,65695.3515625,64693.30078125,64960.296875,21103423504,39.244020608492086,-450.8521262121212,104.58019366621681,71659.76706746008,64313.554416914914,67986.6607421875,67216.86190812962,66704.04877063028
2024-06-20,64960.296875,66438.9609375,64547.84765625,64828.65625,25641109124,38.76110912391813,-574.0388468743913,-31.143614441904802,71786.08146704914,63920.964236075866,67853.5228515625,66989.41375021252,66630.50396589968
2024-06-21,64837.98828125,65007.546875,63378.89453125,64096.19921875,26188171739,36.09934104003171,-722.4405268448463,-169.40299692249312,71950.29335602606,63395.67851897393,67672.9859375,66713.86950912085,66531.11946601147
2024-06-22,64113.86328125,64475.46875,63929.7578125,64252.578125,9858198793,37.092586410926906,-818.0020382679068,-299.1228051915758,72039.85923119535,62956.210300054634,67498.034765625,66479.46080587125,66441.76490361887
2024-06-23,64248.96484375,64491.703125,63180.796875,63180.796875,11170471802,33.27505466084095,-969.0484271233727,-433.10792957793524,72101.46884407538,62332.202249674614,67216.835546875,66165.30233626446,66313.88380445735
2024-06-24,63173.3515625,63292.52734375,58601.69921875,60277.4140625,43152133651,25.591337707110597,-1307.955213381938,-608.0773863387358,72226.72454348045,61177.91139401954,66702.31796875,65604.55107209642,66077.15950085118
2024-06-25,60266.28125,62258.26171875,60239.75,61804.640625,29201215431,34.19871440859285,-1436.7449615801743,-773.8109013870235,71772.22435569076,60704.59361305924,66238.408984375,65242.65483903962,65909.60974101388
2024-06-26,61789.67578125,62434.13671875,60695.1875,60811.27734375,22506003064,31.635355874565306,-1600.5181034126363,-939.152341792146,71352.16318419702,60130.066112677996,65741.1146484375,64820.61888710727,65709.6751371996
2024-06-27,60811.2265625,62293.86328125,60585.33203125,61604.80078125,21231745045,35.776585436357024,-1647.2898565188443,-1080.7798447374857,70986.70998665252,59721.74079459748,65354.225390625,64514.350496073246,65548.69967226041
2024-06-28,61612.8046875,62126.09765625,59985.40234375,60320.13671875,24952866877,32.35908569579908,-1767.6421825249054,-1218.1523122949698,70642.78518756261,59167.10192181239,64904.9435546875,64114.9015648996,65343.65798780903
2024-06-29,60319.875,61097.62109375,60300.96484375,60887.37890625,12652903396,35.29802599370919,-1796.5411559481872,-1333.8300810256133,70014.60704389843,58919.218737351555,64466.912890625,63807.51845455202,65168.90194539495
2024-06-30,60888.4453125,62892.828125,60632.94921875,62678.29296875,17333226409,43.626195340032886,-1655.8444588473503,-1398.2329565899606,69184.82806638815,59065.598886736865,64125.2134765625,63699.97317018992,65071.23100513437
2024-07-01,62673.60546875,63777.2265625,62495.51171875,62851.98046875,25468379421,44.37400030913985,-1512.8865684253542,-1421.1636789570393,68755.5627203094,59046.859154690595,63901.2109375,63619.21196052898,64984.20157233498
2024-07-02,62844.41015625,63203.359375,61752.74609375,62029.015625,20151616992,41.56085069018418,-1449.29126781354,-1426.7891967283394,68055.02634982004,59126.17833767996,63590.60234375,63467.764690478594,64868.311927341456
2024-07-03,62034.33203125,62187.703125,59419.38671875,60173.921875,29756701685,36.0177796078566,-1530.934436646865,-1447.6182447120445,67713.74295986649,58809.21407138351,63261.478515625,63154.06537471873,64684.218199798655
2024-07-04,60147.13671875,60399.67578125,56777.8046875,56977.703125,41149609230,28.87267808098879,-1832.4223531214375,-1524.579066393923,67877.82989262012,57741.78807612988,62809.808984375,62565.84039855504,64382.00192235557
2024-07-05,57022.80859375,57497.15234375,53717.375,56662.375,55417544033,28.276698922711333,-2072.902909013239,-1634.2438349177864,67835.9460885552,56830.8093801948,62333.377734375,62003.60559869265,64079.27145481222
2024-07-06,56659.07421875,58472.546875,56038.9609375,58303.5390625,20610320577,35.71429191943376,-2106.771705264495,-1728.7494089871282,67307.5988591345,56525.6058283655,61916.60234375,61651.21830953145,63852.772145309784
2024-07-07,58239.4296875,58371.12109375,55793.32421875,55849.109375,20553359505,30.603113590722927,-2305.09325340706,-1844.0181778711146,66971.79447227599,55797.291465224014,61384.54296875,61098.636506242736,63538.903017062345
2024-07-08,55849.57421875,58131.3359375,54321.01953125,56705.09765625,39766159899,34.142949828968966,-2365.9205492776455,-1948.398652152421,66629.14694322873,55296.37415052127,60962.760546875,60680.20423481485,63270.91064997167
2024-07-09,56704.59765625,58239.1953125,56316.875,58009.2265625,27849512607,39.228960163458176,-2282.582129882503,-2015.2353476984374,66098.96079061537,55131.45327188463,60615.20703125,60425.825408880104,63064.5700975218
2024-07-10,58033.8828125,59359.43359375,57178.4140625,57742.49609375,26175260526,38.57282516577738,-2212.5538087195528,-2054.699039902661,65509.026873430186,55012.77117344482,60260.8990234375,60170.270236010576,62855.86131306016
2024-07-11,57729.890625,59299.43359375,57120.37890625,57344.9140625,28707803842,37.56426885690861,-2164.1899720252695,-2076.5972263271824,64998.412495039105,54848.25703621089,59923.334765625,59901.18869567624,62639.745734606826
2024-07-12,57341.1953125,58532.5546875,56590.17578125,57899.46484375,25604805221,39.92377228688402,-2057.397274435447,-2072.7572359488354,64322.47027857512,54888.887924549876,59605.6791015625,59710.548328826124,62453.85236633793
2024-07-13,57908.73828125,59787.078125,57796.44140625,59231.953125,17080061806,45.27529755328028,-1843.9862977689481,-2027.003048312858,63815.33886072584,55001.134967399164,59408.2369140625,59664.967833223636,62327.50337648154
2024-07-14,59225.25,61329.52734375,59225.25,60787.79296875,22223416061,50.78762975471759,-1531.6572966311578,-1927.9338979765182,63867.87673256092,54999.63498618908,59433.755859375,59771.90356041662,62267.122576178335
2024-07-15,60815.45703125,64870.15234375,60704.9296875,64870.15234375,38094526099,61.69145062533939,-943.8420060345306,-1731.1155195881208,64546.981077254815,54627.08181337019,59587.0314453125,60257.45106359123,62369.20217490663
2024-07-16,64784.41796875,65354.33984375,62487.96875,65097.1484375,41617346768,62.19306244235484,-454.4389759399128,-1475.7802108584794,65322.56443684868,54280.08556315131,59801.325,60718.374623011114,62476.18045971422
2024-07-17,65091.83203125,66066.734375,63896.0859375,64118.79296875,32525071311,58.62975644469361,-143.87021225108765,-1209.3982111370012,65728.50174064349,54125.547478106506,59927.024609375,61042.223989271966,62540.59663653916
2024-07-18,64104.73828125,65104.66015625,63246.1640625,63974.06640625,27239305337,58.09945901949879,89.54730089259829,-949.6091087310814,66186.90621714485,54032.53597035515,60109.72109375,61321.4470766032,62596.81113731213
2024-07-19,63972.32421875,67442.640625,63329.34375,66710.15625,37003855410,64.61546800654678,489.66736509756447,-661.7538139653523,67155.09615434865,53646.623767526355,60400.8599609375,61834.657474069565,62758.11878879009
2024-07-20,66709.921875,67610.734375,66299.6171875,67163.6484375,19029581250,65.57113992982251,833.7475059692879,-362.6535499784243,67969.81851045952,53280.43695829048,60625.127734375,62342.1804229677,62930.88465736695
2024-07-21,67164.9140625,68372.90625,65842.296875,68154.5234375,26652190004,67.62841819271317,1172.8687273819596,-55.5490945063475,68923.9126430282,52856.597122596795,60890.2548828125,62895.73690054221,63135.73323698001
2024-07-22,68152.9765625,68480.0625,66611.296875,67585.25,42649109453,65.21729228514349,1379.7838405698712,231.51749250889625,69734.16830486798,52601.96489825702,61168.0666015625,63342.35719572866,63310.22409043178
2024-07-23,67584.8046875,67779.015625,65484.4609375,65927.671875,35605668666,58.65937599217828,1393.944334200627,464.00286084724246,70264.31696932128,52647.19123380372,61455.7541015625,63588.57764137355,63412.86910159132
2024-07-24,65927.859375,67113.984375,65146.99609375,65372.1328125,27470942309,56.60498517812024,1344.8368261141732,640.1696539006286,70585.03431785415,53165.91685402084,61875.4755859375,63758.44003862369,63489.702972607345
2024-07-25,65375.875,66112.421875,63473.47265625,65777.2265625,38315761670,57.766509287651324,1323.351677885592,776.8060586976213,70843.88587890819,53818.55044921681,62331.2181640625,63950.705421850005,63579.40978005411
2024-07-26,65771.8125,68207.6015625,65743.765625,67912.0625,30488630457,63.33607118105265,1461.7379564485527,913.7924382478077,71450.82824763205,54172.46042424295,62811.6443359375,64327.97752453096,63749.31772985592
2024-07-27,67911.8125,69398.5078125,66705.21875,67813.3359375,34691905492,62.9228083487167,1545.6266488389156,1040.1592803660292,71667.56668331833,55152.14464480666,63409.8556640625,64659.9164210042,63908.69099290079
2024-07-28,67808.65625,68301.8515625,67085.828125,68255.8671875,18043166945,64.05497063160661,1629.039067106707,1157.935237714165,71878.23550023562,56096.55278101438,63987.394140625,65002.38792257523,64079.16849072821
2024-07-29,68259.0546875,69987.5390625,66532.59375,66819.9140625,40780682628,57.8790173511557,1561.2771618509069,1238.6036225415135,71885.37005907834,56970.486972171646,64427.928515625,65175.48565018711,64186.64870922907
2024-07-30,66819.0546875,66987.671875,65323.19140625,66201.015625,31380492109,55.39975319268848,1441.0242021849626,1279.0877384702035,71641.48762092968,58060.22136344532,64850.8544921875,65273.155171597864,64265.6434902397
2024-07-31,66201.2734375,66810.2109375,64532.046875,64619.25,31292785994,49.55704152320423,1204.2062585471576,1264.1114424855944,71020.26754113416,59408.87503699084,65214.5712890625,65210.87848858854,64279.51041219109
2024-08-01,64625.83984375,65593.2421875,62248.94140625,65357.5,40975554494,52.0963820608104,1063.8337242605776,1224.055898840591,70262.88576728533,60912.06032646468,65587.473046875,65224.842442056295,64321.784513673796
2024-08-02,65353.5,65523.22265625,61184.89453125,61415.06640625,43060875727,40.4000871045633,627.2356546000374,1104.6918499924805,69816.17375535743,61577.08366651757,65696.6287109375,64862.00662912236,64207.79556828463
2024-08-03,61414.80859375,62148.37109375,59836.52734375,60680.09375,31753030589,38.657609437918154,219.3933578762444,927.6321515692333,69837.99818757156,61544.48931242843,65691.24375,64463.72921206309,64069.45432050877
2024-08-04,60676.09375,61062.98828125,57210.8046875,58116.9765625,31758917219,33.268680470526704,-307.10660303699115,680.6844006479885,70706.28289178589,60000.88703008911,65353.5849609375,63859.276578771365,63836.02382019471
2024-08-05,58110.296875,58268.828125,49121.23828125,53991.45703125,108991085584,26.79422158063393,-1045.208055213603,335.50590947567014,72181.91531228992,57414.685468960095,64798.300390625,62919.48424091219,63449.96237749099
2024-08-06,53991.34765625,57059.91796875,53973.2734375,56034.31640625,49300484106,33.677183553503994,-1448.618324808238,-21.318937381111482,72754.85153422075,56033.30159077924,64394.0765625,62263.753970944366,63159.152731559974
2024-08-07,56040.6328125,57726.8828125,54620.5078125,55027.4609375,41637562185,32.076412783436666,-1828.490985675162,-382.75334703992155,73300.5200095995,54592.97256852551,63946.7462890625,61574.583205854426,62840.262857283116
2024-08-08,55030.02734375,62673.765625,54766.7265625,61710.13671875,45298472567,49.30135208392337,-1572.1835666458283,-620.6393909611029,73006.70739465978,54386.783230340225,63696.7453125,61587.49306422543,62795.944185183784
2024-08-09,61728.20703125,61751.86328125,59587.859375,60880.11328125,33425553115,47.68389251210135,-1419.6689847379967,-780.4453097164817,72623.75758027789,54141.37952909711,63382.5685546875,61520.12356108491,62720.81356150011
2024-08-10,60881.23046875,61464.51171875,60287.56640625,60945.8125,15745822278,47.829791309201426,-1278.757975938548,-880.107842960895,72039.26209205778,54005.00392356722,63022.1330078125,61465.42726955301,62651.2056767354
2024-08-11,60944.890625,61778.66015625,58348.82421875,58719.484375,22759754812,43.41168112154111,-1331.3836972388235,-970.3630138164808,71522.84111280608,53634.848340318924,62578.8447265625,61203.908898643196,62497.020527647735
2024-08-12,58719.39453125,60680.33203125,57688.8984375,59354.515625,37078637820,44.973045064262976,-1306.7844481465727,-1037.6473006824992,71159.05800654969,53341.31582157531,62250.1869140625,61027.776205915274,62373.785041269395
2024-08-13,59356.20703125,61572.3984375,58506.25390625,60609.56640625,30327698167,48.02529617921019,-1172.501390688005,-1064.6181186836004,70823.64083050036,53200.47635699964,62012.05859375,60987.94670118525,62304.59999675883
2024-08-14,60611.05078125,61687.7578125,58472.875,58737.26953125,29961696180,44.09577314008183,-1203.289043497527,-1092.3523036463857,70400.5125674013,52919.60891697371,61660.0607421875,60773.59649452475,62164.704684385935
2024-08-15,58733.26171875,59838.6484375,56161.59375,57560.09765625,35682112440,41.78105034029524,-1307.603176969409,-1135.4024783109905,69543.49788151844,52741.42711848156,61142.4625,60467.54898611763,61984.13185975315
2024-08-16,57560.2734375,59847.359375,57110.01953125,58894.10546875,29350938673,45.28616601636443,-1268.012736077355,-1161.9245298642636,68534.59354595632,52858.40840716868,60696.5009765625,60317.69722255881,61862.95435422361
2024-08-17,58893.53125,59694.66796875,58814.83203125,59478.97265625,13589684021,46.798492288618256,-1175.8882248533555,-1164.717268862082,67250.97961731786,53264.33288268214,60257.65625,60237.818692434164,61769.46487587171
2024-08-18,59468.1328125,60262.71875,58445.40234375,58483.96484375,17740625837,44.542800373922866,-1169.6843082265405,-1165.7106767349737,66147.32275462423,53534.39482350077,59840.8587890625,60070.78499255948,61640.62173735713
2024-08-19,58480.7109375,59612.66015625,57864.7109375,59493.453125,25911207712,47.317243860826856,-1070.9649743795817,-1146.7615362638953,65055.90203811938,53955.05929000563,59505.4806640625,60015.80100517286,61556.419046676456
2024-08-20,59493.453125,61396.328125,58610.8828125,59012.79296875,31613400008,46.133770668840214,-1019.7592982245042,-1121.361088656017,64227.35899350265,54222.956631497356,59225.1578125,59920.27643027545,61456.66900440483
2024-08-21,59014.98828125,61834.3515625,58823.4453125,61175.19140625,32731154072,51.95565461856718,-795.5206817414655,-1056.1930072731068,63225.73056143368,54806.35420419132,59016.0423828125,60039.79214227303,61445.630667222285
2024-08-22,61168.31640625,61408.109375,59815.25390625,60381.9140625,27625734377,49.82803143665829,-674.0507767990202,-979.7645611782896,63074.2937967064,54854.4757345436,58964.384765625,60072.37518229464,61403.916290566514
2024-08-23,60380.953125,64947.0625,60372.05078125,64094.35546875,42530509233,58.41136187071625,-275.0513855130703,-838.8219260452457,63792.271290678385,54477.92441244662,59135.0978515625,60455.42092386182,61509.42370931881
2024-08-24,64103.87109375,64513.7890625,63619.91796875,64178.9921875,21430585163,58.58531527947691,47.44111098461144,-661.5693186392743,64580.201182311415,54296.19608331358,59438.1986328125,60810.04675849403,61614.112669247486
2024-08-25,64176.3671875,64996.421875,63833.51953125,64333.54296875,18827683555,58.923187163666846,311.89437015248404,-466.8765808809227,64865.87945403028,55044.72640534473,59955.3029296875,61145.61782613746,61720.75699471818
2024-08-26,64342.2265625,64489.70703125,62849.55859375,62880.66015625,27682040631,54.42784361802819,399.6332591569226,-293.57461287335366,65007.75090106042,55587.48933331458,60297.6201171875,61310.85995281484,61766.24339320962
2024-08-27,62879.70703125,63210.796875,58116.75,59504.1328125,39103882198,45.70151400298528,194.4677201671584,-195.96614626525127,64553.77945423477,56489.127967640234,60521.4537109375,61138.79070135629,61677.53317435826
2024-08-28,59507.92578125,60236.44921875,57890.67578125,59027.625,40289564698,44.61441248781521,-6.5026868210261455,-158.07345437640626,64431.61207681389,56343.04417318611,60387.328125,60937.72730122712,61573.615206736366
2024-08-29,59027.46875,61184.08203125,58786.2265625,59388.1796875,32224990582,45.66754886788827,-135.12183190498035,-153.4831298821211,64373.74693514941,56251.71595547559,60312.7314453125,60790.15133801501,61487.91185304082
2024-08-30,59388.6015625,59896.88671875,57768.53125,59119.4765625,32292756405,44.98110625570222,-255.78697455588554,-173.94389881687397,64304.56520670483,56138.264090170174,60221.4146484375,60631.03945463263,61395.0320377255
2024-08-31,59117.48046875,59432.59375,58768.78515625,58969.8984375,12403470760,44.57939797579658,-359.3423985751797,-211.02359876853512,64299.190589405844,56168.68011371915,60233.9353515625,60472.83554823905,61299.928759285285
2024-09-01,58969.80078125,59062.0703125,57217.82421875,57325.48828125,24592449997,40.31663063372839,-567.5585136350346,-282.33058174183503,64387.01131699668,55877.956651753324,60132.483984375,60173.088189478185,61144.068348381945
2024-09-02,57326.96875,59403.0703125,57136.02734375,59112.48046875,27036454524,46.32338331929227,-581.6708108912135,-342.19862757171074,64329.459065955794,55785.8003090442,60057.6296875,60072.077930361214,61064.398235455206
2024-09-03,59106.19140625,59815.05859375,57425.16796875,57431.0234375,26666961053,42.03632884158784,-720.232051281193,-417.80531231360726,64387.312027225395,55597.322738399605,59992.3173828125,59820.54893104109,60921.912949260884
2024-09-04,57430.34765625,58511.5703125,55673.1640625,57971.5390625,35627680312,43.835722036051386,-777.4655994353816,-489.7373697379621,64363.57683162925,55662.20207462074,60012.889453125,59644.4527530848,60806.21201252517
2024-09-05,57971.703125,58300.58203125,55712.453125,56160.48828125,31030280656,39.42007185950129,-957.9179789785776,-583.3734915860853,64535.68602548422,55216.731162015785,59876.20859375,59312.64661291006,60624.026768161435
2024-09-06,56160.19140625,56976.109375,52598.69921875,53948.75390625,49361693566,34.80859519806148,-1264.8162552135182,-719.6620443115719,64961.82064333899,54237.574669161004,59599.69765625,58801.79968846624,60362.25136181197
2024-09-07,53949.0859375,54838.14453125,53740.0703125,54139.6875,19061486526,35.50996853938797,-1475.6185923039811,-870.8533539100538,65261.92052947918,53503.047048645814,59382.4837890625,58357.78900385041,60118.22924958405
2024-09-08,54147.93359375,55300.859375,53653.7578125,54841.56640625,18268287531,38.14449054348827,-1567.970612120691,-1010.2768055521813,65369.08811209053,52930.69079415946,59149.889453125,58022.9106612218,59911.3012949435
2024-09-09,54851.88671875,58041.125,54598.43359375,57019.53515625,34618096173,45.57444640035469,-1448.7164753717225,-1097.9647395160896,65342.13468170242,52758.31844329758,59050.2265625,57927.35108931972,59797.898701269245
2024-09-10,57020.09765625,58029.9765625,56419.4140625,57648.7109375,28857630507,47.53501670566417,-1288.583497074127,-1136.088491027697,65112.500208620644,52635.30486950436,58873.9025390625,57900.813932003555,59713.61682818026
2024-09-11,57650.2890625,57991.3203125,55567.33984375,57343.171875,37049062672,46.65606085340122,-1172.811960691979,-1143.4331849605535,64953.93426785369,52489.99659152131,58721.9654296875,57847.70516466988,59620.65820256535
2024-09-12,57343.171875,58534.359375,57330.1015625,58127.01171875,33835707949,49.24872149991269,-1006.2138525071932,-1115.9893184698815,64121.03542623347,52726.16105814153,58423.5982421875,57874.30578886799,59562.08383065102
2024-09-13,58130.32421875,60648.0234375,57650.11328125,60571.30078125,32490528356,56.36996824952051,-669.2354225617746,-1026.63853928826,63373.63993057146,53112.787413178536,58243.213671875,58131.162454809135,59601.66096596863
2024-09-14,60569.1171875,60656.72265625,59517.8828125,60005.12109375,16428405496,54.46362121171968,-442.7596998402878,-909.8627713986657,62382.103784677194,53671.48137157281,58026.792578125,58309.634706136836,59617.482931763974
2024-09-15,60000.7265625,60381.91796875,58696.30859375,59182.8359375,18120960867,51.7275408102937,-325.87115803753113,-793.0644487264389,61603.037958789326,54080.764775585674,57841.9013671875,58392.79672817142,59600.43795159676
2024-09-16,59185.2265625,59205.51171875,57501.33984375,58192.5078125,32032822113,48.5632839216688,-309.5787189266848,-696.3673027664881,61460.37105354424,54092.26918083076,57776.3201171875,58373.72159334557,59545.22500496551
2024-09-17,58192.5078125,61316.08984375,57628.0703125,60308.5390625,38075570118,54.910111639684686,-124.4858111455178,-581.9910044422941,61658.120203479615,54022.61143714539,57840.3658203125,58557.98992374123,59575.15888957471
2024-09-18,60309.0,61664.06640625,59218.25390625,61649.6796875,40990702891,58.41264068181136,128.93421843966644,-439.80595986590197,62085.26482882317,53821.616811801825,57953.4408203125,58852.436567908735,59656.512646356096
2024-09-19,61651.15625,63872.44140625,61609.8671875,62940.45703125,42710252573,61.51145647776502,428.9813320783287,-266.0485014770559,62820.80311330137,53468.17657419863,58144.48984375,59241.771850131714,59785.294779097036
2024-09-20,62941.42578125,64119.53125,62364.60546875,63192.9765625,35177164222,62.10633643282419,679.3163115578645,-76.9755388700718,63542.40324715755,53168.88425284246,58355.64375,59618.07706083345,59918.92935883833
2024-09-21,63184.33984375,63543.359375,62783.10546875,63394.83984375,14408616220,62.60392559304178,883.8092630839164,115.18142152072585,64283.81581062548,53034.40684562452,58659.111328125,59977.76875444455,60055.23957393291
2024-09-22,63396.8046875,63993.421875,62440.7265625,63648.7109375,20183348802,63.257379637779806,1054.2044632045072,302.9860298574821,64937.26230814673,52834.58339497827,58885.9228515625,60327.38229568792,60196.16001956299
2024-09-23,63643.1015625,64733.55859375,62628.078125,63329.80078125,31400285425,61.79657144656359,1150.2511236185965,472.43904860970497,65502.59380702636,52859.12963047364,59180.86171875,60613.3269133605,60319.04789257032
2024-09-24,63326.83984375,64695.21484375,62737.41796875,64301.96875,29938335243,64.48876001418317,1289.9449419787052,635.940227283505,66187.3594876854,52807.40691856459,59497.383203125,60964.6261358976,60475.24086737149
2024-09-25,64302.58984375,64804.50390625,62945.375,63143.14453125,25078377700,59.13895763316669,1292.24962048616,767.202105924036,66532.06683408716,53160.96519716283,59846.516015625,61172.10407831211,60579.86454046477
2024-09-26,63138.546875,65790.796875,62669.26953125,65181.01953125,36873129847,64.68692515441468,1441.894315949423,902.1405479291134,66891.69461885071,53924.56397489929,60408.129296875,61553.905550020485,60760.3019910838
2024-09-27,65180.6640625,66480.6953125,64852.9921875,65790.6640625,32058813449,66.16688612816178,1591.338079093577,1039.9800541620061,67190.25360791822,54791.10264208177,60990.678125,61957.40636073281,60957.571091923644
2024-09-28,65792.1796875,66255.53125,65458.03515625,65887.6484375,15243637984,66.40807617265132,1698.0253869234002,1171.589120714285,67394.35082400119,55691.61362912381,61542.9822265625,62331.71512994874,61150.907458416834
2024-09-29,65888.8984375,66069.34375,65450.015625,65635.3046875,14788214575,65.1075349435525,1742.1316065972205,1285.6976178908722,67689.98769276861,56257.5537134814,61973.770703125,62646.342706858384,61326.76617328284
2024-09-30,65634.65625,65635.0546875,62873.6171875,63329.5,37112957475,54.587623957260625,1572.895574500093,1343.1372092127162,67622.90574919489,56892.71456330512,62257.81015625,62711.405306205204,61405.30475472273
2024-10-01,63335.60546875,64110.98046875,60189.27734375,60837.0078125,50220923500,45.94551215048625,1223.5472201561934,1319.2192114014117,67331.04859716874,57533.95530908126,62432.501953125,62532.891259185664,61383.01860012577
2024-10-02,60836.32421875,62357.6875,59996.94921875,60632.78515625,40762722398,45.31251945538458,919.6064204405266,1239.2966532092346,67108.50244157144,58007.07880842856,62557.790625,62351.92877319179,61353.59768075809
2024-10-03,60632.484375,61469.0390625,59878.8046875,60759.40234375,36106447279,45.810990845014494,681.096835387616,1127.6566896449108,67101.36852454675,58033.02288170324,62567.195703125,62200.25958943542,61330.2959028362
2024-10-04,60754.625,62465.9921875,60459.94140625,62067.4765625,29585472513,50.80028714004734,590.8163649998678,1020.2886247159022,67050.33420447542,58290.29274864958,62670.3134765625,62187.613586870146,61359.204948313214
2024-10-05,62067.609375,62371.0234375,61689.58203125,62089.94921875,13305410749,50.88395490759702,515.143543228849,919.2596084184917,66890.71567430253,58740.62260694747,62815.669140625,62178.31221847775,61387.86158636957
2024-10-06,62084.98828125,62959.5703125,61833.1484375,62818.953125,14776233667,53.638280504018475,508.13929597828974,837.0355459304513,66493.87284963226,59600.10996286774,63046.99140625,62239.32563814654,61443.98282317861
2024-10-07,62819.109375,64443.70703125,62152.55078125,62236.66015625,34253562610,51.169950298700556,450.4101555144225,759.7104678472456,66368.50760840322,59918.28731347179,63143.3974609375,62239.07178272783,61475.06820878925
2024-10-08,62221.64453125,63174.3046875,61843.5625,62131.96875,28134475157,50.718047421013225,391.6964414841568,686.1076625746279,66352.55949907414,59982.46432905086,63167.5119140625,62228.87149389661,61500.829014326926
2024-10-09,62131.7265625,62508.8359375,60314.61328125,60582.1015625,27670982363,44.458372172197265,217.595762355224,592.4052825307471,66438.15723633242,59661.031044917574,63049.594140625,62072.03626233503,61464.8004868043
2024-10-10,60581.9296875,61236.72265625,58895.20703125,60274.5,30452813570,43.31572127639715,54.174356201714545,484.7590972649406,66510.5620492404,59296.7785757596,62903.6703125,61900.842332588836,61418.12203634139
2024-10-11,60275.4609375,63400.87109375,60046.125,62445.08984375,30327141594,52.57792756966832,98.67273656633188,407.54182512521885,66460.85435129826,59251.511273701755,62856.1828125,61952.675428889896,61458.39528369075
2024-10-12,62444.6171875,63448.78515625,62443.26953125,63193.0234375,16744110886,55.28897083414436,192.07588266036328,364.44863663224777,66422.70561328893,59244.09126171108,62833.3984375,62070.803810662284,61526.41991717347
2024-10-13,63192.9453125,63272.65234375,62035.63671875,62851.375,18177529690,53.776626933579365,235.8120803675265,338.72132537930355,66391.22361508335,59227.73068179166,62809.4771484375,62145.14392393254,61578.37894002941
2024-10-14,62848.3984375,66482.4921875,62442.15234375,66046.125,43706958056,63.759370392747414,522.2428668290595,375.42563366925475,66708.95230402007,59084.41761785492,62896.6849609375,62516.66593117706,61753.58466787139
2024-10-15,66050.3671875,67881.6796875,64809.1953125,67041.109375,48863870879,66.20717548943779,820.0749389362027,464.3554947226444,67331.47820703374,58851.68819921627,63091.583203125,62947.565306779245,61960.93857795487
2024-10-16,67042.4609375,68375.2890625,66758.7265625,67612.71875,38195189534,67.5626586224758,1089.6720402858336,589.4188038352822,67828.21529774924,58598.12103037576,63213.1681640625,63391.86563470503,62182.57701607428
2024-10-17,67617.078125,67912.2109375,66647.390625,67399.8359375,32790898511,66.49293625768377,1271.4948207986672,725.8340072279593,68147.79188092778,58439.46163469722,63293.6267578125,63773.57709211407,62387.17540514981
2024-10-18,67419.109375,68969.75,67177.8203125,68418.7890625,36857165014,69.02122609785079,1480.7426067184206,876.8157271260516,68674.59290468803,58165.77467343697,63420.1837890625,64215.97823215083,62623.7092740655
2024-10-19,68418.9765625,68668.0078125,68024.640625,68362.734375,14443497908,68.71405631713172,1623.3370211088986,1026.119985922621,69181.53665910204,57931.57388777296,63556.5552734375,64610.90738861266,62848.769081945284
2024-10-20,68364.1796875,69359.0078125,68105.71875,69001.703125,18975847518,70.33473321861602,1767.528590547503,1174.4017068475976,69966.57694329352,57713.75391608148,63840.1654296875,65029.07841112574,63090.06061304547
2024-10-21,69002.0,69462.734375,66829.8515625,67367.8515625,37498611780,61.554170862577394,1730.0206802438697,1285.5255015268522,70315.29544710218,58018.11978727282,64166.7076171875,65251.818711256616,63257.81712086722
2024-10-22,67360.703125,67801.578125,66581.3671875,67361.40625,31808472566,61.521542463392784,1680.4046494618815,1364.5013311138582,70573.39666931835,58432.88067443166,64503.138671875,65452.73181018456,63418.74218475478
2024-10-23,67362.375,67402.7421875,65188.03515625,66432.1953125,32263980353,56.843400972717205,1548.256691305498,1401.2524031521864,70646.98887093346,58926.56776969154,64786.7783203125,65546.0140485003,63536.91681721538
2024-10-24,66653.703125,68798.9609375,66454.1015625,68161.0546875,31414428647,62.54943721022607,1564.9927233333365,1434.0004671884165,70989.88477433429,59193.029678790714,65091.4572265625,65795.06553792885,63718.25555722654
2024-10-25,68165.296875,68722.15625,65521.79296875,66642.4140625,41469984306,55.59583848683201,1439.1252031462209,1435.0254143799775,71079.55460449496,59558.60633300503,65319.08046875,65875.76539741181,63832.92843978629
2024-10-26,66628.734375,67317.921875,66360.59375,67014.6953125,19588098156,56.86188090541839,1353.8084115107704,1418.782013806136,71211.04296054893,59846.692195701056,65528.867578125,65984.2349131345,63957.70361126526
2024-10-27,67023.4765625,68221.3125,66847.2265625,67929.296875,16721307878,59.88773011010495,1344.4964240583795,1403.9248958565847,71370.22945541123,60256.769372713774,65813.4994140625,66169.47890950264,64113.45236670584
2024-10-28,67922.671875,70212.265625,67535.1328125,69907.7578125,38799856657,65.52167349213263,1479.7047545551322,1419.0808675962942,71762.54388972868,60642.033844646314,66202.2888671875,66525.50547169286,64340.68003124679
2024-10-29,69910.046875,73577.2109375,69729.9140625,72720.4921875,58541874402,71.62373284935381,1793.1521459180367,1493.8951232606428,72435.9586699709,61182.45812690411,66809.2083984375,67115.50420653164,64669.300115805745
2024-10-30,72715.3671875,72905.296875,71411.734375,72339.5390625,40646637831,69.82135425479129,1987.906381077948,1592.697374824104,72663.83407577143,62161.08662735357,67412.4603515625,67613.03133567148,64970.09379998983
2024-10-31,72335.046875,72662.3125,69590.5,70215.1875,40627912076,60.65502617831163,1948.3734619744355,1663.8325922541703,72638.3674795138,62963.5629892362,67800.965234375,67860.8557322742,65175.78374900984
2024-11-01,70216.8984375,71559.015625,68779.703125,69482.46875,49989795365,57.8347503058617,1836.7461924548697,1698.4153122943103,72486.84357606381,63744.03142393619,68115.4375,68015.29506729571,65344.67335689181
2024-11-02,69486.0234375,69867.3515625,69033.71875,69289.2734375,18184612091,57.08111504673267,1712.9457575896377,1701.321401353376,72060.76108685539,64813.903756894615,68437.332421875,68136.6263406485,65499.36355613136
2024-11-03,69296.3828125,69361.65625,67482.5234375,68741.1171875,34868307655,54.895365031970094,1552.702801412146,1671.59768136513,72017.14350754263,65127.02055495738,68572.08203125,68194.19689749149,65626.49114951836
2024-11-04,68742.1328125,69433.1796875,66803.6484375,67811.5078125,41184819348,51.307240503973205,1335.3048337356304,1604.33911183923,72000.3714193971,65220.83248685291,68610.601953125,68157.75031796849,65712.17807747843
2024-11-05,67811.171875,70522.7890625,67458.8671875,69359.5625,46046889204,56.41614683052779,1273.2531836046255,1538.1219261923093,72069.4235526803,65326.46472856969,68697.944140625,68272.2086210191,65855.21276071457
2024-11-06,69358.5,76460.15625,69322.03125,75639.078125,118592653963,70.11407284142726,1711.05723197943,1572.7089873497334,73631.02975414888,64588.78274585112,69109.90625,68973.81524044585,66238.89375539243
2024-11-07,75637.0859375,76943.1171875,74480.421875,75904.859375,63467654989,70.53615930894499,2055.768797150813,1669.3209493099494,74912.87310468001,64055.54642656999,69484.209765625,69633.91468183196,66617.95123067117
2024-11-08,75902.8359375,77252.75,75648.7421875,76545.4765625,55176858003,71.5781086398916,2353.517761491341,1806.1603117462278,76138.18053038545,63648.51321961455,69893.346875,70292.158670467,67007.26594956641
2024-11-09,76556.1875,76932.765625,75773.7890625,76778.8671875,29009480361,71.96706008782238,2578.5942049320147,1960.6470903833851,77223.02859100494,63341.381565245065,70282.205078125,70909.94043399395,67390.46599811284
2024-11-10,76775.546875,81474.421875,76565.4296875,80474.1875,82570594495,77.27077736944972,3020.333845605681,2172.5844414278445,79089.05572632213,62785.988023677884,70937.521875,71820.82110694691,67903.5531158339
2024-11-11,80471.4140625,89604.5,80283.25,88701.484375,117966845037,84.36381520913893,3988.3149803715933,2535.730549216594,83202.50923347942,60806.54232902059,72004.52578125,73428.50332295196,68719.15826325217
2024-11-12,88705.5625,89956.8828125,85155.109375,87955.8125,133673285375,81.8700919845603,4641.77007905861,2956.9384551849976,86024.75493701872,60136.65834423126,73080.706640625,74812.05657790892,69473.5368607717
2024-11-13,87929.96875,93434.3515625,86256.9296875,90584.1640625,123559027869,83.69913176320027,5310.507730262878,3427.652310200574,89090.09900332562,59313.62521542437,74201.862109375,76314.16205263189,70301.4045941728
2024-11-14,90574.8828125,91765.21875,86682.8125,87250.4296875,87616705248,73.56203675334234,5507.989954365767,3843.7198390336125,90756.56258847963,59707.96319277038,75232.262890625,77355.71135119075,70966.0722448915
2024-11-15,87284.1796875,91868.7421875,87124.8984375,91066.0078125,78243109518,76.9960985274369,5904.319980892367,4255.839867405364,92972.02241599878,59897.63461525123,76434.828515625,78661.45387131545,71754.3050122487
2024-11-16,91064.3671875,91763.9453125,90094.2265625,90558.4765625,44333192814,75.58963180897418,6107.062437790504,4626.084381482392,94737.58296021206,60394.99203978795,77566.2875,79794.50365142827,72491.72350441542
2024-11-17,90558.4609375,91433.0390625,88741.6640625,89845.8515625,46350159305,73.55786980910779,6139.462511567777,4928.760007499469,96171.87323697732,60954.51113802267,78563.1921875,80751.77488105415,73172.27754590893
2024-11-18,89843.71875,92596.7890625,89393.59375,90542.640625,75535775084,74.28566772767441,6150.466112685943,5173.101228536764,97613.24939506272,61295.34982368727,79454.299609375,81684.23828523947,73853.4682548929
2024-11-19,90536.8125,94002.8671875,90426.984375,92343.7890625,74521048295,76.1157039262026,6232.677742619722,5385.016531353356,99158.9221837009,61750.10203504911,80454.512109375,82699.43359735952,74578.57887479906
2024-11-20,92341.890625,94902.0234375,91619.5,94339.4921875,71730956426,77.98522273854353,6385.2622860992415,5585.065682302534,100693.44621673896,62628.008470761044,81660.72734375,83808.01060594434,75353.51665176773
2024-11-21,94334.640625,99014.21875,94132.6015625,98504.7265625,106024505582,81.27887358984165,6764.311467901149,5820.914839422257,102653.73367517404,63569.946793575975,83111.840234375,85207.69783990202,76261.40723650233
2024-11-22,98496.4296875,99655.5,97222.6640625,98997.6640625,78473580551,81.62916481788696,7023.523801587537,6061.436631855313,104231.4041312722,64963.11539997781,84597.259765625,86521.02795633991,77153.02515124733
2024-11-23,99006.7421875,99014.6796875,97232.890625,97777.28125,44414644677,77.75043931675927,7049.217755454796,6258.99285657521,105029.74504785027,67068.39088964972,86049.06796875,87593.05207954564,77961.81950806116
2024-11-24,97778.09375,98647.1796875,95788.078125,98013.8203125,51712020623,77.96894884696695,7007.884593180366,6408.771203896241,105188.11734953128,69930.24983796872,87559.18359375,88585.50619696986,78748.17248078425
2024-11-25,98033.4453125,98935.03125,92642.9140625,93102.296875,80909462490,63.9295470489807,6503.836689339369,6427.784300984867,104289.23696353467,73203.40366146533,88746.3203125,89015.67673773464,79311.07931977311
2024-11-26,93087.28125,94991.75,90770.8125,91985.3203125,91656519855,61.22932833665921,5945.706022491417,6331.3686452861775,103874.81367552491,75252.45116822507,89563.632421875,89298.49993533133,79808.10837831143
2024-11-27,91978.140625,97361.1796875,91778.6640625,95962.53125,71133452438,66.63347944639703,5757.937215587837,6216.682359346511,103601.8153150349,77531.21671621512,90566.516015625,89933.1695843474,80441.61515759335
2024-11-28,95954.9453125,96650.203125,94677.3515625,95652.46875,52260008261,65.8627195295571,5520.473053876078,6077.440498252425,102929.51672800267,80114.21452199735,91521.865625,90477.86474298098,81038.11922004067
2024-11-29,95653.953125,98693.171875,95407.8828125,97461.5234375,54968682476,68.17570326774359,5415.826314741484,5945.117661550237,101899.4319441304,83212.56493086962,92555.9984375,91142.97509483993,81682.17428739202
2024-11-30,97468.8125,97499.34375,96144.21875,96449.0546875,31634227866,65.5008189520208,5191.352572516465,5794.364643743484,100909.45065808992,85800.03293566007,93354.741796875,91648.3160084266,82261.26763641587
2024-12-01,96461.3359375,97888.125,95770.1875,97279.7890625,36590695296,66.65679274141992,5022.591527211771,5640.010020437141,101198.77032110737,86368.54374139263,93783.65703125,92184.6467754812,82850.22926096819
2024-12-02,97276.0078125,98152.6015625,94482.8671875,95865.3046875,72680784305,62.79838322370775,4720.2974643410125,5456.067509217915,101113.63774731822,87244.62553393177,94179.131640625,92535.1856242449,83360.62437573416
2024-12-03,95854.59375,96297.203125,93629.5625,96002.1640625,67067810961,63.021419356222715,4440.582379877131,5252.970483349759,101214.4423802211,87685.62090102892,94450.031640625,92865.37404693586,83856.37103011714
2024-12-04,95988.53125,99207.328125,94660.5234375,98768.53125,77199817112,67.29026448643589,4391.506321480905,5080.677650975988,101139.40394961956,88912.46948788044,95025.93671875,93427.57949484674,84441.16162697528
2024-12-05,98741.5390625,103900.46875,91998.78125,96593.5703125,149218945580,61.298731316739705,4129.509604686362,4890.444041718063,101156.28386711542,89448.3458203846,95302.31484375,93729.10242986133,84917.72667346646
2024-12-06,97074.2265625,102039.8828125,96514.875,99920.7109375,94534772658,66.24947701375282,4142.5945105631545,4740.874135487082,101523.6048606047,90017.2482643953,95770.4265625,94318.77943058882,85506.07899754621
2024-12-07,99916.7109375,100563.3828125,99030.8828125,99923.3359375,44177510897,66.25314494812653,4105.846564904656,4613.868621370597,101591.37992197314,90957.22164052686,96274.30078125,94852.54671696131,86071.46162264244
2024-12-08,99921.9140625,101399.9921875,98771.515625,101236.015625,44125751925,68.11903743417788,4134.980353891253,4518.090967874728,101842.29202702596,91775.64703547403,96808.96953125,95460.49613677453,86666.15001489175
2024-12-09,101237.0625,101272.5078125,94355.9140625,97432.71875,110676473908,58.09626898934146,3807.286787098521,4375.930131719488,101640.11809410373,92486.71393714627,97063.416015625,95648.32686184363,87088.3683966607
2024-12-10,97441.234375,98270.15625,94321.2578125,96675.4296875,104823780634,56.31936847929837,3446.7484059976705,4190.093786575124,101580.0310989786,92780.3946822714,97180.212890625,95746.1461785728,87464.33158453676
2024-12-11,96656.0625,101913.359375,95747.2265625,101173.03125,85391409936,63.4662020722558,3483.7791619044438,4048.830861640988,102032.78663060514,92594.46961939486,97313.628125,96262.9923758516,88001.92764984905
2024-12-12,101167.8046875,102524.9140625,99339.953125,100043.0,72073983533,60.77560770015228,3382.945732350985,3915.6538357829877,102185.66840829766,92546.12143545235,97365.894921875,96622.99310196096,88474.12656554124
2024-12-13,100046.6484375,101888.8046875,99233.28125,101459.2578125,56894751583,62.89852669733803,3378.370925209674,3808.197253668325,102705.51325846031,92394.47424153968,97549.99375,97083.58974105991,88983.34739875532
2024-12-14,101451.4375,102618.8828125,100634.0546875,101372.96875,40422968793,62.675951763694265,3329.403263059532,3712.4384555465667,103148.62178122223,92287.28056252777,97717.951171875,97492.10202762563,89469.21490272571
2024-12-15,101373.53125,105047.5390625,101227.03125,104298.6953125,51145914137,66.94678101073279,3486.487660798768,3667.248296597007,104005.30078035327,92550.24140714672,98277.77109375,98140.34900713747,90050.76315408942
2024-12-16,104293.578125,107780.578125,103322.984375,106029.71875,91020417816,69.19287793105161,3707.914769018418,3675.3815910812896,104899.7586450279,93060.22338622209,98979.991015625,98891.71755407675,90677.38886373297
2024-12-17,106030.6875,108268.4453125,105291.734375,106140.6015625,68589364868,69.33661895677832,3847.98745971451,3709.9027648079336,106033.42951029356,92944.35955220644,99488.89453125,99582.08745964087,91283.78936172383
2024-12-18,106147.296875,106470.609375,100041.5390625,100041.5390625,93865656139,54.322688501369754,3427.3444115736784,3653.391094161083,106000.71622677305,93415.97986697697,99708.348046875,99625.84475515127,91627.23052646015
2024-12-19,100070.6875,102748.1484375,95587.6796875,97490.953125,97221662392,49.495856901029406,2855.2571690237673,3493.7643091336204,105999.98877569816,93419.65028680184,99709.81953125,99422.5217427559,91857.18043228524
2024-12-20,97484.6953125,98098.9140625,92175.1796875,97755.9296875,105634083408,49.992980122073114,2395.6398566951975,3274.139418645936,105948.77930566005,93601.54725683996,99775.16328125,99263.79868987438,92088.50393248975
2024-12-21,97756.1953125,99507.1015625,96426.5234375,97224.7265625,51765334294,48.95269710010501,1965.8649056492432,3012.484516046598,105950.7590031397,93594.0613093603,99772.41015625,99069.60134441016,92289.92442778428
2024-12-22,97218.3203125,97360.265625,94202.1875,95104.9375,43147981314,44.93443315141017,1437.6436380987143,2697.516340457021,106022.35680432357,93446.42678942643,99734.391796875,98692.01431160918,92400.31709728294
2024-12-23,95099.390625,96416.2109375,92403.1328125,94686.2421875,65239002919,44.16332772100875,974.011467503864,2352.81536586639,106145.6905975503,93191.5008086997,99668.595703125,98310.51220455115,92489.96121846793
2024-12-24,94684.34375,99404.0625,93448.015625,98676.09375,47114953674,52.524175770800845,917.9458007414651,2065.841452841405,106143.90428034619,93184.04337590381,99663.973828125,98345.3294945939,92732.55465107702
2024-12-25,98675.9140625,99478.75,97593.46875,99299.1953125,33700394629,53.690417177792376,913.2648952923919,1835.3261413316025,106120.31068527729,93478.19947097272,99799.255078125,98436.173858204,92990.06997113283
2024-12-26,99297.6953125,99884.5703125,95137.8828125,95795.515625,47054980873,46.737993279088556,619.6941265469213,1592.1997383746664,106161.7266681977,93024.2639568023,99592.9953125,98184.68259789885,93100.08744775507
2024-12-27,95704.9765625,97294.84375,93310.7421875,94164.859375,52419934565,43.889453147648474,252.54565671445744,1324.2689220426248,106303.59211635537,92306.55085239463,99305.071484375,97801.8422909561,93141.8432096078
2024-12-28,94160.1875,95525.8984375,94014.2890625,95163.9296875,24107436185,46.058618522733155,41.713625145261176,1067.757862663152,106172.00091421363,91830.93346078639,99001.4671875,97550.61251919839,93221.14071854475
2024-12-29,95174.0546875,95174.875,92881.7890625,93530.2265625,29635885267,43.12287799099276,-254.26743092911784,803.352803944698,106358.83482904553,91253.85032720446,98806.342578125,97167.71861856045,93233.26173203319
2024-12-30,93527.1953125,94903.3203125,91317.1328125,92643.2109375,56188003691,41.573469798478335,-554.0228673870588,531.8776696783467,106599.08653933313,90610.37674191687,98604.731640625,96736.81312512612,93210.12248518875
2024-12-31,92643.25,96090.6015625,91914.03125,93429.203125,43625106843,43.51033222152306,-719.8601104251866,281.5301136576401,106435.14281089745,89999.93765785256,98217.540234375,96421.80264892364,93218.71388282842
2025-01-01,93425.1015625,94929.8671875,92788.125,94419.7578125,24519888919,45.94247864901766,-762.5674327721499,72.71060437168208,106274.90655550288,89597.84969449713,97936.378125,96231.1317121214,93265.81364477632
2025-01-02,94416.2890625,97739.8203125,94201.5703125,96886.875,46009564411,51.5388949776069,-590.5302893656626,-59.93757437578686,105888.84061563715,89526.67735311286,97707.758984375,96293.58345382413,93407.81605086353
2025-01-03,96881.7265625,98956.9140625,96034.6171875,98107.4296875,35611391163,54.07216789511574,-351.6474778436241,-118.27955506935432,105545.93908144436,89543.02498105563,97544.48203125,96466.33071417421,93592.11462484927
2025-01-04,98106.9921875,98734.4296875,97562.9765625,98236.2265625,22342608078,54.343390008463594,-150.2068066757056,-124.66500539062457,104598.87795516614,89883.83923233386,97241.35859375,96634.89222353857,93774.2366616199
2025-01-05,98233.90625,98813.3046875,97291.765625,98314.9609375,20525254825,54.52020187934187,15.609644315409241,-96.61007544941782,102978.46242952229,90732.7789767277,96855.620703125,96794.89876772538,93952.30428028187
2025-01-06,98314.953125,102482.875,97926.1484375,102078.0859375,51823432705,62.07905421940699,445.53723817665013,11.819387275795776,101643.25961881502,91661.73022493497,96652.494921875,97298.05945056105,94270.96238448651
2025-01-07,102248.8515625,102712.484375,96132.875,96922.703125,58685738547,49.8543728363251,366.0421401969652,82.66393786002966,101229.70081786478,91763.40543213523,96496.553125,97262.31122907905,94374.95221744783
2025-01-08,96924.1640625,97258.3203125,92525.84375,95043.5234375,63875859171,46.27711069443473,149.68216368643334,96.0675830253104,101125.59654237534,91622.76673887466,96374.181640625,97050.99810607152,94401.17069666558
2025-01-09,95043.484375,95349.71875,91220.84375,92484.0390625,62777261693,41.870317960294045,-225.71180980400823,31.71170445944668,101117.32093337292,91103.85328537709,96110.587109375,96616.04962573138,94325.9890639532
2025-01-10,92494.4921875,95770.609375,92250.09375,94701.453125,62058693684,46.613470346141206,-340.3639514582901,-42.70342672410068,101000.10575868809,90968.7411163119,95984.4234375,96433.7071018522,94340.71314477857
2025-01-11,94700.8359375,94977.6875,93840.046875,94566.59375,18860894100,46.36567976731051,-437.0703493189503,-121.57681124307062,100998.77453773667,90916.23796226335,95957.50625,96255.88678262818,94349.57120772843
2025-01-12,94565.7265625,95367.5390625,93712.5078125,94488.4375,20885130965,46.2123597875977,-514.0912980779685,-200.0797086100502,101000.14904577022,90895.08298547978,95947.616015625,96087.55827952074,94355.01694468026
2025-01-13,94488.890625,95837.0,89260.1015625,94516.5234375,72978998252,46.2811044671269,-566.3362823127536,-273.3310233505909,100659.98754230428,90819.28745769571,95739.6375,95937.93591361401,94361.35053263398
2025-01-14,94519.0078125,97352.6640625,94322.15625,96534.046875,53769675818,51.11448655597599,-439.8729469432874,-306.63940806913024,100248.3959559094,90954.36420034061,95601.380078125,95994.70838612696,94446.55431076599
2025-01-15,96534.046875,100697.234375,96501.640625,100504.4921875,57805923627,58.943564370013874,-19.04850886814529,-249.12122822893326,100976.33923379629,90697.31857870371,95836.82890625,96424.21160530535,94684.12050201045
2025-01-16,100505.296875,100781.5859375,97364.4453125,99756.90625,54103781805,57.08963045746791,251.23783943992748,-149.04941469516112,101476.65837181763,90756.20412818236,96116.43125,96741.61109527627,94883.05327644142
2025-01-17,100025.765625,105884.2265625,99948.90625,104462.0390625,71888972663,64.62993889440844,835.4757687190431,47.855621987679726,103084.71776530048,90077.95567219952,96581.33671875,97476.88994929758,95258.6997778555
2025-01-18,104124.953125,104913.203125,102226.6171875,104408.0703125,50445655726,64.48995628183896,1279.385747285647,294.1616470472732,104335.28687015298,89915.17094234703,97125.22890625,98137.00236484066,95617.49862235136
2025-01-19,104411.2890625,106299.796875,99570.53125,101089.609375,76789928525,56.40077684490564,1347.8780403530836,504.9049257084353,104640.75076792254,90454.34688832746,97547.548828125,98418.20303247488,95832.0912008866
2025-01-20,101083.75,109114.8828125,99471.359375,102016.6640625,126279678351,57.98624390780816,1460.132740302186,695.9504886271855,105060.09965922666,90893.74409077334,97976.921875,98760.91360676299,96074.62346996949
2025-01-21,102052.578125,107180.921875,100103.953125,106146.265625,88733878242,64.22680554598345,1860.8687952161272,928.9341499449738,106316.32336276709,90810.17116848292,98563.247265625,99464.2804656427,96469.5898289903
2025-01-22,106136.3828125,106294.34375,103360.265625,103653.0703125,53878181052,58.57036850874503,1954.741932453937,1134.0957064467666,106932.16167943721,90870.9523830628,98901.55703125,99863.21283201006,96751.29494599068
2025-01-23,103657.671875,106820.328125,101257.8046875,103960.171875,104104515428,59.04878248799689,2030.5111312020308,1313.3787913978194,107523.9331100261,90864.45517122389,99194.194140625,100253.39940753291,97033.99600203025
2025-01-24,103965.671875,107098.546875,102772.125,104819.484375,52388229265,60.42585901054744,2135.2838808627566,1477.759809290807,108206.50274835325,90840.21131414674,99523.35703125,100688.26464252979,97339.3092715585
2025-01-25,104824.03125,105243.7890625,104120.375,104714.6484375,23888996502,60.16006615780172,2184.674092780857,1619.142665988817,108806.15731921961,90880.52549328038,99843.34140625,101071.72976586029,97628.53825845817
2025-01-26,104713.2109375,105438.6484375,102507.7109375,102682.5,22543395879,55.10057838376454,2036.364849636564,1702.5871027183666,108872.10936942615,90875.01484932384,99873.562109375,101225.13645482597,97826.73283655784
2025-01-27,102680.3046875,103214.109375,97795.9375,102087.6875,89006608428,53.67759241965256,1849.5122819350654,1731.9721385617063,109070.04063680471,91193.58201944528,100131.811328125,101307.28417341398,97993.8290978693
2025-01-28,102095.4140625,103730.8203125,100238.1875,101332.4765625,47180685494,51.84679927621924,1621.7960098676704,1709.936912822899,109067.65350896266,91824.86445978735,100446.258984375,101309.68344856502,98124.75644942344
2025-01-29,101317.5234375,104750.8046875,101283.8203125,103703.2109375,47432049818,56.82505653483728,1614.0222310699319,1690.7539764723058,108874.23608537107,93140.19907087892,101007.217578125,101537.63844751121,98343.51937052447
2025-01-30,103709.3359375,106418.765625,103321.6484375,104735.3046875,41915744521,58.82100293930131,1671.8705128543806,1686.977283748721,108951.03018832774,94066.79012417226,101508.91015625,101842.17808941491,98594.17761824901
2025-01-31,104737.5625,106026.3515625,101543.8828125,102405.0234375,45732764360,52.87726125305237,1512.2492035646574,1652.0316677119083,108591.19671832562,95210.46656292437,101900.831640625,101895.78240828015,98743.6225523373
2025-02-01,102402.796875,102755.7265625,100297.7109375,100655.90625,27757944848,48.884325020897776,1230.425448240072,1567.7104238175411,107964.18547389371,96454.22468235629,102209.205078125,101777.69896463443,98818.6140698927
2025-02-02,100661.5390625,101430.6640625,96216.078125,97688.9765625,63091816853,42.958539127688745,758.9232665955642,1405.9529923731457,107353.51121721251,97382.14425153748,102367.827734375,101388.2968310978,98774.31455979888
2025-02-03,97681.1015625,102514.171875,91242.890625,101405.421875,115400897748,50.97526071534734,677.3325991636084,1260.2289137312382,106811.08695444417,98411.70601430583,102611.396484375,101389.92778765991,98877.49523882636
2025-02-04,101398.71875,101745.6171875,96208.109375,97871.8203125,73002130211,44.5624330185879,323.80665132756985,1072.9444612505047,107101.35156082777,97858.17422042224,102479.762890625,101054.86993288278,98838.05700642141
2025-02-05,97878.0078125,99113.2109375,96174.828125,96615.4453125,49125911241,42.514509742978625,-57.08611864455452,846.9383452714928,107512.52753017274,97132.85215732727,102322.68984375,100632.06758808442,98750.89576352254
2025-02-06,96610.640625,99168.609375,95707.3515625,96593.296875,45302471947,42.47744920598732,-356.62265288317576,606.2261456405591,107606.38592091507,96252.11954783493,101929.252734375,100247.42275826685,98666.284042404
2025-02-07,96581.3203125,100154.140625,95653.8828125,96529.0859375,55741290456,42.36215613971028,-592.3604379375611,366.5088289249351,107570.37803037922,95500.22900087078,101535.303515625,99893.29544200335,98582.47235201561
2025-02-08,96533.2578125,96877.8046875,95702.4921875,96482.453125,22447526395,42.27241963502886,-774.0247339153575,138.40211635687655,107749.46929028556,94860.42211596445,101304.945703125,99568.45331657445,98500.11865683855
2025-02-09,96481.3125,97325.28125,94745.2578125,96500.09375,27732901800,42.32219413040628,-906.1262865029275,-70.50356421508428,107808.88402293673,94249.35035206327,101029.1171875,99276.22859594831,98421.68630755076
2025-02-10,96499.4609375,98333.21875,95320.84375,97437.5546875,40078962391,45.03449360912682,-924.5152197381685,-241.30589531970114,107102.89637019057,94084.46691105943,100593.681640625,99101.11679514371,98383.09291068603
2025-02-11,97438.1328125,98492.8984375,94875.0390625,95747.4296875,37488783272,41.26676460043951,-1063.211503956787,-405.6870170471184,106883.15452189298,93513.64469685702,100198.399609375,98781.71802298716,98279.7335686003
2025-02-12,95745.6953125,98151.0234375,94101.203125,97885.859375,49340445530,47.27704770272807,-989.1733298664622,-522.3842796109872,106409.6110111805,93379.75695756951,99894.683984375,98696.3981517503,98264.28752179246
2025-02-13,97888.75,98111.0859375,95269.7109375,96623.8671875,37147280860,44.390071380829475,-1020.5653243271227,-622.0204885542144,105720.56421532929,93249.24203467071,99484.903125,98499.01425039314,98199.95731260453
2025-02-14,96623.3671875,98819.46875,96342.8046875,97508.96875,32697987277,46.84186404600418,-962.9234252655006,-690.2010758964716,104903.97383947141,93345.26444177859,99124.619140625,98404.72420273664,98172.85972191415
2025-02-15,97508.3828125,97975.0390625,97240.1953125,97580.3515625,17047266288,47.04464470089759,-901.0945514962659,-732.3797710164306,104434.04449246015,93304.97894503985,98869.51171875,98326.21252271411,98149.62410781949
2025-02-16,97580.4921875,97725.59375,96060.9765625,96175.03125,16536755396,43.52452696592291,-954.4895664748183,-776.8017301081082,104046.00373442697,93101.75407807303,98573.87890625,98121.33811578895,98072.18909378735
2025-02-17,96179.0078125,97032.234375,95243.546875,95773.3828125,27336550690,42.54470327274539,-1017.4862248885038,-824.9386290641875,103742.74761588407,92849.10082161594,98295.92421875,97897.72332499953,97982.03982785452
2025-02-18,95773.8125,96695.375,93388.8359375,95539.546875,37325720482,41.95256617988147,-1073.9008756412222,-874.7310783795945,102828.42177362084,92947.06025762916,97887.741015625,97673.13509166623,97886.25579048767
2025-02-19,95532.53125,96855.59375,95011.96875,96635.609375,28990872862,45.76305533502902,-1018.4270165370544,-903.4702660110864,101248.18073495029,93717.33176504972,97482.75625,97574.3231186504,97837.21083301758
2025-02-20,96632.6796875,98767.1953125,96442.671875,98333.9375,31668022771,51.11758494967536,-827.8794187598542,-888.3520965608401,100288.47221231574,94269.93169393425,97279.201953125,97646.6673454456,97856.69031015415
2025-02-21,98340.671875,99497.96875,94852.9609375,96125.546875,49608706470,44.90892663005283,-845.3233801166498,-879.7463532720021,99644.86619525668,94460.50177349334,97052.683984375,97501.79872921269,97788.80233230499
2025-02-22,96134.203125,96950.15625,95765.34375,96577.7578125,18353824477,46.346001439742246,-813.2831795544043,-866.4537185284826,99579.4980119713,94414.7480817787,96997.123046875,97413.7948323829,97741.31039035185
2025-02-23,96577.8046875,96671.875,95270.453125,96273.921875,16999478976,45.48743801924665,-803.1498985776561,-853.7929545383173,98293.09732238049,95187.99877136952,96740.548046875,97305.23550310836,97683.765742691
2025-02-24,96277.9609375,96503.453125,91371.7421875,91418.171875,44046480529,34.49069804419871,-1173.4112892815901,-917.7166214869719,99186.672178444,93649.05907155601,96417.865625,96744.56277662184,97438.05617925215
2025-02-25,91437.1171875,92511.078125,86008.234375,88736.171875,92139104128,30.15447695729212,-1664.0786319780455,-1066.9890235851867,100431.55343089589,91616.2504753541,96023.901953125,95981.85888122929,97096.80581437952
2025-02-26,88638.890625,89286.25,82131.8984375,84347.0234375,64597492134,24.684969626946767,-2379.6722529570106,-1329.5256694595516,102229.62674737505,88593.54981512496,95411.58828125,94873.77931515983,96596.81434861953
2025-02-27,84076.859375,87000.78125,83144.9609375,84704.2265625,52659591954,25.863519694252844,-2884.7089175079745,-1640.5623190692363,103120.17739068615,86520.51323431384,94820.3453125,93905.25048157318,96130.438357007
2025-02-28,84705.625,85036.3203125,78248.9140625,84373.0078125,83610570576,25.46559169306201,-3273.94074679997,-1967.238004615383,103688.01052156882,84741.73557218118,94214.873046875,92997.41784642336,95669.36264937928
2025-03-01,84373.8671875,86522.3046875,83794.234375,86031.9140625,29190628396,31.176986370592914,-3409.2501914384047,-2255.6404419799874,103770.37408552504,83612.55403947497,93691.4640625,92334.03653366875,95291.42348910951
2025-03-02,86036.2578125,95043.4375,85040.2109375,94248.3515625,58398341092,51.145193008272635,-2820.9677028623846,-2368.705894156467,103461.167832853,83602.839979647,93532.00390625,92516.35225070029,95250.51870767384
2025-03-03,94248.421875,94429.75,85081.3046875,86065.671875,70072228536,39.00720108738308,-2980.664215911238,-2491.097558507421,103454.8528542825,82640.9791769675,93047.916015625,91902.00173872884,94890.32863580427
2025-03-04,86064.0703125,88911.2734375,81529.2421875,87222.1953125,68095241474,41.13363935754929,-2979.5566033037903,-2588.789367466695,102970.58715277008,82058.87847222993,92514.7328125,91456.30588861181,94589.61752508646
2025-03-05,87222.953125,90998.2421875,86379.7734375,90623.5625,50498988027,46.98742577832702,-2673.3996200266993,-2605.711417978696,102517.3445752648,81912.0905809852,92214.717578125,91376.9969944583,94434.08595547524
2025-03-06,90622.359375,92804.9375,87852.140625,89961.7265625,47749810486,46.028298769971435,-2455.862974353455,-2575.7417292536475,101872.90715960512,81801.80377789488,91837.35546875,91242.2093342718,94258.69931261348
2025-03-07,89963.28125,91191.046875,84717.6796875,86742.671875,65945677657,41.582333944310555,-2514.231925329077,-2563.4397684687333,101194.80103106468,81396.14193768532,91295.471484375,90813.68195719829,93963.95313858942
2025-03-08,86742.65625,86847.265625,85247.484375,86154.59375,18206118081,40.80686276791695,-2578.2225843517954,-2566.3963316453455,100668.20544561764,80920.69377313237,90794.449609375,90369.95927079846,93657.70375080161
2025-03-09,86154.3046875,86471.1328125,80052.484375,80601.0390625,30899345977,34.30125948289917,-3041.994869661896,-2661.516039248656,100605.78337513271,79465.8814686173,90035.832421875,89439.58591762718,93145.6776845937
2025-03-10,80597.1484375,83955.9296875,77420.59375,78532.0,54061099422,32.23911183079029,-3535.7341651936003,-2836.359664437645,100594.34178110288,77776.56837514712,89185.455078125,88400.76821118649,92572.59228519787
2025-03-11,78523.875,83577.7578125,76624.25,82862.2109375,54702837196,40.32499072356715,-3536.8437474170933,-2976.456481033535,99672.56815950616,77321.00215299384,88496.78515625,87873.28656607348,92191.7930166607
2025-03-12,82857.375,84358.578125,80635.25,83722.359375,40353484454,41.81038805374079,-3428.791336795417,-3066.9234521859116,98114.0182413215,77418.39425867851,87766.20625,87477.96016692363,91859.65836404655
2025-03-13,83724.921875,84301.6953125,79931.8515625,81066.703125,31412940153,38.61455342703888,-3516.9075668007135,-3156.9202751088724,96984.62399160133,77041.90413339868,87013.2640625,86867.36425816901,91436.40521741728
2025-03-14,81066.9921875,85263.2890625,80797.5625,83969.1015625,29588112414,43.68122929922114,-3314.33542074445,-3188.4033042359883,95352.03661855326,77413.62588144674,86382.83125,86591.33923953387,91143.56977996955
2025-03-15,83968.40625,84672.671875,83639.59375,84343.109375,13650491277,44.31901232819464,-3088.019464623503,-3168.3265363134915,93482.23816709178,78090.3430829082,85786.290625,86377.22210957826,90876.88505820604
2025-03-16,84333.3203125,85051.6015625,82017.90625,82579.6875,21330270174,41.90916760381411,-3016.187119062961,-3137.8986528633855,92685.51815290593,78003.21465959407,85344.36640625,86015.55214676129,90551.50476180582
2025-03-17,82576.3359375,84725.328125,82492.15625,84075.6875,25092785558,44.65839576670801,-2806.1966817256325,-3071.558258635835,92293.316900468,77929.36747453202,85111.3421875,85830.80313278401,90297.55114369577
2025-03-18,84075.71875,84075.71875,81179.9921875,82718.5,24095774594,42.68475147624414,-2717.960479461617,-3000.8387028009915,92284.93271693675,77774.89931431325,85029.916015625,85534.3933106141,90000.33345178614
2025-03-19,82718.8046875,87021.1875,82569.7265625,86854.2265625,34931960257,49.944392564343914,-2287.9401339047763,-2858.2589890217487,92435.6988734953,77839.1331577547,85137.416015625,85660.09171555562,89876.95671102982
2025-03-20,86872.953125,87443.265625,83647.1953125,84167.1953125,29028988961,45.878466762208234,-2139.3062861448125,-2714.4684484463614,92430.52503983749,77823.72574141252,85127.125390625,85517.9111057408,89653.04449932277
2025-03-21,84164.5390625,84782.2734375,83171.0703125,84043.2421875,19030452299,45.69366837130424,-2008.3637055790896,-2573.247499872907,92333.37437296817,77722.00922078184,85027.691796875,85377.46644686074,89433.05225180031
2025-03-22,84046.2578125,84513.875,83674.78125,83832.484375,9863214091,45.35911550698787,-1899.698618035225,-2438.5377235053706,90391.85123598723,78621.94563901277,84506.8984375,85230.32529715971,89213.4221389846
2025-03-23,83831.8984375,86094.78125,83794.9140625,86054.375,12594615537,49.55256569069604,-1615.6683301528974,-2273.963844834876,90390.65857928428,78622.0086082157,84506.33359375,85308.80622123973,89089.5379374558
2025-03-24,86070.9296875,88758.7265625,85541.1953125,87498.9140625,34582604933,52.12505372933253,-1259.4914177932078,-2071.0693594265426,90432.6164708817,78607.7225916183,84520.16953125,85517.38792040739,89027.16053059479
2025-03-25,87512.8203125,88542.3984375,86346.078125,87471.703125,30005840049,52.07118823291533,-968.2529268527869,-1850.5060729117915,89733.24388973854,78991.90923526147,84362.5765625,85703.51317798764,88966.16220096363
2025-03-26,87460.234375,88292.15625,85861.453125,86900.8828125,26704046038,50.883288138981726,-774.575924100558,-1635.320043149545,89057.39663827624,79361.67211172376,84209.534375,85817.54838127454,88885.17085239643
2025-03-27,86896.2578125,87786.7265625,85837.9375,87177.1015625,24413471941,51.46034358804651,-591.973062410354,-1426.650647001707,89130.52827470827,79331.98344404173,84231.255859375,85947.02963662935,88818.18774298874
2025-03-28,87185.234375,87489.859375,83557.640625,84353.1484375,34198619509,45.56620753328697,-667.4346244774497,-1274.8074424968556,88957.10023813066,79325.26694936934,84141.18359375,85795.23142718847,88643.08816238133
2025-03-29,84352.0703125,84567.3359375,81634.140625,82597.5859375,16969396135,42.320969353474716,-858.9957101485052,-1191.6450960271857,88825.14290027735,79656.87897472265,84241.0109375,85490.69376150385,88406.00964375855
2025-03-30,82596.984375,83505.0,81573.25,82334.5234375,14763760943,41.84010368017355,-1020.2750996611721,-1157.371096753983,88273.74292139673,80588.53129735329,84431.137109375,85190.10611159872,88167.9121454739
2025-03-31,82336.0625,83870.125,81293.890625,82548.9140625,29004228247,42.41437062378188,-1117.9041430154175,-1149.47770600627,88287.4503754769,80543.49415577309,84415.472265625,84938.56401168456,87947.55927947494
2025-04-01,82551.921875,85487.3671875,82429.359375,85169.171875,28175650319,49.03750806470163,-972.6310706517688,-1114.1083789353697,88359.32865788239,80616.29712336762,84487.812890625,84960.52666533364,87838.60291067201
2025-04-02,85180.609375,88466.953125,82343.5390625,82485.7109375,47584398470,43.517389324039456,-1061.7942816699651,-1103.645559482289,88212.16124220396,80905.36532029603,84558.76328125,84724.8299293495,87628.68557839075
2025-04-03,82487.4765625,83909.296875,81282.1015625,83102.828125,36852112080,45.04935786400573,-1070.322557035557,-1096.9809589929425,88218.4861696919,80812.41304905812,84515.449609375,84570.35356703048,87451.20097237543
2025-04-04,83100.25,84696.1484375,81670.75,83843.8046875,45157640207,46.91126896749093,-1005.6976047489443,-1078.724288144143,88205.12735932157,80775.84139067843,84490.484375,84501.15843564663,87309.73445139993
2025-04-05,83844.703125,84207.015625,82377.734375,83504.796875,14380803631,46.14096390551805,-970.6479365215491,-1057.1090178196243,88173.42031860662,80900.05936889337,84536.73984375,84406.26685844219,87160.52121310974
2025-04-06,83504.5078125,83704.71875,77097.7421875,78214.484375,36294853736,36.161840370836686,-1354.145086069635,-1116.5162314696265,88851.71667124236,79635.64270375764,84243.6796875,83816.57328859056,86809.69623906622
2025-04-07,78221.3359375,81119.0625,74436.6796875,79235.3359375,91262424987,38.907577988014644,-1557.7385106606525,-1204.7606873078319,89158.46172047814,78980.58124827186,84069.521484375,83380.26496943907,86512.6625017499
2025-04-08,79218.4765625,80823.890625,76198.0234375,76271.953125,48314590749,34.29616443855991,-1935.8922327970795,-1350.9869964056816,89530.93542028355,77549.88020471644,83540.4078125,82703.28288901631,86111.06605560285
2025-04-09,76273.5625,83541.0,74589.671875,82573.953125,84213627038,48.323324832124314,-1707.3814198521432,-1422.2658810949738,89458.54794802864,77462.94345822134,83460.745703125,82690.9657686338,85972.35574459883
2025-04-10,82565.9765625,82700.9296875,78456.1328125,79626.140625,44718000633,43.63107532481698,-1744.0445274325903,-1486.6216103624972,89468.24861665169,77011.53263334831,83239.890625,82399.07765971629,85723.48456343809
2025-04-11,79625.046875,84247.4765625,78936.3203125,83404.8359375,41656778779,50.29393105414261,-1451.4596491559205,-1479.589218121182,89441.23397221377,76995.78243403624,83218.508203125,82494.86416236236,85632.55716634248
2025-04-12,83404.515625,85856.1875,82769.375,85287.109375,24258059104,53.257776476347786,-1055.532764903197,-1394.777927477585,89338.3835025559,77021.90634119412,83180.144921875,82760.79227785165,85619.01019413298
2025-04-13,85279.46875,86015.1875,83027.0078125,83684.9765625,28796984817,50.49771748271002,-861.1102421706892,-1288.044390416206,88811.62558510085,77167.27050864915,82989.448046875,82848.80982877055,85543.16573799051
2025-04-14,83694.5234375,85785.0,83690.640625,84542.390625,34090769777,51.93339067858293,-630.5739787230414,-1156.5503080775732,88328.0107544007,77357.9540893493,82842.982421875,83010.10323793525,85503.91965512813
2025-04-15,84539.6953125,86429.3515625,83598.8203125,83668.9921875,28040322885,50.332058065890685,-512.4411806803255,-1027.7284825981237,87844.00199371926,77518.77378753075,82681.387890625,83072.85456646522,85431.96171522116
2025-04-16,83674.5078125,85428.28125,83100.6171875,84033.8671875,29617804112,51.01164359094782,-384.94037103795563,-899.1708602860901,87286.43571003013,77762.01663371986,82524.226171875,83164.37957799234,85377.13447883994
2025-04-17,84030.671875,85449.0703125,83749.75,84895.75,21276866029,52.659390830872475,-211.90560498155537,-761.7178092251833,87363.35848773932,77739.35401226068,82551.35625,83329.27199913593,85358.25665614034
2025-04-18,84900.1875,85095.046875,84298.8828125,84450.8046875,12728372364,51.69273836733403,-109.41639035067055,-631.2575254502807,87530.56224816319,77757.4721268368,82644.0171875,83436.08463612299,85322.67030442896
2025-04-19,84450.8671875,85597.703125,84353.4609375,85063.4140625,15259300427,52.972726714452456,20.997461743056192,-500.80652801161335,87781.6696811968,77779.2537563032,82780.46171875,83591.06839101604,85312.50339298077
2025-04-20,85066.0703125,85306.3828125,83976.84375,85174.3046875,14664050812,53.214385069129506,131.780245158443,-374.2891733776021,88023.93792551328,77799.52457448671,82911.73125,83741.852800205,85307.08383590309
2025-04-21,85171.5390625,88460.09375,85143.8359375,87518.90625,41396190190,58.11519051892603,404.10784689233697,-218.60976932361427,88458.06066632074,77600.37527117926,83029.21796875,84101.57217637595,85393.82196978925
2025-04-22,87521.875,93817.3828125,87084.53125,93441.890625,55899038456,67.40425957159485,1085.3534924457635,42.18288303026131,90716.53954450945,76437.51436174054,83577.026953125,84991.12631434016,85709.43250528771
2025-04-23,93427.5859375,94535.734375,91962.9609375,93699.109375,41719568821,67.73887188353353,1627.2431322104676,359.19493286630257,92551.554957522,75662.127073728,84106.841015625,85820.458034403,86022.75316684505
2025-04-24,93692.3984375,94016.1953125,91696.7109375,93943.796875,31483175315,68.0746180108644,2052.7756917730003,697.9110846476422,94130.06347739413,75093.61777260587,84611.840625,86594.1093525551,86333.38233187074
2025-04-25,93954.25,95768.390625,92898.59375,94720.5,40915232364,69.17138270276027,2424.73591574053,1043.2760508662197,95685.81087064264,74659.44069185735,85172.62578125,87368.05131897843,86662.2889070915
2025-04-26,94714.6484375,95251.359375,93927.25,94646.9296875,17612825123,68.92982728620623,2682.6565686696267,1371.1521544269012,96782.63340159673,75205.86269215327,85994.248046875,88061.27783026619,86975.41207495065
2025-04-27,94660.90625,95301.203125,93665.3984375,93754.84375,18090367764,65.923611900032,2782.996018899881,1653.5209273214973,97547.59737754677,75892.84949745322,86720.2234375,88603.52220357418,87241.27214063887
2025-04-28,93755.3046875,95598.4921875,92860.8046875,94978.75,32363449569,67.98648452691842,2927.5280409446714,1908.3223500461322,97898.83395107786,77412.29261142213,87655.56328125,89210.68675561473,87544.70264492754
2025-04-29,94981.859375,95485.4140625,93796.6328125,94284.7890625,25806129921,65.56295167789708,2952.0445299718413,2117.066786031274,98599.50883987041,77882.70131637958,88241.105078125,89693.93459436571,87809.01975934215
2025-04-30,94286.46875,95249.3203125,92979.640625,94207.3125,28344679831,65.28315185111722,2931.4306057911745,2279.9395499832544,98815.34416679827,79124.98317695172,88970.163671875,90123.78010918802,88059.93320015226
2025-05-01,94212.859375,97437.9609375,94153.6328125,96492.3359375,32875889623,69.42723668003185,3064.1545507403353,2436.7825501346706,99650.31671107728,79598.76063267271,89624.538671875,90730.30923569393,88390.61566044041
2025-05-02,96494.96875,97905.8984375,96375.9453125,96910.0703125,26421924677,70.12922372103154,3166.544947202041,2582.7350295481447,100516.26470517622,79895.10873232379,90205.68671875,91318.85790967547,88724.7119213055
2025-05-03,96904.6328125,96943.8828125,95821.2890625,95891.796875,15775154889,66.14243289708475,3129.4495710999327,2692.0779378585025,100944.93324107572,80687.12222767429,90816.027734375,91754.37590637304,89005.77407635235
2025-05-04,95877.1875,96318.921875,94173.4296875,94315.9765625,18198688416,60.418177505578136,2939.0165355942736,2741.4656574056567,101096.6470276576,81512.7670348424,91304.70703125,91998.33787362323,89214.01731110323
2025-05-05,94319.5625,95193.1875,93566.265625,94748.0546875,25816260327,61.40449299963182,2790.791568624394,2751.3308396494044,101067.98201088487,82649.33830161513,91858.66015625,92260.21566542101,89431.03838468742
2025-05-06,94748.3828125,96889.1796875,93399.859375,96802.4765625,26551275827,65.77182178035737,2806.7425096750667,2762.413173654537,101177.58550832198,83816.59574167801,92497.090625,92692.81194133329,89720.11439166046
2025-05-07,96800.1953125,97625.8046875,95829.3359375,97032.3203125,76983822462,66.2321946524284,2805.589130046108,2771.048364932851,101225.88832518067,84981.94995606934,93103.919140625,93106.09845287298,90006.86756502673
2025-05-08,97034.25,103969.5390625,96913.875,103241.4609375,69895404397,75.72930734091553,3268.0290205926867,2870.4444960648184,102297.0540011607,85789.8499050893,94043.451953125,94071.3710704565,90525.87122669235
2025-05-09,103239.125,104297.4921875,102343.09375,102970.8515625,58198593958,74.74267932514971,3571.5099075383914,3010.657578359533,102972.99839382207,86904.64926242792,94938.823828125,94918.94064112731,91013.90967123382
2025-05-10,102973.7109375,104961.765625,102830.484375,104696.328125,42276713994,76.81671114394702,3906.2237195894268,3189.770806605512,103693.578660041,88136.271339959,95914.925,95850.12040149614,91550.47510079328
2025-05-11,104701.0703125,104937.9921875,103364.7421875,104106.359375,46285517406,74.56220458089237,4076.8854815144296,3367.193741587296,104287.2928289705,89201.3024835295,96744.29765625,96636.42887516317,92042.86271938962
2025-05-12,104106.9609375,105747.453125,100814.40625,102812.953125,63250475404,69.73040811124505,4060.956899187702,3505.946373107377,105050.56705999366,89375.13450250635,97212.85078125,97224.66927990953,92465.21920588416
2025-05-13,102812.4921875,104997.421875,101515.09375,104169.8125,52608876410,71.7952939132158,4110.438023869749,3626.8447032598515,105974.4578849434,89498.3139900566,97736.3859375,97886.11149134672,92924.22286447693
2025-05-14,104167.328125,104303.5625,102618.296875,103539.4140625,45956071155,69.42569585326052,4052.0744937902055,3711.8906613659224,106639.82145898166,89792.51213476833,98216.166796875,98424.52126002798,93340.50487224254
2025-05-15,103538.828125,104153.6171875,101440.8125,103744.640625,50408241840,69.77543312680145,3976.5419439411053,3764.8209178809593,107267.53148491793,90067.21617133207,98667.373828125,98931.19929478722,93748.5101958801
2025-05-16,103735.65625,104533.484375,103137.4765625,103489.2890625,44386499364,68.72208650312825,3851.677377746615,3782.192209854091,107748.45384651504,90470.52974723495,99109.491796875,99365.30308218845,94130.50152398285
2025-05-17,103489.2890625,103716.9453125,102659.1796875,103191.0859375,37898552742,67.44165792528871,3686.1669711526774,3762.987162113808,108017.25993223465,91145.34788026536,99581.30390625,99729.66335412288,94485.81855980706
2025-05-18,103186.953125,106597.171875,103142.6015625,106446.0078125,49887082058,73.29125072440085,3774.137862326621,3765.2173021563713,108828.9019552382,91480.4316385118,100154.666796875,100369.31520730165,94954.84558932442
2025-05-19,106430.53125,107068.71875,102112.6875,105606.1796875,61761126647,69.80633164215119,3733.055970940666,3758.7850359132303,109258.65204707162,92182.82060917838,100720.736328125,100868.06420541578,95372.54496572346
2025-05-20,105605.40625,107307.1171875,104206.515625,106791.0859375,36515726122,71.84074843534167,3752.849791411034,3757.5979870127912,109719.83237082812,92980.01762917188,101349.925,101432.16151323332,95820.33088618529
2025-05-21,106791.3125,110724.4609375,106127.234375,109678.078125,78086364051,76.07123763045617,3955.8916225042194,3797.2567141110767,110833.00390385666,93185.42031489334,102009.212109375,102217.48690483015,96363.7719543741
2025-05-22,109673.4921875,111970.171875,109285.0703125,111673.28125,70157575642,78.47772631205753,4229.05009703587,3883.6153906960353,112221.18196273838,93273.5633497616,102747.37265625,103118.03874722727,96964.14486792806
2025-05-23,111679.359375,111798.90625,106841.3046875,107287.796875,67548133399,63.38787629269846,4045.0296343807713,3915.898239432983,112418.35985675303,94215.98545574697,103317.17265625,103515.15856891991,97368.9939662446
2025-05-24,107278.5078125,109454.5234375,106895.2890625,107791.15625,45903627163,64.23785366497337,3894.910878632407,3911.700767272868,112241.81503673329,95740.04824451671,103990.931640625,103922.39644330849,97777.70621266638
2025-05-25,107802.2734375,109313.3046875,106683.375,109035.390625,47518041841,66.31933182826376,3832.165183916368,3895.793650601568,112005.9906691595,97404.6062058405,104705.2984375,104409.34827013627,98219.1840327579
2025-05-26,109023.78125,110376.8828125,108735.640625,109440.3671875,45950461571,66.99272746748935,3771.639876131245,3870.962895707504,111909.15858112258,98765.2273563774,105337.19296875,104888.49292893281,98659.23043098308
2025-05-27,109440.40625,110744.2109375,107609.5546875,108994.640625,57450176272,65.44188142064542,3645.68157728386,3825.9066320227753,111410.74956183633,100459.86840691368,105935.308984375,105279.55461427254,99064.54063467002
2025-05-28,108992.171875,109298.2890625,106812.9296875,107802.328125,49155377493,61.35054036075039,3410.336823744932,3742.792670367207,111545.50614671047,100781.19854078953,106163.35234375,105519.81875815135,99407.19896762414
2025-05-29,107795.5703125,108910.046875,105374.3984375,105641.7578125,56022752042,54.6794470877453,3014.732483949527,3597.180633083671,111474.16203266922,101119.63327983078,106296.89765625,105531.43200142265,99651.69147134476
2025-05-30,105646.2109375,106308.9453125,103685.7890625,103998.5703125,57655287183,50.207935257908446,2539.3496538084,3385.614437228617,111493.80442535054,101030.21510589946,106262.009765625,105385.4451739062,99822.1573082528
2025-05-31,103994.71875,104927.1015625,103136.1171875,104638.09375,38997843858,51.85802733038571,2188.9763755917666,3146.286824901247,111479.51153430808,101097.68143444191,106288.596484375,105314.2688478199,100011.01756087034
2025-06-01,104637.296875,105884.546875,103826.953125,105652.1015625,37397056873,54.43634326481134,1970.4113093184133,2911.1117217846804,111370.47903557184,101490.62877692816,106430.55390625,105346.44339207515,100232.23654132642
2025-06-02,105649.8125,105958.3125,103727.546875,105881.53125,45819706290,55.023282314834695,1795.0181263769628,2687.893002703137,111349.30512374674,101682.97456375326,106516.13984375,105397.40414044894,100453.777510294
2025-06-03,105888.4765625,106813.578125,104920.84375,105432.46875,46196508367,53.56873555114526,1601.3231183587195,2470.579025834254,111269.49864024964,101952.08651600035,106610.792578125,105400.74362707285,100649.02030400798
2025-06-04,105434.3671875,105997.6953125,104232.703125,104731.984375,44544857105,51.29102306714869,1375.4399782491673,2251.5512163172366,111210.65253673775,102109.66699451224,106660.159765625,105337.05226973258,100809.13654208611
2025-06-05,104750.78125,105936.6875,100436.8828125,101575.953125,57479298400,42.519028306325524,931.0283017730399,1987.4466334083972,111462.82500737428,101666.16093012571,106564.49296875,104978.85235118662,100839.20778063175
2025-06-06,101574.3671875,105376.7734375,101169.5703125,104390.34375,48856653697,50.62799521772306,796.7422996704117,1749.3057666608001,111376.0762694041,101872.83544934589,106624.455859375,104922.80391297837,100978.46801472463
2025-06-07,104390.6484375,105972.7578125,103987.3125,105615.625,38365033776,53.69096858334845,780.1960182547045,1555.483816979581,111355.58748152884,101810.28595597117,106582.93671875,104988.7868736471,101160.31730826484
2025-06-08,105617.5078125,106497.0625,105075.328125,105793.6484375,36626232328,54.13617235308477,772.5425846013386,1398.8955705039327,111357.61441356252,101827.00589893747,106592.31015625,105065.4403559188,101342.01656823485
2025-06-09,105793.0234375,110561.421875,105400.234375,110294.1015625,55903193732,63.6501044263157,1116.7529062734538,1342.467037657837,111812.80864422504,101722.11323077496,106767.4609375,105563.40808987893,101693.07872487268
2025-06-10,110295.6875,110380.125,108367.7109375,110257.234375,54700101509,63.533835604134914,1370.7658566573227,1348.1268014577342,111918.17501073207,101674.66248926792,106796.41875,106010.43916465236,102028.92796605415
2025-06-11,110261.796875,110384.21875,108086.328125,108686.625,50842662052,58.6210208277561,1428.866812295324,1364.2748036252524,111325.07302640915,101969.09884859085,106647.0859375,106265.31400611404,102290.01412424812
2025-06-12,108685.9140625,108780.6953125,105785.6875,105929.0546875,54843867968,51.143481632999546,1238.1270026123384,1339.0452434226697,111257.4227917268,101900.87486452321,106579.148828125,106233.28930910319,102432.72159731682
2025-06-13,105924.59375,106182.546875,102822.0234375,106090.96875,69550440846,51.534395979144875,1087.4934928594157,1288.7348933100188,111141.36840661374,101846.91049963626,106494.139453125,106219.73497014098,102576.18226997106
2025-06-14,106108.0859375,106203.7578125,104379.3671875,105472.40625,38007870453,49.892015245512845,907.7386804563284,1212.5356507392808,110824.12881234057,101807.85165640943,106315.990234375,106148.56080631803,102689.7596809526
2025-06-15,105464.84375,106157.1015625,104519.8828125,105552.0234375,36744307742,50.11239779853074,762.9117662606586,1122.6108738435564,110391.46006366628,101851.68603008371,106121.573046875,106091.74772357346,102802.00531846426
2025-06-16,105555.59375,108915.375,104997.625,106796.7578125,50366626945,53.55187913040764,740.0442848679231,1046.0975560484299,110078.52857575454,101944.82923674547,106011.67890625,106158.89154156647,102958.66227901468
2025-06-17,106794.1171875,107750.1953125,103396.53125,104601.1171875,55964092176,47.35042588922571,538.5437947753817,944.5868037938203,109873.46362263501,101829.773096115,105851.618359375,106010.53207927443,103023.07227542587
2025-06-18,104602.0703125,105581.8515625,103602.265625,104883.328125,47318089133,48.18105019034375,397.0483426256833,835.0791115601929,109858.11266202081,101769.28108797918,105813.696875,105903.17932172448,103096.02348521311
2025-06-19,104886.7734375,105250.890625,103940.7734375,104684.2890625,37333806920,47.61054177719913,265.7875549855962,721.2208002452737,109838.88134174002,101857.08428325999,105847.9828125,105787.09453513168,103158.3084098126
2025-06-20,104681.03125,106539.3828125,102372.2109375,103309.6015625,50951862476,43.75680747298164,50.257307632418815,587.0281017227028,109899.44833325002,101663.66807299996,105781.558203125,105551.14282345248,103164.24147462388
2025-06-21,103315.078125,104015.78125,100973.0625,102257.40625,38360555118,41.01995795648133,-203.11396303040965,428.99968877208033,110021.68155651228,101201.96531848772,105611.8234375,105237.45362598081,103128.67930895236
2025-06-22,102212.03125,103351.6328125,98286.203125,100987.140625,65536997201,37.935137976882906,-500.64125955507916,243.07149910664847,110233.52433121047,100500.68348128954,105367.10390625,104832.6619116017,103044.69739977775
2025-06-23,100987.4765625,106116.859375,99705.75,105577.7734375,65237759656,51.98755754128651,-361.8370508828957,122.08978910873964,110241.6342376029,100507.1040436471,105374.369140625,104903.6249140682,103144.03371498255
2025-06-24,105571.515625,106316.828125,104740.2421875,106045.6328125,48822986421,53.15175357781633,-211.64170020373422,55.343491246244874,110306.27096092066,100573.83216407933,105440.0515625,105012.3875710617,103257.82191488521
2025-06-25,106047.40625,108168.3984375,105881.390625,107361.2578125,51624120283,56.35649781105991,13.394733521548915,46.95373970130568,110307.6806177733,101150.95297597672,105729.316796875,105236.08949881772,103418.74096969364
2025-06-26,107375.0703125,108305.546875,106666.3515625,106960.0,43891990613,55.11807165079133,157.54351298131223,69.071694357307,110422.15344563962,101293.44577311038,105857.799609375,105400.27145131127,103557.6138728429
2025-06-27,106954.921875,107772.46875,106449.9921875,107088.4296875,45353692675,55.45547320465617,278.93032651268004,111.04342078838161,110526.76108887121,101336.1185986288,105931.43984375,105561.04842618639,103696.07723812357
2025-06-28,107090.546875,107567.8828125,106883.9765625,107327.703125,30037708335,56.1173575178365,389.9426019117527,166.82325701305584,110644.80519101834,101371.47996523166,106008.142578125,105729.30125464483,103838.4939395697
2025-06-29,107327.8203125,108526.3046875,107230.109375,108385.5703125,35534874438,59.016802788829295,556.8625066898094,244.83110694840656,110246.64906643727,101578.78296481274,105912.716015625,105982.27926015484,104016.81066007678
2025-06-30,108383.4375,108798.7890625,106759.6484375,107135.3359375,42064804590,54.43880382255747,581.560402094954,312.17696597771607,109632.36976106986,101880.87242643014,105756.62109375,106092.09418180675,104139.10576899534
2025-07-01,107144.3828125,107550.6796875,105270.2265625,105698.28125,44110692247,49.66948643048064,479.6462949098641,345.67083176414565,109229.46700972902,101984.94080277097,105607.20390625,106054.58818830135,104200.24990550533
2025-07-02,105703.1015625,109763.65625,105157.3984375,108859.3203125,56248657737,58.31958301575811,646.4956655493734,405.8357985211912,109656.94399885485,101850.49037614516,105753.7171875,106321.70553346311,104382.9585489169
2025-07-03,108845.015625,110541.4609375,108605.796875,109647.9765625,50494742270,60.159332828587736,832.7633842492651,491.221315666806,110205.99594996937,101657.13920628064,105931.567578125,106638.49325051424,104589.42984356722
2025-07-04,109635.65625,109751.984375,107296.3828125,108034.3359375,42616442656,54.82691384409072,840.4859814158408,561.0742488166129,110428.6609729178,101690.6671520822,106059.6640625,106771.43064927479,104724.52420019204
2025-07-05,108015.8359375,108381.34375,107842.2734375,108231.1796875,30615537520,55.34687701937169,852.6608967866487,619.3915784106201,110660.28255421142,101726.96119578858,106193.621875,106910.454367201,104862.04010165509
2025-07-06,108231.1875,109731.625,107847.015625,109232.0703125,36746020463,57.994457083821274,932.3258416294411,681.9784310543844,110979.68374205596,101651.09125794403,106315.3875,107131.56064770566,105033.41383541371
2025-07-07,109235.328125,109710.25,107527.0546875,108299.8515625,45415696597,54.739013835081074,909.7515722996759,727.5330593034427,111171.73165733606,101828.91678016394,106500.32421875,107242.82644911464,105161.50943255435
2025-07-08,108298.2265625,109198.96875,107499.5546875,108950.2734375,44282204127,56.570770395906216,933.5831453626888,768.7430765152919,111432.42558802136,101974.91738072863,106703.671484375,107405.44044800849,105310.08841314046
2025-07-09,108950.2734375,111925.375,108357.6796875,111326.5546875,57927418065,62.5362145766239,1131.1763790119294,841.2297370146194,112089.23501237672,101982.33451887326,107035.784765625,107778.87989938864,105546.02826703692
2025-07-10,111329.1953125,116608.78125,110660.75,115987.203125,95911605728,70.96125044687395,1644.8846125944983,1001.9607121305953,113817.14746837481,101522.18221912518,107669.66484375,108560.62496849449,105955.4861046041
2025-07-11,115986.234375,118856.4765625,115245.6875,117516.9921875,86928361085,73.09964574612307,2150.6519047165493,1231.6989506477862,115474.53969920787,101390.74858204211,108432.644140625,109413.6123226855,106408.8785000118
2025-07-12,117530.7109375,118219.8984375,116977.0234375,117435.2265625,45524560304,72.79110517027564,2515.87686259317,1488.534533036863,116475.31790523048,102034.77896976951,109255.0484375,110177.57558362022,106841.28430638388
2025-07-13,117432.203125,119449.5703125,117265.4375,119116.1171875,49021091807,75.11632937497203,2907.4389522390265,1772.3154168772958,118167.73320215663,101696.19804784337,109931.965625,111028.86526018019,107322.65030172176
2025-07-14,119115.7890625,123091.609375,118959.1953125,119849.703125,181746419401,76.07719415468742,3239.604835696722,2065.7733006411813,119751.7934201859,101492.5448610641,110622.169140625,111868.94505682969,107813.90727518365
2025-07-15,119853.8515625,119935.5625,115765.6875,117777.1875,98321661181,68.0789908471188,3297.6013060901314,2312.1389017309716,120669.09426959588,101616.83698040411,111142.965625,112431.6348133221,108204.62414674507
2025-07-16,117777.1875,120065.515625,117064.8203125,118738.5078125,72162029070,69.67171579464804,3382.147154762002,2526.1405523371777,121618.69509098148,101845.08694026853,111731.891015625,113032.28938467237,108617.71762383351
2025-07-17,118738.5078125,120999.609375,117508.21875,119289.84375,72363841798,70.57841472946352,3453.825006658619,2711.6774432014663,122523.72499887443,102160.19843862556,112341.96171875,113628.24694327501,109036.23237387926
2025-07-18,119284.109375,120851.9140625,116925.984375,118003.2265625,77945799785,65.64619355339644,3367.9869097781047,2842.9393365167944,123069.9904709782,102681.48531027179,112875.737890625,114044.91166891549,109387.87920480556
2025-07-19,117998.125,118541.3984375,117388.4140625,117939.9765625,47564562765,65.40421757019658,3257.3076383215375,2925.812996877743,123557.2119649185,103149.7044413315,113353.458203125,114415.87023020926,109723.25557177397
2025-07-20,117944.109375,118865.03125,116550.1328125,117300.7890625,57515447231,62.881670875281074,3082.4834781966347,2957.1470931415215,123769.7643993606,103953.69731938941,113861.730859375,114690.62440471313,110020.41374788088
2025-07-21,117306.46875,119671.5625,116584.3984375,117439.5390625,69820091744,63.213346187672066,2921.453341595101,2950.0083428322378,123689.08659398771,105208.50090601228,114448.79375,114952.42580069284,110311.35983865027
2025-07-22,117426.5,120269.96875,116233.2265625,119995.4140625,79217583118,68.75236871601892,2965.8846779717423,2953.183609860139,124169.50315150147,105841.69372349852,115005.5984375,115432.71039705543,110691.1266709581
2025-07-23,119997.4453125,120113.3515625,117391.390625,118754.9609375,66608604537,63.73638942532113,2867.9427728198643,2936.135442452084,124406.3752964678,106515.52001603221,115460.94765625,115749.1152104311,111007.35546572445
2025-07-24,118770.984375,119535.453125,117247.96875,118368.0,72627318560,62.21159650008978,2727.6558746487717,2894.4395288914216,124288.12353557613,107667.13818317387,115977.630859375,115998.53280943766,111296.00819255879
2025-07-25,118368.0,118486.9765625,114759.8203125,117635.8828125,104857024569,59.32009508908987,2528.2575790771516,2821.2031389285676,123936.45722898687,108959.27480226313,116447.866015625,116154.47090496741,111544.63072667414
2025-07-26,117644.84375,118335.6875,117181.2265625,117947.3671875,48508954046,60.16833914359249,2368.0695474574604,2730.576420634346,123576.25395252748,110191.00776622252,116883.630859375,116325.22293187528,111795.71843102026
2025-07-27,117944.7265625,119815.59375,117859.6875,119448.4921875,54683390892,64.05797311916356,2335.3274195792765,2651.526620423332,122859.17783945553,112022.94794179448,117441.062890625,116622.67714669669,112095.82720578417
2025-07-28,119457.5234375,119819.7890625,117441.4375,117924.4765625,64822943193,57.87845648729089,2161.4874413889193,2553.51878461645,121547.61891132743,114231.92718242256,117889.773046875,116746.65804343986,112324.40169036126
2025-07-29,117938.5859375,119273.8671875,116987.3671875,117922.1484375,68463107433,57.869272508047956,2000.4699733892048,2442.909022371001,120182.5977822944,116256.5076864556,118219.552734375,116858.60950954084,112543.92117064122
2025-07-30,117921.9921875,118780.7265625,115800.828125,117831.1875,68896148592,57.4854721529263,1844.2631647183152,2323.179850840464,119985.18345401398,116638.32045223602,118311.751953125,116951.23598482266,112751.26494826312
2025-07-31,117833.6328125,118919.984375,115505.21875,115758.203125,69370346018,49.4382462978552,1535.495393939491,2165.6429594602696,120225.71019327111,116221.91480672889,118223.8125,116837.6138076967,112869.18409244888
2025-08-01,115738.953125,116060.7734375,112724.4453125,113320.0859375,91294530181,41.99257550321758,1081.5911210336926,1948.8325917749542,120977.92817507441,115058.18276242558,118018.05546875,116502.61115339225,112886.86651774502
2025-08-02,113320.390625,114021.6015625,112005.765625,112526.9140625,56870866000,39.88792663857721,650.3693203692237,1689.1399374938082,121483.05207530918,113894.1385496908,117688.5953125,116123.97333521204,112872.75073518639
2025-08-03,112525.8046875,114747.421875,111943.8046875,114217.671875,48099615826,46.09049118651077,439.98113314925286,1439.3081766248972,121358.83459552277,113455.15290447722,117406.99375,115942.42081519184,112925.49274066929
2025-08-04,114223.921875,115729.46875,114130.40625,115071.8828125,35783028986,48.95613085174759,338.2752363740874,1219.1015885747352,121353.28484495018,113190.17218629982,117271.728515625,115859.5124339831,113009.66490034893
2025-08-05,115072.1875,115117.4375,112701.109375,114141.4453125,61039182286,46.0826991754409,180.51320629240945,1011.38391211827,121290.0035746978,112793.74720655222,117041.875390625,115695.88699384185,113054.04844592347
2025-08-06,114140.9140625,115737.8359375,113372.25,115028.0,56379133510,49.14554941991124,125.57565686896851,834.2222610684098,121029.42184658046,112628.14455966954,116828.783203125,115632.27870871406,113131.45831078921
2025-08-07,115030.0546875,117676.90625,114279.7109375,117496.8984375,64051649681,56.548207567065916,278.05151878086326,722.9881126109005,120980.33860960127,112626.59498414873,116803.466796875,115809.86154002702,113302.65204124845
2025-08-08,117505.5,117689.203125,115917.4609375,116688.7265625,59713005166,53.788075126445534,329.87443459467613,644.3653770076556,120883.44243850668,112598.36615524332,116740.904296875,115893.56297073874,113435.43927737598
2025-08-09,116678.2734375,117906.609375,116363.8359375,116500.359375,54004312429,53.13705448451645,351.6907390403212,585.8304494141888,120836.1053861592,112565.6602388408,116700.8828125,115951.35310447791,113555.63222238085
2025-08-10,116497.71875,119320.7109375,116485.1640625,119306.7578125,64755458694,60.75770307519596,588.6476536169212,586.3938902547353,121081.21196841363,112507.27553158636,116794.24375,116270.91545762288,113781.16655924828
2025-08-11,119306.8125,122321.09375,118159.03125,118731.4453125,90528784177,58.65205985576093,721.695547902098,613.4542217842079,120853.41908130165,112608.67154369836,116731.0453125,116505.25163427784,113975.29513780716
2025-08-12,118717.6640625,120302.46875,118228.71875,120172.90625,72803657984,62.18793994845667,932.6992373232206,677.3032248920105,121115.22634090153,112488.65881534848,116801.942578125,116854.55207387042,114218.33871083434
2025-08-13,120168.9765625,123682.453125,118939.6328125,123344.0625,90904808795,68.55811871864597,1340.356196415887,809.9138191967858,122231.2703099677,111870.22109628229,117050.745703125,117472.60068588276,114576.2102319781
2025-08-14,123339.3984375,124457.1171875,117254.8828125,118359.578125,104055627395,53.3454353460169,1246.8481521560898,897.3006857886467,122294.70173336285,111879.15920413715,117086.93046875,117557.07472770345,114724.57760033189
2025-08-15,118365.78125,119332.3125,116864.5703125,117398.3515625,68665353159,50.99543232563853,1082.6987261445029,934.380293859818,122253.92506449626,111865.03431050375,117059.4796875,117541.95823577931,114829.43148120123
2025-08-16,117398.421875,117996.0625,117271.953125,117491.3515625,48036922378,51.21933574961082,949.1719823901803,937.3386315658905,122038.98958263175,111884.25572986824,116961.62265625,117537.13855260986,114933.82050399725
2025-08-17,117492.7890625,118595.7734375,117279.5234375,117453.0625,45852169525,51.11578442221984,830.6858393360453,916.0080731199215,122000.9546926843,111875.1492135657,116938.051953125,117529.13130950416,115032.61430776207
2025-08-18,117453.90625,117614.171875,114723.6796875,116252.3125,72787808090,47.84874182668092,632.6019854977931,859.3268555954959,121904.18859110029,111804.9317213997,116854.56015625,117407.52951812281,115080.44560941846
2025-08-19,116241.859375,116764.5,112730.3984375,112831.1796875,71657600353,40.00359900095677,197.2880638524657,726.9190972468899,121937.72975885433,111271.38977239568,116604.559765625,116971.68667711112,114992.23910267657
2025-08-20,112828.0234375,114625.796875,112387.9609375,114274.7421875,67993811526,44.16364143162847,-30.862166084509226,575.3628445806102,121953.62197196796,111107.15146553204,116530.38671875,116714.8348209577,114964.10196874809
2025-08-21,114275.6875,114802.6484375,111986.234375,112419.03125,57817883700,40.29561227283233,-357.29456157832465,388.83136334882323,122034.37184526636,110936.29612348364,116485.333984375,116305.71067134268,114864.29527389522
2025-08-22,112433.734375,117377.3984375,111678.9453125,116874.0859375,82528088240,51.318931026972535,-253.58572757399816,260.34794516425893,121930.11612082642,111475.26903542358,116702.692578125,116359.84164907194,114943.11059403658
2025-08-23,116866.3671875,116996.25,114536.109375,115374.328125,55377142586,48.099358743291724,-289.08130161536974,150.4620958083332,121896.99206051191,111624.05872073809,116760.525390625,116265.98321820794,114960.0210854469
2025-08-24,115387.390625,115615.0859375,111060.546875,113458.4296875,73961489632,44.277782934472576,-466.4320534812141,27.083265950423737,121976.18289418612,111383.52257456389,116679.852734375,115998.59716766432,114901.13514827251
2025-08-25,113456.8984375,113637.84375,109324.28125,110124.3515625,85706860190,38.539324235939475,-866.0329539062368,-151.5399780209084,122443.22506757104,110514.77102617896,116478.998046875,115439.14520526772,114713.81030177163
2025-08-26,110124.1015625,112397.015625,108762.0390625,111802.65625,69396320317,42.57390485824914,-1035.3594056192233,-328.3038635405714,122612.41790794452,110023.0438108055,116317.730859375,115092.81292381366,114599.6473977806
2025-08-27,111795.7109375,112619.4140625,110398.265625,111222.0625,62137056409,41.55756857613619,-1202.5387833929854,-503.15084751105417,122666.00038336123,109341.97774163877,116003.9890625,114724.1700263076,114467.19308806371
2025-08-28,111219.0546875,113450.078125,110900.921875,112544.8046875,58860155962,44.79119484774043,-1214.297736396431,-645.3802252881295,122624.82901462083,108968.75692287917,115796.79296875,114516.61142261163,114391.80530764944
2025-08-29,112550.5234375,112619.0546875,107559.625,108410.8359375,77843379644,37.75943945720118,-1539.4477253718505,-824.1937253048739,122962.89973020882,107821.73386354119,115392.316796875,113935.10899545814,114157.2574892122
2025-08-30,108409.40625,108929.3515625,107444.4453125,108808.0703125,51486264208,38.75441005415915,-1744.9630916588794,-1008.3475985756751,122744.84567380114,106989.91916994884,114867.382421875,113446.81959708118,113947.48544306663
2025-08-31,108818.4609375,109491.0,108104.65625,108236.7109375,47986191770,37.81796536925079,-1931.6723106397694,-1193.012540988494,122528.46629905775,106156.82510719226,114342.645703125,112950.61877235916,113723.53350167186
2025-09-01,108228.75,109890.5859375,107271.1796875,109250.59375,66870372995,40.56259607438631,-1975.0615619992896,-1349.4223451906532,121799.93184130022,105793.12831494978,113796.530078125,112598.23543689637,113548.12409964552
2025-09-02,109243.0703125,111748.015625,108454.03125,111200.5859375,74776999491,45.54129740374894,-1830.993233298068,-1445.7365228121362,119877.42793262354,106501.28456737645,113189.35625,112465.12596076338,113456.06377956139
2025-09-03,111190.6953125,112600.2265625,110582.9609375,111723.2109375,61119643565,46.82685223472848,-1655.562283651263,-1487.7016749799616,119109.86811424815,106605.20766700184,112857.537890625,112394.46738711925,113388.10876614723
2025-09-04,111718.1484375,112208.328125,109347.2265625,110723.6015625,60131132901,44.65553426226276,-1578.9904950829514,-1505.9594390005595,118460.17069563606,106587.43008561393,112523.800390625,112235.33730858409,113283.61828757283
2025-09-05,110723.015625,113357.4921875,110233.3984375,110650.984375,60241647677,44.494126308123604,-1506.7969834401883,-1506.1269478884856,117685.53544738582,106678.02861511418,112181.78203125,112084.44655300464,113180.37774198175
2025-09-06,110650.5703125,111275.015625,110024.0859375,110224.6953125,21500719036,43.50011909048473,-1467.0696048489335,-1498.3154792805751,116790.06151181288,106850.66583193713,111820.363671875,111907.3273872423,113064.46862710011
2025-09-07,110221.328125,111591.078125,110211.625,111167.6171875,24618007520,46.3549020875362,-1344.0065848147933,-1467.4537003874188,116080.57846022416,107051.67935227584,111566.12890625,111836.87879679065,112990.0822961354
2025-09-08,111163.015625,112869.234375,110630.609375,112071.4296875,40212813407,49.01417165900659,-1160.1743715707853,-1405.9978346240923,116010.44167520986,107045.84113729013,111528.14140625,111859.21697685821,112954.0567036399
2025-09-09,112077.578125,113225.4375,110776.703125,111530.546875,45984480722,47.496751834987045,-1046.0722707776586,-1334.0127218548057,115683.200924358,107098.662356892,111390.931640625,111827.91506239552,112898.23278879127
2025-09-10,111531.25,114275.25,110940.078125,113955.359375,56377473784,54.32381025010972,-751.3226502613543,-1217.4747075361154,115890.49474552566,107045.00134822434,111467.748046875,112030.52880645309,112939.68873334848
2025-09-11,113961.4296875,115522.546875,113453.8359375,115507.5390625,45685065332,58.08134736096614,-388.0107770618488,-1051.581921441262,115501.05886767543,107297.78253857457,111399.420703125,112361.67264036232,113040.38874625639
2025-09-12,115507.7890625,116769.3828125,114794.484375,116101.578125,54785725894,59.45601446469235,-51.555215842148755,-851.5765803214393,115695.63914424619,107175.92726200381,111435.783203125,112717.85411508972,113160.43538856007
2025-09-13,116093.5625,116334.6328125,115248.2734375,115950.5078125,34549454947,58.92677562358401,200.58589939656667,-641.1440843778382,116198.3627763282,106922.41144242181,111560.387109375,113025.72589579546,113269.84999342047
2025-09-14,115950.2890625,116181.5,115222.3984375,115407.65625,32798036057,56.96455745800563,352.54207986110123,-442.40685153005035,116713.20737764233,106935.89730985765,111824.55234375,113252.57640571971,113353.68553289419
2025-09-15,115399.6328125,116747.8828125,114461.0625,115444.875,52937859416,57.07010783431758,470.54751093889354,-259.8159790362616,117156.27690021919,106857.04966228081,112006.66328125,113461.36674803212,113435.69296297677
2025-09-16,115423.7578125,117005.2734375,114813.09375,116843.1875,45781744593,60.945630521468345,669.1858400062483,-74.01561522775961,117853.77242425154,106721.66663824845,112287.71953125,113783.4449148862,113569.32019972277
2025-09-17,116840.5078125,117328.609375,114794.9765625,116468.5078125,60528025996,59.398293048130554,787.2991331216181,98.24733444211594,118356.27735244462,106611.53202255539,112483.9046875,114039.16519084942,113683.01383159638
2025-09-18,116461.265625,117911.7890625,116188.796875,117137.203125,49457272032,61.28736298771893,924.2091839029308,263.43970433427893,118815.0635472413,107025.38254650871,112920.223046875,114334.21642267329,113818.47223525927
2025-09-19,117137.671875,117479.7578125,115141.8203125,115688.859375,38828473971,55.28728291547853,905.4052016500791,391.832803797439,118947.97367813291,107580.55132186708,113264.2625,114463.23003718059,113891.82075054322
2025-09-20,115691.125,116191.1484375,115473.5234375,115721.9609375,22864449614,55.39476435564326,882.9953094103694,490.06530492002514,118898.28843496497,108378.76156503502,113638.525,114583.10917054434,113963.5909539533
2025-09-21,115730.2265625,115901.0859375,115252.578125,115306.09375,22495852193,53.64989803305644,822.2004864657647,556.4923412291731,118820.96068664556,109061.63931335445,113941.3,114651.96484477821,114016.23812242573
2025-09-22,115309.21875,115431.3125,112037.6484375,112748.5078125,70684158591,44.38942407033026,561.1754593842052,557.4289648601796,118762.53656553726,109274.85562196274,114018.69609375,114470.68322265647,113966.52320831099
2025-09-23,112757.4765625,113351.9140625,111535.5703125,112014.5,47211853279,42.141265118795076,291.7201800823095,504.2872079046056,118749.133272204,109317.387821546,114033.260546875,114236.76101097491,113889.9732785733
2025-09-24,112007.6640625,113986.2734375,111229.640625,113328.6328125,48044595085,47.28852323878933,182.1151550727518,439.8527973382349,118631.89842301527,109695.12579573474,114163.512109375,114150.27261112015,113867.95992696259
2025-09-25,113330.1640625,113541.0859375,108713.3984375,109049.2890625,75528654284,36.04357477448129,-247.2052651492413,302.44118484073965,118863.42771971092,109303.42696778907,114083.42734375,113664.4646541087,113678.9924420817
2025-09-26,109041.296875,110359.1953125,108728.9765625,109712.828125,57738288949,38.48615369755219,-527.818372700378,136.38927333251613,118929.43031441212,109186.23765433788,114057.833984375,113288.11831800311,113523.45658650987
2025-09-27,109707.140625,109778.5,109144.296875,109681.9453125,26308042910,38.41262219982085,-744.1205089845898,-39.71268313090506,119080.79069253338,108886.31008871661,113983.550390625,112944.67326985995,113372.80908556831
2025-09-28,109681.9453125,112375.484375,109236.9453125,112122.640625,33371048505,47.026675200045425,-710.4086477088713,-173.85187604649832,119079.35676945842,108892.86510554157,113986.1109375,112866.38444653996,113323.78287142838
2025-09-29,112117.875,114473.5703125,111589.953125,114400.3828125,60000147466,53.555378547652786,-494.20016425685026,-237.92153368856873,119091.57402459475,109167.63144415525,114129.602734375,113012.47952901234,113366.00247696061
2025-09-30,114396.5234375,114836.6171875,112740.5625,114056.0859375,58986330258,52.50206115403671,-346.6394203641539,-259.66511102368577,119096.07014494303,109173.20798005698,114134.6390625,113111.87061553498,113393.06457345234
2025-10-01,114057.59375,118648.9296875,113981.3984375,118648.9296875,71328680132,62.96590353644202,139.30185385790537,-179.87171804736755,119621.37908848676,108962.03809901323,114291.70859375,113639.20957476973,113599.17693086597
2025-10-02,118652.3828125,121086.40625,118383.15625,120681.2578125,71415163912,66.4844230576009,680.5606301987427,-7.785248398145512,120528.19016054818,108513.19499570182,114520.692578125,114309.88083550594,113876.90559289083
2025-10-03,120656.984375,123944.703125,119344.3125,122266.53125,83941392228,68.96157647782796,1223.3286564749287,238.43753257646935,121755.37207005198,107917.61542994801,114836.49375,115067.65706545777,114205.9105206206
2025-10-04,122267.46875,122857.640625,121577.5703125,122425.4296875,36769171735,69.20724801127665,1647.3088526289212,520.2117965869597,122895.06733059567,107479.69751315431,115187.382421875,115768.39731517607,114528.24460559626
2025-10-05,122419.671875,125559.2109375,122191.9609375,123513.4765625,73689317763,70.90541358547067,2047.5100806398113,825.6714533975301,124152.56780760408,107029.05719239592,115590.8125,116506.0239101593,114880.60664312191
2025-10-06,123510.453125,126198.0703125,123196.046875,124752.53125,72568881188,72.74851508507923,2436.566572464435,1147.850477210911,125472.3705315816,106500.18884341841,115986.2796875,117291.4055615727,115267.74094143085
2025-10-07,124752.140625,125184.0234375,120681.96875,121451.3828125,76149412513,61.55950980601832,2450.2762952903868,1408.3356408268064,126031.51797266916,106439.32890233083,116235.4234375,117687.59387118481,115510.23670108062
2025-10-08,121448.3515625,124167.09375,121119.1796875,123354.8671875,65354305286,64.91078396317018,2584.9390619455953,1643.6563250505642,126844.66398597287,106247.94929527713,116546.306640625,118227.33418702435,115817.8692691755
2025-10-09,123337.0703125,123739.34375,119812.03125,121705.5859375,74653009425,60.02761015396441,2529.419488106272,1820.8089576617058,127388.68661065829,106305.59932684172,116847.14296875,118558.5962584982,116048.76011891372
2025-10-10,121704.7421875,122509.6640625,104582.4140625,113214.3671875,153125018868,42.35932642649693,1779.7337736953486,1812.5939208684345,127378.67406237777,106064.85250012222,116721.76328125,118049.62206126028,115937.60745493672
2025-10-11,113236.4296875,113429.7265625,109760.5625,110807.8828125,110236934340,38.86768464181549,980.121041336999,1646.0993449621476,127464.8873136748,105528.8181550752,116496.852734375,117359.93260899739,115736.4417826843
2025-10-12,110811.515625,115805.0625,109715.5390625,115169.765625,93710414091,47.34058833158684,690.4308224939741,1454.9656404685131,127464.5247298934,105771.30652010659,116617.915625,117151.34527718811,115714.21918826531
2025-10-13,115161.6796875,116020.484375,113821.1875,115271.078125,71582026739,47.52251992345391,463.6793026312662,1256.7083729010637,127432.40300240288,106129.08606009714,116780.74453125,116972.27221507496,115696.84110735294
2025-10-14,115264.8828125,115502.8828125,110029.484375,113118.6640625,92212917403,44.041238651711936,109.03833703933924,1027.1743657287188,127436.63439957917,106103.85778792083,116770.24609375,116605.26191482972,115595.73612520186
2025-10-15,113113.96875,113622.3828125,110235.8359375,110783.1640625,72574132855,40.56853509107852,-356.3645657695888,750.4665794290573,127284.61451238452,106429.26517511549,116856.93984375,116050.77640508403,115407.00780901748
2025-10-16,110782.171875,111990.8125,107537.03125,108186.0390625,87306423067,37.06821673423926,-924.1133977051359,415.5505840022187,127448.08694006625,106113.11384118375,116780.600390625,115301.75380102842,115123.83256405602
2025-10-17,108179.1328125,109235.8046875,103598.4296875,106467.7890625,99703051669,34.92143223854349,-1495.4680278802261,33.34686162572973,127821.15343425202,105418.63172199798,116619.892578125,114460.42382593048,114784.3798777205
2025-10-18,106483.734375,107490.984375,106387.453125,107198.265625,37779905278,36.6024181228864,-1867.796539095696,-346.88181851855546,128190.73079988098,104556.61685636902,116373.673828125,113768.78971155615,114486.88520114322
2025-10-19,107204.3125,109488.9921875,106157.7890625,108666.7109375,47657008953,39.959826672228296,-2021.0805438759562,-681.7215635900357,128374.45169467175,103799.52877407825,116086.990234375,113282.87744736033,114258.64307315722
2025-10-20,108667.4453125,111711.03125,107485.015625,110588.9296875,63507793085,44.13076652318112,-1964.8032052408234,-938.3378919201932,128417.66257048803,103409.60227326196,115913.632421875,113026.3109940403,114114.73274430793
2025-10-21,110587.6328125,113996.34375,107534.75,108476.890625,101194375480,40.77872454954093,-2066.8021021193854,-1164.0307339600317,128263.08889454392,102546.97204295608,115405.03046875,112593.03286365549,113893.64089649192
2025-10-22,108491.53125,109115.1328125,106778.0,107688.5859375,80807013218,39.5705844802582,-2186.047171871891,-1368.4340215424036,127802.52102582724,101708.27272417277,114755.396875,112125.94268021212,113650.305407904
2025-10-23,107679.4375,111288.59375,107548.4296875,110069.7265625,54944076060,44.8824734564807,-2064.6120379529602,-1507.6696248245148,126850.14052397085,101440.97275727915,114145.556640625,111930.11257376334,113509.8905512215
2025-10-24,110069.3515625,111842.53125,109770.1484375,111033.921875,48160816980,46.91725875983005,-1869.0263435668603,-1579.9409685729838,125726.9465230081,101425.0159769919,113575.98125,111844.76107864302,113412.79374038929
2025-10-25,111032.6171875,111947.703125,110704.40625,111641.7265625,24707667305,48.21508296503784,-1646.0043988932302,-1593.1536546370332,124214.48032345757,101750.30717654244,112982.39375,111825.42445805797,113343.3401255701
2025-10-26,111639.0546875,115260.90625,111268.484375,114472.4453125,41708524143,53.87159047614444,-1226.7018992327648,-1519.8633035561797,122284.1556142365,102652.6232920135,112468.389453125,112077.52168229055,113387.61876035167
2025-10-27,114479.8515625,116273.3125,113882.2890625,114119.328125,61761358733,53.092504981766425,-912.3779284249176,-1398.3662285299274,121010.71172711745,103192.86171038254,112101.78671875,112271.97943873906,113416.31324523986
2025-10-28,114129.0859375,116078.984375,112291.6796875,112956.1640625,64528066504,50.501680722675445,-748.5032562429697,-1268.3936340725359,118773.86434127291,104389.83878372709,111581.8515625,112337.13987909725,113398.26817925007
2025-10-29,112921.328125,113642.7265625,109368.71875,110055.3046875,62192043469,44.64980983240127,-842.9890528953692,-1183.3127178371026,116403.97239401203,105594.70260598796,110999.3375,112119.82224180226,113267.17157173046
2025-10-30,110059.1953125,111612.3515625,106376.6875,108305.546875,69673964814,41.52425781388862,-1046.9914934020053,-1156.0484729500831,116180.79242133432,105327.00054741568,110753.896484375,111756.55792115442,113072.59805421163
2025-10-31,108304.4140625,111031.8203125,108288.2734375,109556.1640625,60090359560,44.51392116332337,-1095.1266042729985,-1143.864099214666,116144.39284502939,105238.22824872061,110691.310546875,111546.99660128258,112934.69868198765
2025-11-01,109558.625,110574.8984375,109372.953125,110064.015625,25871668762,45.72737827009246,-1079.8468473568355,-1131.0606488431001,115468.130714406,105403.91537934399,110436.023046875,111405.76031782708,112822.12287583126
2025-11-02,110064.4296875,111167.3125,109523.453125,110639.625,34284209459,47.13847198252273,-1009.6520238771627,-1106.7789238499126,114697.04521551715,105711.85556573285,110204.450390625,111332.7950494626,112736.53472383789
2025-11-03,110646.90625,110764.9140625,105336.359375,106547.5234375,72852006359,39.312940949719355,-1269.585525864546,-1139.3402442528393,114431.80723032166,105319.97948842833,109875.893359375,110877.05489594236,112493.82839888346
2025-11-04,106541.421875,107264.8828125,98962.0625,101590.5234375,110967184773,32.314610552657825,-1854.1991182949569,-1282.3120190612628,115259.68589592757,103572.83676032242,109416.261328125,109992.62332847166,112066.24781216255
2025-11-05,101579.234375,104534.703125,98989.9140625,103891.8359375,77584934804,37.846410712430746,-2107.5187520419277,-1447.353365657396,115530.68964784303,102872.41269590698,109201.551171875,109411.59595790293,111745.68264060716
2025-11-06,103893.6640625,104147.3046875,100336.8671875,101301.2890625,63932752861,34.43472718186344,-2488.6245548118604,-1655.607603488289,116108.66252016416,101777.78982358583,108943.226171875,108639.18577738837,111336.09857872062
2025-11-07,101286.2421875,104052.9140625,99257.0546875,103372.40625,92168030081,39.15701501359504,-2593.6340029386047,-1843.2128833783522,116307.18662930424,101196.67977694575,108751.933203125,108137.58772716089,111023.7969187708
2025-11-08,103371.703125,103373.5625,101458.0390625,102282.1171875,51446691095,37.6208806468198,-2733.3239059958723,-2021.2350879018563,116523.65899442154,100341.74803682847,108432.703515625,107579.9238662408,110680.98594891705
2025-11-09,102278.984375,105418.3671875,101468.875,104719.640625,59679243013,43.00424718119393,-2617.1722577530454,-2140.422521872094,116326.09643372707,99952.38169127292,108139.2390625,107307.51593850358,110447.2077009203
2025-11-10,104723.7734375,106564.6953125,104350.6484375,105996.59375,69585887229,45.65044055493196,-2394.479722716598,-2191.233962040995,116255.51466340103,99774.93377409896,108015.22421875,107182.66620626516,110272.67382049207
2025-11-11,105996.859375,107428.2578125,102457.328125,102997.46875,71130078574,40.85302243723879,-2431.964434893569,-2239.3800566115096,116321.68006774619,99239.65665100382,107780.668359375,106784.07597233514,109987.37166086494
2025-11-12,103011.4375,105297.234375,100836.6171875,101663.1875,64347179408,38.89467285238875,-2540.0564950334083,-2299.5153442958895,116247.43997273028,98473.24283976971,107360.34140625,106296.37230830321,109660.93306632123
2025-11-13,101674.1484375,104005.4921875,97988.71875,99697.4921875,101546815416,36.1456663600417,-2752.6050970514334,-2390.133294846998,116128.8608899668,97458.17895378321,106793.519921875,105667.90753489338,109270.20989460275
2025-11-14,99694.703125,99804.4296875,94000.734375,94397.7890625,114346441890,29.99109291668178,-3310.5314009452995,-2574.2129160666586,116486.81225578976,95375.83383796024,105931.323046875,104594.56291847497,108686.97770510853
2025-11-15,94420.46875,96728.46875,94420.46875,95549.1484375,38500716654,32.67318589912436,-3618.0799635294243,-2782.9863255592118,115708.1919050499,94262.1245012001,104985.158203125,103733.09487266783,108171.76871422192
2025-11-16,95556.8671875,96564.1875,92971.1640625,94177.078125,71086235862,31.14203608846269,-3927.258036482468,-3011.8406677438634,114842.76346454378,93133.32794170621,103988.045703125,102822.99803955661,107622.95731856616
2025-11-17,94180.875,95928.3671875,91214.7578125,92093.875,94186165724,28.925631765559032,-4290.917937953011,-3267.656121785693,114174.12870495496,91715.73379504503,102944.93125,101801.17679769408,107013.97369823023
2025-11-18,92094.53125,93745.078125,89300.4609375,92948.875,101333569062,31.093250656716094,-4458.732186250985,-3505.8713346787517,113639.80130508066,90539.41822616935,102089.609765625,100958.10043600891,106462.40120026041
2025-11-19,92946.1640625,92946.1640625,88526.828125,91465.9921875,80350354656,29.417530360854244,-4657.691469119745,-3736.235361566951,113332.66181398809,89162.60224851192,101247.63203125,100054.09012662711,105874.30672917177
2025-11-20,91459.3515625,93025.0703125,86040.796875,86631.8984375,97970645638,24.73717866819277,-5146.1178563346475,-4018.2118605204905,113176.42185381614,87026.41564618386,100101.41875,98775.78615623405,105119.70248243955
2025-11-21,86528.7734375,87380.8046875,80659.8125,85090.6875,129157506112,23.455865085445396,-5593.088486843946,-4333.187185785182,112670.55142637364,85034.95326112637,98852.75234375,97472.44342706891,104334.25091450074
2025-11-22,85098.5625,85503.0078125,83490.8984375,84648.359375,40793099246,23.086269998023624,-5914.825686110853,-4649.514885850316,111590.59835056718,83515.77977443281,97553.1890625,96251.10208877664,103562.25516785365
2025-11-23,84648.609375,88038.46875,84641.7734375,86805.0078125,58083435576,28.963538590931847,-5927.453238258866,-4905.102556332026,110716.52606629347,82415.60049620652,96566.06328125,95351.47406246458,102905.10821274175
2025-11-24,86798.7734375,89206.3359375,85272.1953125,88270.5625,74433896110,32.72562440686659,-5752.886949477281,-5074.659434961077,110306.33690427392,81493.79356447607,95900.065234375,94677.10153270604,102331.20445930089
2025-11-25,88269.9609375,88457.3359375,86131.4296875,87341.890625,64837343545,31.584161818354588,-5624.640611264069,-5184.655670221675,109447.23186749409,80697.9040700059,95072.56796875,93978.51001768642,101743.38823050477
2025-11-26,87345.5859375,90581.15625,86316.8984375,90518.3671875,66496301869,39.373559176630174,-5206.6701007122465,-5189.058556319789,108732.21558612701,80334.62816387299,94533.421875,93648.97260528771,101303.19132685753
2025-11-27,90517.765625,91897.578125,90089.515625,91285.375,57040622845,41.116878122922536,-4758.679247280335,-5102.982694511898,107561.42058321691,80296.72004178309,93929.0703125,93423.86807145078,100910.33578462782
2025-11-28,91285.3828125,92969.0859375,90257.1171875,90919.265625,60895830289,40.51797272051753,-4382.664605733618,-4958.919076756243,106464.35788731049,80257.49758143951,93360.927734375,93185.33450512213,100518.52911170125
2025-11-29,90918.7421875,91187.6171875,90260.1875,90851.7578125,37921773455,40.40111448824901,-4043.5065826615755,-4775.83657793731,104660.81333394497,80674.25385355504,92667.53359375,92963.08910582478,100139.44004114433
2025-11-30,90838.2109375,91965.046875,90394.3125,90394.3125,38497902869,39.568336520405076,-3768.1960016773664,-4574.3084626853215,102132.4823769451,81642.35668555489,91887.41953125,92718.44371479384,99757.27817678574
2025-12-01,90389.109375,90398.15625,83862.25,86321.5703125,87962894424,33.03867180028212,-3834.445538636428,-4426.335877875543,100140.42753080222,81966.82168794777,91053.624609375,92109.21767648016,99230.38767230394
2025-12-02,86322.5390625,92316.6328125,86202.1953125,91350.203125,78546798211,45.08789093555791,-3441.5085635914147,-4229.370415018717,98138.73285399919,82937.21792725081,90537.975390625,92036.93057633919,98921.36082731163
2025-12-03,91345.09375,94060.7734375,91056.390625,93527.8046875,77650204986,49.339176394494395,-2920.7206828456983,-3967.6404685841135,96678.54269068003,83780.43934056997,90229.491015625,92178.91858692592,98709.84882182883
2025-12-04,93454.2578125,94038.2421875,90976.1015625,92141.625,64538402681,46.8525465692837,-2589.989860377187,-3692.110346942728,96333.48186385725,83899.88376114276,90116.6828125,92175.3668167425,98452.27141705122
2025-12-05,92133.6484375,92702.640625,88152.140625,89387.7578125,63256398633,42.29229653235196,-2521.036429122614,-3457.8955633787054,95478.52123150385,84138.70533099615,89808.61328125,91909.88024490989,98096.80029530411
2025-12-06,89389.359375,90267.4609375,88951.6640625,89272.375,37994042405,42.10737120496179,-2447.4876525941363,-3255.813981221792,94848.98076547339,84277.77548452662,89563.378125,91658.68926920417,97750.74440137063
2025-12-07,89277.8125,91740.84375,87799.5625,90405.640625,47394898960,44.666536067151156,-2271.5694142587745,-3058.9650678291887,94647.02747941704,84310.90533308295,89478.96640625,91539.3513030895,97462.70111602277
2025-12-08,90424.5859375,92267.1171875,89644.890625,90640.203125,57394099056,45.20643947073878,-2089.143365258031,-2865.000727314957,94303.35529476966,84423.71033023033,89363.5328125,91453.71814327146,97195.15217519835
2025-12-09,90639.703125,94601.5703125,89586.9765625,92691.7109375,66861721440,49.818267794573394,-1758.7560271206166,-2643.751787276089,94502.94696148021,84346.6905385198,89424.81875,91571.62221891226,97018.54663646508
2025-12-10,92695.234375,94477.15625,91640.1328125,92020.9453125,65420694513,48.384328921951486,-1533.3711137409118,-2421.6756525690535,94720.04596615769,84668.4962213423,89694.27109375,91614.41489449205,96822.5622708194
2025-12-11,92011.3046875,93554.265625,89335.296875,92511.3359375,64532834621,49.528122155403494,-1300.1936974036507,-2197.379261535973,94743.74305171841,85386.86397953158,90065.303515625,91699.8359462071,96653.49457147354
2025-12-12,92513.6640625,92747.9296875,89532.6015625,90270.4140625,80275884583,44.658054600163716,-1281.4508148328168,-2014.1935721953419,94268.95764604754,86423.85485395246,90346.40625,91563.70052871118,96403.17768876869
2025-12-13,90257.796875,90647.5703125,89800.9921875,90298.7109375,64237748110,44.73195616941265,-1249.9054915669694,-1861.3359560696674,94073.28624392839,86968.8965685716,90521.09140625,91443.22532954821,96163.78683577776
2025-12-14,90296.4375,90498.109375,87634.9375,88175.1796875,50465972205,40.374697126755756,-1380.3450617539493,-1765.1377772065239,94081.47186234436,86951.17266890564,90516.322265625,91131.98288744838,95850.50812408059
2025-12-15,88171.078125,89983.921875,85304.078125,86419.78125,45559514323,37.15295630240304,-1606.8426623362757,-1733.4787542324743,94226.9231675902,86713.5104261598,90470.216796875,90683.20177911996,95480.67569764606
2025-12-16,86424.40625,88170.09375,85381.6875,87843.984375,41262178223,41.24911387127144,-1652.3748048171838,-1717.2579643494164,94272.11544877852,86400.87986372146,90336.49765625,90412.80012158473,95181.1976065619
2025-12-17,87847.6171875,90264.5703125,85316.265625,86143.7578125,44243392914,38.05993153779992,-1804.8482626889308,-1734.7760240173195,94406.32289977813,85752.51069397187,90079.416796875,90006.22466357666,94826.7882028732
2025-12-18,86144.3671875,89412.6640625,84436.3125,85462.5078125,52667115348,36.8311781195138,-1958.0841825293028,-1779.4376557197163,94576.03755887126,85037.12025362873,89806.57890625,89573.48972537888,94459.56152089778
2025-12-19,85476.1328125,89339.1171875,85107.6640625,88103.3828125,46733310561,44.33381927320148,-1845.1583740563365,-1792.5817993870405,94470.09306923611,84868.22724326389,89669.16015625,89433.47954319994,94210.29961076454
2025-12-20,88101.671875,88497.203125,87924.875,88344.0,14688196659,44.97507950199883,-1716.461758454374,-1777.3577912005073,94389.88998626759,84743.39907623241,89566.64453125,89329.71958670471,93980.24864563653
2025-12-21,88344.703125,89027.953125,87613.203125,88621.75,19845522660,45.75193322460215,-1573.9135637980653,-1736.668945720019,94283.72026134178,85079.58676990823,89681.653515625,89262.29391178046,93770.11144384686
2025-12-22,88621.3984375,90501.9296875,87908.0703125,88490.015625,38047472118,45.42436750375549,-1454.802893468499,-1680.2957352697151,94099.97466013061,84977.31362111938,89538.644140625,89188.74359875376,93563.04886271563
2025-12-23,88490.03125,88898.3828125,86606.9765625,87414.0,43683011533,42.73309606367998,-1430.7396216323104,-1630.3845125422342,93477.05884521572,84988.84896728427,89232.95390625,89019.72039887245,93321.90969162874
2025-12-24,87404.3203125,87956.8828125,86411.796875,87611.9609375,25550297986,43.397526670615264,-1379.7901501466113,-1580.26564006311,93076.91319371479,84936.02821253521,89006.470703125,88885.64806921793,93097.9901326433
2025-12-25,87608.3203125,88501.7890625,86949.2578125,87234.7421875,19953216347,42.38829623377839,-1354.239892998041,-1535.0604906500962,93040.06949398607,84757.57034976392,88898.819921875,88728.41893762574,92868.0588406769
2025-12-26,87235.5078125,89459.4296875,86628.140625,87301.4296875,42455674908,42.64224921888236,-1313.4691514371953,-1490.742222807516,92997.51821873787,84603.02709376214,88800.27265625,88592.51519951853,92649.75965819937
2025-12-27,87301.4296875,87874.78125,87182.9765625,87802.15625,13741199310,44.61633127601256,-1226.6139540441072,-1437.9165690548346,92818.91583353895,84521.28104146104,88670.0984375,88517.242918612,92459.65756376019
2025-12-28,87799.34375,87986.890625,87394.953125,87835.8359375,15156557929,44.75406032841642,-1141.899804900866,-1378.713216224041,92586.88740541597,84472.87275083404,88529.880078125,88452.34701564895,92278.33122547547
2025-12-29,87835.7890625,90299.15625,86717.9140625,87138.140625,48411625849,42.40167076740467,-1118.1718234649888,-1326.6049376722308,91843.29318945357,84661.10993554644,88252.2015625,88327.18450225382,92076.75512349604
2025-12-30,87134.3515625,89297.9375,86735.546875,88430.1328125,35586356225,47.86645277123365,-983.7739219301438,-1258.0387345238134,91199.42970695015,84945.89216804985,88072.6609375,88336.98910322964,91933.7503269864
2025-12-31,88429.5859375,89080.2890625,87130.5625,87508.828125,33830210616,44.615736260613524,-940.7597129278583,-1194.5829302046225,90153.29378888276,85491.77730486725,87822.535546875,88258.11662911253,91760.22396612419
2026-01-01,87508.046875,88803.2265625,87399.40625,88731.984375,18849043990,49.517496636330634,-798.7644954710559,-1115.419243257909,89824.11104305384,85667.11708194615,87745.6140625,88303.24689062563,91641.46947235461
2026-01-02,88733.0625,90884.4609375,88298.6171875,89944.6953125,46398906171,53.87614035892735,-581.671478284421,-1008.6696902632116,89719.05679846206,85736.76976403795,87727.91328125,88459.57531175652,91574.92930922307
2026-01-03,89945.0546875,90679.5703125,89328.0703125,90603.1875,20774828592,56.09292260087391,-352.42633045119874,-877.421018300809,90215.94542906269,85482.68191468732,87849.313671875,88663.72885349399,91536.82178729275
2026-01-04,90603.0,91712.5859375,90595.1015625,91413.4921875,26770491368,58.72197196927616,-104.162363995536,-722.7692874397545,90852.65481781705,85345.34361968296,88098.99921875,88925.61107578028,91531.98533239891
2026-01-05,91414.625,94762.0703125,91414.625,93882.5546875,53376407252,65.50063086362478,288.49572783151234,-520.5162843855012,92172.81001529806,84629.04545345194,88400.927734375,89397.7009435631,91624.16452279502
2026-01-06,93876.9453125,94395.296875,91286.546875,93729.03125,52430605257,64.7881913783713,580.5992494586098,-300.29317761667903,93084.30836027963,84476.07445222037,88780.19140625,89810.20859179519,91706.70831601875
2026-01-07,93727.46875,93738.7890625,90601.8046875,91308.0546875,43461295053,54.686713734466444,609.7124337880086,-118.29205533574151,93219.0032703053,84925.9342296947,89072.46875,89952.86060090993,91691.07484039056
2026-01-08,91309.640625,91485.8515625,89233.875,91027.125,42386697030,53.641555260366204,603.1632734046289,25.999010412332566,93427.02960680689,85010.2821119431,89218.655859375,90055.17149606136,91665.0375917478
2026-01-09,91026.2734375,91910.671875,89625.3828125,90513.1015625,38305906684,51.69477498202015,550.1537906437879,130.82996645862366,93552.34247441146,85101.87940058853,89327.1109375,90098.78388334124,91619.86362981651
2026-01-10,90510.1015625,90713.03125,90283.3984375,90386.6484375,12385895282,51.20246597358555,492.2651569634327,203.11700455958547,93652.26398365245,85178.44773509756,89415.355859375,90126.19955516588,91571.50224972567
2026-01-11,90385.359375,91155.2265625,90212.0234375,90827.4609375,17165568977,52.88685441735247,476.4654849123035,257.7867006301291,93790.56257398761,85273.89367601238,89532.228125,90192.98635348341,91542.32415905017
2026-01-12,90825.859375,92395.5234375,90055.0234375,91192.9921875,41346275358,54.29567903648124,487.81620641170593,303.7926017864445,93918.69369431844,85523.66177443156,89721.177734375,90288.22500434214,91528.62486604821
2026-01-13,91185.3359375,96011.625,90941.9296875,95321.78125,54980674354,66.48618160016473,820.5121532398771,407.13651207713104,94866.96095447347,85346.37654552652,90106.66875,90767.6113134524,91677.37609679143
2026-01-14,95322.90625,97860.6015625,94583.046875,96929.328125,60592490863,69.85728692849072,1200.0581625412597,565.7208421699568,96044.32160524474,85138.47448850525,90591.398046875,91354.44148598074,91883.33499985843
2026-01-15,96931.2890625,97150.171875,95103.2421875,95551.1875,53086363027,63.921104318875734,1373.8102491729223,727.33872357055,96653.49658545677,85354.27528954323,91003.8859375,91754.13158255401,92027.17235280517
2026-01-16,95554.1015625,95801.890625,94259.2734375,95525.1171875,33248170537,63.8106389832631,1492.2051610732742,880.312011071095,97172.38881321154,85607.67915553846,91390.033984375,92113.27306873933,92164.3466600481
2026-01-17,95525.15625,95598.4765625,95005.6171875,95099.921875,16021715122,61.93082226517797,1534.0408060257032,1011.0577700620166,97508.08662019871,85998.38994230129,91753.23828125,92397.71581219274,92279.46725671289
2026-01-18,95101.1796875,95491.5078125,93588.8671875,93634.4296875,20809781232,55.82643557523633,1432.4307145380008,1095.3323589572135,97457.18381899949,86698.92164975051,92078.052734375,92515.49808603153,92332.60303831239
2026-01-19,93655.671875,93660.828125,92089.25,92553.59375,39195241508,51.77320600996723,1250.2771411269641,1126.3213153911638,97383.4551619856,87184.9964005144,92284.22578125,92519.12624450472,92341.26934073151
2026-01-20,92553.6015625,92798.4296875,87814.9296875,88310.90625,53072968031,39.61462692920963,754.868049239376,1052.0306621608063,97275.90243442886,87372.75694057113,92324.3296875,92118.34338788522,92183.21588619302
2026-01-21,88326.5078125,90430.40625,87231.5703125,89376.9609375,56330422434,43.22270234002864,443.1659375127638,930.2577172311978,97217.2062233997,87495.95080785031,92356.578515625,91857.2593449914,92073.16667251878
2026-01-22,89378.5234375,90258.9609375,88438.4453125,89462.453125,35549685694,43.514186439751974,200.72444684359652,784.3510631536776,97247.94649640367,87416.98631609631,92332.46640625,91629.18256213507,91970.78574908667
2026-01-23,89462.046875,91100.25,88486.359375,89503.875,38997586037,43.66509217532541,11.794261027665925,629.8397027284752,97297.86637631617,87257.13518618382,92277.50078125,91426.77231812221,91874.04415108328
2026-01-24,89506.1484375,89811.609375,89044.2890625,89110.734375,14558687712,42.50443630405906,-167.72401715892192,470.32695875099586,97368.35336331213,86956.37241793786,92162.362890625,91206.19727592009,91765.67906182511
2026-01-25,89104.765625,89193.1484375,86003.7109375,86572.21875,36124986722,35.873698621907835,-508.9635269386199,274.46886161307276,97497.34839714109,86096.34379035892,91796.84609375,90764.86598773721,91562.01395155747
2026-01-26,86566.5234375,88743.0703125,86429.2890625,88267.140625,45329286974,42.3413497447811,-635.30882204308,92.51332488184221,97356.3021408935,85691.20098410649,91523.7515625,90526.98738176224,91432.80323286894
2026-01-27,88257.4765625,89427.125,87228.921875,89102.5703125,38744942267,45.27136519865472,-660.4133508623345,-58.07201026699312,97345.74335478991,85481.21133271008,91413.47734375,90391.32861326107,91341.42154971723
2026-01-28,89104.046875,90439.2890625,88721.4609375,89184.5703125,39807419296,45.56376840061684,-666.014752633957,-179.6605587403859,97335.54270227705,85307.15651647295,91321.349609375,90276.39925128382,91256.83914825773
2026-01-29,89169.8515625,89200.78125,83250.6015625,84561.5859375,64653083162,34.403718213209245,-1031.598481912195,-350.0481433747477,97752.81655720492,84294.7310990451,91023.773828125,89732.13131663774,90994.28019881625
2026-01-30,84562.7265625,84602.1640625,81071.4765625,84128.65625,72083816087,33.574375410932134,-1340.804074145446,-548.1993295288875,98112.98871861558,83308.75971888442,90710.87421875,89198.467024577,90725.04004396072
2026-01-31,84126.5,84136.921875,75815.8828125,78621.1171875,70479259159,25.238991651140864,-2007.127194708286,-839.9849025647673,99265.2209990506,80935.89306344942,90100.55703125,88191.1003734268,90250.37640253089
2026-02-01,78626.125,79322.609375,75698.8984375,76974.4453125,53372509744,23.37078416883702,-2637.660419426087,-1199.5200059370313,100247.08506761852,78532.17430738147,89389.6296875,87122.8475104814,89729.75165390223
2026-02-02,76968.875,79258.609375,74551.3359375,78688.765625,75140589684,29.242876339451357,-2964.8542267471494,-1552.586850099055,100032.76418260884,77083.19362989118,88557.97890625,86319.60161662604,89296.77180963157
2026-02-03,78693.5078125,79118.8515625,72897.140625,75633.546875,68249110822,25.493470384516982,-3431.1362925770663,-1928.2967385946574,99630.31646151013,75356.06322598988,87493.18984375,85301.88211742355,88760.959067097
2026-02-04,75640.09375,76864.65625,71779.9296875,73019.703125,67215363944,22.800072023488553,-3965.8674832691468,-2335.810887529555,99496.64431945285,73236.58693054716,86366.615625,84132.15078481178,88143.65491250498
2026-02-05,73016.375,73161.5546875,62353.53515625,62702.09765625,125509410908,15.733812540690565,-5162.678197321133,-2901.184349487871,100890.09519574523,68560.83410112976,84725.4646484375,82091.19334399638,87145.94678480871
2026-02-06,62704.453125,71681.3046875,60074.203125,70555.390625,114674259489,32.804503344695235,-5415.042956437959,-3403.956070877888,100068.29680223185,66928.17936964314,83498.2380859375,80992.54546599672,86495.33673932603
2026-02-07,70553.796875,71611.1484375,67364.4453125,69281.96875,62347107663,31.683676531348596,-5652.638253963247,-3853.6925074949604,99287.73635743393,65273.49372069107,82280.6150390625,79877.2524454256,85820.30270052893
2026-02-08,69283.7265625,72206.90625,68852.8984375,70264.7265625,39721722619,33.57005073213206,-5695.974251266962,-4222.148856249361,98259.7724402386,64072.5709191364,81166.1716796875,78961.77378990888,85210.28010688075
2026-02-09,70243.328125,71369.96875,68291.03125,70120.78125,52081598792,33.4244701009231,-5676.498385179933,-4513.018762035476,97682.10070087129,62831.23015850373,80256.6654296875,78119.77450039376,84618.53505366974
2026-02-10,70137.390625,70464.265625,67913.09375,68793.9609375,40593063077,32.045003494107675,-5702.3932912635355,-4750.893667881088,96815.47981343536,61639.55104593963,79227.5154296875,77231.60178011817,83997.9635197023
2026-02-11,68791.859375,69242.6796875,65757.3046875,66991.96875,49671946030,30.22078094604683,-5801.445448693572,-4961.004024043585,95809.51727396417,60398.46514791083,78103.9912109375,76256.39863439264,83331.0617640277
2026-02-12,66992.1953125,68339.4921875,65092.109375,66221.84375,44651071271,29.44919566359991,-5874.371549828851,-5143.677529200638,94550.78508861733,59328.994208257674,76939.8896484375,75300.72674064097,82660.1120379874
2026-02-13,66213.375,69382.8359375,65835.78125,68857.84375,40820775886,35.51777628220724,-5654.283776646189,-5245.798778689748,92909.36145102806,58945.12878334694,75927.2451171875,74687.1188367704,82118.84661492908
2026-02-14,68856.984375,70481.1640625,68706.6171875,69767.625,36012397645,37.515492373417814,-5344.838911313374,-5265.606805214475,91505.03534283949,58668.995516535506,75087.0154296875,74218.59561422083,81634.48498297107
2026-02-15,69764.953125,70939.2890625,68052.546875,68788.1875,40191152750,36.21471416474592,-5119.618274242777,-5236.409099020135,89518.85682381532,58707.27872305968,74113.0677734375,73701.41388905693,81130.70861108985
2026-02-16,68782.3984375,70067.234375,67301.5859375,68843.15625,33618145426,36.34810554076346,-4880.4351594525215,-5165.2143111066125,86940.70616434814,59259.487976276876,73100.0970703125,73238.72268533721,80648.84381261574
2026-02-17,68843.09375,69201.8671875,66615.28125,67494.21875,34866936040,34.44445505055454,-4745.031036360975,-5081.177656157485,83795.25610435396,60235.90288002106,72015.5794921875,72691.62707244795,80132.9761631014
2026-02-18,67488.0234375,68434.4296875,65845.8984375,66425.3203125,33094301643,32.970902699037325,-4670.139008595681,-4998.969926645124,81536.62589539043,60680.90652648455,71108.7662109375,72094.83595245291,79595.42103170526
2026-02-19,66425.625,67277.125,65637.4296875,66957.5234375,31492987019,34.47399484268074,-4515.787010960805,-4902.33334350826,78827.89314211122,61672.52599851376,70250.2095703125,71605.56809388596,79099.81720448153
2026-02-20,66958.578125,68269.03125,66452.484375,68005.421875,47507867304,37.448314926252706,-4259.800960694614,-4773.826866945531,77380.96843832609,62057.88117104891,69719.4248046875,71262.69702542062,78664.7428778352
2026-02-21,68000.25,68657.703125,67533.0703125,68003.765625,18357635642,37.44542182175096,-4010.829471617748,-4621.227387879974,76154.98309602491,62386.7985446001,69270.8908203125,70952.32260633295,78246.66533850835
2026-02-22,67998.828125,68235.2265625,67185.6015625,67659.390625,17893536012,36.808666860576935,-3797.530390755608,-4456.487988455101,74009.4158437778,63429.42829684722,68719.4220703125,70638.7100366822,77831.47809484135
2026-02-23,67668.4296875,67668.4296875,63924.4375,64616.73828125,50953457309,31.682441943020365,-3829.857732137054,-4331.161937191491,72661.44266707833,63675.72061417167,68168.581640625,70065.18891711722,77313.25300411228
2026-02-24,64616.015625,64992.15625,62553.1875,64080.04296875,40849331086,30.865885036606656,-3854.353620175083,-4235.80027378821,71953.54340397121,63489.65386165379,67721.5986328125,69495.17501727273,76794.30359096082
2026-02-25,64077.76953125,69953.53125,63942.484375,67960.125,53629234355,42.42001270467067,-3520.0990841487655,-4092.660035860321,71495.34352709843,64473.656472901566,67984.5,69348.97977753247,76447.86521484471
2026-02-26,67954.8671875,68843.3515625,66523.734375,67453.7734375,42988597523,41.446528639597574,-3258.4963776136283,-3925.8273042109827,71129.81134731622,64529.026933933776,67829.419140625,69168.48393562461,76095.15573338022
2026-02-27,67456.515625,68220.40625,64946.03515625,65881.796875,40283655942,38.49314386874072,-3141.8029700420593,-3769.022437377198,70994.86822377413,64323.952869975874,67659.410546875,68855.46612032702,75694.63185658099
2026-02-28,65878.9296875,67714.5234375,63062.21875,66995.859375,42041497112,41.665663403770466,-2925.7014060467627,-3600.358231111111,70606.67616322209,64385.258211777924,67495.9671875,68678.36071601017,75353.50352396998
2026-03-01,67005.8828125,68162.8203125,65076.73046875,65738.1015625,40733141929,39.206906970384836,-2823.383693873271,-3444.9633236635427,70222.069238916,64331.59716733401,67276.833203125,68398.33603472348,74976.42893724567
2026-03-02,65734.078125,70044.0,65303.13671875,68775.8515625,56698092052,47.29633336859538,-2468.7172960863827,-3249.714118148111,70219.21039111046,64332.64507763953,67275.927734375,68434.28989451172,74733.26904019683
2026-03-03,68785.078125,69232.890625,66237.6171875,68293.6484375,47947999049,46.24440691603219,-2201.1775779218733,-3040.0068101028637,70315.26049651444,64366.76294098555,67341.01171875,68420.89547003442,74480.73489891461
2026-03-04,68290.5625,74051.8046875,67437.40625,72710.578125,75073101274,55.91629274345301,-1614.1343754804839,-2754.832323178388,71434.95944226731,63895.937432732695,67665.4484375,68829.43667526923,74411.31698621208
2026-03-05,72712.65625,73555.7890625,70654.8828125,70841.125,51172841727,51.67817111125852,-1284.9357125935785,-2460.8530010614263,71763.5651943163,63765.65980568371,67764.6125,69021.0260395293,74271.30945734102
2026-03-06,70842.15625,71378.5703125,67757.8203125,68136.4921875,43776962871,46.22004207031633,-1228.1275747181498,-2214.3079157927714,71575.11020281211,63791.00151593789,67683.055859375,68936.78472028841,74030.7283879355
2026-03-07,68136.6875,68515.1640625,66969.2578125,67272.59375,23258701211,44.599696572307856,-1238.5389936223946,-2019.1541313586963,71467.62045124867,63746.93189250132,67607.276171875,68778.29034216571,73765.70350017332
2026-03-08,67272.5,68177.7890625,65639.1953125,65969.78125,33195080116,42.197189220292216,-1336.5097463978163,-1882.6252543665205,71344.10931954837,63583.10552420162,67463.607421875,68510.81328576898,73459.98105899006
2026-03-09,65969.5859375,69474.9453125,65858.0078125,68402.3828125,49499875378,47.84643617018021,-1203.982892487984,-1746.8967819908132,71412.21337548706,63605.81787451295,67509.015625,68500.48657402907,73261.6438728532
2026-03-10,68402.71875,71770.8984375,68402.71875,69926.921875,54003996096,51.073712299682896,-964.8150573166058,-1590.4804370559718,71695.26011355202,63672.93129269798,67684.095703125,68636.33755507391,73130.87046117267
2026-03-11,69931.25,71337.6640625,68998.8671875,70204.8828125,45236859848,51.661038460905445,-744.2642848054966,-1421.237206605877,71994.36188164995,63698.56546210005,67846.463671875,68785.72281768592,73016.12584749924
2026-03-12,70209.765625,70775.828125,69230.15625,70493.4609375,40871848129,52.30122804235488,-539.9659740369098,-1244.9829600920837,72284.75610987659,63656.97514012343,67970.865625,68948.3645433825,72917.19781181299
2026-03-13,70497.046875,73927.328125,70410.7265625,70968.265625,61167226505,53.39488505780512,-335.87357914372114,-1063.1610839024113,72636.65294242566,63601.528307574335,68119.090625,69140.73607496511,72840.76909860465
2026-03-14,70965.3828125,71291.203125,70339.5859375,71214.625,22283546496,53.9844308210503,-152.49191130268446,-881.027249382466,73013.64827988498,63580.05640761502,68296.85234375,69338.24930592082,72776.99874179663
2026-03-15,71213.6796875,73173.0078125,70882.421875,72789.9140625,27991268669,57.67158886610507,118.5850689009967,-681.1047857257736,73495.4809715888,63915.541294036215,68705.5111328125,69666.97928273788,72777.50522496147
2026-03-16,72798.171875,74901.859375,72300.6328125,74861.0859375,55572438409,61.98465803019622,494.83760958592757,-445.9163066634334,74263.8461736766,64225.2803888234,69244.56328125,70161.65610700095,72859.21427251199
2026-03-17,74855.296875,75988.3984375,73444.2265625,73922.4765625,49500721728,59.0482595668861,709.1083667084749,-214.91137198905173,74935.13782781549,64150.22389093452,69542.680859375,70519.82948371515,72900.91083290368
2026-03-18,73936.8515625,74658.9765625,70503.859375,71245.578125,46229011155,51.54803023252366,655.3615532949916,-40.85678693224307,75081.95378938701,64382.588398112974,69732.27109375,70588.94840193275,72835.9958247506
2026-03-19,71250.3515625,71598.84375,68805.5234375,69912.7890625,44631433398,48.26118232752608,499.4643634035601,67.20744313491758,74967.07304939783,64900.56835685218,69933.820703125,70524.55227436773,72721.36026544665
2026-03-20,69911.53125,71346.796875,69398.8828125,70522.5859375,38299078407,49.837188312862345,420.275553791711,137.82106526627626,74953.55462807258,65266.75943442741,70110.15703125,70524.36500418985,72635.13382121344
2026-03-21,70522.46875,71051.2734375,68602.9140625,68711.5234375,21109354718,45.4128061924505,208.97135191586858,152.05112259619474,74703.27164258367,65814.38460741633,70258.828125,70351.71342640987,72481.26674734234
2026-03-22,68737.4453125,69561.7734375,67372.875,67845.2109375,30108051508,43.42679058743025,-28.06936296596541,116.02702548376273,74740.80567089592,65683.78651660409,70212.29609375,70112.99890365655,72299.46063715244
2026-03-23,67843.0,71782.2578125,67458.84375,70914.859375,51508669357,51.5175233431097,31.40709603506548,99.10303959402329,74789.02855598432,65897.68472526569,70343.356640625,70189.36656759403,72245.16254844058
2026-03-24,70912.671875,71371.3046875,68920.6953125,70517.859375,40181522399,50.51139597786353,45.97803005541209,88.47803768630105,74539.53823837724,65927.90316787276,70233.720703125,70220.65159687078,72177.42516908997
2026-03-25,70520.046875,71985.7421875,70383.59375,71309.8828125,35409791747,52.50429164953495,120.05139468610287,94.79270908626142,74581.95868731466,65932.35850018535,70257.15859375,70324.38790312118,72143.4039002041
2026-03-26,71310.1171875,71410.390625,68118.3515625,68791.625,38962070215,46.14188358886855,-24.168688092540833,71.00042965050098,74556.61883173943,66023.21163701058,70289.915234375,70178.41048377632,72011.96159039217
2026-03-27,68790.8359375,69117.53125,65532.5703125,66338.375,46483453594,40.93744646237849,-332.58705849639955,-9.717067978879136,74666.57312717292,65819.83546657709,70243.204296875,69812.69281865476,71789.46799861208
2026-03-28,66338.5,67232.859375,65906.7421875,66319.6953125,20924883455,40.89961874034776,-571.925334499465,-122.1587212829963,74615.13070935909,65906.2692906409,70260.7,69480.02638949716,71574.96710896063
2026-03-29,66319.6953125,67052.953125,64971.70703125,65954.921875,21645889785,40.119988771051645,-782.0221459320746,-254.13140621281198,74836.63452193128,65440.019384318715,70138.326953125,69144.30215002123,71354.57317821708
2026-03-30,65958.3515625,68087.2890625,65759.8046875,66691.4453125,37694994180,42.503191847030564,-878.9619701777701,-379.09751900580363,74921.82906452757,65031.27718547245,69976.553125,68910.69673692397,71171.7054187772
2026-03-31,66694.5859375,68495.2734375,65950.4375,68233.3125,42997691338,47.237430961972784,-821.8973620206671,-467.65748760877636,74882.33546590873,64873.613752841266,69877.974609375,68846.18395245502,71056.47432392319
2026-04-01,68232.890625,69230.359375,67555.359375,68078.5546875,36465393617,46.82072008052918,-780.1676242961985,-530.1595149462609,74815.30738084391,64699.15121290609,69757.229296875,68773.07640341169,70939.69316171053
2026-04-02,68077.8984375,68633.1484375,65725.2578125,66888.5703125,39323384518,43.633295303142525,-833.5101146910456,-590.8296348952179,74733.26954094795,64373.219521552055,69553.24453125,68593.59963284867,70780.8255989964
2026-04-03,66889.015625,67296.234375,66281.5390625,66931.1015625,22815543346,43.78060779403825,-862.4111671121791,-645.1459413386101,74583.67763717732,64094.459081572684,69339.068359375,68435.26648329165,70629.8560289377
2026-04-04,66938.6484375,67515.015625,66769.640625,67290.515625,15878814963,45.08667718883118,-846.5551870476775,-685.4277904804236,74120.18833187217,64008.00854312783,69064.0984375,68326.24259202578,70498.90150329309
2026-04-05,67291.1953125,69087.65625,66610.6328125,68981.8984375,22972648674,50.87096472860809,-689.5599334410363,-686.2542190725462,73027.7060555559,64512.57206944411,68770.1390625,68388.68600588047,70439.41118698748
2026-04-06,68982.9140625,70305.421875,68347.078125,68859.828125,39542143229,50.45786600235189,-568.4375239664369,-662.6908800513244,72019.86581205521,65014.14746919478,68517.006640625,68433.55668389186,70377.46675318405
2026-04-07,68859.375,72732.4296875,67740.5078125,71940.703125,44650511480,59.41549110452054,-221.2953225379897,-574.4117685486575,72180.16087303635,64923.36490821366,68551.762890625,68767.57063066406,70438.7701403141
2026-04-08,71950.1484375,72825.1875,70707.46875,71123.359375,42444631703,56.49699656650323,-11.997141105006449,-461.9288430599273,72374.21935060562,64850.36346189438,68612.29140625,68991.93146345796,70465.61677696845
2026-04-09,71120.5703125,73107.265625,70486.359375,71767.828125,38799581473,58.23885706546131,203.53024766562157,-328.83702491481756,72606.95974858792,64742.147282662074,68674.553515625,69256.30257408103,70516.68388865597
2026-04-10,71774.3671875,73440.1171875,71434.828125,72979.046875,37722595732,61.369475504310074,466.69274316779047,-169.73107129829594,73266.58239307691,64509.27698192309,68887.9296875,69610.84965035903,70613.2471430224
2026-04-11,72976.125,73784.234375,72556.3359375,73054.2734375,23287073965,61.56220560017332,673.5567290379258,-1.0735112310516115,73871.99180176329,64424.77382323671,69148.3828125,69938.79477294389,70708.97366437447
2026-04-12,73056.046875,73154.03125,70540.5703125,70753.40625,29882740487,52.87338096914286,644.4088314542751,128.02295730601372,73851.74409552818,64428.8762169718,69140.31015625,70016.3768183778,70710.71611871272
2026-04-13,70741.296875,72408.421875,70616.4609375,72187.40625,37112541184,56.951390812220716,728.6216315644706,248.1426921577051,74094.46085225933,64353.114147740685,69223.7875,70223.14152615135,70768.62553562595
