Date,Open,High,Low,Close,Volume,RSI,MACD,MACD_Signal,BB_Upper,BB_Lower,BB_Middle,EMA_20,EMA_50
2024-04-21,3157.571044921875,3197.50634765625,3119.552001953125,3147.28857421875,9394387894,45.31080264209284,-61.000586991993714,-40.12976511473474,3663.9877761089824,2866.1191086566428,3265.0534423828126,3206.8765180641435,3254.941372931503
2024-04-22,3147.66357421875,3236.6591796875,3131.367431640625,3201.652099609375,12063858733,48.57916828902399,-53.49229071329182,-42.80227023444616,3661.1536602632546,2861.3949725492453,3261.27431640625,3206.378954401785,3252.851597507106
2024-04-23,3201.588623046875,3264.41943359375,3154.58984375,3219.91162109375,11054442653,49.66721247789987,-45.54352364474835,-43.350520916506596,3656.2546027087765,2857.141002759973,3256.697802734375,3207.6677798010196,3251.55983372619
2024-04-24,3219.95703125,3292.921630859375,3105.982177734375,3139.80517578125,14000234760,45.15323810304189,-45.18710036931088,-43.71783680706746,3648.4451139415273,2845.9269563709727,3247.18603515625,3201.20467465628,3247.1772981205063
2024-04-25,3139.624267578125,3190.976318359375,3074.8046875,3156.509521484375,13989030260,46.250252738500734,-43.06035825560684,-43.586341096775335,3640.7885941413892,2837.345902928923,3239.067248535156,3196.947993401813,3243.6216990367366
2024-04-26,3156.384033203125,3166.188720703125,3103.10400390625,3130.164794921875,10622333862,44.730699134792204,-43.00496460734257,-43.47006579888879,3628.564076286002,2827.168516487435,3227.8662963867187,3190.587688784676,3239.1724086792915
2024-04-27,3129.72705078125,3279.451171875,3071.340087890625,3252.168212890625,11820785577,52.51194722614544,-32.73901356794886,-41.32385535270081,3604.502553748359,2831.0973974235158,3217.7999755859373,3196.4525006042904,3239.682048060128
2024-04-28,3252.24560546875,3351.176513671875,3249.149169921875,3262.774658203125,11379192678,53.129743330941345,-23.476697160954245,-37.754423714351496,3512.3950148844874,2879.9531296467626,3196.174072265625,3202.768896566084,3240.587640614756
2024-04-29,3262.3408203125,3285.46875,3116.199951171875,3215.428955078125,15032246816,50.00259322017032,-19.72922105534917,-34.149383182551034,3462.9172052970985,2900.4575017341517,3181.687353515625,3203.974616424374,3239.6010254956723
2024-04-30,3215.381103515625,3249.37841796875,2918.228759765625,3012.286865234375,18266894653,39.3112573232829,-32.773396845555,-33.87418591515183,3388.7015952873953,2921.528092212605,3155.11484375,3185.7186401205645,3230.686744701112
2024-05-01,3011.015625,3020.17333984375,2815.92333984375,2969.78466796875,20005057445,37.504423982540885,-46.010195359406225,-36.30138780400271,3309.908729290478,2946.77464473296,3128.341687011719,3165.1534999156297,3220.4552907116076
2024-05-02,2969.79443359375,3015.05029296875,2894.329833984375,2988.16845703125,13163903903,38.81438632333171,-54.39006064750174,-39.91912237270252,3299.037704308999,2932.1590242066263,3115.5983642578126,3148.297781545689,3211.3460031162995
2024-05-03,2988.134521484375,3127.1552734375,2960.18212890625,3103.5419921875,12862183229,46.40672675599314,-51.13206556847399,-42.161711011856816,3296.593989076027,2944.4668995958477,3120.5304443359373,3144.0353254163374,3207.118394844582
2024-05-04,3103.61962890625,3167.541259765625,3096.267578125,3117.576416015625,8283229638,47.26397541052631,-46.877248542280086,-43.104818517941474,3293.7899719285883,2943.3343688917244,3118.5621704101563,3141.515429282936,3203.6069446944266
2024-05-05,3117.636962890625,3170.05517578125,3075.586181640625,3137.2490234375,8783447639,48.507327093517475,-41.4401639719531,-42.771887608743796,3295.5711765817287,2945.1180324026463,3120.3446044921875,3141.109104916704,3201.0046732725864
2024-05-06,3137.51025390625,3220.15234375,3048.238525390625,3062.728759765625,13008587255,44.2512518222305,-42.65272371578385,-42.748054830151816,3295.682874533535,2942.7871938258395,3119.2350341796873,3133.6443101404107,3195.582088429176
2024-05-07,3062.7509765625,3129.081298828125,3003.013671875,3006.5771484375,11743187337,41.310016024831796,-47.59599480375482,-43.717642824872414,3293.509137863403,2947.145891433472,3120.3275146484375,3121.5426756925144,3188.17012999813
2024-05-08,3006.315673828125,3037.196044921875,2938.47265625,2973.6572265625,11791662158,39.64626690600259,-53.55261412705113,-45.684637085308154,3299.5845160428726,2931.8334771211903,3115.7089965820314,3107.4583472039417,3179.7578592751643
2024-05-09,2973.9716796875,3057.958251953125,2951.223876953125,3036.0205078125,10861947179,44.22871906303265,-52.63434627063634,-47.074578922373796,3300.2097944410493,2928.882393058951,3114.54609375,3100.6547434523754,3174.121100394276
2024-05-10,3036.231201171875,3052.7294921875,2881.000732421875,2909.791259765625,12278653601,37.948135912267276,-61.38465367723393,-49.93659387334583,3307.72652738595,2896.58206636405,3102.154296875,3082.477268815542,3163.7552242911916
2024-05-11,2909.845458984375,2942.1787109375,2888.083251953125,2911.60205078125,6795916454,38.0839646818757,-67.39631685007726,-53.42853846869212,3311.482170338205,2869.2577710680453,3090.369970703125,3066.203438526562,3153.8668645457037
2024-05-12,2911.658203125,2953.04736328125,2902.201904296875,2928.701904296875,5908941395,39.43226613138657,-69.974169290801,-56.737664633113894,3302.5580480618373,2850.8868738131623,3076.7224609375,3053.1080543142107,3145.036866104573
2024-05-13,2928.81396484375,2994.869140625,2865.134521484375,2949.359619140625,13352264795,41.10092255992225,-69.54851894439298,-59.29983549536971,3285.297905939614,2841.091815740074,3063.194860839844,3043.2272509643453,3137.363248576575
2024-05-14,2949.213134765625,2959.546630859375,2863.5458984375,2881.157958984375,12444516140,37.43409650851805,-73.86304476586065,-62.2124773494679,3283.428240327249,2817.0967596727505,3050.2625,3027.7920802995864,3127.3159823180576
2024-05-15,2881.224609375,3041.602294921875,2864.7353515625,3037.056640625,14666902956,48.700473388642685,-63.965265096067924,-62.56303489878791,3272.0534740981266,2816.526237815936,3044.2898559570312,3028.6744193781974,3123.776400290879
2024-05-16,3036.01416015625,3041.80712890625,2925.08740234375,2945.131103515625,13035465176,43.70314733871174,-62.81473680400313,-62.61337527983096,3263.146336866068,2806.9300059073694,3035.0381713867187,3020.7179131055714,3116.770702378124
2024-05-17,2945.136962890625,3120.3017578125,2934.112548828125,3094.11865234375,14449438097,52.25451025241133,-49.31244166234683,-59.95318855633414,3233.4846094823524,2820.786777236398,3027.135693359375,3027.7084596996838,3115.882386690502
2024-05-18,3094.553466796875,3146.79052734375,3087.704345703125,3122.948974609375,9407051320,53.71949635187127,-35.87190048273942,-55.1369309416152,3200.746506941585,2839.54231141779,3020.1444091796875,3036.7789849291785,3116.15950778536
2024-05-19,3122.82470703125,3137.1484375,3056.75439453125,3071.843017578125,8747800800,50.747020002935514,-29.009593846134976,-49.911463522519156,3170.8705839089475,2855.0596407004273,3012.9651123046874,3040.1184166100306,3114.4216062086057
2024-05-20,3071.85888671875,3690.805908203125,3050.2978515625,3663.85546875,31228143948,70.86119464701008,23.92351536544129,-35.14446774492707,3376.6876100822274,2714.39947487871,3045.5435424804687,3099.5219453852656,3135.968032190621
2024-05-21,3663.01123046875,3837.372802734375,3628.096435546875,3789.312744140625,37643853967,73.34542132124267,75.13067970350176,-13.089438255241307,3553.2532239026064,2619.7866686755183,3086.5199462890623,3165.21630717149,3161.5893934435626
2024-05-22,3789.372802734375,3810.948486328125,3655.0751953125,3737.2177734375,25155809461,70.65185497634374,110.23833866209134,11.576117128225222,3670.8141917759817,2577.1306324427683,3123.972412109375,3219.692637292062,3184.163055404109
2024-05-23,3737.178466796875,3943.553955078125,3552.642578125,3776.92724609375,45623656317,71.51070892506135,139.65576912744382,37.19204752806894,3777.264803913942,2538.018545695433,3157.6416748046877,3272.76260003508,3207.4087099409576
2024-05-24,3776.992431640625,3825.12255859375,3631.990234375,3726.9345703125,22257061429,68.78167850826287,157.1240750521938,61.17845303289391,3857.37535665011,2518.8438083889523,3188.109582519531,3316.0170733948344,3227.782273092783
2024-05-25,3726.9755859375,3776.006591796875,3710.5283203125,3749.236572265625,10000027764,69.34373336892729,170.79855905158138,83.10247423663141,3932.653448023038,2504.764471898837,3218.7089599609376,3357.2760732872907,3248.2314612956393
2024-05-26,3749.179931640625,3879.470703125,3732.02294921875,3825.8974609375,14650794791,71.25923351145548,185.68116231778595,103.61821185286232,4015.8669036117703,2497.867886427292,3256.867395019531,3401.9066816349296,3270.885029909046
2024-05-27,3826.127197265625,3973.556396484375,3821.930419921875,3892.0068359375,18949181813,72.83553047074655,200.49897926631866,122.9943653355536,4100.86762577712,2501.410133011942,3301.138879394531,3448.5828868066033,3295.242747792515
2024-05-28,3892.096923828125,3924.895751953125,3771.2138671875,3840.25634765625,19846044324,69.61676301632933,205.69524727744783,139.53454172393245,4163.170314598394,2525.7673563000435,3344.4688354492187,3485.8851211732363,3316.6158301401124
2024-05-29,3840.235107421875,3880.6484375,3742.041259765625,3763.196533203125,17411416736,65.00971472457545,201.27507038076192,151.88264745529835,4206.411423440444,2555.2438499970553,3380.82763671875,3512.29573184275,3334.1287988876816
2024-05-30,3763.357666015625,3823.643310546875,3702.263671875,3746.849609375,15065849797,64.04151863569044,194.21420771609155,160.34895950745698,4232.4380590682595,2612.923049330178,3422.680554199219,3534.634196369631,3350.3139287107138
2024-05-31,3746.861572265625,3843.857666015625,3723.835205078125,3760.026611328125,15290700646,64.50047652725857,187.5200823344362,165.78318407285283,4250.658131258154,2679.5454331949713,3465.1017822265626,3556.100140651392,3366.3810927349264
2024-06-01,3759.88427734375,3829.294677734375,3749.840087890625,3813.198974609375,8661024535,66.36601358567148,184.38008621643576,169.50256450156942,4266.822408330774,2751.830863153601,3509.3266357421876,3580.5857438854855,3383.903362612356
2024-06-02,3813.275634765625,3834.911865234375,3752.41455078125,3780.89599609375,11126903059,64.16010401332703,177.24190195503024,171.0504319922616,4269.258811098291,2832.5480980813977,3550.903454589844,3599.662910762463,3399.471701180254
2024-06-03,3780.854248046875,3848.60302734375,3758.919921875,3766.38916015625,14082454300,63.145034020382546,168.47221624005442,170.53478884182016,4245.647723348437,2944.682305948438,3595.1650146484376,3615.541601180919,3413.8606211400975
2024-06-04,3766.476318359375,3831.364990234375,3738.13427734375,3812.515869140625,13331489271,65.03902919326765,163.36109206621904,169.10004948669996,4234.910244292963,3032.9657078554737,3633.9379760742186,3634.3010552723194,3429.4941602773733
2024-06-05,3812.560791015625,3887.48583984375,3778.65576171875,3864.260986328125,15480034434,67.08268983492206,161.62280079892707,167.6045997491454,4193.2734137361385,3166.5155266935485,3679.8944702148438,3656.2020010871584,3446.543839730344
2024-06-06,3864.263427734375,3878.05224609375,3761.775390625,3811.60595703125,13606583873,63.04414224595286,154.21863520914485,164.92740684114528,4151.145361828495,3280.392309069943,3715.768835449219,3671.0023778437385,3460.8600011931253
2024-06-07,3811.666015625,3838.4521484375,3615.2802734375,3678.629150390625,18220286186,54.174074071766256,136.05233702121268,159.15239287715877,4079.121604026375,3407.9840844501873,3743.552844238281,3671.7287371339185,3469.399967828321
2024-06-08,3677.400390625,3707.497314453125,3669.637939453125,3680.949951171875,9096091805,54.29493701758837,120.45416343747729,151.41274698922248,3894.5812373543718,3653.435144481566,3774.008190917969,3672.6069479946764,3477.6960456065
2024-06-09,3680.93603515625,3719.36767578125,3668.12353515625,3705.90380859375,7910768788,55.6493963578054,108.85129625381705,142.9004568421414,3889.870293951996,3662.350921868317,3776.1106079101564,3675.7780775755405,3486.6453696452154
2024-06-10,3705.877197265625,3711.4287109375,3648.16455078125,3666.717529296875,10377300126,52.993533982213755,95.3942891859133,133.3992233108958,3893.535296457954,3646.426397877984,3769.980847167969,3674.915168215668,3493.7070229648884
2024-06-11,3666.35888671875,3669.890869140625,3434.7490234375,3498.33056640625,19184721538,43.40695693754859,70.33135738718192,120.78565012615303,3931.168128465432,3584.9048451673802,3758.036486816406,3658.0975870909615,3493.888338393962
2024-06-12,3497.89697265625,3652.4921875,3463.784912109375,3559.61767578125,17142905351,47.15407636604904,54.78266048775231,107.5850521984729,3941.3121271778396,3553.0298894237226,3747.171008300781,3648.7185479186082,3496.4659594679733
2024-06-13,3559.725341796875,3559.725341796875,3431.33349609375,3469.28125,14472382154,42.66941527880335,34.770004615475045,93.02204268187333,3964.859769445036,3503.716915125277,3734.2883422851564,3631.6292814501694,3495.399892430014
2024-06-14,3467.969970703125,3528.602294921875,3366.223876953125,3480.27197265625,15793876596,43.37502802085138,19.57108681216141,78.33185150793095,3977.6254570352335,3464.0547675741414,3720.8401123046874,3617.2142996602724,3494.8066406741805
2024-06-15,3479.78564453125,3589.887451171875,3473.45263671875,3565.549560546875,12733651076,48.65544016066286,14.24284099386432,65.51404940511763,3968.549614339659,3447.0958202306533,3707.822717285156,3612.2938483161392,3497.580872826051
2024-06-16,3566.761962890625,3648.093017578125,3541.534423828125,3620.5634765625,9878388158,51.77946299174684,14.294552345517332,55.27014999319757,3942.573029035926,3445.9280695968864,3694.2505493164062,3613.08143195865,3502.403720031402
2024-06-17,3622.383544921875,3634.285400390625,3468.14892578125,3511.37890625,17838856988,45.82071500291664,5.462285802989754,45.30857715515601,3928.9600513560604,3426.6533031361273,3677.806677246094,3603.3954771292547,3502.755688118406
2024-06-18,3510.565185546875,3514.17724609375,3371.59033203125,3483.681396484375,21022514455,44.4240889330969,-3.7293173760549507,35.50099824891382,3925.8503426915095,3401.8114981288027,3663.830920410156,3591.994136115457,3502.0076766817774
2024-06-19,3482.350830078125,3583.320068359375,3466.48095703125,3559.347412109375,15275373778,48.997638524814164,-4.852181100366124,27.43036237905783,3917.3843343305443,3391.5272867632057,3654.455810546875,3588.8849243053537,3504.25629375737
2024-06-20,3559.347412109375,3623.886474609375,3485.4599609375,3511.0869140625,16115123753,46.3762119889418,-9.52646242542778,20.038997418160708,3907.4518867991364,3376.5657645680512,3642.008825683594,3581.4755899965103,3504.5241612203163
2024-06-21,3511.268310546875,3542.957275390625,3447.935546875,3516.07568359375,15933353456,46.69370005510408,-12.68212045339078,13.49477384385041,3885.4157116442684,3368.889610621357,3627.1526611328127,3575.2470274819616,3504.9771620977062
2024-06-22,3516.55126953125,3519.49755859375,3477.169921875,3494.8134765625,7423703673,45.45836902434459,-16.70610698544624,7.454597677991082,3866.913819684418,3358.783250628082,3612.84853515625,3567.5866892991558,3504.5785861943646
2024-06-23,3494.953857421875,3519.324951171875,3408.5830078125,3418.61181640625,9418141333,41.246692883550885,-25.747184913504498,0.8142411596919654,3852.861372112042,3338.0579638254585,3595.45966796875,3553.398606166498,3501.2073403203212
2024-06-24,3418.783203125,3430.698974609375,3244.241455078125,3350.25634765625,23137744903,37.85828580568268,-37.99009321994936,-6.9466257162363,3830.698291451718,3313.995092337345,3572.3466918945314,3534.0517244036173,3495.2876935491813
2024-06-25,3350.5556640625,3422.21337890625,3335.556884765625,3395.029052734375,13235546063,41.261979763550066,-43.5775680609886,-14.27281418518676,3779.3354630682034,3318.434727361484,3548.8850952148437,3520.8114699589273,3491.3559821446793
2024-06-26,3394.373291015625,3421.509521484375,3328.390625,3369.477294921875,11694054195,39.91819323768065,-49.49692569002491,-21.31763648615439,3734.8530602852916,3318.7042639334586,3526.778662109375,3506.39869138397,3486.576425783001
2024-06-27,3368.88623046875,3470.923095703125,3362.2646484375,3444.800537109375,11771834016,45.547923332059774,-47.561839832404075,-26.56647715540433,3713.278573470396,3316.895889420229,3515.0872314453127,3500.532200500675,3484.9381556389376
2024-06-28,3445.498779296875,3482.95751953125,3363.4375,3373.635986328125,12861158844,41.583458356251185,-51.18067587713222,-31.48931689974991,3691.310461328341,3308.1326050779094,3499.721533203125,3488.446846769956,3480.573364685573
2024-06-29,3373.68994140625,3401.730224609375,3369.552734375,3372.9677734375,6584792001,41.54689126980753,-53.48599544901026,-35.888652609601984,3656.1996162812934,3309.9498466093314,3483.0747314453124,3477.4488397859127,3476.3535375778056
2024-06-30,3373.07568359375,3453.21142578125,3352.284423828125,3432.88916015625,8396416013,46.12230576472402,-49.902576851704,-38.69143745802239,3622.469347288089,3320.297278688474,3471.3833129882814,3473.205060773564,3474.6490521887254
2024-07-01,3432.607421875,3513.310791015625,3425.3232421875,3440.341552734375,12281551839,46.681291855351056,-45.93187196893041,-40.13952436020399,3619.618170987332,3317.349553622043,3468.4838623046876,3470.07520286507,3473.3036600532605
2024-07-02,3439.38134765625,3459.761474609375,3399.026123046875,3416.354736328125,9421757718,45.06077977527234,-44.21095894538803,-40.9538112772408,3607.775926243563,3314.8655044204997,3461.3207153320313,3464.9589679567894,3471.0703689267843
2024-07-03,3416.2548828125,3426.332275390625,3254.521240234375,3292.916748046875,16121324440,37.79047432899622,-52.20574172208126,-43.2041973662089,3617.0590976902845,3287.945882778465,3452.502490234375,3448.5739946320355,3464.08395242169
2024-07-04,3291.81787109375,3309.20361328125,3054.52197265625,3054.52197265625,20252514386,28.29533444435245,-76.89177023387538,-49.941711939742206,3672.779566373656,3189.6504140950938,3431.214990234375,3411.0452306343414,3448.0226983132416
2024-07-05,3057.833251953125,3106.152587890625,2826.014404296875,2981.5986328125,31131942647,26.132356461247312,-101.17366275647646,-60.188102103089065,3707.834044855031,3096.200842840281,3402.017443847656,3370.145554651309,3429.7315584896833
2024-07-06,2981.988037109375,3080.107421875,2957.395751953125,3069.3779296875,11586293705,32.792243956824294,-112.04262423849741,-70.55900653017073,3696.273550489559,3052.6427825182536,3374.4581665039063,3341.50101894047,3415.600043634696
2024-07-07,3067.405029296875,3072.814453125,2923.959228515625,2929.38720703125,10857947538,28.395299821868477,-130.44870442361616,-82.53694610885982,3716.513131449359,2974.2040316365783,3345.3585815429688,3302.2520844729256,3396.532873571816
2024-07-08,2929.861572265625,3090.66455078125,2826.481689453125,3018.73193359375,22627377457,34.43743069744015,-136.25561294060526,-93.28067947520891,3714.4274255838477,2929.794791213027,3322.1111083984374,3275.2501653415757,3381.717150435421
2024-07-09,3018.80322265625,3105.800537109375,3005.522216796875,3064.032958984375,15269945822,37.32521811920395,-135.638657611466,-101.75227510246033,3689.1398773882593,2905.5508940961154,3297.3453857421873,3255.134240926604,3369.2589468491055
2024-07-10,3066.13720703125,3148.407470703125,3026.6083984375,3102.21875,14578679176,39.73486728319279,-130.56338839666068,-107.5144977613004,3664.3821479704056,2889.4218071077194,3276.9019775390625,3240.5708608383557,3358.786782266788
2024-07-11,3101.335205078125,3208.9384765625,3057.21923828125,3100.330810546875,15230095766,39.653693537924006,-125.24974086683005,-111.06154638240633,3634.059401833579,2878.170065939858,3256.1147338867186,3227.2146655725005,3348.6512539640466
2024-07-12,3099.989990234375,3154.6015625,3048.508056640625,3134.15869140625,12751638331,41.94231996565,-116.9607588205813,-112.24138887004133,3602.2372275721173,2873.926761685695,3238.081994628906,3218.352191842381,3340.239780922565
2024-07-13,3134.550537109375,3199.989501953125,3115.080322265625,3177.19873046875,8565105946,44.81022889001998,-105.70026254778713,-110.9331636055905,3580.8559027089987,2871.1667779550635,3226.011340332031,3214.4328145687023,3333.846014238102
2024-07-14,3176.741455078125,3266.487548828125,3166.43115234375,3244.0791015625,10517709666,49.0241002961321,-90.33818871350059,-106.81416862717252,3570.8665277471605,2870.538428307527,3220.7024780273437,3217.2562704728734,3330.325743152784
2024-07-15,3246.131591796875,3494.098388671875,3235.776123046875,3489.552734375,18305490390,60.84186928291102,-57.69093863363514,-96.98952262846505,3587.8371442110633,2863.020180007687,3225.428662109375,3243.1892670349807,3336.569938886989
2024-07-16,3486.14404296875,3498.218994140625,3351.77978515625,3443.513427734375,20446664416,58.120373887040415,-35.12781344685436,-84.61718079214292,3599.166441810915,2859.0944956890853,3229.13046875,3262.2677585301612,3340.7638011947297
2024-07-17,3446.73681640625,3516.104248046875,3379.099609375,3388.75244140625,16739123962,54.97071438091683,-21.41823207088737,-71.9773910478918,3590.2858341504702,2862.3702937792173,3226.3280639648438,3274.3139188040745,3342.645708654005
2024-07-18,3388.030029296875,3488.715576171875,3374.990478515625,3426.258544921875,15035622003,56.70142393508553,-7.441084762875562,-59.07012979088856,3598.1244221424286,2859.7939616466338,3228.959191894531,3288.7848355771985,3345.924643409608
2024-07-19,3425.90869140625,3540.58837890625,3377.877685546875,3505.73486328125,17705629736,60.19290798962711,9.934461569937412,-45.26921151872337,3620.121596697501,2851.073496075937,3235.597546386719,3309.446742977584,3352.191710855555
2024-07-20,3505.721435546875,3539.904296875,3482.489013671875,3519.29541015625,10360198325,60.774118300057594,24.516321136158695,-31.312104987746956,3635.556246429221,2844.2794713442167,3239.917858886719,3329.432330327933,3358.744797102641
2024-07-21,3519.426513671875,3546.619140625,3415.44384765625,3536.60546875,13845913681,61.54594712429982,37.042326084281285,-17.641218773341308,3652.7833678395127,2836.6787415354875,3244.7310546875,3349.1631054157488,3365.7197254025377
2024-07-22,3536.627197265625,3560.075439453125,3425.795654296875,3440.419921875,18723199034,55.06257752286604,38.76109173640907,-6.360756671391233,3656.253128844415,2835.615499085272,3245.9343139648436,3357.8542307928205,3368.6491448720462
2024-07-23,3440.768310546875,3539.53173828125,3395.4208984375,3481.995849609375,24468405650,57.16314073956437,42.98257938299548,3.5079105394861108,3678.7699982378026,2832.0065398481347,3255.3882690429687,3369.677242108683,3373.094113685275
2024-07-24,3482.15185546875,3487.653076171875,3304.039306640625,3336.33935546875,16040945448,48.593235807285396,34.18086128995219,9.642500689579327,3683.3650056023585,2855.5932707648294,3269.479138183594,3366.502205285832,3371.65275061796
2024-07-25,3336.3623046875,3341.4384765625,3088.764404296875,3174.42724609375,25293745810,41.19918098865714,13.97933712115855,10.509867975895173,3673.2839631118313,2884.957174583481,3279.120568847656,3348.209352029444,3363.9184171072066
2024-07-26,3174.051025390625,3285.760986328125,3172.777099609375,3275.951416015625,15993893521,46.678012845926034,6.091417642268425,9.626177909169824,3671.098613833814,2907.799872494311,3289.4492431640624,3341.3276438376515,3360.46873078989
2024-07-27,3275.8916015625,3327.426513671875,3195.356689453125,3247.60791015625,15198233287,45.406013821862004,-2.4190145267521075,7.217139421985438,3648.3839714160176,2962.336585224607,3305.3602783203123,3332.4019549156133,3356.042816255237
2024-07-28,3247.50732421875,3283.152099609375,3201.76318359375,3271.464599609375,8959236446,46.722036365213754,-7.156067186826931,4.342498100222965,3634.127922314561,3001.865900927626,3317.9969116210937,3326.5983972674,3352.7260234455957
2024-07-29,3271.453369140625,3396.625732421875,3257.715576171875,3320.539306640625,18334852719,49.422911875913826,-6.87109116374495,2.099780247429382,3623.5151253066856,3038.1293327011267,3330.822229003906,3326.0213410172305,3351.463799257165
2024-07-30,3320.63525390625,3365.322509765625,3235.760009765625,3278.667724609375,14045773047,47.22323435440521,-9.90969949956434,-0.30211570196936255,3613.3453227071495,3065.9440327616003,3339.644677734375,3321.511472787911,3348.6090512317614
2024-07-31,3278.6865234375,3347.636474609375,3216.07177734375,3231.295654296875,16135380637,44.7941655497892,-15.95641306965581,-3.432975175506652,3601.429857879174,3090.9559819645756,3346.192919921875,3312.9194900744787,3344.008525861766
2024-08-01,3231.248779296875,3241.77734375,3078.5439453125,3201.564453125,20217639556,43.289160272584574,-22.883747007858346,-7.323129541976991,3594.587246087341,3104.539169928284,3349.5632080078126,3302.314248460243,3338.4224837936576
2024-08-02,3201.599365234375,3214.527099609375,2965.73388671875,2986.01318359375,21400241741,34.29320215956547,-45.24533501882479,-14.907570637346552,3624.9993000972654,3055.0085612308594,3340.0039306640624,3272.190337520577,3324.602511236799
2024-08-03,2985.950927734375,3015.296142578125,2861.177490234375,2903.3857421875,17844091431,31.583699019176024,-68.84084419921055,-25.694225349719353,3666.767393260796,2979.171132129829,3322.9692626953124,3237.0660903459984,3308.0842065681986
2024-08-04,2903.088623046875,2931.4716796875,2639.566650390625,2686.39892578125,21139601426,25.815330098592753,-103.85233282366698,-41.32584684450888,3719.7038082968234,2845.9193362344263,3282.811572265625,3184.621598482689,3283.7043916353773
2024-08-05,2686.027587890625,2695.88671875,2122.546142578125,2417.206298828125,67668132244,20.751735244291652,-151.57353964736603,-63.375385405080316,3807.770549240581,2655.221882400044,3231.4962158203125,3111.534427087016,3249.724074270387
2024-08-06,2417.269775390625,2553.5810546875,2416.527099609375,2458.723876953125,26041995921,23.25208848002761,-183.9226722126873,-87.48484276660172,3850.9547074684388,2519.034867726874,3184.9947875976563,3049.361993740931,3218.7044586893185
2024-08-07,2458.989013671875,2551.560791015625,2312.168701171875,2336.58935546875,24264218606,21.139135044542954,-216.91437411632023,-113.37074903654542,3885.6832569908893,2375.339399259111,3130.511328125,2981.478885334057,3184.1117095434142
2024-08-08,2336.9150390625,2721.95458984375,2322.529541015625,2683.352783203125,23468291180,38.28619970914421,-212.62857511481388,-133.2223142521991,3848.088404749856,2330.6960434923317,3089.392224121094,2953.085923226349,3164.474104588893
2024-08-09,2683.719970703125,2706.451171875,2555.2294921875,2599.5986328125,17907141655,36.23675912455526,-213.52888048536624,-149.28362749883254,3803.875856310663,2282.9389141971496,3043.4073852539063,2919.4204669964593,3142.3221253035445
2024-08-10,2599.582275390625,2642.92578125,2580.661865234375,2610.02294921875,9361014219,36.690998176540674,-210.96930098561006,-161.62076219618805,3743.8091507104655,2250.3473678442224,2997.078259277344,2889.9540367319155,3121.447647810023
2024-08-11,2609.9697265625,2718.797607421875,2544.1748046875,2553.252197265625,13595441987,35.219502312133,-211.08844482695486,-171.51429872234144,3693.943581020306,2211.496165073444,2952.719873046875,2857.8871948779833,3099.1654732788706
2024-08-12,2553.49658203125,2749.135009765625,2513.39404296875,2724.431884765625,21653090666,42.683803389664234,-195.12086513197528,-176.2356120042682,3618.665362083459,2211.017987525916,2914.8416748046875,2845.177165343473,3084.470038435214
2024-08-13,2724.303466796875,2737.990478515625,2613.80126953125,2703.671875,16383053029,42.05098218932859,-182.04312267268824,-177.3971141379522,3563.7523479549627,2202.664253607537,2883.20830078125,2831.700471025047,3069.536777124029
2024-08-14,2703.5869140625,2775.281005859375,2636.705322265625,2662.914794921875,15825365408,40.77292590559188,-172.97373969602904,-176.51243924956756,3530.4984200372646,2184.7669364080475,2857.632678222656,2815.625644729507,3053.59081703767
2024-08-15,2662.885498046875,2675.314453125,2518.670654296875,2570.087646484375,16345801912,37.944290926863324,-171.30190174413337,-175.47033174848073,3476.6102934486435,2168.0686860435444,2822.339489746094,2792.2410734680657,3034.6299083885215
2024-08-16,2570.085205078125,2629.383544921875,2553.071533203125,2593.1865234375,13275561555,39.07691926973444,-166.1972533155431,-173.6157160618932,3419.33487067607,2159.901970144243,2789.6184204101564,2773.2834972746787,3017.318403096325
2024-08-17,2593.1669921875,2626.6728515625,2588.78515625,2614.546875,6676568717,40.16451307840942,-158.59993942701112,-170.6125607349168,3348.0202064798573,2165.524861879518,2756.7725341796877,2758.165723724709,3001.5234412101945
2024-08-18,2614.109619140625,2684.031005859375,2596.735107421875,2613.357177734375,9207267415,40.12155198315927,-150.93512588394287,-166.67707376472202,3252.1934416489203,2190.63341381983,2721.413427734375,2744.3744336303916,2986.301234799378
2024-08-19,2612.718505859375,2648.284423828125,2566.401123046875,2637.306396484375,11968963282,41.47857526866082,-141.29939268485623,-161.6015375487489,3151.4184208788424,2227.2723017774074,2689.345361328125,2734.1774777117234,2972.6151627085937
2024-08-20,2637.306396484375,2695.913818359375,2556.74755859375,2573.10693359375,13249483464,38.93149532211758,-137.26110425308798,-156.73345088961673,3043.6854208659793,2269.1864297199586,2656.435925292969,2718.837425890964,2956.948173331541
2024-08-21,2573.10888671875,2662.953369140625,2538.65771484375,2631.3955078125,12766015263,42.39048815602699,-127.88317315943095,-150.96339534357958,2917.9465683223043,2337.908387732383,2627.9274780273436,2710.5096241692054,2944.181402134716
2024-08-22,2630.8642578125,2644.82373046875,2587.110595703125,2622.951416015625,10723280428,42.01918029039678,-119.75203591418585,-144.72112345770086,2845.854791564488,2373.693987732387,2609.7743896484376,2702.1707472021976,2931.5841477771046
2024-08-23,2622.916015625,2799.329833984375,2622.5810546875,2764.447021484375,16857181970,49.933091862718705,-100.72939249759247,-135.92277726567917,2808.7845723467512,2396.8703348798113,2602.8274536132812,2708.1018209433573,2925.029750667586
2024-08-24,2765.4814453125,2820.0205078125,2737.776611328125,2769.3896484375,11765811307,50.18885205955809,-84.28341510659357,-125.59490483386206,2823.1160730759593,2390.837906416228,2606.9769897460938,2713.9387568951806,2918.9262172467984
2024-08-25,2769.09814453125,2793.012939453125,2736.0888671875,2749.15771484375,9375535539,49.083546483925396,-72.05183874669001,-114.88629161642766,2829.0748984673446,2418.0742226264056,2623.574560546875,2717.292943366473,2912.268628917267
2024-08-26,2749.24755859375,2763.004150390625,2668.88671875,2681.340576171875,12282035835,45.468819263076455,-67.05750549555614,-105.32053439225336,2826.251790683107,2443.159000332518,2634.7053955078127,2713.868908395559,2903.2126268488205
2024-08-27,2681.622802734375,2700.15283203125,2401.175048828125,2458.7265625,18028996056,36.0766910376391,-80.13876109888542,-100.28417973357978,2796.833242044425,2484.791269674325,2640.812255859375,2689.569637357887,2885.7818007959254
2024-08-28,2458.90478515625,2553.820068359375,2422.293701171875,2528.41552734375,20359545410,40.23837351939147,-83.9151121840564,-97.0103662236751,2795.449054462501,2470.6817316703114,2633.065393066406,2674.22162688035,2871.767437131134
2024-08-29,2528.3623046875,2595.97705078125,2507.50244140625,2528.792724609375,13946434277,40.261043780915536,-85.8874044240797,-94.78577386375602,2797.9557771864925,2461.094418126008,2629.52509765625,2660.371255235495,2858.317448404791
2024-08-30,2528.732177734375,2539.915283203125,2432.83447265625,2525.822021484375,15526218255,40.131922007678114,-86.69085295915147,-93.16678968283512,2799.895299736717,2450.7348028023453,2625.315051269531,2647.5570424972934,2845.2784120549704
2024-08-31,2525.859130859375,2532.389892578125,2493.70556640625,2513.393798828125,6646876013,39.56030059349029,-87.32383065055637,-91.99819787637936,2802.222648960493,2444.421613734819,2623.322131347656,2634.779590719277,2832.2633291833295
2024-09-01,2513.42431640625,2515.46728515625,2401.88916015625,2427.90234375,11800443265,35.78447797551571,-93.64444114833896,-92.32744653077128,2800.7645722895727,2416.226736304177,2608.495654296875,2615.0769957698226,2816.406035636924
2024-09-02,2427.973388671875,2563.0859375,2426.095947265625,2538.187255859375,12520444224,43.30235316099243,-88.73165648518898,-91.60828852165483,2789.463874273923,2410.978972405764,2600.2214233398436,2607.7541633973988,2805.4954952534913
2024-09-03,2538.16064453125,2552.802734375,2419.875244140625,2420.603759765625,11406800197,38.17129498777262,-93.25130173395792,-91.93689116411545,2790.9834152582293,2385.2283279058333,2588.1058715820313,2589.930315432468,2790.4017017049473
2024-09-04,2420.1923828125,2488.91650390625,2313.26513671875,2448.97705078125,16709600747,40.01827592254518,-93.46624500472171,-92.24276193223672,2794.209888380192,2369.890795213558,2582.050341796875,2576.506194989495,2777.0124997079397
2024-09-05,2448.98681640625,2465.38525390625,2348.86328125,2367.737548828125,13632325040,36.64302685386588,-99.05014948941925,-93.60423944367322,2803.414969539157,2338.1408165936555,2570.7778930664062,2556.62346678365,2760.9625016342216
2024-09-06,2367.700927734375,2406.511962890625,2150.86328125,2223.87646484375,25825618367,31.565815676637186,-113.77232466576288,-97.63785648809116,2829.533791411597,2272.95495370559,2551.2443725585936,2524.9332761227074,2739.9003041130263
2024-09-07,2223.92919921875,2310.19482421875,2222.100830078125,2274.107177734375,11124608320,34.95472788503187,-120.00323325235559,-102.11093184094406,2836.9215746639748,2231.642170453213,2534.281872558594,2501.0450762761993,2721.633907000138
2024-09-08,2274.437744140625,2332.359375,2243.911376953125,2297.29296875,10718443487,36.51743976989019,-121.66786225482292,-106.02231792371984,2833.450869338507,2201.1115330052435,2517.281201171875,2481.6401136546565,2704.99308589229
2024-09-09,2297.896240234375,2379.78662109375,2274.115478515625,2358.482177734375,15887712451,40.57504373492739,-116.70433996165093,-108.15872233130607,2829.243531148285,2183.8563956095277,2506.5499633789063,2469.9107864241532,2691.4044228272737
2024-09-10,2358.497802734375,2398.50390625,2323.07177734375,2389.5810546875,12795818970,42.58369710441355,-109.00475436291481,-108.32792873762781,2815.573915395035,2173.344566050278,2494.4592407226564,2462.2603357825674,2679.5682123119886
2024-09-11,2389.603759765625,2389.71826171875,2279.0537109375,2339.841552734375,15355180967,40.24084625316683,-105.69791959819531,-107.80192690974133,2802.5273846641285,2158.080110453059,2480.303747558594,2450.601404063692,2666.245598210906
2024-09-12,2339.8408203125,2390.186767578125,2316.15771484375,2361.78173828125,12162634681,41.762881477737764,-100.1523457121466,-106.27201067022239,2756.9555176080275,2163.385449188848,2460.1704833984377,2442.142388274888,2654.3058389979783
2024-09-13,2361.740966796875,2462.802978515625,2338.14404296875,2441.607177734375,13759640866,47.047265405643444,-88.29834426998241,-102.6772773901744,2702.4184681244,2185.144251602162,2443.781359863281,2442.0914158424584,2645.9647150268565
2024-09-14,2441.580810546875,2442.632080078125,2386.979736328125,2418.595703125,8170291680,45.75826847986517,-79.84044545342294,-98.1099110028241,2642.297204529449,2212.209314025238,2427.2532592773437,2439.8537289169863,2637.0482831875684
2024-09-15,2418.26611328125,2430.38330078125,2286.628173828125,2320.897216796875,10155470375,40.66427277102897,-80.09763537028857,-94.50745587631701,2592.7142267734807,2225.747955843707,2409.231091308594,2428.5245372864993,2624.6502021526394
2024-09-16,2320.89453125,2334.789794921875,2253.715087890625,2295.28369140625,16819033263,39.42511067660514,-81.42958806713887,-91.89188231448138,2589.7454431960323,2212.37245231178,2401.058947753906,2415.834932916952,2611.733868397879
2024-09-17,2295.284423828125,2392.149169921875,2263.79296875,2341.707763671875,15356783863,42.82585031496738,-77.84182344015244,-89.0818705396156,2572.1745703632682,2211.2725487773564,2391.7235595703123,2408.7752025126592,2601.1446093890168
2024-09-18,2341.73291015625,2369.72900390625,2278.66455078125,2369.72900390625,18159056422,44.83884625371413,-71.90849781979841,-85.64719599565217,2552.420079493428,2215.120667576884,2383.770373535156,2405.0565169310967,2592.069487605379
2024-09-19,2369.374755859375,2492.20458984375,2369.374755859375,2464.752197265625,18437147349,51.1233574089263,-58.86021305928807,-80.28979940837935,2540.516654860269,2220.917109788168,2380.7168823242187,2410.7418198200994,2587.0766526900948
2024-09-20,2464.7822265625,2571.99267578125,2439.3779296875,2561.072021484375,19112788620,56.529677615937665,-40.28279357352585,-72.28839824140866,2552.376026258485,2213.825560655577,2383.100793457031,2425.0589818833637,2586.056863231047
2024-09-21,2560.879638671875,2621.62255859375,2530.837890625,2615.857177734375,10797825021,59.288057814374966,-20.898446257631804,-62.010407844653294,2590.652648821793,2194.344421490707,2392.49853515625,2443.2302386310794,2587.225503015491
2024-09-22,2615.84814453125,2632.039306640625,2528.522216796875,2582.862548828125,13180663011,56.944487537156235,-8.105170794593505,-51.22936043464134,2600.656384382271,2188.808215227104,2394.7322998046875,2456.5285538879407,2587.0544067728492
2024-09-23,2582.77490234375,2701.677734375,2541.910400390625,2648.54638671875,19912841456,60.308147473240965,7.25015369672019,-39.53345760836904,2641.2450027827517,2171.013859521936,2406.129431152344,2474.815966538494,2589.4658569668063
2024-09-24,2648.482177734375,2671.27587890625,2593.152099609375,2654.35498046875,16658812503,60.60127905310969,19.661419352915345,-27.694482216112164,2676.053089209456,2156.7435660639817,2416.398327636719,2491.9149202461376,2592.0105284766864
2024-09-25,2654.361572265625,2672.4619140625,2557.724365234375,2579.388671875,14119729962,54.95987999283567,23.18106532846241,-17.51937270719725,2695.3898405230693,2158.5719270550553,2426.9808837890623,2500.245753734601,2591.5155537079927
2024-09-26,2579.217529296875,2665.99267578125,2559.954345703125,2632.199951171875,17336033595,57.93095061388434,29.887316616992848,-8.03803484235923,2712.859140008518,2181.9349762024194,2447.3970581054687,2512.812820157198,2593.111020275204
2024-09-27,2632.241943359375,2728.067626953125,2616.950927734375,2695.900634765625,17023020294,61.25122166558386,39.882441911872775,1.5460605084871712,2742.8519176252553,2194.1215442888074,2468.4867309570313,2530.24975488181,2597.141985549338
2024-09-28,2695.81591796875,2704.9287109375,2652.25048828125,2677.5390625,10252590559,59.7864693136758,45.794138963174646,10.395676199424667,2764.5999797740255,2210.3980915150373,2487.4990356445314,2544.2773079883045,2600.2948120964234
2024-09-29,2677.628662109375,2683.44580078125,2635.5849609375,2659.346923828125,11126215671,58.29892948124937,48.452715175262256,18.007083994592186,2782.801100747257,2222.283445151181,2502.542272949219,2555.2363190206684,2602.610581183941
2024-09-30,2659.292724609375,2662.489013671875,2576.97607421875,2603.062744140625,17826446789,53.835945689415944,45.49357148971558,23.50438149361687,2791.6156189396306,2234.817095904119,2513.216357421875,2559.7912166511405,2602.6283130645957
2024-10-01,2603.26416015625,2657.615478515625,2415.07861328125,2448.921142578125,25482371785,43.919792659597206,30.36051267708217,24.87560773030993,2786.855010431203,2250.4856633969216,2518.6703369140623,2549.23216197752,2596.6005808886557
2024-10-02,2448.877197265625,2498.121337890625,2354.539306640625,2365.231689453125,20148256472,39.6496198750876,11.482057088243437,22.196897601896634,2786.60672568069,2251.0789432646225,2518.8428344726562,2531.708307451387,2587.527291028439
2024-10-03,2365.213623046875,2402.862548828125,2311.02783203125,2349.791259765625,18051447791,38.898190953475805,-4.67132053720843,16.823253974075623,2790.6022023787023,2237.901874769735,2514.2520385742187,2514.3828743384574,2578.204309410289
2024-10-04,2349.73291015625,2440.242431640625,2339.870849609375,2414.7939453125,14879264082,43.73279408680952,-12.088466889169013,11.040909801426697,2790.694242078238,2237.4296592889496,2514.0619506835938,2504.8982144312236,2571.7960598378268
2024-10-05,2414.84716796875,2427.517578125,2390.844482421875,2415.6318359375,8152969183,43.794528322018174,-17.695020854218455,5.293723670297666,2784.5341685321105,2253.0631947491397,2518.798681640625,2496.3966545746785,2565.6719726260494
2024-10-06,2415.53173828125,2456.630615234375,2407.099365234375,2439.957763671875,8458690205,45.65862366222482,-19.945437607520944,0.24589141473394438,2773.3903478341554,2278.6744226736573,2526.0323852539063,2491.0215221077447,2560.742003647454
2024-10-07,2439.94482421875,2520.40625,2405.13427734375,2421.796630859375,17414044416,44.47274124680111,-22.93003753765788,-4.389294375744421,2767.2141475283497,2292.8595096982126,2530.036828613281,2484.428675322186,2555.2931654989025
2024-10-08,2421.98095703125,2464.12744140625,2400.5107421875,2439.8408203125,14067361080,45.974152036834866,-23.56766581671627,-8.224968663938792,2762.6795058654916,2304.405333001696,2533.5424194335938,2480.182212940311,2550.765622550416
2024-10-09,2439.840087890625,2470.9130859375,2350.946533203125,2368.283447265625,14954047093,41.21479646675186,-29.506935214968962,-12.481361974144829,2767.7988818251033,2289.639082042084,2528.7189819335936,2469.52518763796,2543.609458813758
2024-10-10,2368.273193359375,2417.2880859375,2329.78466796875,2383.85791015625,15327769940,42.607419422898765,-32.58154029394973,-16.501397638105807,2766.8928837502326,2272.8236689841424,2519.8582763671875,2461.3663993063683,2537.3446921997383
2024-10-11,2383.940185546875,2470.395751953125,2380.504638671875,2436.513427734375,13489061564,47.164694444936664,-30.418679163910838,-19.284853943266814,2756.267846489107,2265.5143312452683,2510.8910888671876,2458.999449632845,2533.3905249658023
2024-10-12,2436.515625,2488.23779296875,2434.202880859375,2476.523193359375,9372169184,50.38828957007714,-25.1858160160009,-20.465046357813634,2748.985051902502,2262.1631902849977,2505.57412109375,2460.6683776068003,2531.160433530256
2024-10-13,2476.520263671875,2484.12939453125,2436.9697265625,2467.677001953125,9189490605,49.666755135323925,-21.50465570157303,-20.672968226565516,2730.8456095111214,2262.2156941998164,2496.530651855469,2461.335865639783,2528.6708871938977
2024-10-14,2467.6474609375,2652.8818359375,2443.552978515625,2628.89990234375,21434687898,60.70936194285437,-5.5144023676371035,-17.641255054779833,2726.21577689917,2264.300018999267,2495.2578979492187,2477.2943453258754,2532.6014368076176
2024-10-15,2629.017578125,2685.166748046875,2537.94091796875,2606.02197265625,22003780898,58.74000107537158,5.251396051316533,-13.06272483356056,2729.885196656839,2263.2939293197232,2496.589562988281,2489.5541193573395,2535.480673507564
2024-10-16,2606.01953125,2644.854248046875,2589.60693359375,2611.10205078125,17012396419,59.057601642101915,14.031541830539027,-7.643871500740644,2726.426862762429,2264.642473175071,2495.53466796875,2501.130112826283,2538.446217714375
2024-10-17,2611.192138671875,2646.8740234375,2577.305908203125,2604.2734375,15150712321,58.406779785658486,20.20593712993832,-2.073909774604851,2708.347468131536,2273.5591480794014,2490.9533081054688,2510.953286604732,2541.0276773138116
2024-10-18,2604.814453125,2674.371826171875,2595.958984375,2641.55224609375,17043738652,60.93758982403943,27.7869673277728,3.89826564587068,2700.558838361988,2277.7490962083248,2489.1539672851563,2523.3912827465433,2544.9698172659664
2024-10-19,2641.48828125,2661.872802734375,2631.656982421875,2648.656982421875,8557834553,61.41940069735798,33.97661989837388,9.91393649637132,2698.2592355943657,2278.9797048353216,2488.6194702148437,2535.321349382289,2549.035980605414
2024-10-20,2648.665771484375,2756.436767578125,2635.94580078125,2746.364013671875,14559296242,67.37853946081177,46.233157939176635,17.177780784932384,2730.222348306607,2261.3467190762053,2495.784533691406,2555.4206507432023,2556.774334843314
2024-10-21,2746.3056640625,2765.549560546875,2655.29443359375,2665.712158203125,17328615363,59.24401382413456,48.87521884042735,23.51726839603138,2751.7425199923227,2261.5056489529898,2506.6240844726562,2565.9246038346237,2561.0464063476206
2024-10-22,2665.65673828125,2669.7900390625,2605.61865234375,2620.197509765625,15541911074,55.19428221313672,46.75742885818272,28.165300488461646,2760.0080294887807,2278.736721487782,2519.3723754882812,2571.0934520185283,2563.3660574620526
2024-10-23,2620.088623046875,2624.450439453125,2457.169921875,2509.098876953125,17876984551,46.78710591072077,35.70277450120284,29.672795291009884,2754.508016866474,2300.167495828838,2527.337756347656,2565.189206774204,2561.2379327362123
2024-10-24,2523.60693359375,2559.1513671875,2506.722900390625,2534.49853515625,16128627601,48.71058577962344,28.661034853092588,29.470443203426424,2754.229616468326,2312.416355211361,2533.3229858398436,2562.2662856677325,2560.189328909547
2024-10-25,2534.454833984375,2563.734130859375,2381.45068359375,2435.93408203125,22560233078,42.3180452276618,14.954689468070228,26.567292456355187,2753.1442104300395,2315.531985859023,2534.338098144531,2550.234647226163,2555.316574130006
2024-10-26,2436.050048828125,2503.23046875,2427.46142578125,2479.603271484375,13597102184,45.71705960548043,7.529258031985137,22.759685571481178,2752.2254260461737,2320.415321024139,2536.3203735351562,2543.507849536469,2552.347425006648
2024-10-27,2479.93701171875,2523.17138671875,2462.27197265625,2505.940673828125,9801434566,47.71806018954524,3.726798170371694,18.953108091259285,2750.226326071881,2330.828825295306,2540.5275756835936,2539.9300232785317,2550.5275524114118
2024-10-28,2505.590576171875,2587.43017578125,2470.268310546875,2565.34814453125,18971841402,52.014844604163,5.444249808726454,16.25133643475272,2751.261184499137,2342.3446992899253,2546.802941894531,2542.3507967311716,2551.108752102386
2024-10-29,2565.41796875,2680.054443359375,2560.15380859375,2637.95751953125,22185845095,56.69894960896202,12.519989698505015,15.50506708750318,2750.2278072570184,2370.3454837586064,2560.2866455078124,2551.4561989026074,2554.5145861192045
2024-10-30,2637.64013671875,2720.271484375,2600.609619140625,2657.37255859375,22382690746,57.882833512222156,19.469760651910292,16.298005800384605,2749.237725893377,2398.687029965998,2573.9623779296876,2561.5434712541446,2558.5482320985984
2024-10-31,2657.213134765625,2667.5595703125,2501.572265625,2515.79931640625,19760409505,47.65183723659671,13.399268310966818,15.718258302501049,2743.426420384635,2412.4269243419276,2577.9266723632813,2557.186885078155,2556.871804032232
2024-11-01,2515.870361328125,2583.777099609375,2467.8193359375,2511.885498046875,20215438328,47.40239350974404,8.178272923315035,14.210261226663846,2741.343879833523,2418.0456953617895,2579.694787597656,2552.8724672656517,2555.107635170061
2024-11-02,2512.208251953125,2522.360595703125,2471.95556640625,2491.068603515625,9639457439,46.02244592083949,2.333942808863412,11.83499754310376,2739.409593301441,2422.319142050121,2580.864367675781,2546.9863850037445,2552.596300595377
2024-11-03,2491.094482421875,2495.4365234375,2411.3984375,2456.42529296875,15667779706,43.74035595146503,-5.035114877809065,8.460975058921195,2738.3662028306762,2406.1150715833865,2572.2406372070313,2538.36151909565,2548.824888531588
2024-11-04,2456.09521484375,2488.350341796875,2359.578125,2397.0263671875,17110200696,40.07140795957895,-15.48958874162372,3.670862298812212,2744.4403605241523,2379.141353343035,2561.7908569335937,2524.9010284377305,2542.872005341624
2024-11-05,2397.036376953125,2478.618896484375,2380.601318359375,2422.650634765625,17894057485,42.319159858638216,-21.459795195739844,-1.3552692000981992,2743.5511450293343,2361.1854272362907,2552.3682861328125,2515.162895707054,2538.157441789624
2024-11-06,2422.539306640625,2743.964111328125,2421.81298828125,2724.169189453125,41887574364,60.90211646161482,-1.8399891069911973,-1.452213181476799,2763.41472954415,2353.311417916788,2558.363073730469,2535.0682570162035,2545.452020129369
2024-11-07,2724.005859375,2918.744384765625,2701.5908203125,2895.58544921875,35352318438,67.34345501208193,27.22685392512085,4.283600239842731,2823.7518552083675,2318.37761256507,2571.064733886719,2569.40322770216,2559.1827428387564
2024-11-08,2895.597900390625,2983.744873046875,2889.484375,2962.296630859375,32303261101,69.45269992460659,55.011433708790264,14.429166933632239,2892.968019088182,2280.525413529006,2586.746716308594,2606.8216470504663,2574.991130604271
2024-11-09,2962.791015625,3156.3662109375,2957.182373046875,3131.14453125,29210133088,74.02553108356746,89.62241637719899,29.46781682234559,2992.305232757067,2219.6662516179326,2605.9857421875,2656.7571598313743,2596.8010678844953
2024-11-10,3130.729248046875,3249.9140625,3073.248779296875,3191.331298828125,47418730187,75.43703830531032,120.51916868628996,47.67808719513447,3098.8672741795817,2165.6661242579185,2632.26669921875,2707.6689825929698,2620.1159789018925
2024-11-11,3191.656982421875,3389.529296875,3109.76953125,3374.81298828125,55417771668,79.15579785540139,157.98930405649617,69.7403305674068,3242.5096764024024,2097.4852698866603,2669.9974731445313,2771.2065069442347,2649.711940054024
2024-11-12,3375.15478515625,3444.154052734375,3211.198486328125,3246.25732421875,56686078066,71.0404650903165,175.29064712439003,90.85039387880346,3328.555185567473,2085.1556054481516,2706.8553955078123,2816.44944192276,2673.105876687935
2024-11-13,3244.543212890625,3337.877197265625,3121.666015625,3192.595947265625,52010205682,67.91066316707338,182.5675365844636,109.19382241993549,3391.9642822537844,2087.5562499727785,2739.7602661132814,2852.2729186220804,2693.478036318433
2024-11-14,3192.5205078125,3240.270751953125,3032.971923828125,3058.94873046875,35743352141,60.7339531706565,175.52694508836657,122.46044695362171,3421.5255156150793,2120.296481455233,2770.910998535156,2871.9563292741445,2707.810220402759
2024-11-15,3059.526123046875,3130.703857421875,3016.14404296875,3103.04052734375,32701369872,62.15490573269276,171.52779942090183,132.27391744707774,3453.670003488166,2150.495719168084,2802.082861328125,2893.9643481379167,2723.3094481259354
2024-11-16,3089.739990234375,3218.089599609375,3073.286376953125,3133.27392578125,26650658846,63.13989791985646,168.85161395085515,139.58945674783322,3485.40973318792,2181.4893146636423,2833.4495239257812,2916.755736484901,2739.3864864653597
2024-11-17,3133.306640625,3160.152587890625,3039.246826171875,3075.66162109375,28348163224,59.938483409225924,160.2347991607803,143.71852523042264,3506.6761309809153,2211.254264526897,2858.965197753906,2931.889630257172,2752.5737466468654
2024-11-18,3075.722900390625,3225.130615234375,3052.4912109375,3207.8564453125,35445557613,64.39899048882008,162.20315190782048,147.4154505659022,3544.311704837716,2230.6085832482213,2887.4601440429688,2958.172184071965,2770.4279701239493
2024-11-19,3208.25048828125,3222.00439453125,3070.36279296875,3111.384033203125,29823634432,59.21721936545221,154.2010346962602,148.7725673919738,3564.9088270840675,2255.412608462808,2910.1607177734377,2972.7637887511232,2783.798796127054
2024-11-20,3111.116943359375,3159.949462890625,3032.603271484375,3072.18798828125,29785491216,57.20329119661745,143.04754287353444,147.62756248828595,3569.028596476909,2306.9317062574655,2937.9801513671873,2982.232760134945,2795.1081762115323
2024-11-21,3072.05517578125,3388.54296875,3035.8466796875,3361.053955078125,51619069348,66.29967653667566,155.72231964723505,149.24651392007576,3605.0117930078227,2355.8653554296775,2980.43857421875,3018.3109691771524,2817.3021283239477
2024-11-22,3360.654296875,3428.46044921875,3262.808837890625,3331.600830078125,36775716442,64.78761265015896,161.5285499440397,151.70292112486854,3620.96204694749,2423.9683241462603,3022.465185546875,3048.148098786769,2837.4707048633277
2024-11-23,3331.6455078125,3499.370849609375,3317.65478515625,3396.223388671875,38835184688,66.58812864526557,169.3918854781432,155.2407139955235,3627.001567721438,2511.908612942625,3069.4550903320314,3081.298126394874,2859.382574816604
2024-11-24,3396.99951171875,3451.80224609375,3288.430908203125,3363.659912109375,27901454185,64.79032212219116,171.02457033915698,158.39748526425018,3591.1293991437938,2644.444136012456,3117.786767578125,3108.1897250343504,2879.158156671223
2024-11-25,3364.6015625,3545.27880859375,3304.093994140625,3413.5439453125,51544793988,66.29172799270214,174.3340945132586,161.58480711405187,3528.4459389193557,2806.216927291582,3167.331433105469,3137.2710793465553,2900.114462108136
2024-11-26,3412.950927734375,3461.29296875,3255.54296875,3326.517333984375,39902959158,61.37472142309999,167.99801944954743,162.867449581151,3498.4030150033227,2896.4946656607394,3197.448840332031,3155.2945321692046,2916.836143358185
2024-11-27,3326.029052734375,3687.009033203125,3303.56787109375,3657.249267578125,43383987191,70.36947922173225,187.5025249205055,167.7944646490219,3566.8808091225515,2904.183253377448,3235.53203125,3203.099745065292,2945.871952151124
2024-11-28,3656.609619140625,3664.878173828125,3531.87060546875,3579.8115234375,32362724276,66.46662166974289,194.46968181194143,173.12950808160582,3605.5449511759657,2927.270600581847,3266.4077758789062,3238.977057291217,2970.7323274956875
2024-11-29,3579.91064453125,3647.264404296875,3538.44677734375,3593.494384765625,27622629486,66.81682894607442,198.80361211132777,178.26432888755022,3652.0653563383553,2926.9851807710197,3289.5252685546875,3272.7406122887796,2995.1543689572536
2024-11-30,3593.59814453125,3739.934814453125,3572.254150390625,3705.705322265625,30670867436,69.618989528151,208.8848731765297,184.38843774534612,3719.0814818798417,2911.4064575732837,3315.2439697265627,3313.975346572289,3023.0191122242486
2024-12-01,3706.619873046875,3747.455322265625,3663.234130859375,3711.1650390625,28018113530,69.75282755476344,214.83837565669228,190.47842532761538,3772.683354732298,2891.4397897989516,3332.061572265625,3351.802936333261,3050.0052270022193
2024-12-02,3710.495361328125,3761.343017578125,3557.252197265625,3644.198486328125,47284967570,65.91709865717199,211.71243891269023,194.72522804463037,3811.786999459304,2892.130261282884,3351.958630371094,3379.650131570867,3073.3069234463724
2024-12-03,3643.7421875,3670.2197265625,3504.226318359375,3620.711669921875,36839829742,64.57585662076781,204.9770736146097,196.77559715862625,3841.7362190483486,2904.992613959464,3373.3644165039063,3402.608373318582,3094.7737762493334
2024-12-04,3620.03759765625,3895.17431640625,3617.74462890625,3841.3310546875,56799745752,70.62265878534,214.96342410465786,200.4131625478326,3900.5618561327074,2924.4052092969805,3412.483532714844,3444.391485829907,3124.0505322665167
2024-12-05,3840.844482421875,3956.54150390625,3683.4208984375,3811.00830078125,60568296606,68.88228081521115,217.91885310457155,203.9143006591804,3944.0892709329055,2951.674571840532,3447.8819213867187,3479.3073729681305,3150.990052600428
2024-12-06,3792.20849609375,4093.172119140625,3782.681396484375,4005.810546875,52853668566,73.41488735007508,233.2907347375708,209.7895874748585,4023.3958373649493,2959.621667517863,3491.508752441406,3529.4505323878325,3184.512424924921
2024-12-07,4006.02880859375,4029.452880859375,3974.17626953125,4002.692626953125,22574636761,73.23102573917379,242.42692491509797,216.3170549629064,4078.6597461288075,2997.060859339943,3537.860302734375,3574.5212080607175,3216.597923043674
2024-12-08,4007.690673828125,4018.0,3927.85400390625,4005.70458984375,20943378971,73.3005886831074,247.0624792173694,222.46613981379903,4133.554989906577,3021.950430015297,3577.7527099609374,3615.586292040054,3247.5432825260305
2024-12-09,4006.101806640625,4008.77783203125,3525.23291015625,3718.6904296875,57029832059,57.8684402972072,224.98308044779697,222.96952794059865,4121.368655664439,3094.867403905873,3608.118029785156,3625.4057337207632,3266.0196412382447
2024-12-10,3719.00048828125,3780.75341796875,3520.365234375,3631.833740234375,58416417599,54.15287355546509,198.19175768964578,218.0139738904081,4083.068049819431,3189.132584946194,3636.1003173828126,3626.017924817298,3280.3652921792695
2024-12-11,3631.276123046875,3850.765380859375,3567.56640625,3832.822021484375,35968053196,60.47680913018016,190.97606277725163,212.60639166777682,4095.186355662278,3224.191085743972,3659.688720703125,3645.7135530713053,3302.0302619559407
2024-12-12,3833.172119140625,3987.005859375,3800.0908203125,3883.1015625,42971675764,61.89288536472196,187.15727872146863,207.5165690785152,4104.760150948282,3269.767363700155,3687.2637573242187,3668.3219349216574,3324.8173717811983
2024-12-13,3883.030029296875,3967.395263671875,3855.023681640625,3911.205322265625,34895127659,62.697395633711366,184.27440277620235,202.86813581805265,4118.2744050259935,3307.7513029818188,3713.0128540039063,3691.4536860972735,3347.8129776825485
2024-12-14,3910.847900390625,3943.278076171875,3826.761962890625,3868.4052734375,28756190559,60.59914881665963,176.50149718292414,197.59480809102695,4113.675866222448,3362.8243779181767,3738.2501220703125,3708.306218224914,3368.2283618298015
2024-12-15,3868.441162109375,3971.498046875,3832.0966796875,3951.941162109375,25069616984,63.18857323032493,175.06403238500206,193.088652949822,4119.161509937346,3411.1784558829672,3765.1699829101562,3731.5095462139107,3391.1190598799813
2024-12-16,3951.65283203125,4106.95556640625,3882.705322265625,3987.48095703125,46536359669,64.26459930175676,174.7778651737308,189.42649539460376,4099.228701730446,3497.2076263945537,3798.2181640625,3755.8877758155622,3414.505800944737
2024-12-17,3987.333984375,4040.337890625,3849.28662109375,3886.76611328125,35418700472,59.00122315510922,164.5276570005276,184.44672771578854,4105.531619486205,3513.8563932091074,3809.6940063476563,3768.3523793837226,3433.025813193228
2024-12-18,3886.886962890625,3902.715576171875,3617.840576171875,3618.791259765625,48946681636,47.78661477919963,133.24499667553982,174.2063815077388,4101.558198593841,3521.727787734284,3811.6429931640623,3754.1084632296183,3440.3107326666554
2024-12-19,3619.58203125,3717.662353515625,3330.87255859375,3417.927978515625,58879190250,41.429957727511976,91.19404667248091,157.6039145406872,4128.965381989213,3476.763963713912,3802.8646728515623,3722.0912742092382,3439.4329776019094
2024-12-20,3417.93017578125,3496.327392578125,3098.20361328125,3472.553466796875,66383827229,43.62619533603364,61.566486086565874,138.39642884986296,4147.229110274357,3435.1850498818935,3791.207080078125,3698.325768741394,3440.7318203154377
2024-12-21,3472.589111328125,3552.921630859375,3293.505615234375,3337.222412109375,31579389836,39.65859491413187,26.856757776813993,116.08849463525317,4181.558705169907,3363.4611922910303,3772.5099487304688,3663.9349728716775,3436.6726278367687
2024-12-22,3336.998779296875,3398.657470703125,3219.294921875,3277.53515625,24780768375,38.016415573972594,-5.4049102583753665,91.78981365652746,4216.798218543137,3291.555345909988,3754.1767822265624,3627.1349903362793,3430.4319426765032
2024-12-23,3277.51416015625,3461.52783203125,3217.36865234375,3415.785400390625,34496081389,43.81924506247518,-19.59104197548686,69.5136425301246,4227.597246313641,3260.2636911863588,3743.93046875,3607.0064579605028,3429.857568469214
2024-12-24,3415.738037109375,3535.857666015625,3355.609130859375,3492.0498046875,23083678195,46.77920051598946,-24.39850275608842,50.731213472882004,4220.438810310198,3232.494002189802,3726.46640625,3596.058205267836,3432.2964796934607
2024-12-25,3491.95751953125,3542.833740234375,3440.09716796875,3493.2353515625,17651873225,46.82610103421714,-27.792412702359343,35.02648823783373,4213.462470165916,3207.693047412209,3710.5777587890625,3586.265552533994,3434.6862393745996
2024-12-26,3493.30419921875,3512.6044921875,3302.306396484375,3331.225830078125,22247726776,41.45043990601202,-43.0585727763696,19.409476034993066,4186.798812806796,3166.8982330916415,3676.848522949219,3561.976055157245,3430.628968421797
2024-12-27,3331.0537109375,3436.710693359375,3302.57568359375,3328.9169921875,24091627403,41.37753678776396,-54.71272431535817,4.5850359649228185,4151.493956960167,3134.825525461708,3643.1597412109377,3539.779953922031,3426.6402634714323
2024-12-28,3328.774658203125,3419.920166015625,3318.033935546875,3397.90234375,14305648523,44.51747636973206,-57.71685802535876,-7.875342833133498,4102.164249787981,3123.375008024519,3612.76962890625,3526.2678005723137,3425.513286227455
2024-12-29,3397.862548828125,3406.6484375,3321.664794921875,3349.513427734375,13440907792,42.786321683679354,-63.27286653415149,-18.954847573337098,4094.6114735452957,3094.0100840718915,3594.3107788085936,3509.4340507782244,3422.532899619883
2024-12-30,3349.5859375,3428.52734375,3298.804443359375,3356.392578125,26981583962,43.12493252416291,-66.35604221176936,-28.435086501023555,4091.5403038451323,3069.5371375611176,3580.538720703125,3494.858672430298,3419.9391615220447
2024-12-31,3356.394775390625,3444.396728515625,3311.41259765625,3332.53173828125,20845452085,42.1921755342097,-69.91887029758982,-36.73184326033681,4063.4982043189284,3047.5502087670093,3555.524206542969,3479.398964416103,3416.5114194341704
2025-01-01,3332.406494140625,3366.531494140625,3310.255859375,3353.504150390625,14195410493,43.351946980759664,-70.24045064900793,-43.433564738071034,4020.049754384327,3038.0389174906727,3529.0443359375,3467.408982127962,3414.0405461383452
2025-01-02,3353.412109375,3493.4482421875,3348.35205078125,3451.392578125,22243574698,48.54128952384285,-61.88317662473855,-47.123487115404544,3963.638068292621,3048.469329168316,3506.0536987304686,3465.883610318156,3415.50533170645
2025-01-03,3451.680908203125,3627.0556640625,3421.83154296875,3605.009765625,21877299255,55.439969109458296,-42.37587088920236,-46.17396387016411,3920.754093596109,3065.0137530835786,3492.883923339844,3479.1337203473795,3422.9368781346284
2025-01-04,3605.20068359375,3669.19677734375,3574.326904296875,3657.706787109375,16060610759,57.542730889594125,-22.405702335380283,-41.42031156320735,3857.007129592875,3099.337279586812,3478.1722045898437,3496.140679086617,3432.1435412316773
2025-01-05,3657.7431640625,3673.81298828125,3594.616943359375,3634.103759765625,12830306908,56.262091694701894,-8.387085822509107,-34.8136664150677,3764.9877231413375,3156.018966311787,3460.5033447265623,3509.2800201036653,3440.063549801636
2025-01-06,3634.11376953125,3743.941650390625,3611.21435546875,3688.611328125,23973574043,58.555978548134156,7.039922150117491,-26.442948702030666,3705.5449451665695,3195.6462657709303,3450.59560546875,3526.359192296173,3449.8105215005917
2025-01-07,3688.34130859375,3701.10693359375,3358.08984375,3381.577392578125,32235312545,44.4229402113537,-5.446353324071879,-22.24362962643891,3682.566714471768,3194.9031097469815,3438.734912109375,3512.570449465883,3447.13471252324
2025-01-08,3381.615478515625,3413.682861328125,3209.214599609375,3326.329345703125,34337730882,42.43805673430317,-19.57423268192315,-21.709750237535758,3683.021387096683,3185.288573840817,3434.15498046875,3494.8332014884777,3442.3972471577454
2025-01-09,3326.359619140625,3355.8623046875,3159.384033203125,3219.4306640625,28815726276,38.823443205902485,-38.947546011322174,-25.157309392293044,3687.311338669194,3155.6863419948686,3421.4988403320312,3468.6043884002893,3433.6534595853827
2025-01-10,3219.49658203125,3320.50048828125,3196.1103515625,3267.489990234375,26503845190,41.24632072546432,-49.848428771227645,-30.09553326807997,3690.2313373706247,3145.793101105938,3418.0122192382814,3449.4506361940116,3427.1372451010297
2025-01-11,3267.5224609375,3317.654296875,3219.69873046875,3282.2177734375,11772144561,42.004350450142994,-56.646067273226436,-35.40564006910927,3689.9643382877757,3146.528361907537,3418.2463500976564,3433.5236968838676,3421.4541285652053
2025-01-12,3282.150390625,3298.018310546875,3224.510498046875,3265.951171875,11647743556,41.36949404284462,-62.623933833644514,-40.849298822016316,3690.8902860732064,3130.6189912705436,3410.754638671875,3417.564408787785,3415.3559734008836
2025-01-13,3266.095458984375,3335.193603515625,2920.5927734375,3135.499755859375,39911742769,36.592935198943,-77.00016522172973,-48.079472101959,3695.742299278899,3090.111973182039,3392.927136230469,3390.701108508889,3404.3812197718053
2025-01-14,3135.670166015625,3254.75146484375,3126.805908203125,3223.6845703125,22847737224,41.509376569579885,-80.3514135583373,-54.53386039323466,3687.4172256749453,3071.4819686609926,3379.449597167969,3374.794771537804,3397.295076655754
2025-01-15,3223.6845703125,3473.1015625,3186.139892578125,3450.53759765625,25991614661,51.851925730317106,-63.96481205608279,-56.42005072580429,3694.071183193704,3076.7591879000456,3385.415185546875,3382.008374025275,3399.383018655774
2025-01-16,3450.30517578125,3458.1806640625,3265.67578125,3308.34521484375,26395516475,46.32284416961938,-61.74034498316405,-57.48410957727624,3693.9710610750617,3074.8021322843133,3384.3865966796875,3374.992835055606,3395.8129087023613
2025-01-17,3308.191162109375,3525.54345703125,3307.31103515625,3474.107177734375,28200207229,52.66019568132474,-46.07075869848359,-55.20143940151772,3700.346875257565,3076.0468015002475,3388.1968383789062,3384.4322962631077,3398.883272193813
2025-01-18,3473.563720703125,3493.06005859375,3228.333740234375,3305.78955078125,32420094038,46.638825741779755,-46.69604158055381,-53.50035983732494,3699.9089794491933,3072.1123096133065,3386.01064453125,3376.942510979121,3395.2325380207717
2025-01-19,3305.39794921875,3444.20654296875,3127.623046875,3208.96435546875,57242875399,43.553643658543976,-54.37773415889296,-53.67583470163855,3702.240413126494,3055.0380536703815,3378.6392333984377,3360.9445914067046,3387.9279034108886
2025-01-20,3208.933837890625,3444.28271484375,3147.52294921875,3278.035400390625,52383187336,46.283460734885956,-54.26652408651444,-53.79397257861373,3702.0580478574648,3049.7707851503474,3375.914416503906,3353.0484779766016,3383.6183934885253
2025-01-21,3278.43603515625,3365.778076171875,3202.49267578125,3327.40625,32804001146,48.211390214821,-49.62255640756075,-52.959689344403145,3701.3389899616564,3047.8800530070935,3374.609521484375,3350.606361026449,3381.4139957046614
2025-01-22,3327.2373046875,3364.74609375,3223.385986328125,3240.224609375,22171220981,45.13105669907999,-52.373281764134845,-52.84240782834949,3693.9655498237335,3034.1366962700167,3364.051123046875,3340.0938132501205,3375.877157025067
2025-01-23,3240.475341796875,3346.732421875,3184.06689453125,3334.714111328125,32419520084,48.93891950441454,-46.39393786474466,-51.55271383562852,3660.4271083593085,3040.645572304754,3350.536340332031,3339.581460686121,3374.2629199389125
2025-01-24,3334.808349609375,3424.89990234375,3277.3232421875,3309.554931640625,25578325671,47.98403884577889,-43.187560962916905,-49.8796832610862,3607.4388583829245,3058.818636734263,3333.1287475585937,3336.7217912532165,3371.7253517703525
2025-01-25,3309.711669921875,3349.29833984375,3270.273193359375,3317.26953125,13744316078,48.31703844386969,-39.56786671529062,-47.81731995192709,3552.173362784715,3082.4007094809094,3317.2870361328123,3334.8691950624343,3369.589829397006
2025-01-26,3317.29150390625,3359.3125,3233.922119140625,3236.13427734375,14471528757,45.05050129594182,-42.75333601562306,-46.804523164666286,3453.959201972979,3135.3671652145213,3294.66318359375,3325.4658695654166,3364.356278336094
2025-01-27,3235.855224609375,3250.396484375,3024.091552734375,3178.92041015625,39412486482,42.850516193034,-49.32592574433784,-47.3088036806006,3446.310639853241,3122.7500290920716,3284.5303344726562,3311.509159145496,3357.084283505512
2025-01-28,3179.0869140625,3222.7373046875,3040.09228515625,3077.112548828125,20718206194,39.183691441781875,-62.0346966548982,-50.25398227546012,3457.0250506630505,3087.113938594762,3272.0694946289063,3289.1856724486033,3346.1049997926734
2025-01-29,3076.380126953125,3177.98046875,3055.181640625,3112.9990234375,22727786058,41.097088166437345,-68.42202407575905,-53.88759063551991,3463.80886107907,3069.686964116242,3266.747912597656,3272.405991590403,3336.9635889552155
2025-01-30,3113.289794921875,3282.986328125,3093.123779296875,3247.780029296875,19958405782,47.74649597767712,-61.894841113854,-55.48904073118673,3463.004792039446,3068.5200370621164,3265.762414550781,3270.0606618481625,3333.46619445881
2025-01-31,3247.8671875,3437.569091796875,3214.935546875,3298.26513671875,30128115902,50.02233450710554,-52.04829499763764,-54.80089158447692,3464.219138511912,3068.910426917775,3266.5647827148437,3272.746802312028,3332.085760821945
2025-02-01,3298.822265625,3329.6552734375,3103.9189453125,3118.32861328125,19917507079,42.85767779676453,-58.0945323033352,-55.45961972824858,3467.663554185391,3050.7037553849214,3259.1836547851562,3258.0403081186205,3323.703127585055
2025-02-02,3118.611572265625,3161.894287109375,2755.474609375,2868.69287109375,42060930305,35.30301116128554,-82.08352920106609,-60.78440162281209,3513.4169796010183,2978.2696414927314,3245.843310546875,3220.9595998305376,3305.8595881148076
2025-02-03,2868.07861328125,2919.477294921875,2159.280517578125,2884.566650390625,92453553253,36.07465695170074,-98.67661811775861,-68.3628449218014,3541.5530984561246,2916.2217306454377,3228.887414550781,3188.922176074356,3289.3382964393495
2025-02-04,2883.818359375,2888.25,2636.165771484375,2735.05126953125,48795275985,32.18127199585308,-122.4795344815252,-79.18618283374616,3558.3119602391903,2827.914236049872,3193.1130981445312,3145.6963754512026,3267.601550286091
2025-02-05,2735.225830078125,2824.400146484375,2701.10498046875,2787.779052734375,31960764447,34.851615388557676,-135.52655993002145,-90.45425825300123,3569.9629310380446,2764.2066490400807,3167.0847900390627,3111.6090113829337,3248.784981754651
2025-02-06,2787.65869140625,2857.14208984375,2662.44580078125,2688.40087890625,29500645692,32.27241480520907,-152.13172980410673,-102.78975256322234,3556.993359436449,2698.605590758864,3127.7994750976563,3071.3034749565827,3226.809134584126
2025-02-07,2688.8974609375,2798.02880859375,2564.96826171875,2622.211181640625,29526663418,30.64568435542347,-168.68787316477483,-115.96937668353283,3569.47108387564,2617.7700294056103,3093.620556640625,3028.532780355063,3203.0994109392827
2025-02-08,2623.001953125,2665.484619140625,2591.778564453125,2632.308349609375,17059263074,31.215284314062046,-178.93136954198235,-128.56177525522276,3579.505531496024,2550.0699811992886,3064.7877563476563,2990.797120284045,3180.7154477498743
2025-02-09,2632.578125,2695.222412109375,2530.435791015625,2628.72119140625,17517088276,31.117507272827993,-185.20395203557564,-139.89021061129336,3571.72471504186,2492.919376755015,3032.3220458984374,2956.31369848616,3159.0686141677716
2025-02-10,2628.650146484375,2692.80859375,2564.0185546875,2661.166748046875,19414208113,33.15696696534333,-185.41953263859114,-148.9960750167529,3543.9437126210014,2454.076428980561,2999.0100708007812,2928.20446511099,3139.5430507904816
2025-02-11,2661.315673828125,2724.90234375,2565.397216796875,2602.781982421875,21156550492,31.357763233607542,-188.13286589436075,-156.82343319227448,3527.029054940557,2407.246823965693,2967.137939453125,2897.2118477120266,3118.493597128968
2025-02-12,2602.828125,2794.867431640625,2551.174560546875,2736.902099609375,26919387954,39.48177913930346,-177.4156918217368,-160.94188491816695,3478.0164072871235,2396.4782704472514,2937.2473388671874,2881.9442526546313,3103.529224677219
2025-02-13,2737.028564453125,2756.443359375,2615.667724609375,2675.902587890625,19481004625,37.3184619918363,-171.8632721375957,-163.1261623620527,3428.443494194864,2382.685949164511,2905.5647216796874,2862.321236962821,3086.7595526463724
2025-02-14,2675.939453125,2790.023681640625,2666.26806640625,2726.091552734375,17732289901,40.220749972568406,-161.5508518603483,-162.81110026171183,3366.7401166188843,2385.271528888928,2876.005822753906,2849.3469813220167,3072.6157095125686
2025-02-15,2726.07470703125,2738.68115234375,2668.53173828125,2693.559814453125,10803019357,38.9614767083214,-154.22540937655958,-161.09396208468138,3315.1660068518527,2382.588192366897,2848.877099609375,2834.510108286884,3057.7507724514144
2025-02-16,2693.5625,2724.096435546875,2655.297607421875,2663.31591796875,10593602117,37.77730165109082,-149.14116658742705,-158.70340298523053,3269.127875694961,2377.0658743050394,2823.096875,2818.205899685157,3042.2827389422905
2025-02-17,2663.2294921875,2848.7841796875,2640.18212890625,2743.19970703125,24170425078,42.72865036983011,-137.0856750571961,-154.37985739962366,3237.133060608266,2375.669405212046,2806.401232910156,2811.0624527657374,3030.5539925928383
2025-02-18,2743.02294921875,2754.6767578125,2606.900390625,2669.3388671875,23004152928,39.59162340293997,-131.9702922782294,-149.89794437534482,3193.6360994771576,2374.8003507181547,2784.218225097656,2797.564968424953,3016.388693557335
2025-02-19,2669.21337890625,2735.917724609375,2656.375732421875,2715.77099609375,15272401903,42.45196946773141,-122.75459130186573,-144.469273760649,3104.5905545987544,2410.644992276246,2757.6177734375,2789.7750662981716,3004.599764245038
2025-02-20,2715.6826171875,2770.030517578125,2708.216064453125,2740.386474609375,15917259320,43.9667224341725,-112.1717721219652,-138.00977343291225,2965.604694632706,2493.8429860313563,2729.723840332031,2785.071390899239,2994.2384587691295
2025-02-21,2740.022216796875,2842.8271484375,2616.91943359375,2659.655517578125,31441524621,40.22695175330059,-109.0421551245704,-132.2162497712439,2857.344104987695,2556.2362661060547,2706.790185546875,2773.1270220115134,2981.11755911458
2025-02-22,2660.035888671875,2797.057861328125,2653.867431640625,2764.029296875,16403164397,46.55622700752319,-97.02141690492817,-125.17728319798076,2834.6829114052575,2568.4311022666175,2701.5570068359375,2772.260571998512,2972.604293928714
2025-02-23,2764.031005859375,2850.6103515625,2746.773681640625,2821.310302734375,20493767269,49.703880845831144,-81.92837746879195,-116.527502052143,2815.2207903251538,2581.567588581096,2698.394189453125,2776.9319749257374,2966.671196234818
2025-02-24,2820.456298828125,2839.010009765625,2478.8994140625,2513.8212890625,29127380459,37.07912511597432,-93.69872797591415,-111.96174723689725,2828.8332491152705,2545.832131744104,2687.3326904296873,2751.873814367334,2948.912376345708
2025-02-25,2514.2109375,2529.669189453125,2326.632080078125,2493.592529296875,40044790246,36.42367331171305,-103.46641102717467,-110.26267999495275,2830.3872993810755,2514.85942913455,2672.6233642578127,2727.275596741576,2931.056696069283
2025-02-26,2493.381591796875,2503.422119140625,2255.054931640625,2331.45263671875,28815111323,31.60167846026819,-122.8742862043132,-112.78500123682484,2873.866351324336,2435.6855529725394,2654.7759521484377,2689.5781719774973,2907.54281138887
2025-02-27,2331.51025390625,2378.08740234375,2230.4482421875,2305.484375,24286213447,30.8961968370717,-138.75115189383087,-117.97823136822605,2908.0243029997578,2369.854920633055,2638.9396118164063,2652.9978103605927,2883.932676628522
2025-02-28,2305.56005859375,2310.94921875,2076.169921875,2237.9052734375,35737904667,29.077001272047724,-155.0000074516429,-125.38258658490943,2942.6673599332184,2295.7715560824067,2619.2194580078126,2613.4651877964884,2858.598268660247
2025-03-01,2237.942138671875,2279.873046875,2144.090087890625,2216.643310546875,16135258239,28.50825235170069,-167.6603214389056,-133.83813355570868,2968.6582222616485,2228.572905668039,2598.6155639648437,2575.67262805843,2833.423564420507
2025-03-02,2216.521728515625,2548.811767578125,2175.321533203125,2519.694580078125,34854193845,45.016494483619994,-151.49368187727214,-137.3692432200214,2961.958536106147,2221.125375026665,2591.541955566406,2570.3413853936386,2821.1204669953154
2025-03-03,2519.531005859375,2522.316650390625,2097.076171875,2145.573974609375,31473561910,34.442859371680186,-166.94546633928576,-143.28448784387427,2989.2198690004543,2148.1432413511084,2568.6815551757813,2529.8873462713277,2794.628447686063
2025-03-04,2145.65283203125,2220.358642578125,1996.767578125,2170.01513671875,33935738380,35.5085947745107,-175.19933050633426,-149.66745637636626,2988.6364418768417,2092.037972185658,2540.33720703125,2495.6138025044156,2770.133808040286
2025-03-05,2169.98681640625,2272.79736328125,2156.099365234375,2241.977294921875,22105432727,38.669925233040736,-173.928888609541,-154.51974282300122,2981.093005445603,2056.1888793200224,2518.6409423828127,2471.457944639412,2749.4217879179955
2025-03-06,2241.906494140625,2319.396240234375,2177.677001953125,2202.476806640625,18509069102,37.58094811093184,-174.10246865460886,-158.43628798932275,2964.6464886514905,2020.2739215047595,2492.460205078125,2445.8406934014324,2727.972965122805
2025-03-07,2202.498291015625,2254.232421875,2103.47265625,2138.987548828125,22425792863,35.834217932757824,-177.3190608384407,-162.21284255914634,2952.0840107669796,1977.37917282677,2464.731591796875,2416.6165843944505,2704.8754978171314
2025-03-08,2139.7978515625,2232.3271484375,2107.72802734375,2201.51025390625,10533204814,38.84852320795143,-172.83088666468757,-164.3364513802546,2933.1203483273293,1950.162268860171,2441.64130859375,2396.130267205098,2685.13568433043
2025-03-09,2201.708740234375,2210.313720703125,1991.1934814453125,2015.5091552734375,16103964994,33.76654497844426,-182.18262261134805,-167.9056856264733,2910.293473436729,1900.2200885749899,2405.2567810058595,2359.880637497321,2658.8758204458422
2025-03-10,2015.430419921875,2150.706298828125,1812.766845703125,1861.1513671875,35005066442,30.232077434882385,-199.74676780021582,-174.27390206122183,2908.75099453657,1820.9438174751485,2364.8474060058593,2312.3826117535286,2627.592508553358
2025-03-11,1859.7777099609375,1961.7977294921875,1760.9417724609375,1919.844970703125,30898385863,33.099638960201005,-206.5494229492192,-180.7290062388213,2877.252951724083,1772.849257748573,2325.051104736328,2274.998074510633,2599.837703147467
2025-03-12,1919.664794921875,1954.5711669921875,1832.01904296875,1908.982666015625,22898872951,32.830700451803594,-210.39180758007114,-186.66156650707129,2829.172275061912,1737.789553551369,2283.4809143066404,2240.139464177775,2572.7453487501402
2025-03-13,1909.015380859375,1919.688232421875,1823.525390625,1862.9696044921875,17977225564,31.657296901988488,-214.67515306673886,-192.26428381900482,2790.029470360577,1697.2637669441112,2243.646618652344,2204.2185251601,2544.911005838064
2025-03-14,1862.9979248046875,1945.0914306640625,1861.10595703125,1909.467529296875,12122715282,34.21602696691538,-211.8753738702585,-196.18650182925558,2708.2129613968355,1693.62409915004,2200.9185302734377,2176.147001744555,2519.991653816841
2025-03-15,1909.528076171875,1955.2384033203125,1904.9656982421875,1937.3946533203125,6456484591,35.77141236823918,-205.03947573017422,-197.95709660943933,2584.1741492644646,1729.271346341004,2156.7227478027344,2153.408682847008,2497.1447126208986
2025-03-16,1937.384765625,1940.474365234375,1863.489013671875,1887.43505859375,9292997638,34.21298604307353,-201.33246365296645,-198.63217001814476,2534.065781474913,1716.7410910836804,2125.403436279297,2128.077861489555,2473.23453011003
2025-03-17,1887.44921875,1951.6259765625,1880.484375,1927.0029296875,10436892087,36.56995398331424,-192.97731104194327,-197.50119822290446,2475.720214736829,1718.4276978608277,2097.0739562988283,2108.927867984597,2451.8136830346366
2025-03-18,1927.0057373046875,1935.1820068359375,1872.5089111328125,1932.54345703125,10170844746,36.91080265410815,-183.79010027891127,-194.75897863410583,2445.682482665202,1708.574511963704,2077.128497314453,2092.1293526557065,2431.450144759994
2025-03-19,1932.5445556640625,2068.764404296875,1928.24951171875,2057.7490234375,20065206266,44.20710308361377,-164.5097606198674,-188.70913503125814,2417.285182070824,1712.1982774018327,2064.741729736328,2088.855035587306,2416.7951988257787
2025-03-20,2057.951171875,2067.483642578125,1952.2432861328125,1982.099853515625,13217865782,41.11328285190088,-153.5640179107395,-181.68011160715443,2396.513714567508,1707.389202912961,2051.9514587402346,2078.687875390003,2399.748322539106
2025-03-21,1981.85302734375,1994.8914794921875,1937.2115478515625,1964.8475341796875,9708125480,40.418559566503895,-144.6145296621728,-174.26699521815812,2376.915902801566,1701.807437042184,2039.361669921875,2067.8459381318776,2382.693389662266
2025-03-22,1964.9404296875,2005.0411376953125,1964.27099609375,1980.037841796875,6117036512,41.35815540821775,-134.7430310858599,-166.36220239169847,2263.4677155246363,1761.2899504909885,2012.3788330078125,2059.4832622904487,2366.902976020486
2025-03-23,1979.983642578125,2019.889404296875,1977.7093505859375,2005.2991943359375,7522339707,42.96886345550919,-123.45826725701886,-157.78141536476255,2248.4990413631085,1762.2311466251726,2005.3650939941406,2054.3228748662095,2352.722435562269
2025-03-24,2005.7183837890625,2101.9833984375,1978.7637939453125,2077.47900390625,14044912402,47.41341540191938,-107.45206272730911,-147.71554483727186,2234.0010420067983,1767.475532700233,2000.7382873535157,2056.5282204890705,2341.928575497327
2025-03-25,2078.568115234375,2096.518310546875,2038.64453125,2067.76416015625,11735658914,46.883820584289765,-94.46203745215416,-137.06484336024832,2198.875341390316,1785.1799198401525,1992.0276306152343,2057.598309981183,2331.1770297976773
2025-03-26,2067.5087890625,2078.369140625,1982.412353515625,2009.1893310546875,13178523590,43.713399404393314,-87.88081270676207,-127.22803722955108,2164.3817921919917,1800.3447214798832,1982.3632568359376,2052.9879310358024,2318.550061219521
2025-03-27,2008.9405517578125,2037.3961181640625,1987.7177734375,2002.357421875,11593274543,43.34522720940433,-82.26808735411691,-118.23604725446425,2142.4267742080588,1808.6367267685036,1975.5317504882812,2048.1659777823925,2306.150349872677
2025-03-28,2002.4105224609375,2015.454345703125,1863.0106201171875,1895.5029296875,18160526498,37.96006557182037,-85.45712997478904,-111.68026379852921,2092.3896319276373,1828.07313662705,1960.2313842773438,2033.6266398685932,2290.0465294732585
2025-03-29,1895.5496826171875,1911.90087890625,1799.2008056640625,1827.3203125,12194771785,34.9741964288942,-92.4208663908455,-107.82838431699247,2092.8386427962973,1808.8052414810466,1950.8219421386718,2013.9784182144415,2271.9004033174447
2025-03-30,1827.31103515625,1847.570556640625,1769.4127197265625,1806.2186279296875,9854857162,34.080724769540836,-98.50688125358283,-105.96408370431054,2099.2252528144013,1796.925357537161,1948.0753051757813,1994.1917715206553,2253.6383729100817
2025-03-31,1806.3165283203125,1852.5513916015625,1778.6922607421875,1823.47998046875,15765030938,35.53157464950341,-100.77556698334001,-104.92638036011644,2104.0332579324513,1782.4808533956739,1943.2570556640626,1977.933505706188,2236.769416343755
2025-04-01,1823.5623779296875,1926.302978515625,1820.350341796875,1905.491455078125,15001220420,42.05682022134392,-94.8623619083753,-102.91357666976822,2104.0228807128096,1782.1421095215653,1943.0824951171876,1971.0342627892296,2223.778123745103
2025-04-02,1905.484619140625,1951.1802978515625,1782.76025390625,1795.313232421875,22593742104,36.68475533412551,-97.93760233893431,-101.91838180360143,2110.285291485996,1769.1140615413478,1939.6996765136719,1954.2989265637673,2206.9755789873298
2025-04-03,1794.97607421875,1844.071044921875,1751.380859375,1815.63720703125,16450974373,38.2516075502907,-97.60959498846569,-101.05662444057428,2114.0463535080557,1755.9699672927254,1935.0081604003906,1941.0930485130514,2191.628976165523
2025-04-04,1815.60986328125,1833.956787109375,1760.588623046875,1815.335205078125,18061720814,38.23646554900037,-96.26434043961876,-100.0981676403832,2115.7519868991158,1742.058389077447,1928.9051879882813,1929.1161110430585,2176.872357691507
2025-04-05,1815.344970703125,1826.298583984375,1767.5135498046875,1805.9732666015625,6374712479,37.737752951109584,-94.86015786028065,-99.05056568436268,2118.8974071117245,1730.7667896656194,1924.832098388672,1917.3882210962493,2162.327295295823
2025-04-06,1805.9630126953125,1815.5748291015625,1539.43798828125,1576.72802734375,22154445576,28.07978760493384,-110.96635688723109,-101.43372392493637,2156.074624028879,1658.5620825140898,1907.3183532714843,1884.9443931198207,2139.362618121232
2025-04-07,1576.9498291015625,1634.0411376953125,1415.37353515625,1555.240966796875,46073959047,27.372675582118205,-124.03466742904038,-105.95391262575718,2182.296299084762,1594.6101584347696,1888.4532287597656,1853.5440668033496,2116.4558866967477
2025-04-08,1554.93212890625,1617.33984375,1447.610107421875,1472.5531005859375,21315312919,24.785954989680036,-139.45605484552925,-112.6543410697116,2195.527210913293,1522.8596543210822,1859.1934326171875,1817.2592128778817,2091.204797045343
2025-04-09,1472.6014404296875,1687.18798828125,1386.79931640625,1668.0400390625,39252195855,39.37277445927935,-134.35469599313183,-116.99441205439567,2184.9498184490117,1502.0310653400509,1843.4904418945312,1803.0478629907025,2074.6101006538593
2025-04-10,1668.2017822265625,1669.3941650390625,1474.9141845703125,1522.518798828125,21379604307,34.07502758306053,-140.43532920732196,-121.68259548498094,2186.2348781138417,1456.5131321400643,1821.374005126953,1776.3308092609332,2052.959461366576
2025-04-11,1522.4730224609375,1587.53857421875,1505.001953125,1567.1497802734375,14871838813,36.88017509210234,-140.03864925462744,-125.35380623891024,2174.4078579404977,1427.0513461610649,1800.7296020507813,1756.4088065002193,2033.9081013237078
2025-04-12,1567.15576171875,1666.017578125,1546.819580078125,1643.528564453125,12110995013,41.47008956855845,-132.0390836106369,-126.69086171325557,2149.588043233529,1415.6940978797525,1782.6410705566407,1745.6583072576389,2018.5990998778025
2025-04-13,1643.5010986328125,1648.2867431640625,1564.8388671875,1596.685791015625,13909890792,39.56964375461944,-128.00364420810138,-126.95341821222475,2106.7331868265737,1410.469632997645,1758.6014099121094,1731.470448567923,2002.0534799224229
2025-04-14,1596.8818359375,1689.8575439453125,1596.0865478515625,1622.7698974609375,16518325094,41.18593551152163,-121.30246075226546,-125.8232267202329,2057.0901000737545,1415.6132934809332,1736.3516967773437,1721.1180151291626,1987.1796139435412
2025-04-15,1622.7718505859375,1659.836181640625,1585.2291259765625,1588.6324462890625,13175452875,39.68975885253313,-117.39309704699076,-124.13720078558447,2015.2131421212248,1415.4345629569002,1715.3238525390625,1708.500341906296,1971.5503132512088
2025-04-16,1589.031005859375,1610.7821044921875,1540.0338134765625,1578.1053466796875,15339621551,39.21664388424089,-113.83216081315572,-122.07619279109873,1967.3474838688624,1420.8750136897313,1694.1112487792968,1696.0817709323333,1956.1210988758548
2025-04-17,1578.01416015625,1615.306884765625,1564.1956787109375,1582.54833984375,11312160796,39.54419406192674,-109.3905941004748,-119.53907305297395,1938.672478044667,1418.2545605295518,1678.4635192871094,1685.269063209611,1941.4711867569488
2025-04-18,1582.397216796875,1599.4168701171875,1573.9039306640625,1588.9246826171875,7123507323,40.043549486022705,-104.15546355903507,-116.46235115418618,1919.7894350508545,1413.2980405350831,1666.5437377929688,1676.0934079150945,1927.6458336534288
2025-04-19,1588.9697265625,1629.051513671875,1585.4730224609375,1612.9228515625,7168138700,41.98576518108022,-96.95252485931769,-112.56038589521249,1902.3137004069551,1411.4441975422635,1656.8789489746093,1670.0771644529427,1915.3037559243728
2025-04-20,1612.966064453125,1618.436767578125,1566.6915283203125,1587.5142822265625,7642784469,40.49022354365767,-92.23121916002037,-108.49455254817407,1879.2210153641713,1410.9403127608289,1645.0806640625,1662.214032812335,1902.4492667597528
2025-04-21,1587.4609375,1656.11962890625,1566.1474609375,1579.7344970703125,15403785611,40.02016988311986,-88.10173209571326,-104.4159884576819,1829.6088126889615,1427.9768196352572,1628.7928161621094,1654.3588389321424,1889.793785595461
2025-04-22,1579.815185546875,1773.63916015625,1542.0003662109375,1757.3316650390625,23747917555,53.33752905081594,-69.69507518918226,-97.47180580398198,1821.7078801826287,1432.0795954033088,1626.8937377929688,1664.165774751849,1884.599192632465
2025-04-23,1757.196533203125,1829.7099609375,1746.924072265625,1796.104248046875,22904644756,55.65254995175738,-51.38668979239742,-88.25478260166508,1816.9054530231747,1434.9287266643255,1625.91708984375,1676.7313436370898,1881.1288026487164
2025-04-24,1795.9794921875,1801.69140625,1724.74072265625,1769.8316650390625,15207402759,53.70813056894908,-38.55272848451523,-78.31437177823511,1806.0193638944452,1441.2644617891488,1623.641912841797,1685.5980409134681,1876.7642090169652
2025-04-25,1770.003662109375,1826.696044921875,1740.3319091796875,1786.634521484375,17459399281,54.795926606351934,-26.71788445581319,-67.99507431375073,1801.1453524021053,1444.2045987697697,1622.6749755859375,1695.2205628726022,1873.2297114666676
2025-04-26,1786.532958984375,1839.363037109375,1781.473876953125,1821.881103515625,11926379867,57.07456809914355,-14.329400288886063,-57.2619395087778,1832.742967035329,1437.1222917537334,1634.9326293945312,1707.2834715052709,1871.2160405666268
2025-04-27,1822.175537109375,1856.44384765625,1785.902099609375,1792.864990234375,11321944113,54.63304547199411,-6.774700644483346,-47.164491735918915,1852.8445010760365,1440.783160056776,1646.8138305664063,1715.4340923366142,1868.143450357519
2025-04-28,1792.4461669921875,1827.4822998046875,1747.726806640625,1798.851806640625,17043640437,55.06020548151801,-0.30099105997123843,-37.79179160072938,1862.6314256758906,1463.6261060623906,1663.1287658691406,1723.3786365560436,1865.4261309960723
2025-04-29,1798.9122314453125,1842.0330810546875,1782.28125,1799.1756591796875,14734257744,55.08484203443467,4.800268116879124,-29.273379657207684,1878.2803631623322,1461.0907305876678,1669.685546875,1730.5974006154383,1862.8280732777828
2025-04-30,1799.2091064453125,1816.68994140625,1736.1429443359375,1793.775390625,14810431362,54.54783605513881,8.311486583075975,-21.756406409150955,1886.766004422815,1479.7307485068723,1683.2483764648437,1736.6143520449205,1860.1201249384578
2025-05-01,1794.041015625,1872.9395751953125,1793.151123046875,1839.2215576171875,15861442721,58.23760362643556,14.59305868465185,-14.486513390390396,1904.0334849435742,1489.6704457204885,1696.8519653320313,1746.3864668613269,1859.3005732788001
2025-05-02,1839.1748046875,1869.530029296875,1814.73046875,1842.7078857421875,13570171872,58.51581996978836,19.626327290619656,-7.663945254188386,1922.186641878397,1491.4352209145718,1706.8109313964844,1755.559935326171,1858.6498796499134
2025-05-03,1842.7181396484375,1848.246826171875,1812.815673828125,1833.8397216796875,8344452620,57.46708312937776,22.638677614632797,-1.6034206804241498,1934.6284082188033,1502.7088476405718,1718.6686279296875,1763.0151530741248,1857.676932278532
2025-05-04,1833.647216796875,1849.99853515625,1804.4951171875,1808.59423828125,8918979887,54.4740106356677,22.726905801210478,3.2626446159027758,1942.5326109114774,1513.387079029929,1727.9598449707032,1767.3560183319462,1855.7521207492266
2025-05-05,1808.7049560546875,1832.05078125,1783.3148193359375,1819.697509765625,11389336489,55.570049274128195,23.422765429890433,7.2946687787003075,1947.2736452260535,1531.7525510630092,1739.5130981445313,1772.3409222780108,1854.3382144361442
2025-05-06,1819.7340087890625,1820.796630859375,1753.3154296875,1815.0875244140625,13206516310,54.97822812502102,23.333280376681387,10.502391098296524,1947.0429983495324,1555.6814157129675,1751.36220703125,1776.412027243349,1852.7989716901802
2025-05-07,1815.0189208984375,1849.658447265625,1788.6873779296875,1811.606689453125,50540755039,54.506203988447425,22.71959123125248,12.945831124887714,1943.1014505619044,1582.5287984615331,1762.8151245117188,1779.7638998347563,1851.183588073041
2025-05-08,1811.54638671875,2222.20556640625,1809.4569091796875,2206.5146484375,37777245241,77.79694588415671,53.48249713337373,21.05316432658492,2045.8226272260486,1541.56661837942,1793.6946228027343,1820.406828273113,1865.1181394598825
2025-05-09,2206.128173828125,2486.0068359375,2186.054443359375,2345.50732421875,43766026875,81.40524352351383,88.06273661036766,34.45507878334147,2169.653012540998,1490.9946803300954,1830.3238464355468,1870.4163993155546,1883.9569310190539
2025-05-10,2345.760498046875,2597.54345703125,2320.235107421875,2582.422607421875,30265913403,85.67778032867426,133.05117774831433,54.17429857633604,2339.849365086448,1420.289160304177,1880.0692626953125,1938.2265143732996,1911.3477418583802
2025-05-11,2582.71044921875,2603.264404296875,2441.730712890625,2510.23779296875,26496368543,79.67111207059732,161.02394640146144,75.54422814136112,2443.21479366689,1409.974061313579,1926.5944274902345,1992.7037790014379,1934.8336262156497
2025-05-12,2510.289306640625,2620.897216796875,2411.594482421875,2496.397705078125,32121858921,78.53426431918311,180.0008499144874,96.43555249598637,2532.290354638262,1394.8051043461126,1963.5477294921875,2040.6746291039794,1956.8557469553546
2025-05-13,2496.33740234375,2736.89013671875,2418.32568359375,2680.129638671875,33528741590,82.17132799196875,207.47418098870185,118.64327819452947,2653.846774481664,1361.6512235652112,2007.7489990234376,2101.575106205684,1985.2194289834533
2025-05-14,2680.26220703125,2721.949951171875,2549.68505859375,2610.063232421875,26602676588,76.82543759940805,221.04514949711847,139.12365245504728,2738.5779341333846,1360.9432206517713,2049.760577392578,2150.002546797702,2009.7231075496659
2025-05-15,2610.02783203125,2645.07421875,2482.212890625,2546.85693359375,26637688883,72.25851177753665,224.1165437268578,156.1222307094094,2798.990367052807,1376.5530289432868,2087.771697998047,2187.79820268304,2030.787179159238
2025-05-16,2547.058349609375,2645.60791015625,2532.027099609375,2536.297607421875,21298907763,71.49388702462768,223.12653263129732,169.523091093787,2850.07936929312,1396.9056770935986,2123.4925231933594,2220.9886221819766,2050.6111175224787
2025-05-17,2536.297607421875,2537.78173828125,2449.0693359375,2475.75439453125,18830706230,67.10904130283473,214.9784723955663,178.61416735414286,2882.985124259875,1432.288862556531,2157.636993408203,2245.2520290723833,2067.2834028953716
2025-05-18,2475.76953125,2585.697021484375,2344.668212890625,2498.233642578125,25005164865,67.89634251446222,207.93798376566338,184.478930636447,2912.5387716019654,1472.673398808191,2192.606085205078,2269.34551607293,2084.1834122946952
2025-05-19,2498.800048828125,2545.461181640625,2353.427001953125,2529.166748046875,27351331811,68.99612497981181,202.51986594469236,188.08711769809605,2939.002715455353,1519.2085638415215,2229.1056396484373,2294.090395308544,2101.6337391869374
2025-05-20,2529.135009765625,2585.619873046875,2446.44677734375,2524.173095703125,23453322578,68.58763858788438,195.56862910659856,189.58341997979656,2956.1111151578507,1575.139934646837,2265.625524902344,2316.0030334413614,2118.2039100307097
2025-05-21,2524.1591796875,2614.060791015625,2454.537841796875,2552.34716796875,31952904125,69.67837877687327,190.14130539302369,189.69499706244198,2972.4348924580854,1630.1287183817587,2301.281805419922,2338.5119986344457,2135.229135832202
2025-05-22,2552.766845703125,2691.102294921875,2546.434814453125,2664.156982421875,26596978352,73.59665199357332,192.64157764909896,190.2843131797734,2995.6487675495896,1689.0597529582233,2342.3542602539064,2369.5258066142005,2155.9714043259146
2025-05-23,2664.08203125,2731.220703125,2504.87353515625,2526.44189453125,30536501878,62.8275666840005,181.41931582256575,188.51131370833187,2988.8987885506695,1765.0699492422991,2376.9843688964843,2384.4701959396334,2170.4996588437707
2025-05-24,2526.387939453125,2575.13134765625,2516.01806640625,2530.646240234375,11380899856,63.00554168755194,170.8948782559005,184.9880266178456,2966.1765013113145,1859.9974366769666,2413.0869689941405,2398.391723967704,2184.623054192422
2025-05-25,2530.89013671875,2553.869140625,2467.880126953125,2551.763916015625,14556431364,63.93944687076333,162.38631722461423,180.46768473919934,2929.4681612121044,1969.9124174011774,2449.690289306641,2412.998599400839,2199.020735048234
2025-05-26,2551.380859375,2598.566650390625,2530.321533203125,2564.138427734375,14936610009,64.50490582120932,154.85664991869635,175.34547777509877,2864.3098851768186,2109.9757837684942,2487.1428344726564,2427.3928687659377,2213.339075937887
2025-05-27,2564.140869140625,2712.28515625,2512.588623046875,2663.06982421875,26264200536,68.72700923865852,155.08455303197343,171.2932928264737,2742.0032462763256,2317.428736145549,2529.7159912109373,2449.838293094777,2230.97557587047
2025-05-28,2663.01025390625,2688.7421875,2611.160888671875,2682.212890625,19087366068,69.4834212669719,155.02284648894874,168.03920355896872,2713.464503870412,2393.5373027702126,2553.5009033203123,2471.969207145274,2248.671156841236
2025-05-29,2681.84326171875,2784.75244140625,2620.982666015625,2632.65478515625,27567479811,65.09389983210733,149.2545056387703,164.28226397492907,2697.9804893465716,2437.7360633878034,2567.8582763671875,2487.2725955272717,2263.729338343786
2025-05-30,2632.8359375,2648.2607421875,2510.163818359375,2529.943603515625,24599403943,57.04979403356789,134.84075964933572,158.3939631098104,2696.2334859614016,2434.235166382349,2565.234326171875,2491.336501049972,2274.169113448564
2025-05-31,2529.833984375,2550.483642578125,2484.215576171875,2529.08740234375,13992843765,56.986574278532316,121.94299093564769,151.10376867497786,2695.773688028227,2436.579925253023,2566.176806640625,2494.9318249827124,2284.1659090915127
2025-06-01,2529.0966796875,2547.77294921875,2472.540771484375,2536.266357421875,13287852482,57.41271086758232,111.02091795040769,143.08719853006383,2694.431419603805,2441.9090589118205,2568.1702392578127,2498.8684471197757,2294.0522011828994
2025-06-02,2536.184814453125,2615.515625,2477.292724609375,2607.097412109375,16744168824,61.46877459670686,106.84888315983062,135.8395354560172,2680.9910680937833,2448.046187765592,2564.5186279296877,2509.1759675949756,2306.3284839643297
2025-06-03,2607.197509765625,2652.418701171875,2582.25048828125,2593.2802734375,18291179016,60.26303134853276,101.26032195509924,128.9236927558336,2679.0064998005882,2448.3524601603494,2563.679479980469,2517.18590148474,2317.581495316219
2025-06-04,2593.482666015625,2677.970458984375,2585.73779296875,2608.64306640625,18621211035,61.17493554389145,96.95337774998188,122.52962975466326,2683.5000360832596,2450.0375371589275,2566.7687866210936,2525.896107667741,2328.9956745746517
2025-06-05,2608.607177734375,2640.60400390625,2395.753662109375,2416.28564453125,26194462737,46.71835766069215,77.12935786420576,113.44957537657177,2695.105483203671,2426.430893749454,2560.7681884765625,2515.457015940456,2332.418810651381
2025-06-06,2416.455078125,2530.391845703125,2387.608642578125,2477.19482421875,19407449565,50.69182285902729,65.57760325225354,103.87518095170813,2694.9870069251506,2426.6934129967244,2560.8402099609375,2511.812997681246,2338.0963013795135
2025-06-07,2477.183349609375,2543.048828125,2459.13720703125,2526.50537109375,11664303387,53.70202433824951,59.71336502206577,95.04281776577966,2694.2006032476365,2430.3069895258013,2562.253796386719,2513.2122713395797,2345.4848923486993
2025-06-08,2526.193359375,2547.467041015625,2493.920166015625,2510.787109375,12097170203,52.59970032758878,53.184503764188776,86.6711549654615,2694.502287794816,2428.1673411114343,2561.334814453125,2512.981303533429,2351.9673322320837
2025-06-09,2510.838134765625,2693.806640625,2479.867919921875,2681.51708984375,20605172560,61.777313980187195,61.082693485419895,81.55346266945318,2711.409731135605,2426.994297184707,2569.202014160156,2529.0323308010784,2364.8908521384237
2025-06-10,2681.285400390625,2824.80810546875,2658.67724609375,2813.517578125,35555755055,67.08381875591547,77.10458827536786,80.66368779063612,2761.1782899242635,2403.342779411674,2582.260534667969,2556.126163879547,2382.484057079074
2025-06-11,2813.73974609375,2877.62939453125,2746.4599609375,2773.529296875,30705408054,64.17705956050722,85.58872172019483,81.64869457654787,2783.1146107268687,2392.343690054381,2587.729150390625,2576.831224164828,2397.8191645220513
2025-06-12,2773.597900390625,2784.2626953125,2619.966552734375,2651.795166015625,25924959613,56.19438369233052,81.54947997200134,81.62885165563856,2789.1465138688845,2398.8471140608026,2593.9968139648436,2583.970647198237,2407.779007717878
2025-06-13,2651.91552734375,2651.91552734375,2443.962646484375,2579.486083984375,37986747138,52.052698355528946,71.68724721554463,79.64053076761977,2789.461398282868,2403.4162140218195,2596.4388061523437,2583.5435459397745,2414.5126185518584
2025-06-14,2579.721435546875,2580.158203125,2491.49072265625,2533.444091796875,14285000473,49.54854437373279,59.47061251999594,75.60654711809501,2789.6090044366733,2401.436625446139,2595.522814941406,2578.7721693547364,2419.1765978948
2025-06-15,2533.183349609375,2558.677734375,2493.20458984375,2546.837158203125,13961893828,50.29758584801415,50.289840064209784,70.54320570731797,2789.485734563065,2399.829768366623,2594.657751464844,2575.73073972125,2424.18289437748
2025-06-16,2547.226806640625,2680.087646484375,2517.145263671875,2540.60498046875,22792449577,49.926132242252535,42.02666980164395,64.83989852618316,2782.0024925919824,2395.066525962705,2588.5345092773437,2572.38542931625,2428.748466381059
2025-06-17,2540.314453125,2617.9013671875,2456.64892578125,2510.761474609375,25653232897,48.094462355740895,32.69306106809836,58.410531034566205,2771.132881040689,2388.790995912436,2579.9619384765624,2566.5164812489284,2431.96466278217
2025-06-18,2510.81689453125,2546.62744140625,2469.05029296875,2524.301513671875,19873957905,49.00851602032077,26.087951232635078,51.94601507417998,2765.5689849656897,2383.5195648389977,2574.5442749023437,2562.496008146352,2435.585715758237
2025-06-19,2524.404052734375,2546.76953125,2486.101806640625,2521.653564453125,12782730709,48.827425280662084,20.40447662349561,45.63770738404311,2765.597434331129,2382.662111567309,2574.129772949219,2558.60625160414,2438.9609255109776
2025-06-20,2521.5263671875,2569.0146484375,2371.474365234375,2407.30419921875,22592586688,41.6671843789227,6.597195567741437,37.82960502078277,2772.8227871349527,2363.2584384509846,2568.0406127929687,2544.196532329341,2437.7194852642233
2025-06-21,2407.34765625,2448.41162109375,2222.8125,2300.49560546875,16108791762,36.31096105744353,-12.816000151926346,27.700483986240947,2793.333493666289,2319.170656724336,2556.2520751953125,2520.98692024738,2432.338156644793
2025-06-22,2298.8427734375,2313.85302734375,2116.681396484375,2228.213134765625,28458151601,33.20052715932525,-33.645840613431574,15.431219066306443,2814.44842173078,2260.16730092547,2537.307861328125,2493.103702582451,2424.333253826002
2025-06-23,2228.484619140625,2434.23974609375,2191.418212890625,2421.824951171875,26247439429,46.436007982723076,-34.13727054244919,5.517521144555318,2809.173201263808,2248.296989165879,2528.7350952148436,2486.315250067158,2424.234889016036
2025-06-24,2421.83056640625,2481.222900390625,2379.5693359375,2448.0087890625,19539047009,47.93835648883082,-32.04452606202949,-1.9948882967616433,2800.706222642548,2240.700540052765,2520.7033813476564,2482.667015685762,2425.16719882178
2025-06-25,2448.7373046875,2468.677978515625,2394.607421875,2419.310302734375,17158118625,46.40216153142375,-32.32906959714046,-8.061724556837408,2800.6231626137755,2241.0860659018495,2520.8546142578125,2476.6330430237253,2424.937516622274
2025-06-26,2419.15478515625,2519.619873046875,2399.533935546875,2416.146728515625,18300413888,46.22630597131188,-32.43594501563621,-12.936568648597168,2800.8888853027793,2234.715533642533,2517.802209472656,2470.872441642002,2424.592779833778
2025-06-27,2416.023193359375,2463.15478515625,2386.324951171875,2423.866943359375,15309834970,46.75660360115056,-31.534181324464498,-16.656091183770634,2798.7976688135795,2226.5429073582955,2512.6702880859375,2466.395727519847,2424.564315658311
2025-06-28,2423.92529296875,2448.191650390625,2407.76171875,2437.109375,8273074809,47.70917673897235,-29.411931107063992,-19.207259168429307,2797.106133535305,2220.86666919907,2508.9864013671877,2463.606551089385,2425.0562787697495
2025-06-29,2437.11474609375,2523.320556640625,2417.625244140625,2500.9599609375,12500580479,52.154051962787705,-22.32052671827978,-19.829912678399403,2776.394202895533,2223.5228869482166,2499.958544921875,2467.164018693967,2428.03289375672
2025-06-30,2500.60546875,2521.720458984375,2438.054931640625,2486.46435546875,16859727663,51.092245794400235,-17.666562727784367,-19.397242688276396,2717.337097870105,2249.8746697080196,2483.6058837890623,2469.002146005851,2430.3243236277804
2025-07-01,2486.428466796875,2500.591796875,2389.81591796875,2405.792724609375,15025451796,45.536002538610894,-20.2543100661469,-19.5686561638505,2657.0147935769764,2273.423316774586,2465.2190551757812,2462.9822011109486,2429.3623001368624
2025-07-02,2405.857421875,2616.78369140625,2378.3935546875,2571.33544921875,22792512025,56.08895489572065,-8.845241657948463,-17.423973262670092,2639.4082318804694,2282.9839067914054,2461.1960693359374,2473.3015580735964,2434.929874610662
2025-07-03,2570.796630859375,2635.192138671875,2558.58251953125,2591.00732421875,20873559425,57.15143566832214,1.7635540083938395,-13.586467808457307,2641.660856048695,2281.8834066466175,2461.7721313476563,2484.5116310398016,2441.0505589090185
2025-07-04,2590.845703125,2601.11962890625,2475.7548828125,2508.518310546875,17222740209,51.52188084659892,3.4748708442857605,-10.174200077908694,2638.66065148475,2282.3910330855624,2460.525842285156,2486.797981469047,2443.696353090895
2025-07-05,2508.095947265625,2529.84228515625,2489.00244140625,2517.280029296875,9289382302,52.06201859746077,5.474987002386115,-7.044362661849733,2634.640074125312,2283.455897554376,2459.047985839844,2489.701033643126,2446.5819874519143
2025-07-06,2517.280029296875,2603.064697265625,2505.370849609375,2571.236572265625,13190436110,55.36052505817212,11.283862212053009,-3.378717687069185,2639.6664792339307,2281.4926516254445,2460.5795654296876,2497.466323035745,2451.470402542648
2025-07-07,2571.395263671875,2589.324951171875,2517.903564453125,2543.01318359375,18440266947,53.29480165251884,13.454945833128477,-0.011984983029652785,2643.7454787347297,2280.638823023083,2462.1921508789064,2501.804119279365,2455.060315525044
2025-07-08,2542.97265625,2626.66455078125,2525.437744140625,2615.505859375,17537487206,57.6644531480647,20.785496073408012,4.147511228257881,2659.133163899067,2274.371572429058,2466.7523681640623,2512.63285643133,2461.352297636807
2025-07-09,2615.505859375,2794.5185546875,2591.947021484375,2770.777587890625,27229452849,65.17904217521374,38.67828162959313,11.05366530852493,2714.1165307610963,2244.300607910779,2479.2085693359377,2537.2180689512625,2473.4866227448
2025-07-10,2770.7373046875,2995.152099609375,2757.2666015625,2954.84521484375,33929201261,71.6119258720337,66.93952509432302,22.23083726568455,2820.536080854908,2192.6351593794666,2506.5856201171873,2576.9920828457853,2492.3634302780924
2025-07-11,2954.832763671875,3038.14111328125,2916.95654296875,2957.88623046875,36226558863,71.70492988384241,88.56126951005854,35.496923714559344,2897.159604824973,2181.7506979094023,2539.4551513671877,2613.2677159527343,2510.6192263640005
2025-07-12,2958.333740234375,2979.780029296875,2907.193603515625,2942.91162109375,16317198254,70.4804380844497,103.29758168609033,49.05705530886554,2944.5822064691256,2205.7979448980623,2575.190075683594,2644.662373585212,2527.5718692945793
2025-07-13,2942.853515625,3016.3935546875,2938.736572265625,2973.35888671875,17361753131,71.54446141955663,116.09478669795499,62.464601586683436,3004.852951079525,2200.6805938423495,2602.7667724609373,2675.966803407454,2545.053713115135
2025-07-14,2973.22509765625,3079.985595703125,2965.32373046875,3013.350830078125,36349290556,72.92490944024658,127.98830990460283,75.56934325026732,3065.4958661139945,2196.571882909443,2631.0338745117188,2708.0986154713273,2563.418305937213
2025-07-15,3013.29345703125,3142.42724609375,2934.371337890625,3139.8896484375,39013656112,76.76568607314243,145.94230579141777,89.64393575849742,3144.940254691828,2189.185428901922,2667.062841796875,2749.221570991915,2586.02502525095
2025-07-16,3139.8896484375,3422.60302734375,3102.477783203125,3371.5068359375,46771354461,81.84291688428081,176.82225136323723,107.07959887944538,3271.5863357039652,2158.0753586319724,2714.830847167969,2808.486834320066,2616.828233513168
2025-07-17,3371.5068359375,3521.685302734375,3315.9990234375,3476.784423828125,47532846793,83.59743788375054,207.39908466162706,127.14349603588172,3402.070781276546,2132.882661106267,2767.4767211914063,2872.134223797024,2650.552005682382
2025-07-18,3476.1240234375,3674.855224609375,3463.38623046875,3549.016357421875,59198465810,84.69051562586914,234.7538623226974,148.66556929324486,3526.8536546866117,2119.290485938388,2823.0720703125,2936.5991889041525,2685.7859018290287
2025-07-19,3548.926025390625,3608.275634765625,3512.97314453125,3595.273681640625,26031719746,85.36321496980248,257.2004534498442,170.37254612456474,3643.5523834341593,2112.0231292611534,2877.7877563476563,2999.3300929742927,2721.452089272621
2025-07-20,3595.240478515625,3819.398681640625,3582.349609375,3759.471435546875,44600451066,87.46818452967169,284.9541510439781,193.28886710844742,3778.5488317278428,2104.3273889752822,2941.4381103515625,3071.724506552634,2762.1587303029837
2025-07-21,3758.920654296875,3856.76708984375,3705.353759765625,3763.371337890625,42611467663,87.51411392173652,303.7622635791231,215.38354640258257,3882.9170308891967,2135.717051142053,3009.317041015625,3137.5956333467284,2801.4219698162246
2025-07-22,3762.882080078125,3798.100341796875,3624.140380859375,3749.1455078125,45248868820,86.27201773268763,313.90146201405423,235.08712952487693,3975.6326964083974,2160.7823914822275,3068.2075439453124,3195.838478533945,2838.5875987572554
2025-07-23,3749.238525390625,3765.0263671875,3532.8564453125,3629.70361328125,41283228953,76.45966263134918,308.7399254746665,249.81768871483487,4031.4583786806866,2208.8263381161883,3120.1423583984374,3237.158967557498,2869.611756189569
2025-07-24,3629.731689453125,3771.381591796875,3514.999267578125,3708.005615234375,40377960354,78.20940182223183,307.4238964275364,261.3389302573752,4079.756530506618,2280.4769167590066,3180.1167236328124,3282.0015054314863,2902.4899467403457
2025-07-25,3708.005615234375,3744.820068359375,3579.962890625,3727.266845703125,42264509577,78.63018393137999,304.42592172512605,269.9563285509254,4114.956517590137,2366.275611316113,3240.616064453125,3324.4077283144998,2934.834138856533
2025-07-26,3727.2373046875,3789.789794921875,3702.774169921875,3741.39599609375,24635287361,78.95127673743842,299.7349515851665,275.9120531577736,4140.8623765952,2457.3856946938636,3299.1240356445314,3364.1208966744284,2966.464015610934
2025-07-27,3741.25732421875,3876.93359375,3733.681640625,3875.24658203125,28897450394,81.7490034337801,303.3214467743983,281.3939318810985,4165.335288376894,2566.136122755918,3365.735705566406,3412.799533375078,3002.1025476274167
2025-07-28,3875.255859375,3940.652099609375,3756.515869140625,3787.42578125,35831336149,74.73057830501635,295.6690763130482,284.2489607674885,4161.790421089341,2686.872982230972,3424.3317016601563,3448.47822364888,3032.899537181244
2025-07-29,3788.319580078125,3883.997802734375,3716.88330078125,3793.454833984375,35540435995,74.88996092653585,286.78513128296026,284.7561948705829,4162.195564275698,2788.7355636539887,3475.4655639648436,3481.333138918927,3062.725235095092
2025-07-30,3793.58251953125,3832.884033203125,3683.14453125,3808.20166015625,34392494235,75.30032660923865,277.7329538596168,283.3515466683897,4174.0133245302995,2862.2534479306382,3518.1333862304687,3512.4634742748626,3091.9596047053337
2025-07-31,3808.24609375,3877.47021484375,3685.004150390625,3696.707763671875,32839839444,66.45725285169576,258.5816441490174,278.39756616451524,4159.2819758316255,2950.866949949625,3555.074462890625,3530.0105494555305,3115.675218782453
2025-08-01,3696.144287109375,3722.585693359375,3432.3798828125,3488.365966796875,46261558200,53.75371071134728,224.01039896522525,267.52013272465723,4115.243451352175,3049.450908999388,3582.3471801757814,3526.0443987261347,3130.2905422339995
2025-08-02,3487.956787109375,3535.558837890625,3370.943115234375,3392.7412109375,30165065282,49.11326328859396,186.74365484708824,251.36483714914345,4063.3362445857233,3143.2963481877146,3603.316296386719,3513.348857031979,3140.5827253204116
2025-08-03,3392.744384765625,3520.831298828125,3357.93896484375,3497.379150390625,19363593865,53.81202922706071,163.76511653600937,233.84489302651667,3999.3231035587705,3255.7123212459173,3627.517712402344,3511.8279325899452,3154.5747419898316
2025-08-04,3497.613037109375,3734.9775390625,3491.554931640625,3718.986083984375,30905749658,61.847037455224985,161.57376507998242,219.39066743720986,3950.430688162719,3362.514380196656,3656.4725341796875,3531.5572803417954,3176.7085201072646
2025-08-05,3719.81787109375,3720.656494140625,3547.62109375,3611.8994140625,32778742296,56.712807209361294,149.47307143741818,205.40714823725153,3931.409407089575,3405.5749190823003,3668.4921630859376,3539.2089121247195,3193.7748296741365
2025-08-06,3612.038818359375,3698.124755859375,3567.095947265625,3683.920654296875,26924415763,59.16790058960548,144.0343583009726,193.13259024999576,3925.803872185425,3431.894077033325,3678.848974609375,3552.990982807782,3212.9962345613026
2025-08-07,3684.06201171875,3926.204345703125,3650.365966796875,3914.325927734375,38627826066,65.84231958012134,156.51174892924473,185.80842198584557,3957.3197403741533,3436.909165875847,3697.114453125,3587.403834705553,3240.499359783776
2025-08-08,3914.110595703125,4068.84765625,3882.443115234375,4009.848876953125,45460293892,68.16563382285702,172.12393697819925,183.07152498431634,4008.195052875051,3427.4913729061996,3717.843212890625,3627.636695871988,3270.669929084535
2025-08-09,4009.150634765625,4323.76123046875,4007.709228515625,4263.59912109375,45279715746,73.35104497412283,202.636366612066,186.98449330986628,4122.482490733166,3363.6167036027714,3743.049597167969,3688.2045458931084,3309.608328771171
2025-08-10,4263.552734375,4332.21044921875,4163.9404296875,4254.2177734375,36173931367,72.87840624971552,223.4845003684477,194.28449472158258,4210.711884533043,3324.4719533575817,3767.5919189453125,3742.110567564003,3346.6518364051444
2025-08-11,4254.2314453125,4362.0927734375,4168.875,4226.966796875,49989853803,71.43842645150585,235.09780930799525,202.44715763886512,4279.649702700445,3303.31626409643,3791.4829833984377,3788.2873513079076,3381.173991717688
2025-08-12,4227.20703125,4634.05517578125,4222.3623046875,4590.9248046875,57237189036,77.75910478330822,270.5510655470084,216.0679392204938,4437.557314217709,3241.530771719791,3839.54404296875,3864.7290135345356,3428.6152000694456
2025-08-13,4590.65771484375,4784.6689453125,4566.23876953125,4756.27587890625,62550014642,79.93194263064535,308.4350293124371,234.54135723888248,4612.607229209488,3171.3078830952,3891.957556152344,3949.638238808032,3480.6803247297125
2025-08-14,4756.04345703125,4788.5517578125,4461.28173828125,4548.16650390625,75681632806,70.58524321101146,317.99995073193304,251.2330759374926,4705.781408383727,3160.2236697412736,3933.0025390625,4006.640930722148,3522.542527834675
2025-08-15,4549.07568359375,4667.72998046875,4375.54541015625,4439.98876953125,55445715824,66.24867647008307,313.24034111636,263.6345289732661,4766.952563028785,3168.9117924399643,3967.932177734375,4047.912153465872,3558.5208118227765
2025-08-16,4439.998046875,4493.1494140625,4379.16455078125,4426.18017578125,26816931514,65.6938551739315,304.8400715045427,271.8756374795214,4818.666973465467,3172.290741378283,3995.478857421875,4083.93767940067,3592.546669232913
2025-08-17,4426.259765625,4575.87646484375,4400.71337890625,4473.271484375,31348101438,66.7175424210879,298.54127438590194,277.2087648607975,4873.355500050774,3186.1867851054762,4029.771142578125,4121.017089398225,3627.0848972777003
2025-08-18,4473.33056640625,4484.009765625,4229.3798828125,4312.5048828125,53518423360,60.12175320159406,277.3794534488079,277.2429025783996,4900.632425062453,3210.8148649766094,4055.7236450195314,4139.254022104346,3653.964112396712
2025-08-19,4312.5302734375,4355.0751953125,4070.535400390625,4073.464111328125,50440367102,51.9050569306633,238.5698803061914,269.50829812395796,4905.824915052393,3232.1486201038565,4068.986767578125,4132.988316316135,3670.4150927469636
2025-08-20,4073.168212890625,4376.78955078125,4064.965087890625,4334.50048828125,49577862965,58.56468501889866,226.26818919292418,260.8602763377512,4926.51590781398,3275.236899803207,4100.876403808594,4152.179951741384,3696.45765727772
2025-08-21,4334.5673828125,4338.826171875,4205.77685546875,4223.2099609375,33618359942,55.06394594360996,205.17368042213957,249.7229571546289,4912.321192859029,3362.9160141722214,4137.618603515625,4158.9447145219665,3717.1146103624174
2025-08-22,4223.73095703125,4884.22802734375,4209.47216796875,4831.3486328125,75965521535,66.75750367575532,234.8209686809596,246.74255945989506,4959.807728858248,3459.2902203605026,4209.548974609375,4222.983182930589,3760.810062223205
2025-08-23,4831.08837890625,4831.61083984375,4669.72509765625,4776.09033203125,36503623278,65.0997848401619,250.96480906436864,247.5870093807898,4985.153747048669,3561.815320334143,4273.484533691406,4275.660054273509,3800.624974764697
2025-08-24,4776.70458984375,4953.73291015625,4714.47265625,4779.6474609375,52405003873,65.15976100209906,261.0368788038422,250.2769832654003,5022.102071548726,3630.9331335294,4326.517602539063,4323.658854908174,3839.0180134381403
2025-08-25,4779.76953125,4796.35009765625,4343.947265625,4372.98779296875,63936163545,53.780986054185306,233.51323481528016,246.9242335753763,4973.409892311316,3755.734150657434,4364.572021484375,4328.356849009181,3859.958004792282
2025-08-26,4372.88037109375,4632.0732421875,4316.30078125,4600.4267578125,53829747706,58.17966243228634,227.43128603895366,243.0256440680918,4935.7721557873965,3885.0224975329156,4410.397326660156,4354.268268895212,3888.9959951068
2025-08-27,4600.51025390625,4659.9873046875,4489.2978515625,4503.39306640625,43509902322,55.74225443833429,212.33383755741397,236.88728276595626,4911.421462501377,3968.2799046861214,4439.85068359375,4368.47063056293,3913.0899979028572
2025-08-28,4503.63134765625,4629.03125,4435.109375,4507.177734375,36045274078,55.81999947368913,198.38750428240382,229.18732706924578,4891.100898781045,4038.333354148644,4464.717126464844,4381.680830925984,3936.3875561958826
2025-08-29,4507.63134765625,4513.859375,4272.45947265625,4360.15283203125,46899991962,51.99859682320029,173.47158139527528,218.04417793445168,4888.461694806655,4050.627929216783,4469.544812011719,4379.630545316962,3953.0058023070733
2025-08-30,4360.0888671875,4413.27490234375,4264.1953125,4374.1533203125,25883112278,52.33324275258192,153.09052313981556,205.05344697552445,4884.802414993137,4066.2807637178007,4475.541589355469,4379.108904840346,3969.521391248463
2025-08-31,4374.8935546875,4497.1767578125,4373.5966796875,4390.01904296875,26683044984,52.73537526486445,136.6434779021065,191.37145316084087,4878.340982543804,4089.0474207765087,4483.694201660156,4380.14796561448,3986.011495237494
2025-09-01,4389.6259765625,4490.3466796875,4221.24755859375,4314.47021484375,37530746508,50.548546351875515,116.17373847339331,176.33191022335137,4868.054420432185,4071.688523903753,4469.871472167969,4373.892941731554,3998.8922293397
2025-09-02,4314.39111328125,4414.93408203125,4260.45947265625,4325.36572265625,39884692334,50.864998586633035,99.6814334077535,161.0018148602318,4827.433263615937,4069.2186650950002,4448.325964355468,4369.27130181962,4011.6951114305452
2025-09-03,4324.6962890625,4489.19873046875,4286.2060546875,4450.38916015625,35260873497,54.46577147461615,95.59752065367411,147.92095601892026,4819.63392097903,4067.240273356908,4443.437097167969,4376.996812137394,4028.898799615867
2025-09-04,4450.2158203125,4483.451171875,4268.5888671875,4298.744140625,34919798552,49.707511388195954,79.21140487913908,134.17904579096404,4818.106625254119,4054.643106191194,4436.374865722656,4369.544176755261,4039.4809698515196
2025-09-05,4298.8369140625,4484.361328125,4258.0498046875,4306.98876953125,44163736676,49.9634521750323,66.12827710666443,120.56889205410413,4816.513836890967,4044.3167539293463,4430.415295410156,4363.586518924402,4049.9714717997444
2025-09-06,4306.97314453125,4327.43994140625,4244.7548828125,4274.2421875,18108246446,48.89902459704878,52.51210177124449,106.95753399753221,4812.131023174364,4028.7966379584495,4420.463830566407,4355.077534979221,4058.7664018272058
2025-09-07,4274.1669921875,4334.2744140625,4271.5341796875,4305.34765625,17426783536,49.98892135053411,43.72707755664214,94.31144270935421,4812.201336069565,4028.0106024069983,4420.105969238281,4350.341356052629,4068.4362549418256
2025-09-08,4305.38134765625,4381.27490234375,4279.97216796875,4308.072265625,32277142378,50.089337066003665,36.563257309513574,82.76180562938609,4793.090949116339,4070.5818047899115,4431.836376953125,4346.315728392855,4077.833745556852
2025-09-09,4308.283203125,4381.2265625,4277.85302734375,4309.04150390625,30703320925,50.12769947426437,30.61122048523066,72.33168860055501,4793.437919795433,4067.6889356733172,4430.563427734375,4342.765802251273,4086.900716472515
2025-09-10,4309.091796875,4450.41796875,4286.0625,4349.14599609375,39521365146,51.779256496948285,28.7983167035527,63.62501422115455,4788.790352469803,4084.930106514572,4436.8602294921875,4343.37343976008,4097.184845085112
2025-09-11,4349.2001953125,4471.69873046875,4339.716796875,4461.2333984375,35959212991,56.149971759989604,35.99120974870766,58.09825332666517,4717.980213664908,4118.7287218819665,4418.354467773437,4354.598197729358,4111.4612589420685
2025-09-12,4461.4794921875,4734.27392578125,4453.28466796875,4715.24609375,43839753626,64.09292405620032,61.47963201985567,58.77452906530328,4700.533731775148,4130.090779943602,4415.312255859375,4388.94561639799,4135.139095601203
2025-09-13,4714.70361328125,4763.361328125,4609.12548828125,4668.1796875,34843845977,61.85707859837772,76.99398592722355,62.41842043768733,4668.073278016165,4151.404456358834,4409.7388671875,4415.539337455325,4156.042648224685
2025-09-14,4668.17138671875,4690.64208984375,4581.84716796875,4609.59765625,28394160275,59.09387895031211,83.59847169878321,66.65443068990652,4694.098588093862,4149.040132609263,4421.569360351563,4434.0210821024375,4173.8291191276385
2025-09-15,4609.72314453125,4670.5302734375,4469.861328125,4526.8203125,40224062009,55.332598887507515,81.21691635799561,69.56692782352434,4682.109740783987,4153.668335387888,4417.8890380859375,4442.859104045063,4187.671911024594
2025-09-16,4526.078125,4537.599609375,4428.330078125,4503.564453125,32761501436,54.28716652936364,76.57030824788671,70.96760390839681,4682.1299972258175,4153.665217617933,4417.897607421875,4448.6405658622,4200.059853852061
2025-09-17,4503.6357421875,4617.23486328125,4429.64453125,4592.7333984375,44120899417,57.59538310888919,79.17039943158488,72.60816301303443,4695.120233451212,4149.2305477987875,4422.175390625,4462.363692774133,4215.458816384823
2025-09-18,4592.44287109375,4643.97265625,4556.27001953125,4589.9189453125,33497259158,57.4540507786254,80.0807663554906,74.10268368152566,4714.834628883018,4152.492763695107,4433.6636962890625,4474.511812063501,4230.143527323164
2025-09-19,4589.505859375,4620.79296875,4443.2646484375,4470.9169921875,30352619653,51.67951555341402,70.38838217073953,73.35982337936844,4718.689544866019,4158.314214899606,4438.501879882812,4474.169448265786,4239.585623984511
2025-09-20,4470.978515625,4509.81201171875,4459.1591796875,4482.265625,18056494322,52.17319144742347,62.89779111450025,71.2674169263948,4722.97829797576,4163.25011999299,4443.114208984375,4474.940512716664,4249.102486769431
2025-09-21,4482.583984375,4499.38916015625,4447.119140625,4451.3291015625,19330306133,50.65391669924763,53.844439658165356,67.78282147274892,4723.19129388037,4176.723012760255,4449.9571533203125,4472.691806892458,4257.032942251512
2025-09-22,4451.58056640625,4457.08251953125,4092.396728515625,4202.87744140625,58221334533,40.46320951417635,26.318240531385527,59.48990528447625,4733.803861028133,4153.8616174874915,4443.832739257812,4446.995200655676,4254.909197120326
2025-09-23,4203.021484375,4227.7314453125,4120.8154296875,4165.50390625,32460075911,39.18609386799067,1.4708425075541527,47.886092729091835,4745.070202339826,4114.106750785173,4429.5884765625,4420.186505950373,4251.4031072822745
2025-09-24,4165.41259765625,4206.90185546875,4081.34765625,4153.46923828125,33538388785,38.761837015712224,-18.973284357713965,34.514217311730675,4756.619832819088,4088.0296300715386,4422.324731445313,4394.784861410457,4247.562563399882
2025-09-25,4153.52099609375,4162.0625,3829.0107421875,3868.333984375,68963092031,30.371723821566107,-57.52037512663901,16.10729882405674,4814.564657176326,3986.2193271986744,4400.3919921875,4344.646682645175,4232.690854418514
2025-09-26,3868.69091796875,4069.168701171875,3868.43359375,4035.887939453125,47873508328,38.76024430085196,-73.69945694646867,-1.8540523300483418,4830.698092344204,3946.2504672261075,4388.474279785156,4315.241088055456,4224.973093047322
2025-09-27,4035.91455078125,4038.45166015625,3975.758056640625,4018.658203125,20382555776,38.24992853596419,-86.90994780075653,-18.865231424189982,4845.345065736422,3902.93454852139,4374.139807128906,4286.995099014461,4216.882313050369
2025-09-28,4018.65966796875,4143.00390625,3969.79296875,4141.4765625,24631307054,43.91811851915094,-86.47214475581677,-32.38661409051534,4847.701675815899,3883.9183681294144,4365.810021972657,4273.136190774989,4213.925224793492
2025-09-29,4141.3564453125,4234.78271484375,4087.92724609375,4217.341796875,38560429932,47.14551957789282,-79.09177159660976,-41.72764559173422,4847.119252120429,3875.330821121758,4361.225036621094,4267.82243897499,4214.059208012374
2025-09-30,4217.05517578125,4238.67138671875,4095.443603515625,4145.95751953125,37679153330,44.54775024916265,-78.10256948964798,-49.002630371316975,4846.427802234237,3855.7034233517006,4351.065612792969,4256.216256170825,4211.388553562134
2025-10-01,4146.03369140625,4351.1123046875,4125.5419921875,4351.1123046875,46161664723,52.62674223140881,-60.07187193481059,-51.2164786840157,4838.206393791643,3852.9127224192944,4345.559558105469,4265.253975077175,4216.867916351364
2025-10-02,4352.24072265625,4517.6650390625,4336.5263671875,4487.923828125,48074066058,57.1139835452358,-34.346937542874,-47.84257045578737,4800.72487378728,3867.6620158611586,4334.193444824219,4286.460627748396,4227.4975599503305
2025-10-03,4486.9345703125,4591.44384765625,4431.47900390625,4514.87060546875,49603450230,57.958662238543525,-11.651055851766614,-40.604267534983215,4774.627420442919,3878.4285610023926,4326.527990722656,4308.213958959858,4238.767091147131
2025-10-04,4514.9091796875,4519.52685546875,4444.0126953125,4489.197265625,21832270764,56.81060001507101,4.215377689079105,-31.640338490170755,4755.642618132733,3885.3733242500784,4320.507971191406,4325.450464356539,4248.587882303126
2025-10-05,4489.05322265625,4616.533203125,4472.138671875,4515.4228515625,44880806324,57.73166387098347,18.690375179751754,-21.574195756186253,4753.963515277926,3885.912681011136,4319.938098144531,4343.543072661869,4259.0519987446705
2025-10-06,4515.30078125,4736.208984375,4492.8701171875,4687.771484375,44992456374,63.2746727017059,43.566798336350985,-8.545996937678805,4786.758246292885,3871.538653121178,4329.148449707031,4376.326730920262,4275.864527592919
2025-10-07,4687.7099609375,4755.22021484375,4443.5712890625,4451.15185546875,54879425294,52.998693998553414,43.68474581596365,1.9001516130496876,4766.707010316906,3877.4317348002805,4322.069372558593,4383.452933258213,4282.738540450795
2025-10-08,4451.10791015625,4556.2216796875,4417.76806640625,4527.64794921875,40456628235,55.513994472689966,49.381575441689165,11.396436378777583,4756.511897004145,3881.399748503668,4318.955822753906,4397.185791921122,4292.342830990715
2025-10-09,4526.9609375,4531.716796875,4273.5595703125,4369.1435546875,47903074596,49.59187447089162,40.637925294773595,17.244734161976787,4746.319516574602,3881.4147851832113,4313.867150878907,4394.515102660776,4295.354624076863
2025-10-10,4369.0654296875,4395.57080078125,3460.222412109375,3843.0087890625,97736621123,35.90121775084039,-8.646487608590178,12.066489807863395,4754.576125021466,3809.232493142596,4281.904309082031,4341.990691841893,4277.615571723359
2025-10-11,3840.96044921875,3882.241455078125,3652.7900390625,3750.611572265625,62475475938,34.119795979108616,-54.53181429891265,-1.253171013491814,4768.0524137934835,3725.684451440892,4246.868432617188,4285.668870929867,4256.948748215213
2025-10-12,3750.946044921875,4195.3974609375,3701.478271484375,4164.427734375,61216174681,46.84193133996225,-56.8494355056946,-12.372423911932373,4767.0959293559845,3722.795965175266,4244.945947265625,4274.12209601988,4253.320473162656
2025-10-13,4164.04931640625,4292.845703125,4061.224609375,4245.4677734375,50253782420,48.922175652846846,-51.55264632077251,-20.2084683937004,4769.755732268702,3728.132548981298,4248.944140625,4271.393112916796,4253.012524153826
2025-10-14,4245.37255859375,4265.10546875,3895.9736328125,4125.412109375,67094148347,46.04731276659902,-56.392335729927254,-27.445241860945774,4769.585391430507,3725.4971769288686,4247.541284179688,4257.490160198529,4248.008586319363
2025-10-15,4125.361328125,4213.85595703125,3935.161376953125,3987.45947265625,50462889453,42.92582217337091,-70.54623622201598,-36.06544073315982,4759.805674781789,3747.189442405711,4253.49755859375,4231.7729518611695,4237.790974018849
2025-10-16,3987.14892578125,4079.648193359375,3829.654052734375,3894.75439453125,49147390731,40.91841820441209,-88.2268056748253,-46.497713721492914,4769.186536116553,3723.69522657876,4246.440881347657,4199.6759464011775,4224.338559136982
2025-10-17,3894.377685546875,3950.56689453125,3678.620361328125,3832.558837890625,57404271888,39.581070875779076,-106.03513890206386,-58.4051987576071,4783.064593933098,3691.207232238777,4237.135913085937,4164.712412257315,4208.97464849987
2025-10-18,3833.009521484375,3927.24560546875,3822.266357421875,3890.34619140625,23815676385,41.494362727589156,-114.16934170390141,-69.55802734686597,4790.941779592559,3658.21700946994,4224.57939453125,4138.582295985785,4196.479414888356
2025-10-19,3890.58349609375,4029.35546875,3843.77294921875,3984.649658203125,32870655221,44.57871736712538,-111.71843382178486,-77.99010864184976,4789.4034467705615,3636.4861284247518,4212.944787597657,4123.922044768389,4188.1723656065815
2025-10-20,3984.6962890625,4084.15966796875,3911.726318359375,3980.76025390625,40224612563,44.47457713649187,-108.83532817347532,-84.15915254817487,4789.853301167711,3619.5165474651008,4204.684924316406,4110.287588495805,4180.038557304608
2025-10-21,3980.740478515625,4109.533203125,3843.227783203125,3876.76416015625,49960290350,41.671417319974935,-113.63218076327848,-90.0537581911956,4779.447236792198,3582.4877973874895,4180.967517089844,4088.0472619872758,4168.145443690947
2025-10-22,3877.363037109375,3890.63232421875,3718.0771484375,3808.122314453125,46173305673,39.884530188013144,-121.57114776849357,-96.3572361066552,4749.259110796504,3544.6957720159976,4146.97744140625,4061.3877431744995,4154.026889603189
2025-10-23,3808.0849609375,3930.974853515625,3801.241455078125,3856.0263671875,36361652714,41.76141513189491,-122.58430406136404,-101.60264969759697,4703.528072180042,3524.542386804333,4114.035229492188,4041.8295168900236,4142.340594606496
2025-10-24,3856.033203125,4002.561767578125,3849.724853515625,3934.5673828125,34090708715,44.804167655384205,-115.71573519183084,-104.42526679644375,4653.237323645843,3519.3701470572814,4086.3037353515624,4031.614075549307,4134.192625516535
2025-10-25,3934.489990234375,3967.6455078125,3914.640625,3953.470947265625,15245229017,45.54165090746278,-107.50770332694083,-105.04175410254317,4590.218581790399,3526.193698483038,4058.2061401367187,4024.171872855623,4127.105500879245
2025-10-26,3953.437255859375,4177.310546875,3923.192626953125,4157.9892578125,29120786315,52.87745596377584,-83.53689913473272,-100.74078310898109,4477.5155597455,3585.918497871688,4031.7170288085936,4036.9163857086587,4128.316628602117
2025-10-27,4158.0107421875,4250.669921875,4099.56982421875,4120.1220703125,40271333201,51.49434077723004,-66.82511138716518,-93.95764876461791,4417.89528045612,3612.4357986454424,4015.1655395507814,4044.8407366233105,4127.995273375073
2025-10-28,4120.27490234375,4173.50537109375,3940.834228515625,3982.262451171875,39684155177,46.70465849315468,-63.967639192885144,-87.95964685027137,4310.380221304557,3665.412307992318,3987.8962646484374,4038.88089991365,4122.280260739654
2025-10-29,3980.759033203125,4036.35302734375,3849.538818359375,3903.35302734375,35255876156,44.17203245647327,-67.29467183387987,-83.82665184699307,4234.082079589019,3695.1313969734806,3964.60673828125,4025.9734834784217,4113.694879037854
2025-10-30,3903.322509765625,3948.22265625,3681.909423828125,3804.375244140625,39981939289,41.157283829157016,-77.03009410916638,-82.46734029942775,4236.341781467194,3689.0083406031185,3962.6750610351564,4004.8688892557743,4101.564697277178
2025-10-31,3805.082763671875,3900.580322265625,3797.669189453125,3847.080322265625,37800100395,42.965974224625384,-80.37305297459943,-82.04848283446209,4228.536874527286,3706.4601225430265,3967.498498535156,3989.841406685284,4091.584917864961
2025-11-01,3847.17138671875,3906.7802734375,3832.634765625,3874.18798828125,17490279524,44.13971437751236,-79.91381316735806,-81.62154890104128,4199.812118599697,3706.1609038612405,3952.9865112304688,3978.826795408709,4083.0595480773645
2025-11-02,3873.894287109375,3914.87548828125,3839.997314453125,3911.063232421875,20479611654,45.77452978600786,-75.70169625682183,-80.4375783721974,4141.464332217957,3731.068236141418,3936.2662841796873,3972.3731227432963,4076.3145945222477
2025-11-03,3911.747802734375,3912.63330078125,3560.263671875,3602.30810546875,53091469560,36.21706372351117,-96.1689458843507,-83.58385187462807,4145.001726785112,3675.2204411836383,3910.111083984375,3937.128835383816,4057.726104755444
2025-11-04,3602.040771484375,3652.687255859375,3063.0869140625,3292.574462890625,76827517773,29.551244474646893,-135.8166947624718,-94.03042045219681,4234.693722694507,3516.039944297681,3875.366833496094,3875.7427046701787,4027.720158015647
2025-11-05,3292.148193359375,3479.8095703125,3170.513916015625,3425.171142578125,46955882330,35.061497221148386,-154.75446436698257,-106.17522923515396,4263.450794982387,3440.324546814488,3851.8876708984376,3832.8311273280783,4004.090784861234
2025-11-06,3425.361083984375,3454.3359375,3245.28173828125,3312.2578125,36731850433,32.71488745028957,-176.83549577997474,-120.30728254411812,4303.116041284833,3348.629197972979,3825.8726196289062,3783.252716392071,3976.9600800627545
2025-11-07,3312.029296875,3471.804931640625,3195.896728515625,3435.301025390625,42609994022,37.61480826245501,-182.30481684696997,-132.7067894046885,4309.895951714249,3296.3447709420007,3803.120361328125,3750.1144601062188,3955.718548506985
2025-11-08,3435.1474609375,3482.268310546875,3357.713134765625,3400.3759765625,23613870398,36.7957186650263,-187.29839346584004,-143.6251102169188,4303.4712426425185,3244.342111849669,3773.9066772460938,3716.806033102055,3933.9404084307307
2025-11-09,3400.0986328125,3616.43701171875,3359.717529296875,3582.621337890625,28821543888,43.686793403561346,-174.53819369130497,-149.80772691179604,4280.749334685406,3227.250128205219,3753.9997314453126,3704.0265383200144,3920.163189978178
2025-11-10,3583.44482421875,3656.14892578125,3508.98583984375,3568.4599609375,35638045619,43.29180906086571,-163.6815294232856,-152.58248741409395,4268.243948099383,3208.925094869367,3738.584521484375,3691.115435712156,3906.3709064863865
2025-11-11,3568.47265625,3644.5283203125,3404.86181640625,3415.2822265625,39734688531,39.16681944667824,-165.5295857512101,-155.1719070815172,4266.575407278586,3171.309626901102,3718.942517089844,3664.8456062693317,3887.1125268815285
2025-11-12,3415.7958984375,3586.013916015625,3373.711669921875,3413.09423828125,34898956623,39.109495857335034,-165.26565646075323,-157.1906569573644,4256.772453504746,3136.8193677843165,3696.7959106445314,3640.869285508562,3868.5235743874
2025-11-13,3412.994873046875,3561.86083984375,3156.03076171875,3232.757080078125,50283416669,34.61295392411738,-177.56137511878387,-161.2648005896483,4246.35915519006,3077.0516358255654,3661.7053955078127,3602.001456419949,3843.5915550027225
2025-11-14,3232.295166015625,3252.660888671875,3071.970703125,3103.78564453125,47003809463,31.79729764104809,-195.45960111820204,-168.10376069535906,4237.145354055922,3001.296906686265,3619.2211303710938,3554.552331478168,3814.5795585136457
2025-11-15,3104.230224609375,3227.690185546875,3104.230224609375,3166.63134765625,19932940649,34.58955112879575,-202.24163547109947,-174.93133565050715,4164.211192818612,2975.0952769079504,3569.6532348632813,3517.6074758760806,3789.169824754532
2025-11-16,3166.79345703125,3244.837646484375,3007.07275390625,3092.847412109375,30987886524,32.88719282289412,-211.13634515906278,-182.1723375522183,4089.6561421266224,2946.922861779628,3518.289501953125,3477.1541364697277,3761.8630634743295
2025-11-17,3092.941650390625,3218.13037109375,2957.3095703125,3024.538818359375,41026793235,31.348942027206164,-221.14814119482753,-189.96749828074016,4038.5658879007324,2902.2407527242676,3470.4033203125,3434.0479156973133,3732.948387195312
2025-11-18,3024.4140625,3167.9326171875,2948.329345703125,3122.97900390625,41581494270,35.995113538372365,-218.61915586646137,-195.6978297978844,3981.2459157618277,2881.5233225194224,3431.384619140625,3404.4223050505457,3709.028019223192
2025-11-19,3122.64599609375,3122.64599609375,2871.22802734375,3023.07080078125,40229739844,33.515908706131555,-222.11625586285345,-200.98151501087824,3941.620714436164,2843.0180795091487,3392.3193969726562,3368.103114167756,3682.1277361470375
2025-11-20,3022.885498046875,3057.78857421875,2790.597900390625,2831.777587890625,43917885207,29.347896875666663,-237.5847670779358,-208.30216542428977,3901.4573234669897,2781.651197040823,3341.5542602539062,3317.024492617553,3648.780671509531
2025-11-21,2829.2646484375,2880.60302734375,2626.87158203125,2765.69921875,51476486049,28.050242595565834,-252.26766124253209,-217.09526458793823,3843.4839686482537,2728.775674906434,3286.1298217773438,3264.517323677786,3614.1500263032754
2025-11-22,2766.090576171875,2795.4267578125,2704.502197265625,2767.607421875,15408928941,28.1490443231625,-260.7442867775576,-225.82506902586212,3749.787636268656,2708.126426231344,3228.95703125,3217.1925711251397,3580.9522771100096
2025-11-23,2767.594970703125,2856.446533203125,2767.472900390625,2801.676025390625,20358404499,29.997309783169683,-261.6963493889084,-232.9993250984714,3712.0001251027848,2665.850729389403,3188.925427246094,3177.6195667694715,3550.3924241014065
2025-11-24,2801.204345703125,2982.822021484375,2763.3779296875,2952.71337890625,32491657389,37.65422039638337,-247.4114089961122,-235.88174187799956,3702.8524570669388,2641.0122890268112,3171.932373046875,3156.199929830117,3526.9540301721845
2025-11-25,2952.58447265625,2978.704345703125,2857.8359375,2957.936279296875,23336017779,37.90714584509526,-232.98335926693562,-235.3020653557868,3673.6592293338067,2623.4820304318187,3148.5706298828127,3137.3176773983796,3504.639608569231
2025-11-26,2958.32958984375,3043.927001953125,2889.890625,3027.81201171875,21433162961,41.33605550840467,-213.4501181831647,-230.9316759212624,3656.1679006070713,2612.528779080429,3134.34833984375,3126.8885663812716,3485.940487124114
2025-11-27,3027.799072265625,3070.73193359375,2987.19775390625,3014.542236328125,16972780500,40.87443187816115,-196.77237442295882,-224.0998156216017,3617.6773182193815,2608.9434825618687,3113.310400390625,3116.1889159000193,3467.454281210546
2025-11-28,3014.543701171875,3095.033203125,2995.76513671875,3032.304443359375,20659958964,41.81116675147982,-180.0464176462533,-215.28913602653202,3581.725698386031,2608.087949074906,3094.9068237304687,3108.1999185151963,3450.389581686971
2025-11-29,3032.29541015625,3051.962890625,2966.850830078125,2991.685302734375,12775481230,40.24105972390382,-168.13049785514522,-205.85740839225468,3496.0373085601605,2634.6827353851522,3065.3600219726563,3097.1032884408323,3432.4011785907906
2025-11-30,2991.375244140625,3051.597900390625,2978.826171875,2992.112548828125,11530446514,40.266468702873446,-156.84456388192484,-196.05483949018873,3396.8614346044924,2676.2238681298822,3036.5426513671873,3087.104170382479,3415.134957815784
2025-12-01,2991.923095703125,2996.8818359375,2720.4365234375,2800.18896484375,36679598313,33.39695327725072,-161.52504893434434,-189.14888137901988,3333.5212349647672,2678.0547415977326,3005.78798828125,3059.7789127121237,3391.0194286796263
2025-12-02,2800.22314453125,3032.76123046875,2784.390625,2997.939697265625,26593645111,43.998241910890954,-147.57636712769363,-180.83437852875466,3250.8908041748273,2719.16971828611,2985.0302612304686,3053.889463621981,3375.6045372516264
2025-12-03,2997.801513671875,3212.559814453125,2988.14208984375,3191.57177734375,29949301036,52.04692643026723,-119.51969702077895,-168.57144222715954,3241.2832078570004,2724.658784330499,2982.97099609375,3067.0020649288163,3368.387566274847
2025-12-04,3188.343505859375,3238.555419921875,3071.31005859375,3134.31640625,27434991113,49.76917016684698,-100.74330762801628,-155.00581530733092,3246.155141538431,2722.839926820944,2984.4975341796876,3073.4129545784526,3359.208305097402
2025-12-05,3134.357421875,3192.45703125,2989.83154296875,3024.432861328125,28000268228,45.64090556626422,-93.6500282670213,-142.734657899269,3225.5888972082507,2729.186322518312,2977.3876098632813,3068.748183792707,3346.0798563221365
2025-12-06,3024.487548828125,3067.661376953125,3013.98193359375,3040.207763671875,10962819760,46.32918378667017,-85.7669821047225,-131.3411227403597,3218.884706586036,2730.626548296777,2974.7556274414064,3066.030048543104,3334.084872296636
2025-12-07,3040.17919921875,3148.7734375,2930.645263671875,3061.3017578125,20383496376,47.290263660658944,-76.9306930477751,-120.45903680184279,3222.8454965015044,2730.3420523266204,2976.5937744140624,3065.5797351401893,3323.3874952580427
2025-12-08,3061.013671875,3177.86767578125,3043.703857421875,3125.197998046875,25262165670,50.19935537727079,-64.03383552807645,-109.17399654708953,3223.235990065482,2730.173458176706,2976.704724121094,3071.257664940826,3315.615358112507
2025-12-09,3124.942626953125,3395.838623046875,3092.87646484375,3321.114990234375,32012553374,57.87609302225471,-37.57102372955933,-94.8534019835835,3282.0588539069427,2701.1550132805573,2991.60693359375,3095.053600683069,3315.8310299604236
2025-12-10,3321.2041015625,3446.622802734375,3290.14697265625,3325.39013671875,30694387989,58.02813502449654,-16.06885438177369,-79.09649246322154,3332.3169234575216,2700.2581986127907,3016.287561035156,3116.9904136388477,3316.205896892123
2025-12-11,3324.38671875,3327.344482421875,3149.034423828125,3237.056884765625,29066243707,53.714123224280534,-6.085831779264481,-64.49436032643013,3347.388865586123,2732.3220230857523,3039.8554443359376,3128.4253156509217,3313.102014063633
2025-12-12,3237.025634765625,3265.37255859375,3050.267333984375,3084.172607421875,24391003174,47.17687237137928,-10.390917884158625,-53.67367183797583,3335.561185834128,2775.806221392434,3055.683703613281,3124.2107720100603,3304.12439027376
2025-12-13,3084.129638671875,3134.849365234375,3080.07861328125,3116.6953125,9916869400,48.6097076535714,-11.051029750602993,-45.14914342050126,3325.3782308111417,2817.4911051263584,3071.43466796875,3123.495013961483,3296.7742303610635
2025-12-14,3116.743896484375,3128.622802734375,3034.692626953125,3060.5947265625,15619543350,46.277805460409034,-15.917534168037946,-39.3028215700086,3324.6638557813344,2828.9936149217906,3076.8287353515625,3117.5045103996754,3287.5122890356297
2025-12-15,3060.4814453125,3175.1181640625,2899.685791015625,2964.18310546875,28765976892,42.5041253980824,-27.239881657346814,-36.890233587476246,3324.3602819887606,2829.9218713315518,3077.141076660156,3102.9024718348255,3274.832713209478
2025-12-16,2964.379638671875,2978.92138671875,2890.01171875,2964.180908203125,22709189818,42.504040331223685,-35.8004160059736,-36.67227007117572,3325.4525540084855,2822.466488960264,3073.959521484375,3089.690894346092,3262.6502894837386
2025-12-17,2964.01953125,3025.8154296875,2791.333984375,2831.403564453125,26159825528,37.606097842578976,-52.69133027049975,-39.876082111040525,3337.81985379847,2791.7853219827803,3064.802587890625,3065.092101022952,3245.738653208028
2025-12-18,2831.48828125,2994.552734375,2777.11962890625,2827.069091796875,29194181349,37.4543638567321,-65.67025145579191,-45.03491597999081,3347.407788077895,2761.6738525471046,3054.5408203125,3042.423243001421,3229.320239035042
2025-12-19,2827.410400390625,3014.6123046875,2811.3916015625,2977.970703125,27870687989,45.67271822330197,-63.052807589537224,-48.638494301900096,3347.405158179313,2760.3050224847493,3053.855090332031,3036.284905870333,3219.4633944895504
2025-12-20,2977.869140625,2992.31005859375,2967.838623046875,2977.58251953125,7612418215,45.656098850421884,-60.314519404485964,-50.973699322417275,3347.3930988148704,2758.864078919504,3053.1285888671873,3030.694202409468,3209.977869981382
2025-12-21,2977.508544921875,3009.80712890625,2945.394775390625,3001.61376953125,11178096676,46.94322898043367,-55.564769180818985,-51.89191329409762,3333.8547207345046,2792.5449374686204,3063.1998291015625,3027.9246373734472,3201.806728787259
2025-12-22,3001.61279296875,3073.353759765625,2965.175048828125,3006.07373046875,20342034264,47.19320642258617,-50.85445780052896,-51.684422195383895,3333.8726890287294,2793.340372494708,3063.6065307617187,3025.8435986206186,3194.1309249316314
2025-12-23,3006.073974609375,3033.1962890625,2902.3330078125,2963.3740234375,21453213168,45.00686832430665,-49.99074935635008,-51.345687627577135,3318.9611845802765,2785.4321015525356,3052.196643066406,3019.8941152698453,3185.0816346769598
2025-12-24,2962.922607421875,2975.171142578125,2888.988037109375,2945.590576171875,13984770325,44.09073038209849,-50.16298213088794,-51.1091465282393,3310.6433185225283,2774.877384602472,3042.7603515625,3012.8175877367053,3175.6898284610743
2025-12-25,2945.423095703125,2968.705078125,2891.10888671875,2903.57958984375,11828871179,41.91986182891083,-53.077568175508986,-51.50283085769324,3311.699490568057,2761.7358854085055,3036.7176879882813,3002.413968889757,3165.0188387113753
2025-12-26,2903.625,2991.219970703125,2894.15380859375,2925.74560546875,18562196049,43.500527664912156,-52.98797402185846,-51.79985949052629,3310.3994943249386,2751.589665831312,3030.994580078125,2995.1122199925185,3155.635574662645
2025-12-27,2925.7451171875,2957.300537109375,2917.271240234375,2947.998291015625,7378783299,45.1154152213227,-50.538784609739196,-51.54764451436887,3306.73442640568,2743.9243870708824,3025.3294067382812,2990.625179137576,3147.492936088252
2025-12-28,2947.898193359375,2957.138671875,2925.745361328125,2948.568115234375,9227601389,45.15864164000595,-47.998507387811514,-50.8378170890574,3295.784742620432,2737.21108257488,3016.497912597656,2986.6197444801282,3139.6919627214334
2025-12-29,2948.55908203125,3051.94189453125,2908.748046875,2934.538330078125,25957694515,44.23488291174757,-46.580455304601855,-49.986344732166295,3238.6378820794057,2755.700277100282,2997.169079589844,2981.659609775176,3131.6467222256174
2025-12-30,2934.416259765625,3002.8046875,2916.330078125,2971.416748046875,18816704381,47.28726688470203,-41.996746338146295,-48.3884250533623,3165.072349504939,2793.868470807561,2979.47041015625,2980.684099134385,3125.363193826451
2025-12-31,2971.407470703125,3021.849609375,2959.143798828125,2967.03759765625,16451891101,46.95857144103963,-38.27625989885746,-46.365992022461334,3106.484769281998,2825.4541223195642,2965.969445800781,2979.384432326944,3119.154346917816
2026-01-01,2966.997314453125,3006.01025390625,2966.84521484375,3000.394287109375,10268796662,49.81984408055441,-32.26421968493378,-43.54563755495583,3092.0828370443496,2831.4782225259632,2961.7805297851564,2981.385370877652,3114.4970896704262
2026-01-02,3000.453125,3146.984375,2989.9013671875,3124.422607421875,25242778003,58.73364184480594,-17.292251290862623,-38.29496030213719,3094.4342899854582,2829.8994990770416,2962.16689453125,2995.0079648342444,3114.886325660679
2026-01-03,3124.310302734375,3135.025634765625,3077.4658203125,3125.91748046875,11460707919,58.82856995930158,-5.2457647984256255,-31.685121201394878,3110.5373625284788,2820.328701924646,2965.4330322265623,3007.4755377518163,3115.318919966878
2026-01-04,3125.960205078125,3160.551025390625,3119.427490234375,3140.71044921875,13890479323,59.813741808464215,5.432212322981741,-24.261654496519554,3139.167687884528,2809.351110943597,2974.2593994140625,3020.1645769391434,3116.31466621205
2026-01-05,3141.486328125,3261.245849609375,3134.0927734375,3226.13037109375,27211995956,65.01894261053695,20.55036808251134,-15.299249980713377,3186.8729009156737,2787.840844201514,2987.3568725585938,3039.78036685863,3120.621164442705
2026-01-06,3226.116455078125,3303.5634765625,3184.0146484375,3295.94677734375,27853981622,68.59897344746526,37.73028471083262,-4.693343042404178,3239.631415870968,2781.5366505352818,3010.584033203125,3064.177167857212,3127.4966786741184
2026-01-07,3295.91259765625,3296.394287109375,3126.552001953125,3166.843994140625,22665982583,56.98508093731595,40.46156107623892,4.337637781324442,3249.6040393330995,2805.5415173075253,3027.5727783203124,3073.9549608365846,3129.0397106531973
2026-01-08,3166.924072265625,3179.866455078125,3052.509765625,3104.382568359375,22760237888,52.36585352317114,37.157671715289325,10.901644568117419,3257.1729056650042,2810.6138374990583,3033.8933715820312,3076.852828219707,3128.072763896577
2026-01-09,3104.334716796875,3140.709228515625,3058.096923828125,3083.047119140625,18879517395,50.84960517418182,32.44373200233349,15.210062054960634,3261.827237304689,2816.5059658203113,3039.1666015625,3077.442760688366,3126.30705233752
2026-01-10,3083.16650390625,3099.16748046875,3075.135498046875,3082.39599609375,6960662969,50.80126117118806,28.32880381320365,17.83381040660924,3265.928873986164,2820.482551795086,3043.205712890625,3077.914497393641,3124.585050131882
2026-01-11,3082.407470703125,3141.9580078125,3080.747802734375,3118.88525390625,10497219711,53.47098028824364,27.692845840230802,19.80561749333355,3273.317090182585,2824.375487942415,3048.8462890625,3081.8164742043655,3124.361528711269
2026-01-12,3118.828857421875,3166.219970703125,3068.07275390625,3092.3251953125,21152711365,51.28931952690497,24.76024906942348,20.796543808551537,3276.8160478029995,2833.7716475095003,3055.29384765625,3082.817304786093,3123.105201911317
2026-01-13,3092.008544921875,3352.580078125,3088.512939453125,3322.095458984375,27237310134,64.70542599591046,40.509714239117784,24.739177894664785,3319.133763836022,2829.1044197577285,3074.119091796875,3105.6057004240247,3130.9087414043784
2026-01-14,3322.192138671875,3397.897705078125,3280.378662109375,3354.72265625,33926411912,66.13189968771461,54.990129020163295,30.78936811976449,3358.1019054904946,2835.2505847438806,3096.6762451171876,3129.3311247884035,3139.6857576728344
2026-01-15,3354.765869140625,3382.44873046875,3276.820068359375,3317.101318359375,27598686935,62.97152078255191,62.70738283147239,37.17297106210607,3382.343735136753,2850.144326386685,3116.244030761719,3147.2140003665913,3146.6432306409342
2026-01-16,3317.341796875,3325.25048828125,3251.814453125,3295.482177734375,22732887284,61.16266707217211,66.31444644766634,43.00126613921813,3398.8392578376,2868.3971923577124,3133.6182250976562,3161.3347791635233,3152.480052095579
2026-01-17,3295.482666015625,3328.283447265625,3282.661865234375,3308.8642578125,11206492253,61.89236174960382,69.45228961248131,48.29147083387077,3412.8457486456136,2890.4203158075115,3151.6330322265626,3175.385205701521,3158.6127660452626
2026-01-18,3308.90576171875,3367.167724609375,3278.4267578125,3281.15771484375,13557863288,59.40379457705403,68.90902610464445,52.41498188802551,3415.0883513377607,2922.839651591927,3168.964001464844,3185.458778000781,3163.41845031187
2026-01-19,3282.19921875,3282.65478515625,3166.0166015625,3186.62109375,27956112545,51.75693245769966,60.15672137615775,53.963329785651965,3407.6267321451814,2951.8217053548187,3179.72421875,3185.569474738802,3164.328357897679
2026-01-20,3186.62109375,3197.391845703125,2925.54345703125,2935.605712890625,32985301273,37.83152617960999,32.589936903505986,49.688651209222776,3412.570935767916,2943.7343132555216,3178.152624511719,3161.763402181833,3155.3588424072063
2026-01-21,2935.882080078125,3064.390625,2867.264404296875,2978.901123046875,35797876195,40.79060269144031,14.074398461288638,42.56580065963595,3415.0968835633557,2939.0590490538316,3177.0779663085937,3144.3479470261227,3148.438931844056
2026-01-22,2979.307861328125,3034.338134765625,2905.562744140625,2949.63330078125,21993593333,39.42449370662,-2.9272245839893003,33.4671956109109,3426.482768101271,2910.194233851854,3168.3385009765625,3125.8036950028018,3140.6426325866905
2026-01-23,2949.44580078125,3013.9541015625,2892.52099609375,2953.25634765625,22417700837,39.693743774458426,-15.92520785070019,23.588714918588686,3434.814186067448,2884.596702604427,3159.7054443359375,3109.3706143031304,3133.2941508247122
2026-01-24,2953.23828125,2965.46875,2942.444580078125,2948.74072265625,8198666763,39.45833312640003,-26.287549921761638,13.61346195051862,3440.9516729871707,2859.262243028454,3150.1069580078124,3094.07252938438,3126.056761484773
2026-01-25,2948.534423828125,2955.016845703125,2785.896728515625,2815.90234375,22414089670,33.21727261555094,-44.70341453495212,1.9500866534244725,3453.8126353921534,2805.3784778890968,3129.595556640625,3067.580130752534,3113.893843142233
2026-01-26,2815.768798828125,2945.99755859375,2811.074951171875,2926.45703125,29668620102,41.50903289989585,-49.803180519247235,-8.40056678110987,3437.527593547491,2784.714545124384,3111.1210693359376,3054.1398355618167,3106.543379930773
2026-01-27,2926.201171875,3031.03857421875,2898.3115234375,3022.2109375,27976005223,47.57982142581034,-45.592677808718236,-15.838988986631543,3431.504345030163,2776.2744879776496,3103.8894165039064,3051.098988127358,3103.2362253256447
2026-01-28,3022.237548828125,3040.718505859375,2981.589599609375,3006.607421875,21751566455,46.72870169034305,-43.01900111603891,-21.274991412513018,3429.4900462008554,2768.511272158519,3099.0006591796873,3046.861696103324,3099.446860484443
2026-01-29,3006.26171875,3008.03759765625,2751.64501953125,2818.232666015625,37487198041,37.911615768349264,-55.53938877732526,-28.127870885475467,3439.3520838972863,2732.1677891495883,3085.7599365234373,3025.0875027616385,3088.418852858215
2026-01-30,2818.135498046875,2823.91455078125,2633.8388671875,2702.375244140625,41877689970,33.69992795888702,-73.95806930223807,-37.29391056882799,3459.758671100253,2673.759126751309,3066.758898925781,2994.35300194059,3073.2798878104663
2026-01-31,2702.301513671875,2709.53369140625,2248.69873046875,2445.091796875,47569532203,26.625976295555134,-108.06986813579806,-51.449102082222005,3513.131688493742,2553.006763654696,3033.069226074219,2942.042410981962,3048.645060714958
2026-02-01,2445.0693359375,2472.646240234375,2224.117919921875,2267.96484375,40358630560,23.04024531384549,-147.69385643832175,-70.69805295344196,3579.904158791049,2403.7982582011387,2991.851208496094,2877.8445474360606,3018.030150245744
2026-02-02,2267.5625,2393.0634765625,2158.937255859375,2344.356689453125,48844346396,27.570618455481195,-170.96123443761917,-90.7506892502774,3576.246285156092,2309.6822548829705,2942.9642700195313,2827.036180009114,2991.6115831558377
2026-02-03,2344.44580078125,2357.2060546875,2109.05517578125,2227.558837890625,47906083919,25.134424919154583,-196.55959300116956,-111.91247000045584,3564.637917481594,2208.574240721531,2886.6060791015625,2769.943099807353,2961.648730400339
2026-02-04,2227.967041015625,2291.13134765625,2074.102783203125,2143.504150390625,45219604814,23.523487205233593,-221.08050890707182,-133.74607778177904,3550.7440816681633,2105.108359738087,2827.926220703125,2710.2822474819504,2929.5646292234874
2026-02-05,2143.618896484375,2167.139892578125,1818.664306640625,1821.68310546875,60381662655,18.606387241205056,-263.4449507768927,-159.68585238080178,3570.7789574165627,1937.6935767631248,2754.2362670898438,2625.6537577664076,2886.118294958596
2026-02-06,1821.12939453125,2090.328125,1748.627685546875,2063.386962890625,64998454203,30.37734355707164,-274.3530240056134,-182.61928670576413,3520.2928986477937,1863.6319060397063,2691.96240234375,2572.1045392068095,2853.854321152009
2026-02-07,2063.333740234375,2115.824951171875,1995.9185791015625,2090.54931640625,41145430304,31.574925394995233,-277.60590760515197,-201.6166108856417,3453.572827895973,1811.2911369477772,2632.431982421875,2526.2421370353277,2823.920791554136
2026-02-08,2090.633544921875,2148.12060546875,2066.3837890625,2088.762939453125,19541713443,31.536505288003795,-277.1333660499954,-216.71996191851247,3389.4217729134843,1765.6563765005783,2577.5390747070314,2484.5774515513085,2795.0910718639
2026-02-09,2087.92138671875,2144.97607421875,2008.3623046875,2103.567626953125,26750982266,32.27202639442477,-272.42392547487316,-227.86075462978462,3355.7962143165205,1716.0781265037924,2535.9371704101563,2448.290801589577,2767.9725053968114
2026-02-10,2104.181884765625,2122.021484375,1990.1405029296875,2019.4974365234375,23267337087,30.28247607189543,-272.3361006086998,-236.75582382556766,3310.9618009454703,1664.9721712224987,2487.9669860839845,2407.453338249945,2738.620541911581
2026-02-11,2019.580078125,2030.409423828125,1903.6851806640625,1940.621337890625,23922680362,28.506794256049574,-275.4558570790309,-244.49583047626032,3265.045166326548,1609.9876095523582,2437.516387939453,2362.9931477395335,2707.326455479387
2026-02-12,1940.8411865234375,1999.5028076171875,1897.3348388671875,1946.940673828125,20106364835,28.866674150431223,-274.25690606699345,-250.44804559440698,3205.0104765014735,1569.3907319946206,2387.200604248047,2323.3691026051138,2677.5074052185532
2026-02-13,1946.6107177734375,2069.456787109375,1924.136962890625,2048.52734375,20412430639,34.5686896699718,-262.08834221972666,-252.77610491947092,3128.3484509113114,1556.0314196941574,2342.1899353027343,2297.1936969998646,2652.8415204550806
2026-02-14,2048.330322265625,2105.067626953125,2042.6414794921875,2086.009765625,16925555543,36.58844736366426,-246.57775464315318,-251.5364348642074,3066.6230545458693,1544.767558247099,2305.6953063964843,2277.08094163083,2630.6128241872343
2026-02-15,2085.95361328125,2100.47900390625,1929.3944091796875,1966.04296875,31030538835,33.06989094987033,-241.1855828778248,-249.46626446693088,2973.540110030633,1541.809096512336,2257.6746032714846,2247.458277546941,2604.5512612289112
2026-02-16,1965.9232177734375,2021.0836181640625,1938.5450439453125,1997.917724609375,19219250473,34.862245039885906,-231.66967766118887,-245.90694710578248,2833.012794726826,1579.9070905270805,2206.4599426269533,2223.6925106005065,2580.7617107732435
2026-02-17,1997.9217529296875,2013.8560791015625,1941.7789306640625,1992.1943359375,20929890501,34.6826453635299,-222.03065269706622,-241.13168822403924,2662.311323935084,1649.1672527250723,2155.739288330078,2201.6450653945058,2557.6806372502733
2026-02-18,1992.195068359375,2037.1585693359375,1923.8134765625,1953.97412109375,20187307041,33.44359840469953,-214.99735224037977,-235.90482102730735,2518.6341754128057,1706.4185467551629,2112.5263610839843,2178.057356413481,2534.005871910802
2026-02-19,1953.994140625,1985.8076171875,1906.822021484375,1948.2010498046875,17380103826,33.25037020138521,-207.49734928181329,-230.22332667820854,2377.0998695860303,1772.5354331483443,2074.8176513671874,2156.166279593596,2511.0331337889934
2026-02-20,1948.268798828125,1980.2437744140625,1923.622802734375,1969.0223388671875,21682976627,34.71542369477858,-197.59567889867094,-223.69779712230104,2300.976980443301,1801.0513764902923,2051.0141784667967,2138.3430471434617,2489.7778084979423
2026-02-21,1968.86181640625,1994.8277587890625,1955.794189453125,1973.7371826171875,11561261802,35.062992878671835,-187.2100444372502,-216.4002465852909,2266.3427499986783,1806.2628408216342,2036.3027954101562,2122.6662981409595,2469.540921208501
2026-02-22,1973.57080078125,1982.2142333984375,1934.8607177734375,1957.805908203125,9488829492,34.396624475442366,-178.21057443427003,-208.76231215508673,2197.7081460236905,1836.2423666716222,2016.9752563476563,2106.9653086230705,2449.4728814828
2026-02-23,1958.1396484375,1958.1396484375,1838.0416259765625,1855.5028076171875,23731172668,30.401068476814686,-177.28974898654815,-202.46779952137902,2163.782576780361,1832.9623328876078,1998.3724548339844,2083.0164990034627,2426.1799374096386
2026-02-24,1855.4727783203125,1868.3206787109375,1804.1136474609375,1852.969482421875,18475122228,30.30718399540065,-174.74999716717207,-196.92423905053764,2146.5988187575467,1821.092624113547,1983.845721435547,2061.107259329026,2403.701096037569
2026-02-25,1852.87548828125,2145.506103515625,1847.05419921875,2054.6279296875,27717195805,44.89542106041096,-154.6819964194956,-188.47579052432923,2141.9033111438757,1849.0826141490927,1995.4929626464843,2060.490180315547,2390.0119522591353
2026-02-26,2053.78271484375,2082.78662109375,1976.3575439453125,2026.7926025390625,23327720766,43.54062461476084,-139.41692795472932,-178.66401801040925,2137.39110738322,1849.9353818745926,1993.6632446289063,2057.2808871939774,2375.768056191682
2026-02-27,2026.735107421875,2062.627197265625,1888.6287841796875,1930.7618408203125,21136821039,39.15112538710171,-133.5288931641178,-169.63699304115096,2124.4027938428267,1846.9449478563918,1985.6738708496093,2045.2314542060094,2358.3168320594714
2026-02-28,1930.7469482421875,1983.9927978515625,1837.303466796875,1965.050537109375,21675923669,41.421934507125826,-124.6587830895644,-160.64135105083363,2109.629768651562,1849.346732813282,1979.4882507324219,2037.5951763872824,2342.89462441437
2026-03-01,1965.3902587890625,2053.28564453125,1909.098388671875,1939.066650390625,23649071468,40.197693182815385,-118.36144242080195,-152.1853693248273,2088.5438418162876,1853.9825619923063,1971.263201904297,2028.2115072447436,2327.058233276184
2026-03-02,1939.0587158203125,2085.427978515625,1922.4390869140625,2027.2689208984375,26235436166,46.02889777224646,-105.04270160082615,-142.75683578002707,2089.6545724668763,1853.6489797792176,1971.6517761230468,2028.121737116524,2315.3017896535275
2026-03-03,2027.407958984375,2040.7916259765625,1930.4029541015625,1982.7689208984375,24100196312,43.71301772676974,-96.96058042733102,-133.59758470948788,2090.931108637503,1856.5872019093722,1973.7591552734375,2023.8024212862301,2302.2612849964653
2026-03-04,1982.711181640625,2198.65673828125,1946.0396728515625,2126.50537109375,33610946768,52.09682641154351,-78.05731475813127,-122.48953071921656,2117.460512121385,1848.0142681520524,1982.7373901367187,2033.5836546012322,2295.3688962159667
2026-03-05,2126.560546875,2163.0361328125,2056.01904296875,2071.60546875,22383576284,49.08929919400814,-66.7370012184233,-111.33902481905791,2121.354482267582,1846.428110505855,1983.8912963867188,2037.2047797582577,2286.5938598447524
2026-03-06,2072.025634765625,2092.51513671875,1957.0150146484375,1978.751220703125,19733648079,44.41863741973533,-64.51445055466002,-101.97410996617835,2107.3118466195897,1849.7448916616604,1978.528369140625,2031.6377741339593,2274.521599486257
2026-03-07,1978.6905517578125,1994.9705810546875,1950.0224609375,1969.4554443359375,10236899078,43.96762020391676,-62.779471932232354,-94.13518235938915,2107.4218488891033,1849.9761369507405,1978.698992919922,2025.7156474865285,2262.558220852911
2026-03-08,1969.4522705078125,1978.7071533203125,1915.301025390625,1936.604736328125,16314032554,42.33178982531562,-63.32529191890512,-87.97320427129235,2105.3456385005607,1845.921048511158,1975.6333435058593,2017.228894042871,2249.7757312637036
2026-03-09,1936.637451171875,2052.327392578125,1930.59912109375,1992.938232421875,24015826480,46.03935740912769,-58.537432768006056,-82.08604997063509,2105.4032534645257,1845.9378231956307,1975.6705383300782,2014.9154976980142,2239.703672485593
2026-03-10,1992.986083984375,2087.9853515625,1992.01416015625,2037.1204833984375,23552353781,48.8186250412544,-50.59465776825391,-75.78777153015885,2111.940199297922,1847.7155135927035,1979.8278564453126,2017.0302582409117,2231.7592336978614
2026-03-11,2037.1212158203125,2085.286376953125,2008.0386962890625,2051.5732421875,19031715359,49.73072714933968,-42.64218197879882,-69.15865361988685,2119.956727549579,1850.036204579327,1984.9964660644532,2020.320066235825,2224.6931163837294
2026-03-12,2051.7666015625,2094.32568359375,2019.27783203125,2073.13623046875,20624954899,51.13004484717994,-34.20553456600601,-62.168029809110685,2130.494526842631,1849.9097944464313,1990.2021606445312,2025.350177115151,2218.749709092946
2026-03-13,2073.289306640625,2206.813232421875,2071.582275390625,2092.5634765625,29345212033,52.41523857702115,-25.65606713749571,-54.865637274787694,2143.391931434013,1848.895019249581,1996.1434753417968,2031.751443729184,2213.8012293858696
2026-03-14,2092.558349609375,2105.5712890625,2062.659423828125,2097.086669921875,10073411269,52.72695439130185,-18.304565070678564,-47.553422833965875,2155.7955787256456,1850.4194481298232,2003.1075134277344,2037.973846223726,2209.224187838262
2026-03-15,2096.880859375,2201.95556640625,2084.20947265625,2177.476318359375,15333885132,57.99372895274107,-5.923392749005416,-39.227416816973786,2174.243569160973,1864.1688087687144,2019.2061889648437,2051.2597959509308,2207.9791733488937
2026-03-16,2177.782958984375,2384.466552734375,2166.00244140625,2351.176025390625,38938369545,66.64177067386589,17.700845873020626,-27.841764278974907,2241.1111143279395,1847.1219178986228,2044.1165161132812,2079.8232463737586,2213.5947361740596
2026-03-17,2351.134765625,2375.455078125,2297.668701171875,2318.053466796875,26737564550,63.938583423737704,33.36589030874757,-15.600233361430412,2289.3467478881103,1825.2288380493899,2057.28779296875,2102.511838795008,2217.6911569827976
2026-03-18,2318.556884765625,2348.904296875,2154.584228515625,2203.671630859375,25617966362,55.55766762664113,36.134358264131606,-5.253315036318009,2306.6259351341823,1825.6375536353491,2066.1317443847656,2112.1461047058997,2217.141371644624
2026-03-19,2203.478759765625,2232.203857421875,2099.88916015625,2137.423828125,24090913749,51.35870838489569,32.60687330148721,2.318722631243036,2310.1312756063026,1842.7984118936972,2076.46484375,2114.55350693629,2214.015193467384
2026-03-20,2137.394287109375,2175.699462890625,2117.276123046875,2146.4970703125,17970488517,51.89495429608374,30.195377356520567,7.894053576298543,2315.042464168932,1856.0318766513806,2085.5371704101562,2117.5957510673575,2211.3674239318984
2026-03-21,2146.7099609375,2166.7158203125,2072.38330078125,2076.68994140625,8654913047,47.5514100392299,22.393261961458393,10.793895253330513,2311.4462740898075,1873.3903958320675,2092.4183349609375,2113.6999596710616,2206.0859540289316
2026-03-22,2077.201171875,2125.9765625,2027.0478515625,2053.04833984375,16438149794,46.142818622231616,14.139359895253165,11.462988181715044,2311.420396927806,1875.9942148886003,2093.707305908203,2107.9236149256035,2200.0844789628463
2026-03-23,2052.953125,2195.99169921875,2023.2718505859375,2152.14599609375,28509077302,52.495119248846294,15.416721340303411,12.253734813432718,2314.8377529976246,1889.5145663383134,2102.176159667969,2112.1352702749505,2198.2045384581756
2026-03-24,2152.114501953125,2174.325927734375,2103.3828125,2155.704345703125,18389631713,52.71080391429553,16.525670916058516,13.10812203395788,2317.3990145567195,1889.8732022401555,2103.6361083984375,2116.2847060300146,2196.537864232487
2026-03-25,2155.719482421875,2198.369873046875,2146.6162109375,2168.021484375,17086301657,53.497849652666254,18.188743088368938,14.124246244840093,2323.5231009947797,1893.3907173645955,2108.4569091796875,2121.2120182533463,2195.419574826311
2026-03-26,2168.02880859375,2171.156982421875,2033.7310791015625,2059.578369140625,18628112246,46.20635461059793,10.633707898823104,13.426138575636696,2320.214095890021,1904.7824373131043,2112.4982666015626,2115.3421469092777,2190.09246872099
2026-03-27,2059.44873046875,2075.17041015625,1971.5067138671875,1991.27197265625,19453998121,42.2959382991472,-0.8556043811850031,10.569789984272356,2318.35012423372,1908.8280618014367,2113.5890930175783,2103.5259398375606,2182.2955865223726
2026-03-28,1991.283447265625,2038.7030029296875,1982.1300048828125,1992.694580078125,8641221084,42.405261535121994,-9.7339674913419,6.509038489149506,2312.2927788117613,1920.4943915983947,2116.393585205078,2092.9705722414237,2174.8602529363234
2026-03-29,1992.69384765625,2016.545166015625,1939.5286865234375,1982.5596923828125,9451184647,41.797718253229974,-17.387502650306487,1.7297302612583079,2313.2005963158276,1918.5487200904222,2115.874658203125,2082.4552503501272,2167.3190544832446
2026-03-30,1982.5506591796875,2082.064697265625,1979.076904296875,2023.514892578125,17840662425,45.21361635576956,-19.91863242992258,-2.5999422769778704,2313.7534503176303,1916.6353070065886,2115.1943786621096,2076.84188294327,2161.6796755850046
2026-03-31,2023.5206298828125,2118.796875,2011.7952880859375,2104.708251953125,21278561395,51.31409965842652,-15.197755213896016,-5.119504864361501,2314.235951070722,1921.4663072300589,2117.8511291503905,2079.4958228489704,2159.4455021092444
2026-04-01,2104.717529296875,2165.666259765625,2082.291748046875,2138.737060546875,19542997434,53.643852556341365,-8.61131961307592,-5.8178678141043845,2316.560451633416,1925.7018896751779,2121.131170654297,2085.1378454868664,2158.6334063617005
2026-04-02,2139.6318359375,2156.053466796875,2018.6890869140625,2067.0341796875,21093632000,48.38935676691758,-9.072760055767503,-6.468846262437008,2316.399947630641,1923.309463990453,2119.854705810547,2083.413686839308,2155.0412798254574
