Date,Open,High,Low,Close,Volume,RSI,MACD,MACD_Signal,BB_Upper,BB_Lower,BB_Middle,EMA_20,EMA_50
2024-05-10,166.65261946945532,168.45770778843482,164.8277059911993,167.2675323486328,29799900,62.49902464243124,3.702228119656496,3.0796483268266295,173.97423775733614,148.40530173240995,161.18976974487305,162.68039021163364,158.46275400887853
2024-05-13,162.91350746089623,167.89236129533526,162.65564420480408,167.75350952148438,31327600,63.233915117187394,3.6415055740866933,3.1920197762786424,174.4774134880259,149.31842086256006,161.89791717529297,163.16354443161944,158.82709736231405
2024-05-14,168.37837530926814,169.84623930052865,167.41632532705881,168.94369506835938,25127100,65.04077840621063,3.6473758674897,3.283090994520854,174.93156648820082,150.44520353133043,162.68838500976562,163.7140349684518,159.22382668411973
2024-05-15,169.23130735927975,171.23473800953292,169.11228073886124,171.09588623046875,26948400,68.09427462381154,3.7820943283299755,3.3828916612826783,175.64064745940615,151.42615399323054,163.53340072631835,164.41706842197726,159.68939764672163
2024-05-16,171.8694782348091,173.68447893916473,171.27440571230892,172.75218200683594,27867900,70.24801482891318,3.9766683487175385,3.5016469987696506,176.46554595511626,152.40335815865328,164.43445205688477,165.21088876339238,160.20166370005944
2024-05-17,172.75219674772163,174.8250760090424,172.2662230829347,174.61679077148438,24479300,72.49868887190465,4.232537943081809,3.6478251876320824,177.06566833626923,153.98222595084016,165.5239471435547,166.10668895463922,160.76696280089965
2024-05-20,174.74571485082933,177.3045675555055,174.63661595177967,175.4697265625,22554400,73.4867261086367,4.452811985321944,3.808822547170055,177.78599201986847,155.30898020913546,166.54748611450196,166.99840682205453,161.3435417719428
2024-05-21,175.44989566739218,176.6896490712989,174.36883433127562,176.39212036132812,16989400,74.55152218619718,4.648228338717786,3.9767037054796015,178.62720698356392,156.41070652961966,167.5189567565918,167.89304620674727,161.93368210878143
2024-05-22,175.19205213168274,175.69786612928917,173.7737813421162,174.93418884277344,17880000,69.78120781859435,4.632058826778888,4.107774729739459,178.9624305760966,157.78634414314166,168.37438735961913,168.56363121970216,162.4435059022713
2024-05-23,175.6184993564693,176.78881919834342,171.53226222068352,172.12734985351562,21024900,61.607998127184985,4.34269602680871,4.15475898915331,177.76752708249347,160.72186042971356,169.24469375610352,168.90303299435107,162.82326448859462
2024-05-24,173.5456447964723,174.32917746118142,172.22654529374813,173.55557250976562,16579400,63.92348256866063,4.180430158649074,4.159893223052463,178.11908516316853,160.6718099173979,169.39544754028321,169.34613199581912,163.24413931295427
2024-05-28,173.01998246270298,175.8168734132129,172.94063642860604,174.95399475097656,20572200,66.08061200187686,4.117213601314091,4.151357298704789,178.68153570910525,161.12595635632445,169.90374603271485,169.88021416297698,163.70334933013163
2024-05-29,173.99195085751208,175.39039638067896,173.28777937305267,174.45809936523438,23388700,64.60539200246257,3.9812065401369807,4.117327146991228,178.59010850470335,162.51862715203495,170.55436782836915,170.31620322985864,164.125104233469
2024-05-30,173.7638243254379,173.78366461622676,170.38177359705276,170.69915771484375,22931500,54.646611256666,3.5294198330281574,3.9997456841986136,178.05377969760008,163.8731917379468,170.96348571777344,170.3526750855715,164.38291025234645
2024-05-31,170.4512148865134,171.6413751155462,168.05105413674661,171.08596801757812,37638900,55.40835350877657,3.1660912424000287,3.833014795838897,177.81670771238257,164.6934454858596,171.25507659912108,170.42251250766736,164.6457752627477
2024-06-03,171.12566288057238,173.09935606710764,169.75698519210337,171.75050354003906,27459100,56.75225255747503,2.898362659028436,3.6460843684768047,177.60187364999936,165.49641736562566,171.5491455078125,170.5489878440837,164.9243920579356
2024-06-04,171.85957302701576,172.42490783803038,170.48096786025872,172.36538696289062,26879600,58.013166728832346,2.704624552978686,3.457792405377181,177.44692435000485,166.21570077206547,171.83131256103516,170.72197823635102,165.21619577969855
2024-06-05,173.7638369582265,175.2019479039631,172.50424324144495,173.9721221923828,22068500,61.19681867084585,2.6501861172242513,3.2962711477465954,177.64930601454606,166.4259106602586,172.03760833740233,171.0315157559731,165.55956544294108
2024-06-06,174.4580976777925,175.6978511153371,174.30933331877074,175.2812957763672,23251000,63.617526024049305,2.6817688695039976,3.173370692098076,177.85190375326323,166.9522863102133,172.40209503173827,171.43625671029633,165.94080976974212
2024-06-07,175.59868809544102,176.4119585188029,172.8712304058679,173.02992248535156,19661400,57.02876328288766,2.4963549927247186,3.037967552223405,177.77083242645236,167.4796680618289,172.62525024414063,171.58803440315873,166.2188141899621
2024-06-10,173.7349014501534,175.81014466476933,171.54049500356726,173.7746124267578,23726700,58.55767994956718,2.3820446858135256,2.906782978941429,177.45240771818308,168.4488007779107,172.9506042480469,171.79627992921579,166.51512000316978
2024-06-11,174.9760900997619,175.59170876242746,172.54338732033756,175.37326049804688,21540600,61.707473217102724,2.3928670016319415,2.8039997834795316,177.23087791937374,169.43230567437624,173.331591796875,172.13694474529493,166.86249806179242
2024-06-12,176.99173266950717,179.1364888587314,174.86683954251944,176.53497314453125,27864700,63.85723293700283,2.466749118284639,2.736549650440553,177.27553185415107,170.14677954721614,173.7111557006836,172.55580459284124,167.24181081013512
2024-06-13,174.8668444097431,175.49240210344783,173.64553119205647,173.92355346679688,20913300,56.217006175207395,2.288204487600268,2.6468806178724966,177.1977126725153,170.5073654524847,173.8525390625,172.68606639036082,167.50383993392578
2024-06-14,172.99020243322104,175.81015156626538,172.92068928258647,175.54205322265625,18063600,59.45484873376463,2.251353780407868,2.567775250379571,177.37645169535156,170.60761355123046,173.992032623291,172.95806513629373,167.81906398446424
2024-06-17,174.2214424940307,177.10096546528717,173.57602172386774,175.98887634277344,19618500,60.3271202291854,2.232469699962678,2.5007141402961923,177.55230579308363,170.56896801062732,174.06063690185547,173.2467138226251,168.1394487828293
2024-06-18,175.88956648496008,176.13780173263285,172.8710325397334,173.85403442382812,21869900,54.31475507118323,2.021932450239774,2.4049578022849087,177.40844562858246,170.55125896126128,173.97985229492187,173.30455387988255,168.36355018051555
2024-06-20,174.13206841253606,176.03851342488448,173.7547611134038,175.05551147460938,20160100,56.91714105595211,1.9297839714566294,2.309923036119253,177.19249958362252,170.63354411754938,173.91302185058595,173.47131174604698,168.6259800351859
2024-06-21,175.75057482727152,179.57340412547137,175.36332840403423,178.3620147705078,57759000,63.13999131276501,2.099362674402414,2.267810963775885,177.90263494040045,170.26619135354485,174.08441314697265,173.9370929864718,169.00778531892402
2024-06-24,178.88826202454848,179.61310474396652,177.40877441541713,177.95489501953125,18298000,61.95343562279554,2.1758223313401004,2.2494132372887283,178.44627215514544,170.30530865540146,174.37579040527345,174.31974079914414,169.35865236600668
2024-06-25,178.35208296162077,182.98911627361338,178.1534977635659,182.73095703125,23130200,69.2532972217736,2.5919273246752255,2.317916054766028,180.33343168520057,169.33568757749472,174.83455963134764,175.12080901172567,169.88305647052601
2024-06-26,181.34083960482536,183.2075585872156,181.19188934781172,182.58201599121094,19839000,68.8099139501305,2.8765165404796846,2.4296361519087597,181.71661735258155,168.71530403413718,175.21596069335936,175.83140015262902,170.38105488310188
2024-06-27,182.8798679380617,184.7366779293804,182.72100889129027,184.1011962890625,18848900,70.85927651483311,3.187892655933098,2.581287452713627,183.29938472221178,168.09684635688976,175.69811553955077,176.6189997846703,170.91909964411994
2024-06-28,183.01890751714419,183.82318736943728,180.67556595744807,180.8642120361328,29156600,61.57547313492592,3.1372980748616897,2.6924895771432396,183.7594673038011,168.6532692074294,176.20636825561525,177.023305713381,171.30910405164985
2024-07-01,181.73801420146654,182.5820202242078,180.02023028518573,181.69830322265625,16006100,62.92346116065261,3.128442949871868,2.779680251688965,184.26651939736178,169.20745063437653,176.73698501586915,177.46854357140722,171.71652362698342
2024-07-02,180.7649192250836,184.2600759255339,180.27837266146466,183.93240356445312,17372500,66.33057775715778,3.2640722330587835,2.876558647962929,185.14331413101763,169.54884590316203,177.34608001708983,178.08414928503063,172.19557774217833
2024-07-03,183.54516199454144,184.77639921891327,182.7011560285435,184.50831604003906,10242100,67.16814884185311,3.3790788235447735,2.977062683079298,186.0044162411457,169.90203670074885,177.95322647094727,178.6959746902695,172.67843022444737
2024-07-05,184.54803142014995,189.51273686548802,184.48845737897847,189.25457763671875,20967500,73.1059101054296,3.809294840058982,3.1435091144752354,187.98638705247623,169.44831143385187,178.71734924316405,179.70155592326466,173.32847522100704
2024-07-08,188.55948674203475,188.82758504993222,186.45445670495957,187.6956329345703,21035900,68.7103593012084,3.978587642113183,3.310524820002825,189.27676103115206,169.39937117099637,179.33806610107422,180.46289659100805,173.89189317055855
2024-07-09,188.96660951335545,190.00920064999954,187.38783687416534,187.64599609375,15121400,68.5689927407719,4.061924788704289,3.460804813743118,190.20210239126618,169.93563717172208,180.06886978149413,181.1470013055549,174.43126975578173
2024-07-10,187.81477541116223,190.39642795230205,187.69562734501247,189.8304443359375,15952500,71.3615160414598,4.255185663174387,3.6196809836293724,191.43996144497999,170.30336130892624,180.8716613769531,181.97399587987707,175.03515895500354
2024-07-11,188.50987272919218,189.51273777959946,183.77353946919203,184.2600860595703,25625800,57.36521731371067,3.9137496691239164,3.678494720728281,191.65573507785123,170.97627023220738,181.3160026550293,182.19171875413357,175.39692080224145
2024-07-12,183.77353479614163,185.7892039533301,183.18770320192158,183.76361083984375,22898400,56.305238778506,3.562036839515031,3.655203144485631,191.81691131165314,171.5379577679367,181.67743453979492,182.34142276229647,175.72502629391215
2024-07-15,183.61465170436622,186.91122316515236,183.61465170436622,185.21328735351562,16474000,58.70466620218031,3.3615290528549338,3.596468326159492,191.80445093244543,172.6793915358163,182.24192123413087,182.61493367574593,176.0971149629162
2024-07-16,186.03743905754484,187.34811338839907,182.0755987428797,182.62171936035156,18290700,53.091832776423956,2.9593932655286324,3.46905331403332,191.62334002475825,173.56846905727298,182.5959045410156,182.61557993142267,176.3529818020313
2024-07-17,181.6784348799773,182.2543425380115,178.63009842037727,179.74220275878906,20734100,47.64134683439867,2.380899307065363,3.2514225126397287,191.3783762513973,174.1887654722355,182.7835708618164,182.34192496260044,176.48589242778652
2024-07-18,180.64575986268414,181.21174353968178,175.22431015700485,176.43569946289062,25315700,42.274490775402874,1.6367638993992273,2.9284907899916286,191.00568333108976,174.81962489644928,182.91265411376952,181.77942729596143,176.48392407622197
2024-07-19,177.61731898889505,179.0173545052584,175.87967196437603,176.4059295654297,18881900,42.22836610697601,1.0327244411807328,2.5493375202294493,190.8156264583497,175.1447235782714,182.98017501831055,181.26766560733935,176.4808654679556
2024-07-22,179.31522557776697,181.41033185766577,178.9577661837674,180.38760375976562,24100300,50.07441639829827,0.8653316453590492,2.2125363452553692,190.7153372853914,175.44757165015545,183.08145446777343,181.1838501932847,176.63407089116384
2024-07-23,180.76491875098247,182.31390434397233,180.258509125605,180.50674438476562,36352700,50.29195780495298,0.733826209654211,1.9167943181351377,190.5622949276354,175.8557989444349,183.20904693603515,181.11936392580668,176.78594043993255
2024-07-24,172.37456144038464,174.9462749610045,170.60712769523397,171.41140747070312,49585200,37.02756137508493,-0.10312174832640153,1.5128111048428299,191.69709250109509,173.58904641492052,182.6430694580078,180.19479664436824,176.57517444113924
2024-07-25,171.3022145629285,172.19585555378663,166.00983631882548,166.0991973876953,44852000,31.75894942721301,-1.1814410753223115,0.9739606688098017,193.5123332645996,170.1255237910645,181.81892852783204,178.8523586199232,176.1643518115924
2024-07-26,165.97008682721892,166.90345381803442,162.90190268589552,165.82115173339844,41336900,31.506256284585916,-2.03499471903433,0.37216959124097543,194.54316015613023,167.26669244396743,180.90492630004883,177.61129129739703,175.7587361222515
2024-07-29,167.6382268176297,169.22692328878654,166.80416003394157,168.33328247070312,20293800,36.42784240756489,-2.48014461219708,-0.19829324944663562,195.03036537248585,165.52639427106885,180.27837982177735,176.72767140914047,175.46754186140646
2024-07-30,169.03828621199597,170.0212881339037,167.25098932978506,169.08792114257812,18959700,37.872027536336105,-2.740445920910645,-0.7067237837394376,195.2005502140476,164.09517122149924,179.64786071777343,176.00007614565834,175.21736065674654
2024-07-31,172.01712888344443,173.01999398241156,168.80991808621278,170.32911682128906,25729100,40.27526151247083,-2.8141427790550892,-1.128207582802568,194.91622163887294,163.0191711223575,178.96769638061522,175.4599847814327,175.02566482006193
2024-08-01,169.0482167160951,172.82139580223534,167.6878923021726,169.5546112060547,24531400,39.25485951228256,-2.901596403271782,-1.4828853468964107,194.47401771846523,161.9660045593668,178.22001113891602,174.8975682504443,174.811113697944
2024-08-02,165.26510279286998,167.32048278839775,163.50759297707282,165.48355102539062,29130100,34.33118474349686,-3.2618045118333043,-1.8386691798837895,193.3643013768891,160.69861823981012,177.0314598083496,174.00099518139157,174.44532692647132
2024-08-05,154.40229593753065,163.26925009731173,153.836312403379,158.12582397460938,53630700,27.59458640878202,-4.093788469750564,-2.2896930378571443,193.12746007127666,157.97847864942648,175.55296936035157,172.489074114079,173.80534641855516
2024-08-06,158.2052897951303,159.4365420774317,155.30590392172098,157.17262268066406,49004600,26.859274212322916,-4.775013742624367,-2.786757178810589,192.45275520282436,155.60584617657017,174.02930068969727,171.03036445375375,173.15308274255943
2024-08-07,160.11176109982324,161.82954505412678,157.35138590349095,157.8180694580078,25138600,28.253424378472786,-5.202832504174722,-3.269972243883416,190.63308125324943,154.22428263835212,172.42868194580078,169.7720506446351,172.55170967257703
2024-08-08,159.37695589283805,162.5345161798724,159.07908571101373,160.88623046875,25578800,34.63192200532153,-5.233973020154423,-3.6627723991376175,189.2663034898908,153.25367484262875,171.25998916625977,168.92578205645557,172.09423989987795
2024-08-09,158.88049573069213,162.63381177677473,157.93720474099763,162.51466369628906,28602300,37.79298447583544,-5.068820938794602,-3.943982107069014,187.594723756384,152.80035986178004,170.19754180908203,168.31519935548735,171.71857024483526
2024-08-12,163.1898651801224,163.73597062856854,160.69757348531624,161.14439392089844,15895300,36.20636390213805,-4.990973211107445,-4.1533803278767,185.314349357428,152.67384491747436,168.99409713745118,167.63226550457412,171.30389666350442
2024-08-13,162.25648447214553,163.56715864917211,161.81958802944447,163.00119018554688,18551700,39.888999186125666,-4.7249837143309605,-4.267701005167552,183.20392729512056,152.8222140623013,168.01307067871093,167.19121071228582,170.97830033103548
2024-08-14,161.25363005478357,162.0678490367502,156.59674898008666,159.2379608154297,40591100,35.42547260763318,-4.76294205020676,-4.366749214175394,181.60240727647562,152.37330988661034,166.98785858154298,166.43375834115668,170.51789485983528
2024-08-15,159.36703635252704,160.49898852805327,158.4833194361169,160.16139221191406,31524300,37.28010955124046,-4.664738902239407,-4.426347151788197,180.38033313262426,151.96795330536403,166.17414321899415,165.83639013837168,170.11175750109328
2024-08-16,160.33018953302678,163.89484419906685,159.9925932186499,161.80967712402344,24208600,40.5616427214958,-4.40315258076069,-4.4217082375826955,178.91813976827532,151.97052142557234,165.44433059692383,165.4528936608147,169.78618572160036
2024-08-19,164.1132667679394,165.51331703931265,163.10046283215073,165.4934539794922,22416200,47.2093818694898,-3.8541651144279,-4.308199612951737,176.19736659304237,153.20187962277794,164.69962310791016,165.45675654830782,169.6178433003412
2024-08-20,165.72185564699794,167.44957853320707,165.642433695725,165.9998779296875,18341500,48.06926074818796,-3.3397261278048234,-4.114504915922354,172.79105949038566,155.15750007992685,163.97427978515626,165.5084823941535,169.47596230541362
2024-08-21,163.98420467240848,165.67221654044488,163.50759722139043,164.6792755126953,22902000,45.96661739405999,-3.003963284053299,-3.8923965895485435,171.7443850456945,155.53096132881726,163.63767318725587,165.4295103102051,169.2878569409933
2024-08-22,166.07933630866455,166.40700871618677,162.15722167796903,162.64376831054688,22493300,42.855008553736155,-2.869044670071162,-3.687726205653067,171.49767588222866,155.43212758456824,163.46490173339845,165.16420154833287,169.0273044456817
2024-08-23,163.55725630307884,165.00694179876172,162.67353934579646,164.45089721679688,13955700,46.32865867532553,-2.5864851062524394,-3.467477985772942,171.367683964875,155.42509405026172,163.39638900756836,165.09626780247228,168.84783749552935
2024-08-26,165.20552403193696,166.36726315289178,163.29907918080005,164.98707580566406,14190400,47.351247410928394,-2.292858835701338,-3.2325541557586215,170.8988394354086,155.55931791322422,163.2290786743164,165.08586856468102,168.69643507631895
2024-08-27,164.66933228950003,165.26510295168842,163.29908400819048,163.51751708984375,11821900,44.83014296622144,-2.153910073019347,-3.016825339210767,170.1122332936596,155.78888364969978,162.9505584716797,164.93650175755366,168.49334025331993
2024-08-28,163.87498286647468,164.4310425767687,160.38976526426643,161.70045471191406,16407400,41.86224155739332,-2.1654519435390114,-2.846550660076416,168.79392845084047,156.24432228158142,162.51912536621094,164.6283068008261,168.2269525850295
2024-08-29,163.15014011129165,164.798425876507,159.11880190681103,160.63800048828125,19699800,40.18695345502795,-2.2345713876428874,-2.7241548055897105,167.44549917619804,156.70109048444647,162.07329483032225,164.24827762820277,167.92934662045116
2024-08-30,161.472070186267,162.50473737235887,160.54864227379994,162.22671508789062,22123800,43.80821737220229,-2.136524529491709,-2.6066287503701107,167.03934117045097,156.78156489644354,161.91045303344725,164.05574786245876,167.70571401133114
2024-09-03,160.57843019098567,160.70751737773818,155.37541355771157,156.24920654296875,38945300,35.1784361588863,-2.5121976210822083,-2.5877425245125303,167.29387280319463,156.33937152053585,161.81662216186524,163.31226773679305,167.25643920865028
2024-09-04,155.55413584223268,157.8776140734706,154.85908019413716,155.34561157226562,19353800,34.085360121820244,-2.8499810082125236,-2.640190221252529,167.5767968719778,155.87374634091285,161.72527160644532,162.55353857826663,166.78934792879207
2024-09-05,155.1966988484402,158.32445729106303,154.87895042005644,156.13006591796875,18688700,35.94615124656232,-3.019570141398617,-2.716066205281747,167.77171292663616,155.51002993225057,161.64087142944337,161.9417792772859,166.3713368695441
2024-09-06,156.18962872176218,156.71588626121135,149.48727669749047,149.8546600341797,37912100,28.914071025048088,-3.6186302434119,-2.8965790129077775,169.17826918428995,153.00031663113975,161.08929290771485,160.79062506365673,165.723624052471
2024-09-09,151.63438731483413,152.51927694187998,146.3747655212842,147.85621643066406,39260500,27.09615488683123,-4.206161377253608,-3.158495485776944,170.33676109754293,150.37597999132424,160.3563705444336,159.55877662241934,165.02294140063543
2024-09-10,149.58621970938498,150.40151913279468,147.48833322690425,147.80650329589844,31118800,27.05059262018476,-4.622510049820278,-3.451298398585611,171.1246217431606,148.2543302832066,159.6894760131836,158.43951249608403,164.34778696515554
2024-09-11,149.0592434246133,150.63017379029483,146.67302891819028,150.29212951660156,29607700,33.10716118209545,-4.6977474018910925,-3.700588199246708,171.10993490905568,146.99811105041695,159.05402297973632,157.66357125994284,163.79658471227106
2024-09-12,152.91699025153633,153.931138367879,151.7735836501272,153.8018798828125,29621500,40.60567062292259,-4.423178376130437,-3.845106234623454,171.06367636687864,146.5007614993323,158.78221893310547,157.29579112878758,163.4046355032727
2024-09-13,154.53761027887018,157.47068534964538,154.318887339598,156.55596923828125,29591200,45.74516337154395,-3.937954166609586,-3.8636758210206805,170.90399339389614,146.2999021749515,158.60194778442383,157.2253319011203,163.13606035562594
2024-09-16,156.4068176480649,157.3414231577179,155.7009025392383,157.1525115966797,18379800,46.818615926460474,-3.465328353732559,-3.7840063275630564,170.59153157218444,146.14664744392886,158.36908950805665,157.21839663403074,162.9014113846869
2024-09-17,158.107008079676,159.628222536102,157.47068317745328,158.40528869628906,20715600,49.09638766058638,-2.955609918561123,-3.61832704576267,169.7694210669129,146.25994142088007,158.0146812438965,157.33143397329343,162.725092847887
2024-09-18,158.9421872798641,159.57851220454893,157.68942685128602,158.89247131347656,23677300,49.993363751839794,-2.4837121332972174,-3.39140406326958,168.8119122363781,146.50670958979376,157.65931091308593,157.480104196168,162.57479396418464
2024-09-19,162.77008449382728,162.8496118323656,160.41368126049775,161.20909118652344,26587700,54.132283980657924,-1.9008856491772974,-3.0933003804511237,168.2807944966526,146.6908088969021,157.48580169677734,157.8352458142971,162.52123699251166
2024-09-20,162.56130770595448,162.7899829734501,161.12957266023724,162.65078735351562,40896400,56.542877737054674,-1.307585596740097,-2.7361574237089186,168.28185194020455,146.69045335764702,157.48615264892578,158.2938688180322,162.52631739882554
2024-09-23,163.40640761812853,164.53986181971814,160.74178667068307,160.92076110839844,24150900,52.946868313194486,-0.9658559045922175,-2.3820971198855783,167.73496533091026,146.88432635610144,157.30964584350585,158.5440490361623,162.46335440704408
2024-09-24,162.09398745781283,162.28289902982328,159.7674258440889,161.3582305908203,23332100,53.74790802672891,-0.6522142109544689,-2.0361205380993566,167.10770143134076,147.14870573418656,157.12820358276366,158.81206632708214,162.42001621817255
2024-09-25,160.5429462723237,161.87524922923666,160.37392412147798,160.56283569335938,18869200,52.01407946637897,-0.4625012039308274,-1.7213966712656508,166.6441961097711,147.31674291610784,156.98046951293946,158.9788062667276,162.34718560935636
2024-09-26,162.7004790534292,163.13795527115403,161.34828673099906,161.7957000732422,20319300,54.46595278992806,-0.2102468324665665,-1.419166703505834,166.65884088536123,147.3116226766505,156.98523178100587,159.24708186734804,162.32555872558717
2024-09-27,161.87524329123835,164.7486500925775,161.69628402203105,163.00869750976562,21101300,56.804529745506414,0.08654766242000278,-1.1180238303206667,167.02086825855477,147.18666500560536,157.10376663208007,159.6053309761497,162.35234848182947
2024-09-30,162.38232355982177,165.19606207708327,162.32265529939457,164.89779663085938,20413900,60.230220399190806,0.46879002947056847,-0.8006610583624196,167.51046265768298,146.96417876077408,157.23732070922853,160.1093753242173,162.45216997786986
2024-10-01,166.72722798963838,168.18878935347016,163.63508311957565,166.03125,28338100,62.16884250601113,0.8533432635359759,-0.4698601939827405,168.708468230336,146.74437753382415,157.72642288208007,160.67336338857754,162.59252605716907
2024-10-02,165.4645431053493,166.5582338236158,163.7842433523693,164.9077606201172,17760200,59.09392943227346,1.0552836158924777,-0.16483143200769684,169.57584127720187,146.83321939174343,158.20453033447265,161.07663931539085,162.68331956944155
2024-10-03,163.46608843417303,165.6832812490026,162.97889617400253,164.9077606201172,15073100,59.09392943227346,1.2014729675576064,0.1084294479053638,170.3502226444369,146.93660749472323,158.64341506958007,161.44150801107907,162.770552551821
2024-10-04,167.09510397311843,167.26412612073125,164.5299148711692,166.10084533691406,19047400,61.44268856914979,1.3974916339621473,0.3662418851167205,170.84508692813128,148.0663617413023,159.4557243347168,161.88525442306334,162.90115226888346
2024-10-07,166.75704136805373,167.51267238697537,161.81557527499385,162.04425048828125,22463100,50.768800230093376,1.2115386737447125,0.535301242842319,170.19922972516213,150.13102235003316,160.16512603759764,161.90039690546507,162.8675482774873
2024-10-08,162.99875730912473,163.78421492779364,161.93489332497202,163.4362335205078,23072700,53.73860666070659,1.1630837055041638,0.660857735374688,169.20552211887082,152.6877029787854,160.9466125488281,162.0466670592787,162.88984965956652
2024-10-09,162.5115774919813,163.89359644421285,158.8228863013817,160.9307098388672,31181800,48.112651469133624,0.9119950611334957,0.7110852005264495,168.0451046210645,154.9119785088183,161.4785415649414,161.94038541923948,162.81302064699008
2024-10-10,159.94638493252756,162.13376610989224,159.4790821511072,161.14944458007812,14144100,48.61838477726744,0.7223290078783577,0.7133339619968312,167.33843430693162,156.35340529267773,161.84591979980468,161.86505772027172,162.7477823698563
2024-10-11,161.19915249290503,162.9589793006072,160.3142629412503,162.3027801513672,15344300,51.31299375998135,0.6575025557968956,0.7021676807568441,167.029456544791,157.23706414612695,162.13326034545898,161.90674557085222,162.73033130246458
2024-10-14,162.70046513584995,165.2755910857808,162.46183762718093,164.0128936767578,19016100,55.075084033852875,0.7356390064104517,0.7088619458875657,166.834995413298,158.11756348562776,162.47627944946288,162.107331104748,162.78062786616235
2024-10-15,164.83814757105517,166.71729595706415,163.6848189785555,164.5100555419922,20247200,56.13624078397375,0.8281333087456062,0.7327162184591738,166.7799989145247,158.78303666897142,162.78151779174806,162.33616200353316,162.84844855933213
2024-10-16,163.58537367338423,164.84808640066018,162.7999160190336,164.21176147460938,16406000,55.292345095322545,0.8673673999720108,0.7596464547617413,166.64421958488603,159.45074501472337,163.0474822998047,162.51479052458805,162.90191181091163
2024-10-17,164.77847983302945,165.4148047545223,161.82553046438127,161.9945526123047,21453400,49.353401444279946,0.7113504693248274,0.7499872576743586,166.6154825092483,159.5580282329392,163.08675537109374,162.46524405675152,162.86632909724077
2024-10-18,162.25306000415483,163.7643372928155,162.1436909535705,162.4817352294922,19757700,50.60874928597818,0.6198719948974087,0.7239642051189688,166.6122330237051,159.54437250608007,163.07830276489258,162.4668146446316,162.85124698478003
2024-10-21,162.01442609995885,163.55552987158697,161.68631896113368,163.1280059814453,20946500,52.297863545323096,0.592691119135452,0.6977095879222655,166.57361739150983,159.80371262558,163.18866500854492,162.52978524813767,162.86210027876692
2024-10-22,162.0442768634266,164.8182671012252,162.0442768634266,164.19187927246094,16568100,55.02460569577121,0.6495086314926084,0.688069396636334,166.62881624130023,160.0318786439537,163.33034744262696,162.68807991712086,162.91424847459805
2024-10-23,163.81405642655295,164.86798338254357,161.00030251118483,161.84542846679688,18280500,48.44684630027559,0.4994407078847871,0.6503436588860247,166.51126080972523,160.2776933528724,163.39447708129882,162.6078273980424,162.8723339644882
2024-10-24,161.89513565846306,162.39226497688696,160.0855776572324,161.7857666015625,22412500,48.288780708801674,0.3714151407900488,0.5945579552668296,166.5118398420705,160.2761209733592,163.39398040771485,162.52953589361573,162.8297234796676
2024-10-25,162.7303165163636,164.63929136354844,162.48175184608664,164.32113647460938,19828900,55.00688946199877,0.4691292858929046,0.5694722213920447,166.59849341249972,160.32071129941434,163.45960235595703,162.70016452037703,162.88821026378295
2024-10-28,167.78114595500233,167.78114595500233,163.00870143582344,165.76280212402344,32138600,58.322558763196355,0.6553444167855105,0.5866466604707379,166.74724668585984,160.2584585753706,163.50285263061522,162.99184429215288,163.0009393563414
2024-10-29,166.76699401414237,169.40178845873763,166.13066910445878,168.70579528808594,42169000,64.1332362122307,1.028539835366928,0.6750252954499759,167.4841792873029,159.78898050273617,163.63657989501954,163.53603010128938,163.22465919680198
2024-10-30,179.6426331826948,180.9749512117023,173.06064622942904,173.45835876464844,68890800,71.13257639816837,1.6883300294186938,0.8776862422437195,169.89533073503426,158.23288886945792,164.0641098022461,164.48101378351404,163.62598074848225
2024-10-31,172.1360161042455,175.8048331883122,170.01824018748218,170.1276092529297,44769000,62.000696195463796,1.920318624627896,1.0862127187205548,170.75213136407973,157.89807310369372,164.32510223388672,165.01878478060127,163.88094657218608
2024-11-01,169.09355238654865,171.33063403813247,167.91038233009985,170.30653381347656,31796500,62.28083060465006,2.094465282403803,1.2878632314572045,171.4627801940873,157.6079931213424,164.53538665771484,165.5223799265894,164.13293038557
2024-11-04,168.95436679599575,169.7497767581588,167.04539198951443,168.26834106445312,21492700,57.11542743488354,2.0444455467516605,1.4391796945160957,171.86144662263052,157.83173575041633,164.84659118652343,165.78390003495736,164.29510335336937
2024-11-05,168.45722424913848,169.55091475770118,167.87061532690117,168.7654571533203,18242100,58.02972774164432,2.0216137547201356,1.555666506556904,172.30496749621605,157.92113724011207,165.11305236816406,166.06785785575383,164.47041134552433
2024-11-06,172.80214969030013,175.92412112315387,172.50386907265272,175.49658203125,33695500,67.98329798725993,2.5176430959009792,1.7480618244257191,174.11819730942295,157.56449464614343,165.8413459777832,166.96583158675347,164.90281019594494
2024-11-07,176.39142952870222,180.0403569286527,176.1726914135067,179.71224975585938,25352900,72.39834761591324,3.2138715652178007,2.041223772584136,176.8069310669533,156.73204140619126,166.76948623657228,168.17977617428735,165.48357253162786
2024-11-08,179.6128172813832,179.86138194143007,177.05758046511664,177.32603454589844,22006200,66.78447644989456,3.532371043629041,2.339453226793117,178.36663544909754,156.6746624635001,167.52064895629883,169.05084840015508,165.9479828066973
2024-11-11,177.5547178158643,179.5134086393181,177.44534875364968,179.31455993652344,17450400,68.94552346311849,3.900281537435518,2.6516188889215973,180.19639267655003,156.37507186202419,168.2857322692871,170.02834473695205,166.47216230198458
2024-11-12,178.787601775427,181.44227061052396,178.36006265722634,180.57725524902344,25134900,70.26832473658932,4.244810678167795,2.970257246770837,182.04871583544968,156.12946867382766,169.08909225463867,171.03300288095886,167.02530320186847
2024-11-13,179.42392735486908,179.92105669289288,177.5149373462163,177.85299682617188,23184000,63.940150041023365,4.249047245543494,3.2260152465253684,183.081100905323,156.46120713911057,169.7711540222168,171.6825261138363,167.44991863811566
2024-11-14,177.2564251654299,177.79333331489727,173.3191695348543,174.57192993164062,31007500,57.25262074695156,3.942206772606937,3.3692535517416826,183.34644818208312,157.45359759428408,170.4000228881836,171.95770742981765,167.72921319864608
2024-11-15,172.73255057874763,173.1402002652983,170.236966835199,171.4996795654297,32504600,51.79041971320248,3.4117994580716413,3.3777627330076747,183.25288053438715,158.4489596755738,170.85092010498047,171.91408572844736,167.87707462479446
2024-11-18,172.42430723181965,174.43271364954478,171.90728856394193,174.29351806640625,20135300,55.909902951882195,3.1802275740199377,3.3382557012101275,183.34380351923124,159.4745878992258,171.40919570922853,172.14069833206247,168.12869985779886
2024-11-19,172.72260407260165,177.8430297605378,172.56351905656155,177.0973358154297,23434900,59.63743442677377,3.18622107419759,3.3078487758076203,183.7389462549344,160.3699908178195,172.05446853637696,172.61275904476412,168.4804110718236
2024-11-20,176.32181201959514,176.65985629395433,172.7822539205829,174.96961975097656,18997100,55.78324866573472,2.984874289147399,3.243253878475576,183.41399515167822,162.00736104949365,172.71067810058594,172.83722196916528,168.7348898435551
2024-11-21,172.90154661772263,173.1302369953593,162.76011297916298,166.6675567626953,59734400,43.869824116159066,2.1308354665910656,3.020770196098674,182.79709040884495,163.11244480844022,172.95476760864258,172.24963480664434,168.6538179580312
2024-11-22,164.89779453956643,165.5042928911672,162.9589781366054,163.8140411376953,38604600,40.65590211794772,1.2098028296413474,2.658576722807209,182.8675287022517,162.99129698134206,172.92941284179688,171.44624493341112,168.46402278860626
2024-11-25,165.13641317917185,167.6618386099698,164.65917328191838,166.6874542236328,33135300,45.02355938101314,0.7036272738764069,2.2675868330210482,182.78110243122353,163.17018846233117,172.97564544677735,170.99302677057509,168.3943534331171
2024-11-26,166.66758166120195,168.84501052303654,166.61786569467208,168.14901733398438,20486700,47.154084391940756,0.41562436834644245,1.897194340086127,182.80731870928622,163.0882943888583,172.94780654907225,170.72216872899503,168.38473240962168
2024-11-27,168.0297170852908,168.5069570042289,167.0553478258637,168.25839233398438,19266500,47.31861714369748,0.19396967747996996,1.5565494075648958,182.76253287833583,162.61308357674227,172.68780822753905,170.4875233580416,168.37977789685158
2024-11-29,167.53258236969043,168.4572356311654,166.20027942100947,167.97999572753906,14257200,46.91819984678554,-0.004110162060385392,1.2444174936398396,182.8145668311747,162.3462882713644,172.58042755126954,170.24871120275566,168.3641001647217
2024-12-02,167.8010472162495,171.09204112840575,167.60219850791555,170.50543212890625,23789100,50.971308709162415,0.04220523398782916,1.0039750417094375,182.8155906996618,162.36515423442023,172.59037246704102,170.27316081477,168.44807396723874
2024-12-03,170.50541009739786,171.68856506902026,169.86908521024029,170.35626220703125,22248700,50.72493541047044,0.06611165895881754,0.8164023651593135,182.77580846657213,162.6137285817677,172.69476852416992,170.28107523308057,168.52290487860316
2024-12-04,170.16733710736509,173.90575879671132,170.07785748297476,173.3688507080078,31615100,55.41227484790359,0.32440880499450486,0.7180036531263518,182.8370289299201,163.01284747388848,172.9249382019043,170.57514908783554,168.71294196995237
2024-12-05,174.35321930893994,175.049197416876,171.3406164358,171.64883422851562,21356200,52.35033839765636,0.38587210560436347,0.6515773436219542,182.58365450157862,162.8814471219565,172.73255081176757,170.67740481551937,168.82807499969996
2024-12-06,171.04233358531255,174.07482584315568,170.87331141634223,173.7069549560547,21462400,55.51771839844153,0.5938102811496151,0.6400239311274865,181.73865340381985,163.12591873973486,172.43228607177736,170.96593340033226,169.01940362543937
2024-12-09,173.15945800345577,175.44886145410123,172.8508718378986,174.56295776367188,25389600,56.8038183857333,0.8182428616727577,0.6756677172365407,181.37388999004523,163.2143744752868,172.29413223266602,171.30850714922173,169.23679790537005
2024-12-10,182.00855531536865,185.502397306232,180.21683563214248,184.31787109375,54813000,68.1169040243536,1.7629253728960066,0.893119248368434,182.65559152167057,162.4330040593841,172.54429779052734,172.54749419155775,169.82821254020848
2024-12-11,184.45722971599074,194.7098337526011,183.99935507018319,194.50079345703125,67894100,75.36884414341881,3.295283820949237,1.3735521628845948,186.95560495507925,159.52534444677622,173.24047470092773,174.63828459779333,170.79576473302507
2024-12-12,194.10261773753882,194.2817820941682,190.8277648699629,191.0766143798828,34817500,69.63324151037051,4.185142578130666,1.935870245933809,189.6737635724279,158.12954758479867,173.9016555786133,176.2038398151352,171.59109217015677
2024-12-13,190.13098313311997,191.84306905787375,188.7672926142497,188.94647216796875,25143500,66.25535541159081,4.664705558127196,2.4816373083724867,191.7709418065232,157.46982357433617,174.6203826904297,177.4174238487384,172.27169530732587
2024-12-16,191.98242240358925,198.08421748080238,191.733572884141,195.75498962402344,44934900,71.0837142261712,5.530402099540481,3.0913902666060857,195.32506170918833,156.3412346775304,175.83314819335936,179.16385868447983,173.19260880994148
2024-12-17,196.34228662818003,200.4930951236226,194.08272855714978,194.5207061767578,43504000,69.15198451626901,6.047168492609018,3.6825459118066726,198.0258658125124,155.66314938524152,176.84450759887696,180.62641558850632,174.02900478511074
2024-12-18,194.32161160052223,196.09341894237798,186.87603832190538,187.53298950195312,34166100,59.32308216798873,5.825704154229726,4.111177560291283,199.08129491773937,155.65128564866686,177.3662902832031,181.2841845326441,174.5585728132222
2024-12-19,190.748138909751,192.1416901461699,187.513095150107,187.64248657226562,32265200,59.420415113769245,5.594537226302492,4.407849493493526,200.1555928878934,155.84427436064178,177.99993362426758,181.88973710784614,175.07166747043962
2024-12-20,184.92506321844033,192.00234452424112,184.36764269628742,190.52915954589844,63462900,62.001810356557364,5.57994403307319,4.642268401409458,201.34910029878847,157.036927228067,179.19301376342773,182.7125392448035,175.67784363026155
2024-12-23,191.73356940291157,194.20216752678672,189.27493498031782,193.7343292236328,25675000,64.68783143784377,5.760604564999738,4.865935634127514,202.5108602317947,158.86719610365452,180.68902816772462,183.76223352850155,176.3859411045114
2024-12-24,193.9433748674021,195.20753479003906,192.8882552424337,195.20753479003906,10403300,65.88163197382457,5.95402047348739,5.083552601999489,203.81143935123941,160.41862504085043,182.11503219604492,184.85226222007654,177.12404281766936
2024-12-26,194.25194880473947,195.84459196860374,193.48550314170072,194.69989013671875,12046600,65.06535353880315,5.99720919897797,5.2662839213951855,204.78720924176568,162.0979424305976,183.44257583618165,185.79013154547104,177.8132917321419
2024-12-27,194.05284898883724,194.42115659969988,189.77263428806026,191.8729248046875,18891400,60.56505388809173,5.737189351163494,5.360465007348848,205.02298037358835,164.22362454584524,184.6233024597168,186.36944518920595,178.36464989184955
2024-12-30,188.9265638700057,191.66390866604786,188.24968525874627,190.3599395751953,14264700,58.24319553436891,5.347395043529843,5.357851014585047,204.702445289355,166.7821540148442,185.7422996520996,186.7494922735859,178.8350534088435
2024-12-31,190.20068633205602,191.07664159206533,187.64250571524292,188.4288787841797,17466900,55.327765103212116,4.827016932641499,5.2516841981963385,204.20972189275517,169.0672220769714,186.6384719848633,186.9094338460234,179.2112818549351
2025-01-02,189.7726449747486,191.11643850843902,186.63714698089748,188.55825805664062,20370800,55.48852691696035,4.374625398180058,5.076272438193083,203.3670586399935,171.73008491469398,187.54857177734374,187.06646472322504,179.5778299412765
2025-01-03,190.489329030918,192.32087307336826,189.10572628313417,190.9073944091797,18596200,58.41478340264176,4.157729797899378,4.892563910134342,202.81411782427574,174.03688010052895,188.42549896240234,187.4322675504588,180.02212658707663
2025-01-06,193.0873048290289,197.3077979271175,192.9579134138766,195.96400451660156,29563600,63.914156771952825,4.343792116244202,4.782809551356314,202.03153283727215,177.2509821163411,189.64125747680663,188.2448139281867,180.6472982705874
2025-01-07,196.2029178508013,200.07501580789895,193.70447411630906,194.5903778076172,26487200,61.53358965084859,4.330488473019926,4.692345335689037,200.71696640767397,180.65389083109557,190.68542861938477,188.8491533452753,181.19408570341213
2025-01-08,191.683825506133,195.38669258245946,191.49469743094454,193.05746459960938,24864800,58.89718872208963,4.148431420020017,4.583562552555233,198.20506369573565,185.01524422662766,191.61015396118165,189.24994489330712,181.65931624836105
2025-01-10,193.40585949210492,195.61564455345277,189.4342154897214,191.15625,26665200,55.709147173328354,3.8068547133416075,4.4282209847125085,197.5955401407938,186.30860567219452,191.95207290649415,189.4314977606112,182.03174502293513
2025-01-13,189.19532001022134,190.3001972959748,186.49778453538255,190.1309814453125,21823700,54.011274900056975,3.414066870831107,4.225390161936229,197.29940028298532,186.1677643288311,191.73358230590821,189.49811525439225,182.34936213753815
2025-01-14,190.3599316953501,191.09651654383717,187.44340746260227,188.78720092773438,17174900,51.78362793326764,2.9602241965692997,3.972356968862843,197.3339962064937,185.90422706010784,191.61911163330078,189.4304091280439,182.60182640382035
2025-01-15,192.20142977574318,195.45638605757955,190.97709427450172,194.65011596679688,21776000,59.610683012825156,3.038611629291438,3.785607900948562,197.62686151950896,186.18172612697543,191.9042938232422,189.92752406506798,183.0743083474665
2025-01-16,193.2465980564925,194.5804279448186,191.92271668187493,192.0222625732422,17815400,55.27918881666912,2.8557689012626497,3.5996401010113797,197.1474264072666,186.28788853413965,191.71765747070313,190.12702297060838,183.4252085131832
2025-01-17,195.6255975250055,196.3223731934333,192.85839187855623,195.09803771972656,27735100,59.03152365447464,2.925332657070612,3.4647786122232263,197.24474536483797,186.24830273086513,191.74652404785155,190.60045294671488,183.88296652128295
2025-01-21,198.15390588987137,201.3590737795005,196.9594160260543,197.1385955810547,29971300,61.34857892247863,3.10927659535011,3.3936782088486033,197.85196881691175,186.60163988670152,192.22680435180663,191.2231331976044,184.40279511186225
2025-01-22,198.14393463288008,199.5573980500264,196.62097682201127,197.4571075439453,26200600,61.71258127158839,3.243367226707335,3.3636160124203496,198.37114198509727,187.063928815684,192.71753540039063,191.81684504011307,184.91472893272825
2025-01-23,197.22819130144518,199.3782549776066,194.30171827365388,197.0689239501953,26951400,60.95909843016851,3.2804963266828793,3.3469920752728557,198.91743534760204,187.1716118936089,193.04452362060547,192.31704303154947,185.39136403145247
2025-01-24,197.18837511510904,199.9754777209976,197.08882922694013,199.28866577148438,23877500,63.68923881589513,3.449274925493796,3.3674486453170442,199.8241208955588,186.8203600004373,193.32224044799804,192.98100710201948,185.93635625655176
2025-01-27,191.5245367578076,195.97396712425268,189.8522601854155,190.9272918701172,41728900,49.61466967781492,2.875196708208165,3.2689982578952685,199.6305632793605,186.5858933246434,193.10822830200195,192.78541517517166,186.1320792217896
2025-01-28,191.86297701391987,194.58040947836048,189.80249572901596,194.4012451171875,24157900,54.148389264848284,2.66977902824118,3.1491544119644512,199.60164049312883,186.58495160892195,193.0932960510254,192.93930374107794,186.4563602372954
2025-01-29,194.66006109436606,195.88439657430914,192.5398581602494,194.51075744628906,18218300,54.28802746323685,2.4871504445117125,3.0167536184739037,199.73631310635238,186.71406225985857,193.22518768310547,193.0889659987171,186.7722189513736
2025-01-30,197.08882990069444,200.47317747002577,196.76034669489817,199.94561767578125,24354700,60.68681788171323,2.7492718807571066,2.9632572709305447,200.71927329446856,186.68966988180097,193.70447158813477,193.74198044415178,187.28882282291897
2025-01-31,201.07040739589794,204.534388379424,200.87133082232867,203.08111572265625,32001100,63.83232953902343,3.1734321450219056,3.005292245748817,202.1570579043152,186.71710896580197,194.43708343505858,194.63142189924744,187.90812842683025
2025-02-03,199.76644678798675,202.8123625387659,199.17916555521708,200.303955078125,27838300,59.30614800131778,3.248047091021533,3.0538432148033605,202.6477678965931,187.40096867567252,195.0243682861328,195.17166315437865,188.39423927590065
2025-02-04,202.4540365472158,206.09719755510824,201.8767037764101,205.43028259277344,43856400,64.33352541009396,3.678429120069893,3.178760395856667,204.41793406006886,187.08309133055613,195.7505126953125,196.14867452946388,189.06231940597408
2025-02-05,190.19072588273337,191.86298743209488,187.16470709545553,190.44952392578125,70373900,46.32314556583042,2.7786573218711226,3.0987397810595585,204.45868473373935,186.49089259780362,195.47478866577148,195.60589828149412,189.11671958322142
2025-02-06,188.62793494754752,191.21597601434,187.85152566522362,190.71827697753906,29297400,46.61190370639454,2.063481286706093,2.8916880821888653,204.5089096746874,186.05345757384777,195.28118362426758,195.14041053826028,189.1795257555476
2025-02-07,190.1708212328695,190.3002126652559,182.39676404459453,184.48709106445312,49315000,41.09228073389382,0.9825680662399634,2.509864078999085,205.2385040014199,184.46682589359963,194.85266494750977,194.12580868361198,188.995508708838
2025-02-10,186.48783259444508,187.33391183220394,185.00468401733505,185.61187744140625,23105600,42.41779643203142,0.21422792567454962,2.050736848334178,205.64986936949725,183.50102326966288,194.57544631958007,193.3149580891162,188.8628172865858
2025-02-11,184.17848916278777,186.0797029719188,183.43194066911968,184.4671630859375,21239500,41.396875759574286,-0.4815055566938895,1.5442883673285646,206.10993794193237,182.47457286129028,194.29225540161133,192.47231094595634,188.69043869048195
2025-02-12,182.37682528941733,184.2581269278111,180.99322265788507,182.76502990722656,22072600,39.860601228398245,-1.1568913527863174,1.004052423305588,206.67459378047823,181.30769992069366,193.99114685058595,191.54780798988682,188.45806971858957
2025-02-13,183.47178484763324,185.42275661553663,182.29720719308074,185.2834014892578,21402500,43.218145832677145,-1.4719600827503996,0.5088499220943905,206.78244909578873,180.2631731576292,193.52281112670897,190.95119784696976,188.33357292528243
2025-02-14,184.20837813225802,185.54220800020582,183.4717932262479,184.37759399414062,20448400,42.303320979340306,-1.7742924766888848,0.05222144233773546,207.00910927215938,179.27204612334845,193.1405776977539,190.3251403371765,188.1784364966102
2025-02-18,184.74589678490392,185.10424071494356,180.90365944170068,182.92431640625,29916700,40.81072096765159,-2.106873704287949,-0.3795975869874015,207.09013884187107,177.9736444222891,192.5318916320801,189.62029996280253,187.97239257149803
2025-02-19,183.22292953180167,184.6065322377559,182.74512752374517,184.4174041748047,19549400,43.03455275952943,-2.2243263688265813,-0.7485433433552375,206.71586770724386,177.0757964162913,191.89583206176758,189.12478607823132,187.8329812618238
2025-02-20,183.9495791218272,184.4572267048234,181.87914917011352,183.71067810058594,20441500,42.22585215513072,-2.3473762473192608,-1.0683099241480423,206.21643595406272,176.20058522513648,191.2085105895996,188.609156747027,187.67132231432427
2025-02-21,184.29794713548316,184.48707519951907,178.25588873059436,178.83322143554688,35199200,37.05100575592862,-2.8061169829811092,-1.4158713359146557,206.0049596932158,174.58849123451856,190.29672546386718,187.6781152887908,187.32473012299968
2025-02-24,181.15250613186586,182.27729565940143,178.06676593885823,178.42510986328125,29854200,36.64631846506502,-3.166106608048125,-1.7659183903413496,205.21647726097797,173.2906180759361,189.25354766845703,186.79687667683748,186.9757254069323
2025-02-25,177.22067008112575,177.91746089820734,173.88609557732903,174.61273193359375,41913400,33.01825103796966,-3.716190090932713,-2.1559727304596223,205.65846608054156,171.21717326272014,188.43781967163085,185.6364819393857,186.49090213346804
2025-02-26,174.26436286262216,175.26970953461128,170.79041782229913,171.93511962890625,35431300,30.718004282748126,-4.318416136405034,-2.588461411648705,205.78301274611457,168.846014048319,187.31451339721679,184.3315902907686,185.92008713328914
2025-02-27,173.1893356179125,173.75670468511518,167.16717356296937,167.72459411621094,39991000,27.47644349123894,-5.07691531678887,-3.0861521926767383,206.0606021552468,165.889808306179,185.9752052307129,182.7499716074774,185.20653838752136
2025-02-28,167.90375578067133,169.82488214403156,166.00255682205264,169.49639892578125,48130600,30.78636059054901,-5.471983916989501,-3.563318537539291,204.694862670509,164.2106259159168,184.4527442932129,181.487726590173,184.59045448706098
2025-03-03,171.13881261054323,172.57218851048452,165.16642315316903,166.241455078125,40770500,28.236797462752378,-5.978805447250494,-4.0464159194815315,202.4153739392398,162.80614858273285,182.61076126098632,180.0357007318827,183.870885882789
2025-03-04,165.4749823837437,172.49252670098738,165.03700479811678,170.13343811035156,45388000,35.15216144797034,-5.997281726824326,-4.436589080950091,199.7974598334501,162.4070109917452,181.10223541259765,179.09262810126071,183.33216244073262
2025-03-05,169.73529012314535,172.98028249678805,168.2820021982634,172.22378540039062,30954900,38.575777777888106,-5.776661002762864,-4.704603465312646,194.60432008877106,164.279501017186,179.44191055297853,178.43845260593974,182.8965398116996
2025-03-06,169.7452376648565,174.0055403400316,169.71537693678601,171.55686950683594,28302000,37.888496892641754,-5.591180381371345,-4.881918848524386,193.11650345417004,163.87805220989245,178.49727783203124,177.78306373935843,182.45184685856768
2025-03-07,170.4718800246714,174.1648138078256,169.48644558654738,173.05992126464844,27385800,40.4630037101975,-5.262242086138002,-4.95798349604711,191.22395031447152,164.0047697783019,177.6143600463867,177.3332406465289,182.083536050963
2025-03-10,167.6785699397653,167.87789100205225,163.12436954047675,165.2968292236328,43604000,32.8820141074368,-5.563836324356544,-5.079154061708996,190.91464193298773,162.3950519757037,176.65484695434571,176.18691574911023,181.42523382244028
2025-03-11,164.34014854098334,166.17378667553444,160.81237268027317,163.47314453125,39587400,31.39397681239562,-5.882201685038581,-5.239763586374913,190.30842687972884,160.78739373794693,175.54791030883788,174.9760803950283,180.721230320825
2025-03-12,166.0043948548276,167.06072965689114,162.96493090148982,166.53256225585938,28372400,36.57912688464169,-5.820543483210486,-5.355919565742028,189.30893890913168,159.99342162553629,174.65118026733398,174.17193581034553,180.16481196533616
2025-03-13,165.46625097868807,165.5559515451144,161.54983818219623,162.1975860595703,31756200,32.796767839634185,-6.051714862300287,-5.49507862505368,188.76176747252924,158.4838486773731,173.62280807495117,173.03152154836692,179.4602148709924
2025-03-14,162.70582188820455,165.91469633780176,161.88864811378173,164.91815185546875,31995900,37.18651500219061,-5.946841436418055,-5.585431187326556,187.1698819981468,158.03920918837665,172.60454559326172,172.2588196728528,178.88993788999147
2025-03-17,164.4597537744784,165.72536967150563,163.10445251309577,163.72230529785156,31184300,36.07116686898666,-5.892300541118942,-5.646805058085033,185.5391517300413,157.60441058685322,171.57178115844727,171.44581830380505,178.2951287687311
2025-03-18,163.11438513260956,163.68242275706862,156.17844440971348,160.1147918701172,42074800,32.86843102308728,-6.07019919526374,-5.731483885520775,184.21943231697267,156.64317754630858,170.43130493164062,170.36667292916812,177.58217438055016
2025-03-19,161.20103994792456,165.2968386316175,160.44367156873926,163.3236846923828,34275600,38.130644469965034,-5.884422369296004,-5.762071582275821,181.82181852343035,156.9314193916087,169.37661895751953,169.69591214471237,177.02301792219066
2025-03-20,161.0117117252994,164.32023175461748,160.4038189359583,162.23745727539062,28138500,37.07131776998717,-5.758462400798777,-5.761349745980413,179.14286110571067,157.46305472680888,168.30295791625977,168.98558310953885,176.44319201447303
2025-03-21,160.65294731947398,163.67247597151626,160.33404577702316,163.42333984375,36625800,39.06176759335209,-5.49955199380733,-5.7089901955457965,177.36466261317588,157.70026506016399,167.53246383666993,168.4558456556542,175.93260957640547
2025-03-24,166.492708348571,167.7383890591239,164.56936942432435,167.1005859375,30879100,44.883471894412885,-4.940687433913098,-5.555329643219257,175.3556692083516,158.5768060724101,166.96623764038085,168.32677330154428,175.58625570821312
2025-03-25,168.39609981984145,170.04040750974747,167.73839194994267,169.97064208984375,24174400,48.98032471319288,-4.217576106356972,-5.2877789358468,174.46373844721768,159.00452784916905,166.73413314819337,168.4833322337633,175.3660355663163
2025-03-26,168.41601157841293,169.02390429945322,164.27038302856647,164.4896240234375,28901600,42.485534612968046,-4.040204557513704,-5.038264060180182,173.74623848974105,158.9774782460988,166.36185836791992,168.10297907087514,174.93950962345832
2025-03-27,164.06112302928733,164.84838647984,161.44020617422274,161.67938232421875,24508300,39.587095246868024,-4.079374852146685,-4.8464862185734825,173.69958104327185,158.4196145133688,166.05959777832032,167.49120795214597,174.41950463133128
2025-03-28,159.935424629148,161.26083057547865,153.09912907789933,153.7967071533203,48669300,32.82291824764641,-4.692392619669874,-4.815667498792761,174.49127149081045,156.0579548885841,165.27461318969728,166.18696978082926,173.61076747533085
2025-03-31,152.58093987828155,155.00253588696825,150.13940872047658,154.10565185546875,54603500,33.30392745900856,-5.09455747417141,-4.8714454938684915,175.13022973259763,154.20541632453126,164.66782302856444,165.03636807365206,172.84586098043428
2025-04-01,153.0891615011919,157.55369181763876,153.0891615011919,156.52725219726562,30672900,37.10540133337729,-5.158410167963211,-4.928838428687436,174.7195004737351,153.25552699208518,163.98751373291014,164.22597608542478,172.20591553795708
2025-04-02,154.61387643325034,157.86262130532444,154.1654344397735,156.49734497070312,25041700,37.07729409765185,-5.152037667862487,-4.973478276522446,173.69413894530155,152.70824447755004,163.2011917114258,163.48991597926081,171.58989316277066
2025-04-03,150.58785527738945,152.2520829364648,149.870341948127,150.19920349121094,46883400,31.64154247601506,-5.590748132895641,-5.096932247797085,173.366821000236,150.89979582105306,162.13330841064453,162.22413383754179,170.75104258741538
2025-04-04,147.49855413182192,150.54799324363788,144.8776522919314,145.09689331054688,62259500,28.05335220419832,-6.277776823525642,-5.333101162942796,173.14197261533175,148.32834141054715,160.73515701293945,160.5929680730661,169.74499751773428
2025-04-07,141.0608910476278,152.32184805897472,140.04441129882048,146.242919921875,76794100,29.97418050885217,-6.653084622704995,-5.597097854895236,173.56442235993612,146.00050073576702,159.78246154785157,159.2262968205717,168.82334741593587
2025-04-08,150.69745588802078,151.7139355045659,142.5357542501846,144.19998168945312,52200200,28.51280077686647,-7.034279998178846,-5.884534283551958,174.12512411962877,143.51248269189466,158.8188034057617,157.7952191890366,167.8577252305836
2025-04-09,143.9209605893895,158.99868434001036,143.41272834835817,158.16159057617188,70406200,47.3903652788574,-6.139028030755668,-5.935433032992701,173.27002351917955,143.53048612437513,158.40025482177734,157.83011170209713,167.4774846559008
2025-04-10,155.9990938016626,157.1750244032135,149.41193301548267,152.29196166992188,48022000,42.329542642335504,-5.8358918661135135,-5.915524799616863,172.90152093310408,142.90842627148575,157.90497360229492,157.30266884188995,166.8819739505683
2025-04-11,152.37166086891528,157.12518279409443,152.29195068350106,156.59701538085938,33636200,46.81562968017027,-5.18846304375657,-5.770112448444805,172.12356975056338,142.85426380656554,157.48891677856446,157.23546375036324,166.47864224195226
2025-04-14,159.44713439436606,161.1611923055906,157.0155631618818,158.52035522460938,30333000,48.73431265542938,-4.468661636496762,-5.509822286055197,171.5791560746092,142.8784824751955,157.22881927490235,157.3578343669581,166.16655255499765
2025-04-15,158.58012970667488,159.0983218935906,154.6736771269803,155.76986694335938,27551500,46.169180079545704,-4.073201916646525,-5.222498212173463,171.30940926687447,142.71373679025442,157.01157302856444,157.2065993742344,165.75883939375692
2025-04-16,152.57096991980188,155.35132240030543,150.98645259897873,152.8001708984375,28187400,43.50651725515673,-3.953849377137743,-4.968768445166319,170.57824369385267,142.3925509838817,156.4853973388672,156.7869395193966,165.2506563155091
2025-04-17,153.75683862644127,154.14549035907424,147.98685287180376,150.63766479492188,33046600,41.624004624952526,-3.9877890495735357,-4.772572566047762,169.95622927121354,141.85458615847398,155.90540771484376,156.20129430754187,164.6775978245057
2025-04-21,148.36555457655837,148.43530478654532,145.59516199807078,147.15972900390625,26049100,38.722048725850605,-4.246377242935296,-4.667333501425269,169.1934691949319,140.9909851507712,155.09222717285155,155.34019285005274,163.99062257663908
2025-04-22,148.37550764431742,151.66410748339032,148.02671099242252,150.94659423828125,26971800,43.35296671907176,-4.098496951312086,-4.553566191402632,167.29830082608444,141.27075434969683,154.28452758789064,154.92175488702688,163.47909205356623
2025-04-23,155.0722827287534,156.98564625118482,153.2784996745797,154.8131866455078,31128800,47.69912035003123,-3.627483688052905,-4.368349690732687,164.25968073379295,142.7936288975547,153.52665481567382,154.91141505450125,163.13925262579926
2025-04-24,155.6104249592094,159.03854063446718,155.2516683139833,158.7296142578125,45894000,51.73816048504409,-2.9046957812352048,-4.0756189088331904,162.99802200467133,143.4792866501138,153.23865432739257,155.27505307386423,162.96632563097626
2025-04-25,164.49959867786362,165.52603823874784,160.48351057877483,161.4003448486328,56034000,54.32840077748689,-2.092257279688795,-3.6789465830043113,162.9339317350639,143.51547317216264,153.22470245361328,155.85841419527077,162.90491461990396
2025-04-28,161.86872639451175,162.5862396977989,158.0519740918863,160.05502319335938,29745800,52.79137932741617,-1.5392071067647066,-3.2509986877563906,163.71650402792704,143.3587324833034,153.53761825561523,156.2580912427078,162.7931541718042
2025-04-29,159.76601814888411,160.18456500527563,156.97569056687874,159.6065673828125,26809000,52.26061015714308,-1.1241391201952524,-2.825626774244163,164.34724494881772,143.27808311514713,153.81266403198242,156.57699373224156,162.66818998400058
2025-04-30,157.43409270690867,158.7196436016194,154.86300612354924,158.2512664794922,34981100,50.60470915700396,-0.8942478737724286,-2.4393509941498164,164.55449057138674,143.24323892080076,153.89886474609375,156.7364482795988,162.49497729754927
2025-05-01,159.8955762805081,161.39039316416392,158.3609043039561,160.74264526367188,30203200,53.52020744661392,-0.5052003232926836,-2.0525208599783897,165.14705503640263,143.07520448508174,154.1111297607422,157.11799084951053,162.42625839425997
2025-05-02,162.84535826769726,164.39996542535462,161.31067105386134,163.4632110595703,25715000,56.53703671116181,0.022391471465880386,-1.6375383936895358,166.39891284288976,143.14974743543056,154.77433013916016,157.7222975361829,162.4669232046643
2025-05-05,162.436752596043,164.81849332954616,162.15772135408076,163.642578125,21341800,56.736414699979136,0.44980017660770955,-1.2200706796300869,167.030829542229,144.37239921753664,155.7016143798828,158.2861337827369,162.51302731918727
2025-05-06,161.60963501178307,164.23055216038995,160.63302556719455,162.6659698486328,21277200,55.250291438580945,0.701632545466083,-0.8357300346108529,167.3342356378773,145.71129811456413,156.52276687622071,158.70326102710794,162.51902506544002
2025-05-07,163.5130144970414,164.4298335624806,147.32912722252786,150.85690307617188,127490100,41.19795681610525,-0.05109252112853824,-0.6788025319143901,166.4060614602308,147.30516443088246,156.85561294555663,157.9559888413045,162.06168694821383
2025-05-08,154.464385147347,155.39116415932176,152.3716357822811,153.7468719482422,57498700,44.8919112099919,-0.4097133040660026,-0.6249846863447127,166.26199631262747,147.00775771569286,156.63487701416017,157.55512056577476,161.73561577174436
2025-05-09,153.6372746936992,154.5142387821615,151.67408067225014,152.22218322753906,32435300,43.34484372023435,-0.8076424957218933,-0.6615162482201489,166.2651825869001,146.99759359718195,156.63138809204102,157.04722177165706,161.36253998569708
2025-05-12,156.94581087118723,158.5502482480448,155.7100901217978,157.91246032714844,44138800,50.23741141210409,-0.6562812391219666,-0.6604692464005124,166.34791354226573,147.0464071364452,156.69716033935546,157.12962544360863,161.2272427441854
2025-05-13,158.24129609505388,160.01515931291138,155.62039437316713,158.97874450683594,42382100,51.42984800236085,-0.44515466489767164,-0.6174063300999443,166.3912198141924,147.0489397927412,156.7200798034668,157.30573202105884,161.1390663427207
2025-05-14,159.40725946266062,166.4229258122212,159.0584628171564,164.79855346679688,48755900,57.426297710935394,0.18958914550168515,-0.4560072349796184,167.47792482233712,146.86510343694022,157.17151412963867,158.0193340635101,161.28257564170409
2025-05-15,165.26694125278715,165.6356730691148,161.80893051621783,163.39344787597656,33146700,55.64022742275817,0.5726467943188993,-0.25027642911991493,168.14952636004827,147.252829596983,157.70117797851563,158.53115442660214,161.36535494500887
2025-05-16,167.15039440077075,168.76480673115492,165.04768502743337,165.61572265625,42846900,57.8719127020678,1.043512777495863,0.00848141220324064,168.91382893339397,147.9863328097701,158.45008087158203,159.2058752103781,161.53203603172423
2025-05-19,163.94152401470697,166.06416858529283,163.65253281131433,165.96450805664062,30426100,58.227121135108874,1.4283563258566119,0.2924563949339149,168.92023059303511,149.86040905540239,159.39031982421875,159.8495545290698,161.70585846407388
2025-05-20,165.85490703254322,167.91776161058672,162.33710588412995,163.4133758544922,46607700,54.60077164542974,1.5100852399181974,0.5359821639307714,168.8216533879307,151.2056644221279,160.0136589050293,160.18896608387192,161.7728199303648
2025-05-21,163.1243721968136,172.54171471286378,162.9948165454298,167.9775390625,73416000,59.46473445376727,1.9210017078141846,0.812986072707454,169.80506769083172,151.53868536092608,160.6718765258789,160.93073493897936,162.01614224927206
2025-05-22,171.25618084668935,176.15917803179707,170.12012070875053,170.27955627441406,74864400,61.693897450332855,2.4046897527535407,1.1313268087166715,171.28181761154437,151.21692964187358,161.24937362670897,161.82109887568743,162.34019770123842
2025-05-23,168.47580548761593,169.3727046333075,167.30985028367255,167.88784790039062,35211400,58.11785457026807,2.565452199689929,1.418151886911323,172.03701124774474,151.11048631084898,161.57374877929686,162.39888449708772,162.5577526110091
2025-05-27,169.57202886061165,172.5716225630013,169.4125780788469,172.30255126953125,37995700,62.445042639029666,3.014339830586465,1.7373894756463515,173.65993903366825,150.7123113325427,162.18612518310547,163.34209085636806,162.93990157800997
2025-05-28,172.56165823831284,174.66436785084326,171.31597754856884,171.76441955566406,34784000,61.609447495485,3.288753081828389,2.047662196882759,174.9597925327948,150.6282430507013,162.79401779174805,164.14421739915815,163.28596110654541
2025-05-29,173.39874848808273,173.81729536660228,170.04039828273065,171.26614379882812,29317300,60.798197885644,3.4265220578193123,2.3234341690700697,175.97430430068854,150.91521901474115,163.44476165771485,164.82249610388862,163.59890944741926
2025-05-30,170.7579241400477,171.61495310854446,166.86143108525064,171.14657592773438,52639900,60.59201528805783,3.48587385205181,2.555922105666418,176.88010031071997,151.04981607111597,163.96495819091797,165.42478942044536,163.89489636821594
2025-06-02,167.2600172613062,169.2830012834345,166.81157529888503,168.44590759277344,38612300,55.97465105842173,3.2772115575412784,2.70017999604139,177.27983810681874,151.14834792833753,164.21409301757814,165.71251496066708,164.07336739662998
2025-06-03,166.91126012169556,167.89782954141205,164.708889870391,165.60577392578125,45084900,51.52761181286479,2.849819193164251,2.7301078354659625,177.38941240256733,151.23509321266707,164.3122528076172,165.7023491478208,164.13346177032219
2025-06-04,166.1638436483944,167.63872532387313,165.78515185366567,167.4693145751953,26900800,54.10415660040253,2.6311495669741305,2.7103161817675963,177.67861462606308,151.42622546182756,164.55242004394532,165.8706315694755,164.26427952737606
2025-06-05,169.7513830642687,170.339340657981,167.0108857444217,167.62875366210938,36379100,54.32784086458707,2.4425613873827103,2.6567652228906193,176.87319620838585,153.90882893809854,165.3910125732422,166.03807176877396,164.39621968952247
2025-06-06,170.23969140570108,173.89700773798458,170.23969140570108,173.079833984375,35731800,61.276610429875205,2.7018156725287383,2.6657753128182433,176.9315745811124,155.78374676898528,166.35766067504883,166.7087157893074,164.73675358343826
2025-06-09,174.14743750903665,176.07310468622353,173.97782168090652,175.69395446777344,28935900,64.09763655258342,3.0826790322443856,2.749156056703472,176.6028337849868,158.45966468913426,167.53124923706054,167.56445280630416,165.16644773576513
2025-06-10,175.8037071645682,180.70266778284787,174.51661519040564,178.1983184814453,61766100,66.60744152506834,3.545724331890085,2.9084697117407945,177.6251234429883,159.4659608465625,168.5455421447754,168.57720191822239,165.6775014904977
2025-06-11,179.3656814209572,179.96432281914957,176.3524694759701,176.9511260986328,31646800,64.20044398537003,3.76861086566862,3.08049794252636,178.08390029416518,160.80442215456532,169.44416122436525,169.3747185068329,166.1196044163069
2025-06-12,175.78375628436552,176.32255032681226,174.3569797237004,175.30484008789062,20941900,61.06360754985006,3.768962275998092,3.2181908092207063,178.69705996287016,161.2418911479697,169.96947555541993,169.93949199074316,166.47980973676118
2025-06-13,172.05216517338764,176.7316192634362,172.00227458420645,174.2771453857422,27663100,59.121631949001554,3.6443051166717737,3.30341367071092,178.86389019516727,162.16343066664913,170.5136604309082,170.3526018378859,166.78558760534867
2025-06-16,174.33701609632743,176.5420523549515,174.25719419482596,176.3724365234375,27389200,61.789756263789464,3.6722544402445294,3.377181824617642,179.45888910522945,162.6441031433057,171.05149612426757,170.92591942698604,167.16154246488156
2025-06-17,175.30482253964252,176.96109261622635,174.18734645157147,175.55426025390625,24973000,60.1391000829239,3.587035382337575,3.419152536161629,179.8096753335805,163.25229213468126,171.53098373413087,171.36671379145463,167.49066865268648
2025-06-18,175.6141436330853,176.16290971424257,172.81046582918458,172.93020629882812,28707500,55.058927644921674,3.27006417665109,3.3893348642595216,179.36364453983475,164.65000597286058,172.00682525634767,171.51561783977593,167.70398385449596
2025-06-20,173.55878574385125,173.94790803011588,165.08788938336605,166.26522827148438,75659900,44.724669350150926,2.452780065437423,3.202023904495102,179.51161142101827,164.3308080125755,171.92120971679688,171.01558073803386,167.6475620669269
2025-06-23,165.8960542954959,166.9636398925432,161.63565348702906,164.8184814453125,57671000,42.844797860488555,1.6690958432768923,2.8954382922514603,179.85508496836607,163.44122698231754,171.6481559753418,170.42538080539373,167.53661772882438
2025-06-24,166.54458452923419,167.84166379185558,165.756367987998,166.39492797851562,40524300,45.53137211665785,1.1618336166741585,2.5487173571360002,179.94985566761065,163.19716429088547,171.57350997924806,170.04152815521488,167.49184558175347
2025-06-25,167.25299905707695,171.97235685648238,167.17317715297744,170.29612731933594,35479000,51.59505393192944,1.0623724621457598,2.2514483781379524,179.86082331542158,163.085554248055,171.4731887817383,170.065775694655,167.60181741459985
2025-06-26,172.04218458564608,173.29936049404486,169.55779452756443,173.14968872070312,31796700,55.49759278470367,1.1999747752351482,2.0411536575573916,179.9630266701297,163.1218778098508,171.54245223999024,170.35948169713578,167.81938099523137
2025-06-27,173.14968136313868,178.27812028762878,171.34375470263782,178.1284637451172,108140200,61.35225235586866,1.6912751674922504,1.9711779595443635,180.8033031358438,162.96783333876556,171.88556823730468,171.09938474932449,168.22365875012883
2025-06-30,180.3734186271616,180.82240351749414,174.1873656755976,175.83364868164062,63378900,57.59140513002379,1.8738611658494904,1.951714600805389,181.20074350121956,163.03910024878041,172.119921875,171.55026702859269,168.52208972783518
2025-07-01,175.344768335238,175.6939720547657,173.13973189988045,175.4445343017578,35904500,56.953886590694104,1.9645178674111037,1.954275254126532,181.49376185985443,163.44594456104403,172.46985321044923,171.921149626037,168.79355814249882
2025-07-02,175.14518633422566,178.4577266308603,174.67625741761273,178.23822021484375,29128900,60.34770393571763,2.236015665206537,2.010623336342533,181.86715552968568,164.33579552011904,173.10147552490236,172.52277539639954,169.16393704729668
2025-07-03,178.09853847776557,179.265905222364,176.65180269468908,179.126220703125,21689700,61.38972786441227,2.4940836008327096,2.1073153892405685,182.42332701013288,164.9453146524648,173.68432083129883,173.151674949421,169.55461483772132
2025-07-07,178.65727862884938,178.89674433224096,175.28487562232132,176.3923797607422,34175600,56.46967924072081,2.4497667960097544,2.1758056705944058,182.45231188985525,165.7926923826057,174.12250213623048,173.46031350288015,169.82276248176137
2025-07-08,177.4500058972594,177.54977185383785,172.42133277200756,173.9678497314453,40442500,52.45458151081407,2.1937182793982117,2.1793881923551672,182.4827666717156,165.85103917545237,174.166902923584,173.50865028655303,169.98531492292545
2025-07-09,174.85586430994886,179.03644347316074,172.3814460707259,176.2227783203125,43025600,55.61542352014737,2.147991171997944,2.173108788283723,182.53298069055924,165.85370754186263,174.19334411621094,173.76713867072058,170.22992133066612
2025-07-10,175.2349902719471,178.02868052999747,173.98780168372105,177.2205047607422,29252400,56.97826519412947,2.1672772720235116,2.1719424850316806,182.3962332360369,165.89267362431468,174.1444534301758,174.09603067929407,170.50406185733578
2025-07-11,176.39238193299045,181.0219456842772,176.08308157759498,179.7847442626953,34282900,60.34810360274796,2.3622438659654676,2.210002761218438,182.8328527845803,165.7394158921775,174.2861343383789,174.63781292533227,170.86801018695772
2025-07-14,180.60289104600895,183.2569121837853,179.27588047712075,181.1516571044922,32536600,62.054381307906056,2.5971167931463413,2.2874255676040187,183.6554415260442,165.50150885237375,174.57847518920897,175.2581790376332,171.2712904582336
2025-07-15,182.39885886185957,183.8056914333515,181.19158867102598,181.59068298339844,33448300,62.61088104767403,2.7865592786492357,2.3872523098130625,184.5442028016223,165.34410133656127,174.94415206909179,175.8612746515156,171.675972518044
2025-07-16,182.82788394956327,183.91542879782378,181.62059863833602,182.55848693847656,33104200,63.868842007104,2.9804309514153147,2.505888038133513,185.42865007331696,165.07825910637055,175.25345458984376,176.49910439313095,172.10273778943352
2025-07-17,181.73036564766983,183.64604573142148,180.07409534184728,183.16712951660156,31992600,64.67380953078327,3.146912371336981,2.6340929047742065,186.40860346579214,164.8595926401649,175.63409805297852,177.13415440489007,172.53663550422445
2025-07-18,184.98301522964096,186.00072543502688,183.2968289565469,184.64378356933594,34014500,66.6170320655366,3.359280047888774,2.77913033339712,187.63011710787103,164.8094367251368,176.21977691650392,177.84935718245634,173.0114256244249
2025-07-21,185.83110772544197,189.86201471908177,185.73132654425748,189.67245483398438,45803100,72.22106298180455,3.888530151223108,3.001010296962318,189.29252139609954,165.48775509315826,177.3901382446289,178.97536648260188,173.66479931891743
2025-07-22,191.0693117786785,191.21896833519165,187.03840453704987,190.90966796875,44660200,73.4040162691442,4.357566121552111,3.272321461880277,190.5144898106929,166.87490533090863,178.69469757080077,180.11196662413982,174.3410686777344
2025-07-23,191.06930248089483,192.09698471753413,188.7545130229886,189.80215454101562,58681900,70.50941821779925,4.5870369231980135,3.5352645541438243,191.18162269185183,168.54849510599973,179.86505889892578,181.0348416638423,174.9473857704121
2025-07-24,196.58687870624138,197.50480780114538,190.57044138213487,191.73780822753906,74881700,72.54702858866199,4.868958934544111,3.8020034302238814,192.49675837605375,169.37752751261812,180.93714294433593,182.0541718127658,175.60583370990727
2025-07-25,191.54821586623893,193.8929365997576,190.82983399147875,192.74551391601562,39785900,73.57082168734168,5.114738070325757,4.064550358244256,194.00704091103665,169.82682749716645,181.91693420410155,183.07239487021815,176.27797803171546
2025-07-28,193.2144667106556,193.61357622809174,190.41078895772904,192.14688110351562,38139500,71.85646888149964,5.201258273484257,4.291891941292256,195.3894043310799,169.84630581296307,182.61785507202148,183.93663165434174,176.9002879560998
2025-07-29,191.9971978721824,195.47935398479527,191.64799419278697,195.3097381591797,41389200,75.15109128102173,5.46207884423427,4.525929321880659,197.1320612475319,170.05125784426497,183.59165954589844,185.0197846548025,177.62222717974998
2025-07-30,195.1600963397073,197.155598285003,194.2521393007246,196.08799743652344,32445400,75.89873772866098,5.6662628936500425,4.753996036234536,198.68648914159428,170.56117626367916,184.62383270263672,186.07390015782354,178.3463750329568
2025-07-31,195.26984291287636,195.54921195775628,190.66022322341527,191.46839904785156,51329200,63.65566070501331,5.393148384054399,4.881826505798509,199.32792435832522,171.242758930249,185.28534164428712,186.58766195687383,178.86096421001147
2025-08-01,188.60486968944682,190.40082452841267,187.39759950913643,188.70465087890625,34832200,57.66284371999546,4.897239459822231,4.884909096603254,199.57380754683618,171.95471875931617,185.76426315307617,186.78927994944834,179.2469911382034
2025-08-04,189.86201672672937,194.830827292421,189.69240089649873,194.60133361816406,31547400,65.19229534665624,4.923288476050374,4.892584972492678,200.28217798163323,173.0672437102613,186.67471084594726,187.5332850607546,179.84912221584895
2025-08-05,194.2720962985156,197.4150057356091,193.45393320281906,194.232177734375,31602300,64.41988457382595,4.85814306525964,4.88569659104607,200.29238640439084,175.08346808779666,187.68792724609375,188.1712748391946,180.41316360873233
2025-08-06,194.0625664055758,196.18778087351924,193.23443126184418,195.64898681640625,21562900,66.08093254173598,4.864761566878968,4.88150958621265,200.51542687372358,176.8030484680733,188.65923767089845,188.88343788464334,181.01064687177836
2025-08-07,196.6167969951023,197.09571318148866,193.8929412029117,196.07801818847656,26321800,66.58958262987301,4.848732849203088,4.874954238810738,200.59605626417954,178.60817042039076,189.60211334228515,189.56863600881795,181.60152417831554
2025-08-08,196.7764442791972,202.15432130991044,196.72655368662487,200.9669952392578,39161800,71.78245934082196,5.170922389556921,4.9341478689599745,201.7537803088291,179.56867147339744,190.66122589111328,190.6541940307646,182.36095441599957
2025-08-11,200.48808049350347,201.02685931355308,198.62229106869012,200.54794311523438,25832400,70.76716344666414,5.330993542167818,5.013517003601543,202.6139657925348,180.64811459076597,191.63104019165038,191.59645584833314,183.07416965910681
2025-08-12,200.91710457512625,204.04006993048975,200.1388600495838,202.88267517089844,30397900,73.05393767682233,5.581899782503768,5.127193559381988,203.70845702609247,181.68282257595828,192.69563980102538,192.67133387905363,183.85097379682415
2025-08-13,203.6709007567403,204.06999503609887,197.06577929471834,201.5057830810547,28342900,69.59625037437877,5.605029806568552,5.222760808819301,204.23592116151528,183.0500880547933,193.64300460815429,193.51270999352994,184.54331925895082
2025-08-14,201.0468177297292,203.98020797768137,200.77742070862897,202.48358154296875,25230400,70.65833935600921,5.6372776536487095,5.305664177785183,204.6901023054946,184.5275521134507,194.60882720947265,194.36707871252412,185.2468589563633
2025-08-15,203.39154613868575,205.97571755828142,200.82731877734264,203.44142150878906,34931400,71.70120876626756,5.6747094666841065,5.3794732355649675,205.21468392448668,185.88273428840392,195.5487091064453,195.23130183597792,185.96037121332117
2025-08-18,203.74073522255918,204.80833601681928,202.0345896716843,203.0423126220703,18526600,70.57561153453497,5.607529586028477,5.4250845056576695,206.0203556573843,186.41404833431494,196.21720199584962,195.97520762512957,186.63025126856624
2025-08-19,202.57337657986534,202.98245812812408,199.51028904350812,201.11666870117188,24240200,65.25298277964359,5.337379684861588,5.407543541498454,206.42952542349357,187.02557864144782,196.7275520324707,196.46487058475265,187.1983460698449
2025-08-20,200.278551944333,200.8273180336849,196.15785070859312,198.87173461914062,28955500,59.608881569073525,4.885815879000575,5.303198008998878,206.3534483942833,188.00861367847062,197.18103103637696,196.69409573088484,187.65612601295453
2025-08-21,199.3007354736328,202.02459107482636,198.98144788878304,199.3007354736328,19774600,60.3152916122522,4.510570049365242,5.144672417072151,206.40448504343868,188.7138697539246,197.55917739868164,196.94234713495607,188.1127773643537
2025-08-22,202.27403645691825,208.07096677186306,200.84725997228378,205.62648010253906,42827000,68.94102898547385,4.669789326465491,5.049695798950819,207.43989772335578,188.96655369265983,198.2032257080078,197.769407417583,188.7995892364394
2025-08-25,205.96572314134983,210.04653613391585,204.81831562838462,208.02110290527344,29928900,71.46915016730166,4.932340843198489,5.026224807800354,208.75574797372397,189.23812562246744,198.9969367980957,198.74575936879162,189.5533740861976
2025-08-26,207.0432962842493,207.38254318133843,205.23736948208096,206.67413330078125,28464100,68.11075435652283,4.974384019275419,5.015856650095367,209.73476884824353,189.39554426210802,199.56515655517578,199.5008426004097,190.22477640833816
2025-08-27,205.2373711930947,208.4401585010209,205.18748059977113,207.01336669921875,23022900,68.51206705708469,4.977697046341802,5.008224729344654,210.66122503183868,189.5616250047824,200.11142501831054,200.21632108601054,190.88315249817663
2025-08-28,206.78389053195886,211.742714118765,206.43467159929352,211.1640167236328,32339300,72.99077707332152,5.254672815405883,5.0575143465569,211.9223812897796,190.2700305144196,201.0962059020996,201.2589587657841,191.67848050701807
2025-08-29,210.0365560843286,214.16724458693432,209.72725571237183,212.43116760253906,39728400,74.19739359167198,5.512877572785811,5.1485869918026825,212.5782865129813,191.9867769635812,202.28253173828125,202.32297865499885,192.4923113735091
2025-09-02,207.97120545801465,211.20390871469678,205.73623790289355,210.87466430664062,47523000,70.05723867989545,5.528184426641047,5.224506478770356,213.40812354330473,192.7842730021054,203.09619827270507,203.13742490753617,193.2131879591221
2025-09-03,225.7012317514145,230.78975207064033,224.28441211377313,230.14122009277344,103336100,82.82919325258578,7.014110948337162,5.582427372683717,220.0642326031121,189.7190681781379,204.891650390625,205.70921492517783,194.6613460820104
2025-09-04,229.1335081222656,231.847392025426,225.60147632632095,231.77755737304688,51684200,83.47393872256596,8.228899533866354,6.111721804920244,225.42405820433956,187.97209963257453,206.69807891845704,208.19191420592728,196.1168837796981
2025-09-05,231.677760445174,235.22975128240526,231.37843212445287,234.47146606445312,46588900,84.50544402368239,9.301779038836258,6.749733251703447,230.38454605096075,186.85095657355095,208.61775131225585,210.69472866864405,197.62098504576693
2025-09-08,235.15054099905157,237.8069358559837,233.3529799966882,233.72247314453125,32474700,82.95511176901198,9.976602246681182,7.395107050698995,234.39802039462674,186.1130300204123,210.25552520751953,212.88784719015712,199.03672967709105
2025-09-09,233.85231685973005,240.14377315813266,232.91358965088386,239.30491638183594,38061000,85.14290064159937,10.836939522507862,8.083473545060768,239.11669649176972,185.27005124992948,212.1933738708496,215.4037585417456,200.61587425374773
2025-09-10,238.5758820575914,241.33214736167037,237.5273187664355,238.84552001953125,35141100,84.18527600414743,11.350848054182421,8.7369484468851,243.0181523492494,184.9648798773131,213.99151611328125,217.63630725391565,202.11507604848433
2025-09-11,239.55457404217233,241.9213539288796,235.92949376965038,240.0438995361328,30599300,84.66966041006552,11.719725776286765,9.333503912765433,246.52858703384223,185.30825683822806,215.91842193603514,219.77036366174585,203.6024808911372
2025-09-12,240.04388783032,241.75157459718335,237.67710805902945,240.4733123779297,26771600,84.84873858596546,11.909429565585498,9.848689043329447,249.6098379751189,186.0259789804475,217.8179084777832,221.74207306328717,205.04839585140357
2025-09-15,244.32807821701437,252.06756394348793,244.32807821701437,251.26864624023438,58383800,88.48910890770352,12.78350412951525,10.435652060566607,254.54154245110135,185.87699697760956,220.20926971435546,224.55412765156785,206.86095469018127
2025-09-16,251.73800966841424,252.696698721273,249.13154999644232,250.8192596435547,34109700,87.54612899437998,13.286790921126595,11.005879832678605,258.513174024745,186.68306010611437,222.59811706542968,227.05556879366182,208.58480978639201
2025-09-17,250.87917693990602,251.25866627901078,245.94587648389523,249.19146728515625,34108000,84.05211345779317,13.399835131877182,11.484670892518322,261.29649366378817,188.70722032546962,225.0018569946289,229.16374960237556,210.17722772752003
2025-09-18,251.338548569648,253.64542748570952,249.46110945180462,251.68807983398438,31239500,85.03839924053356,13.534857834999997,11.894708281014658,263.61655650632446,191.66879200441775,227.6426742553711,231.30892391014783,211.80510428071472
2025-09-19,252.90642848071656,255.65269769422878,251.4683796180924,254.3744354248047,55571400,86.03889760177367,13.700697631472167,12.25590615110616,265.6599886746745,195.13272983118492,230.3963592529297,233.50563929249608,213.47448981577708
2025-09-22,254.0848093772248,255.4329839373953,249.96042287972912,252.18739318847656,32290500,81.2738472663584,13.500030881861818,12.504731097257293,267.24257167399503,198.20623814045808,232.72440490722656,235.28485394925613,214.99264288921628
2025-09-23,252.69670571321294,254.01492224497756,250.1401811840686,251.31858825683594,26628000,79.39278368391322,13.119660460903901,12.627716969986615,268.2971261515677,201.48143219804172,234.8892791748047,236.81187626426373,216.41718976637785
2025-09-24,251.31857470864836,252.00764101873446,246.10565550148698,246.80470275878906,28201000,70.29027979166544,12.312055613176398,12.564584698624572,267.9026315840769,205.88898371133325,236.89580764770508,237.7635740256471,217.60885694255083
2025-09-25,244.06842931794486,246.1556055061487,240.41340622781078,245.45654296875,31020400,67.7903754107048,11.431462935971666,12.337960346093992,266.6263025554017,211.0096303669616,238.81796646118164,238.49623773451404,218.7009230612253
2025-09-26,246.73481561544992,249.08161830530747,245.63630185383965,246.2055206298828,18503200,68.4614669945885,10.67101432211561,12.004571141298316,265.28582209721566,215.85426121577262,240.57004165649414,239.2304551531206,219.77953473058443
2025-09-29,247.51375020937843,250.80926093832198,242.4406403715287,243.71890258789062,32505800,63.71507882196107,9.755251554951343,11.554707224028922,263.0140560359689,221.25480077555451,242.13442840576172,239.65792633738442,220.71833347008663
2025-09-30,242.48058753408858,242.9599320717839,238.92541967317948,242.77020263671875,34724300,61.950400100812296,8.850922877393543,11.013950354701846,258.5486067339877,228.9098039105435,243.7292053222656,239.9543336039877,221.58311265309183
2025-10-01,240.42338523813993,245.96585884887978,238.2862890899911,244.5677490234375,31658200,63.985726182776396,8.184932054003639,10.448146694562205,257.81846829067115,231.08259524692653,244.45053176879884,240.39370650107816,222.484470942125
2025-10-02,244.81739828037135,246.47514981131818,241.97127402542458,245.35667419433594,25483300,64.8738127580254,7.632802994564713,9.885077954562707,257.0928562247864,233.16611899494018,245.12948760986328,240.86637009091223,223.38142008927053
2025-10-03,244.15831699237452,245.96585900937905,241.3321544964398,245.01715087890625,30249600,64.1407633605598,7.086155256228523,9.32529341489587,256.5213838285136,234.7921598726583,245.65677185058593,241.26168254691166,224.22988012023666
2025-10-06,244.44791178946252,250.97904766602093,244.24818617214953,250.09024047851562,28894700,69.6577207766744,6.981806993327353,8.856596130582167,255.92889227779347,237.02142815677684,246.47516021728515,242.1024975880168,225.24401189899268
2025-10-07,247.93317917084852,250.1002333278666,245.18691006468788,245.42657470703125,23181300,60.45032519813672,6.448457586282672,8.374968421722269,255.6348524097125,237.92763385737737,246.78124313354493,242.4190763612563,226.03548495028832
2025-10-08,244.62768203424937,245.67624536262252,243.48922922331397,244.2881317138672,21307100,58.42030700392206,5.866288580325374,7.87323245344289,255.18510738306065,238.9216400534628,247.05337371826172,242.5970816329335,226.75127501944826
2025-10-09,244.13833003954065,244.42792989328805,238.82554034163272,241.2023162841797,27892100,53.204811899319644,5.097159056135013,7.318017773981316,255.0469467816523,239.17564232967584,247.11129455566407,242.4642468378141,227.31798252002596
2025-10-10,241.10246136059908,243.75885638035138,235.5200485827795,236.2490692138672,33180300,46.091706791874095,4.041346596460841,6.6626835384772205,255.75163186235304,238.04853293256886,246.90008239746095,241.87232515934298,227.6682212139021
2025-10-13,239.88411429337978,244.16828735447277,239.38479264234815,243.81875610351562,24995000,55.8139430369256,3.7719375369563295,6.084534338173043,255.23085208400255,237.82432369724745,246.527587890625,242.05769953497847,228.30157552329868
2025-10-14,240.9027132904423,246.78472157869837,240.1836889124138,245.1169891357422,22111600,57.23831945709254,3.6214397688389113,5.591915424306217,254.724565519498,237.7603832109708,246.2424743652344,242.34906044933692,228.9610035081004
2025-10-15,246.91455220927548,251.7679591837619,245.65626715592245,250.68942260742188,27007700,62.783903229803904,3.9067830506035364,5.254888949565681,254.93448460507898,237.70025965761636,246.31737213134767,243.14338065486882,229.81309837474046
2025-10-16,251.42842769264908,256.6113736152233,249.76069521164578,251.1188507080078,27997200,63.180185238731504,4.120077230373482,5.027926605727242,254.8347988741958,237.74302247590188,246.28891067504884,243.90294923135824,230.64861807408428
2025-10-17,250.4197821526697,253.87509458891947,247.4737875390444,252.9563446044922,29671600,64.90233866935694,4.386816317600875,4.899704548101969,254.50091675809412,237.93509550997229,246.2180061340332,244.76517736213287,231.52343087919832
2025-10-20,254.3444728441902,256.98087539491434,253.88509020638818,256.2019348144531,22350200,67.76984932606746,4.8047152053388515,4.880706679549346,255.46970946736937,237.36775696329468,246.41873321533203,245.85439235759193,232.49121534724753
2025-10-21,254.39440086428343,254.53421031738455,243.81875668908756,250.12020874023438,47312100,58.17797810414941,4.592222337043893,4.823009811048255,255.28826107515866,237.42936740384525,246.35881423950195,246.26066058451028,233.18254842148232
2025-10-22,254.02489806023604,256.01218852739623,248.95178813355238,251.34854125976562,35029400,59.42702138995423,4.471392942222195,4.752686437283043,255.7902109760299,237.38180135307167,246.58600616455078,246.74522064882032,233.89494029749343
2025-10-23,252.63679338694976,254.69399627404513,251.50833675008087,252.73666381835938,19901400,60.85000760151444,4.4365034159993115,4.6894498330262975,256.53412712363655,237.36589729042595,246.95001220703125,247.31583428401453,234.63383141595875
2025-10-24,256.23188733462473,261.32497431611404,254.9736174865258,259.5673828125,28655100,66.98600505956504,4.903510534120812,4.732261973245201,258.7255166326305,236.5106939996937,247.61810531616212,248.48264842958457,235.61161774523487
2025-10-27,264.4607188078389,269.7735083332291,263.92144290721717,268.9046630859375,35235200,73.17513606686548,5.958373106779447,4.977484199952051,263.33041646248375,234.42437021964514,248.87739334106445,250.42760220638007,236.9172273664389
2025-10-28,269.3241367489819,270.3627344019799,266.1384619149823,267.1071472167969,29738600,70.4375191965481,6.573539120221227,5.296695184005887,266.3658737614794,233.82260737865735,250.09424057006837,252.01613030261026,238.10114579194314
2025-10-29,267.38675485794886,274.96645416764926,267.3068768000952,274.197509765625,43580300,74.49144165041936,7.546207634702142,5.746597674145138,270.84756823704464,232.3038889773108,251.57572860717772,254.1286426324212,239.51668947718557
2025-10-30,291.1944142933695,291.1944142933695,279.6800575475708,281.09814453125,74876000,77.69699639582883,8.772751179946965,6.351828375305504,276.4561679156302,230.26943633241666,253.36280212402343,256.69716662278586,241.14733477342338
2025-10-31,282.82575062167336,285.6119738650845,276.6541425566326,280.8085021972656,39267900,77.2581432355745,9.610638601231813,7.003590420490767,280.91549040796355,229.38924897191924,255.1523696899414,258.99348429654583,242.7026746723976
2025-11-03,281.797163766903,285.14262497278366,279.42038779718166,283.3350830078125,29786000,78.40403463670279,10.359130764034433,7.6746984891995,285.3439560759884,228.28526755682407,256.8146118164062,261.31173179285696,244.29610245025702
2025-11-04,276.374515458966,280.88837191256465,275.8851900258856,277.1634521484375,30078400,69.22807997111232,10.33517964623411,8.206794720606423,287.7815885841876,229.02132279276555,258.4014556884766,262.8214194457694,245.58501812469547
2025-11-05,278.49163374098424,286.0314084420774,276.96371081227676,283.92425537109375,31010300,72.9612856835711,10.737958034423116,8.713027383369761,291.0730142076471,229.69350953502868,260.3832618713379,264.83121334341934,247.0885176245542
2025-11-06,284.9428776795432,287.9587999323025,280.7585903155872,284.3636779785156,37173600,73.18895778049868,10.966208910839327,9.163663688863675,293.6196547554332,231.46300515667625,262.5413299560547,266.69144807057137,248.55028861882724
2025-11-07,282.8257840870045,283.3950181298404,274.8166751233446,278.45172119140625,34479600,65.23084136143441,10.548457814919232,9.440622514074787,293.88968618959154,235.41323892027174,264.65146255493164,267.8114740820794,249.72289381775192
2025-11-10,284.03413439651047,290.40545290698407,282.47622284552773,289.7064208984375,29557300,71.56877445448936,10.998760405116286,9.752250092283088,296.5008456093381,237.39084598001733,266.9458457946777,269.8967071122088,251.29087527189648
2025-11-11,287.35962699643375,291.52398321941854,286.9302176656824,290.914794921875,19842100,72.15564562167268,11.322614089845615,10.066322891795593,298.766291732049,239.70518043591971,269.23573608398436,271.8984297607484,252.84475447385643
2025-11-12,291.2842728658537,291.613842224268,283.30512258449664,286.3210144042969,24829900,66.53303424635436,11.080857544116213,10.269229822259717,300.1331121829363,241.90151916471996,271.01731567382814,273.27200925061015,254.15754898093252
2025-11-13,281.9569519907634,282.45627365196606,276.8638649512614,278.19207763671875,29494000,57.930555124291224,10.116707373904717,10.238725332588718,300.07465699858363,244.66729704194375,272.3709770202637,273.7405871921443,255.10007951645358
2025-11-14,271.04178706348836,278.1820807042813,270.3327588398133,276.0350036621094,31647200,55.86635128134427,9.073954674209972,10.00577120091297,299.70429867099847,247.34552127529057,273.52490997314453,273.95910304642666,255.9210569339303
2025-11-17,285.392279437324,293.55120856159544,283.1852862901624,284.63330078125,52670200,61.721429433716956,8.839480338663122,9.772513028463,300.2378565164968,249.65510002647193,274.94647827148435,274.975693306886,257.047027280884
2025-11-18,287.52939388700526,288.4081743957296,277.8225797399186,283.8943176269531,49158700,60.972733794665814,8.496090333106565,9.517228489391714,299.32318779410286,253.94717963753774,276.6351837158203,275.82508609927334,258.0998621964161
2025-11-19,286.77042153983126,303.39782684502376,286.2411417953812,292.4127502441406,68198900,66.08047543430995,8.80976412347917,9.375735616209205,299.0547499039398,258.32203842613836,278.6883941650391,277.4048636368797,259.44546564926804
2025-11-20,304.1268355762142,306.0042898345543,288.2783714658303,289.05731201171875,62025200,62.604773852180095,8.687453483452714,9.238079189657906,297.28980739418995,263.71904575522416,280.50442657470705,278.51462062495966,260.60671452622694
2025-11-21,296.0178842040454,303.50770955644725,293.4513634023398,299.25347900390625,74137700,68.09618882232793,9.305993186701073,9.25166198906654,298.20145266628106,266.77601010227363,282.48873138427734,280.48974999438315,262.1222739175085
2025-11-24,310.70789188393536,319.0465694557707,309.17996886834777,318.14776611328125,85165100,75.3267591112432,11.191789439433194,9.639687479139871,306.1691573833459,263.73261568794317,284.95088653564454,284.0762277199925,264.3193520428329
2025-11-25,325.767421144808,328.3838617048627,317.2190369667809,323.0011901855469,88632100,76.78238573519803,12.928891108285256,10.297528204968948,313.3405746543711,262.1506027137929,287.745588684082,287.78336700242625,266.62060059744914
2025-11-26,320.2449508538883,324.0597758686898,316.36024396458464,319.5159606933594,51373400,73.43213160938271,13.864506403783537,11.010923844731867,318.42521697775805,261.5978054831794,290.0115112304687,290.80551878251515,268.6949284443476
2025-11-28,322.9313108653273,326.40660086319315,316.36025071335513,319.7456359863281,26018600,73.51414744001914,14.45785993327081,11.700311062439656,322.9442163352062,260.9435552712391,291.94388580322266,293.56172042097353,270.69691697540566
2025-12-01,317.2690150587685,319.41609223758667,313.464186206563,314.46282958984375,41183000,68.29203598918028,14.336555664821617,12.227559982916048,325.7163536628898,261.53685068281334,293.62660217285156,295.5523022465802,272.4132272740111
2025-12-02,316.3102616947243,317.948051296999,313.4841146313127,315.38153076171875,35854700,68.70832815426668,14.15142385949315,12.61233275823147,328.33906142872195,262.1187876923718,295.2289245605469,297.4408002004029,274.09825878333294
2025-12-03,315.4614340573081,321.1436861691208,313.6738540884245,319.19635009765625,41838300,70.44359352301518,14.149423858077057,12.91975097820059,330.9447065033606,263.716432412655,297.3305694580078,299.51275733347467,275.8668113838946
2025-12-04,321.7928484740126,321.92264650582644,314.27306548179905,317.1890869140625,31240900,68.29746012661623,13.82648635106176,13.101098052772825,333.103163052545,264.8844590177674,298.9938110351562,301.19621729353065,277.48729277723453
2025-12-05,319.05652267664885,322.72155681925386,318.73697999805336,320.8341064453125,28851700,70.08006883757223,13.706676627533398,13.222213767724941,335.52765430931254,266.1070106076796,300.8173324584961,303.0664924508432,279.18716782304153
2025-12-08,319.82486263347363,320.21460294317257,311.0010871288888,313.49932861328125,33909400,62.46817734314084,12.871496685147974,13.152070351209549,336.0424867589823,269.09693890019736,302.56971282958983,304.0600958948849,280.5327427559921
2025-12-09,312.15025542764414,317.7662971049956,311.6805848338384,316.85693359375,30194000,64.37570843625558,12.338312834881663,12.989318847943974,337.4056815045722,270.4487954241387,303.92723846435547,305.2788423423958,281.95722082806105
2025-12-10,315.6078174223929,321.0839735202244,314.45863248382005,319.9847412109375,33428900,66.10399442281916,12.029480365133793,12.797351151381937,339.0043359603031,271.75713559731406,305.38073577880857,306.67940413939976,283.44849613719344
2025-12-11,319.85481737290655,320.8940942947929,308.3829128168011,312.210205078125,42353700,58.506155689842544,11.030238592028468,12.443928639511244,339.1841478798767,274.1662427451233,306.6751953125,307.206147085945,284.57640629173983
2025-12-12,313.47935032153816,314.6485102459599,305.34506149685063,309.07244873046875,35940200,55.722458131021384,9.871350786596963,11.929413068928387,337.83688622804215,278.6015415063328,308.2192138671875,307.3838900997092,285.5370354069841
2025-12-15,311.1009991314403,311.2009348824072,304.66552711937686,308.003173828125,29151900,54.76617231441139,8.765597946409855,11.29665004442468,335.28114031552246,284.3541044354541,309.81762237548827,307.4428695024155,286.4180604431073
2025-12-16,304.7354841263937,310.5513666605185,302.37712849550337,306.3543395996094,30585000,53.24863889643092,7.667843583915499,10.570888752322844,333.5404405909423,288.2669080418702,310.90367431640624,307.3391999878625,287.1998753119898
2025-12-17,307.7933270972379,307.87325739956634,295.9116769824828,296.5112609863281,43930400,45.19715992011992,5.935193939489579,9.64374978975619,331.5539172883757,291.51512568037424,311.534521484375,306.3079677020021,287.56502769137563
2025-12-18,301.50775321966603,303.7461677101471,299.0195145942255,302.2472229003906,33518000,49.946782900663074,4.9676369754401435,8.708527226892981,330.490793947737,293.561696286638,312.0262451171875,305.9212301018486,288.14080005251344
2025-12-19,301.5177661333593,307.03387224107576,300.7582909786616,306.9439392089844,59943200,53.500456332180505,4.527635105426668,7.872348802599719,328.1502172470214,297.69093570708014,312.92057647705076,306.0186309691949,288.87817805864955
2025-12-22,309.66200850448513,309.9118326328777,305.0852133945127,309.56207275390625,26429900,55.40131455901727,4.340161272328146,7.165911296545405,327.3598663301574,299.5121459989442,313.4360061645508,306.3561016153579,289.68931118395375
2025-12-23,309.41219480947996,314.7184570357758,309.1024153195162,314.1288757324219,25478700,58.58182726400915,4.508122908245639,6.634353618885452,326.9875561676161,299.4825671233995,313.2350616455078,307.09636581698305,290.6477254799721
2025-12-24,314.5485634057752,314.8583428959372,311.70059264113144,313.8690490722656,10097400,58.32696789950292,4.567615249442042,6.2210059449967705,325.7499019776463,299.80700720204123,312.77845458984376,307.7413832698671,291.55836562084636
2025-12-26,314.25877806497726,314.86833429915043,312.0603135401851,313.2894592285156,10899000,57.723695373655154,4.515938375385758,5.879992431074569,325.05079726123876,299.8834617719644,312.4671295166016,308.269771456405,292.41056537016675
2025-12-29,311.15095467052413,313.79908436732376,310.4014822754237,313.33941650390625,19621800,57.76424501989356,4.427972306565039,5.589588406172663,324.2680356241172,300.0256014608437,312.14681854248045,308.7525947942623,293.2313046303134
2025-12-30,312.28018544302313,316.72706748217655,312.24020504037514,313.6292419433594,17380900,58.01583769067982,4.331711777085559,5.338013080355243,324.19852552465983,300.0117527956526,312.1051391601562,309.2170373798906,294.0312237406289
2025-12-31,312.62992729269524,314.3586907819443,311.22091551782626,312.7798156738281,16377700,56.94518503063567,4.139169246424387,5.098244313569072,323.9756627829813,299.97444402854217,311.97505340576174,309.55634959836084,294.76646263997003
2026-01-02,316.67708324131615,322.2731502440002,310.11169732658084,314.9283142089844,32009400,59.0058978340599,4.112537012996711,4.9011028534546,323.36685269313926,300.15645052951703,311.76165161132815,310.0679652755631,295.55712348581375
2026-01-05,317.4365596004392,318.79558832967825,314.4086921415047,316.3173522949219,30195600,60.32793694392039,4.155611241377471,4.752004531039175,323.2437126772115,300.19241708353076,311.7180648803711,310.66314499169255,296.37125010577876
2026-01-06,316.17741436833177,320.71422913013345,311.5606693028291,314.1188659667969,31212100,57.18456313430744,3.966623636396548,4.594928352110649,322.15653679632516,300.6080689165655,311.38230285644534,310.9922612750358,297.067235041505
2026-01-07,314.13884430323384,325.9205589972494,313.96898096999803,321.7535095214844,35104400,64.16704559141078,4.3823841310287435,4.552419507894268,323.50261725922945,300.08740654448144,311.79501190185545,312.01714206041186,298.0353242367983
2026-01-08,328.7385750407063,330.0876314322289,321.2738288701313,325.2110595703125,31896100,66.80713483934481,4.9339966691111385,4.628734940137643,325.20624552052846,299.2191908808387,312.2127182006836,313.27370563278333,299.1010393479165
2026-01-09,326.8598973489763,330.5972566011106,325.5707962902668,328.3388671875,26214200,69.03009703494499,5.559455571041212,4.814879066318357,327.12622854893357,298.13462045008987,312.6304244995117,314.70848292370874,300.24762083182173
2026-01-12,325.57079145505844,333.80501545240315,324.77136644379436,331.62652587890625,33923900,71.21244263346756,6.248395226613809,5.101582298377448,330.3968239127478,296.80565716635374,313.60124053955076,316.31972510991807,301.47816612778587
2026-01-13,334.7144015630273,340.25048265726696,333.38532003422745,335.7336730957031,33517600,73.705261731333,7.044591655235877,5.490184169749134,334.2582915953095,295.61031192031544,314.9343017578125,318.16867253713565,302.821519342214
2026-01-14,334.8243096530742,336.2832741209541,330.2475447349911,335.603759765625,28525600,73.48848962529829,7.577748572637347,5.907697050326776,337.4147182456618,295.2139438637132,316.3143310546875,319.829157035087,304.10709739803406
2026-01-15,337.4124676651339,337.4524480652932,330.507324974913,332.5458984375,28442400,68.38994840209963,7.66517603932499,6.259192848126419,339.36297194710613,295.88484604605793,317.62390899658203,321.04027526388825,305.22234449762095
2026-01-16,334.1747541117482,334.4145755186536,327.46948297740045,329.7678527832031,40341600,64.0428118675328,7.42471042924376,6.4922963643498885,339.2404692500495,299.33300792280204,319.28673858642577,321.8714731228706,306.1849134499967
2026-01-20,320.6442885211675,327.49947891315526,320.20459558658575,321.77349853515625,35361000,53.5033046522158,6.513973097521216,6.496631710984154,338.54732287792945,301.97878185839863,320.26305236816404,321.86214220975495,306.7962305121598
2026-01-21,320.6942733516965,332.24613943011235,319.12537039479025,328.1490173339844,35386600,59.261330148833174,6.23478753556509,6.444262875900342,338.79690141880906,303.84971113001905,321.32330627441405,322.4608922215863,307.633594701251
2026-01-22,334.2147483456718,334.9142376434696,328.5187457270175,330.3074951171875,26253600,61.02126259948908,6.11718696077736,6.378847692875746,339.3508000442014,305.3703547409549,322.36057739257814,323.20818773545307,308.52276726658187
2026-01-23,332.25610013077164,333.45526818914374,327.21966747627397,327.6993103027344,27280000,57.77343614276842,5.747277898912898,6.252533734083177,339.7263443887796,306.3518538534079,323.0390991210937,323.63591369424176,309.27478856211724
2026-01-26,327.5793954045391,335.60374537803585,326.7699676491338,333.02557373046875,26042100,62.198227100230625,5.81685417346614,6.16539782195977,340.66707497503046,307.32677573297735,323.9969253540039,324.5301670310253,310.20619190205264
2026-01-27,335.1340666902067,337.6722883721735,333.2454121385867,334.31463623046875,21636200,63.20319714563377,5.907907759814464,6.113899809530709,341.5259101160802,308.57045829212296,325.0481842041016,325.4620212404961,311.1516210914023
2026-01-28,335.82360375323316,337.30257365930305,331.7065067534381,335.7736511230469,27434400,64.35816896855326,6.028308107958992,6.096781469216366,342.34312950016016,309.99666236995705,326.1698959350586,326.4440812293105,312.11719089656486
2026-01-29,340.06060015063264,342.0492210013424,326.3103005061971,338.0120544433594,39785600,66.11539270011961,6.232502285385408,6.123925632450176,343.2550325534402,311.52304056667697,327.38903656005857,327.54579296398185,313.13267574153724
2026-01-30,339.76083067041884,339.76083067041884,332.0562627255977,337.7622375488281,31024000,65.7259245888944,6.301529398216815,6.159446385603504,343.56735603753566,313.70895927008155,328.6381576538086,328.51878768634816,314.0985409104506
2026-02-02,335.983495554882,344.5874244246442,335.3939142353609,343.4482421875,32006100,70.0503739370116,6.737382584309671,6.275033625344737,344.9277022784529,315.2006058270158,330.06415405273435,329.94064049598165,315.24950958798195
2026-02-03,347.09564553860224,348.7544814019383,337.2325938809106,339.47100830078125,36506700,63.97038695783705,6.684811493170571,6.356989198909905,345.15478773842096,317.28888596763375,331.22183685302736,330.84829457262924,316.19937228260153
2026-02-04,342.7187296036167,343.0684894885568,328.2888852617291,332.80572509765625,70618400,55.30688376669633,6.0357396250126385,6.292739284130453,343.53150838002585,320.7808512391147,332.1561798095703,331.03471652739375,316.8506018047605
2026-02-05,312.0003564748562,332.45595718246585,306.24439883874277,331.0169677734375,88205800,53.22365594789447,5.3157312850650555,6.097337684317374,342.9142942230781,322.3244112212578,332.61935272216795,331.0330261698741,317.406145568238
2026-02-06,326.94984200428365,330.147603202773,319.694969697787,322.63287353515625,56380500,44.72093605892297,4.022227418119996,5.682315631077898,343.2308957717212,321.7499910690991,332.49044342041014,330.2330116332343,317.6111152924309
2026-02-09,320.70422803551696,327.4694850607409,317.03682684844796,324.09185791015625,39640100,46.327809462945034,3.079347330990686,5.161721971060456,343.5203633148264,321.0358225982596,332.278092956543,329.648139850084,317.86526206175347
2026-02-10,320.7441987510988,321.4437184993816,314.38865715458337,318.3558654785156,39170000,41.25092493906919,1.8479592928982242,4.49896943542801,344.4695766534292,318.7595432196177,331.61455993652345,328.57268514802985,317.88450141143045
2026-02-11,318.7456164455411,320.8341425405983,309.44216816023624,310.7412414550781,45406400,35.663584996048016,0.2547028247977323,3.6501161133019546,346.0757570172434,314.654119691741,330.3649383544922,326.8744524153678,317.6043735700049
2026-02-12,311.87044586439265,316.0175203045161,306.9839017615506,308.7826232910156,47761300,34.37389266455703,-1.1527206755457655,2.6895487555324107,347.23217382987775,310.81558923164573,329.02388153076174,325.1514210701914,317.25842257867197
2026-02-13,307.5135396808651,308.41290048065196,303.4963480144474,305.50494384765625,38499700,32.27073714141393,-2.5037337932276387,1.6508922457804012,348.5927336034526,306.7509339990865,327.67183380126954,323.28032800137856,316.79750184412234
2026-02-17,299.82893803190484,304.22583664461854,296.04159566157676,301.8075256347656,39247600,30.03803411663469,-3.8286380158788234,0.5549861934485563,350.135168608566,302.41246627912926,326.27381744384763,321.2352992045583,316.20965963983383
2026-02-18,301.87748970860525,305.1651838815364,301.0380842700908,303.1166076660156,28482100,31.83619630391979,-4.718608991065594,-0.4997328434542737,351.3088838381857,299.37306196259556,325.3409729003906,319.5097095342209,315.6962066212527
2026-02-19,301.6076886754516,305.25511494304027,299.828942056139,302.636962890625,25834400,31.516569395240637,-5.400368637569898,-1.4798600022773987,351.8923642804454,296.23837607599995,324.0653701782227,317.9027812824499,315.1840794161301
2026-02-20,304.1059184917761,316.2773425544253,303.68620054308417,314.7584228515625,53210800,46.21319961732806,-4.906014077262682,-2.1650908172744554,351.2491267864943,295.3267063433885,323.2879165649414,317.6033185747463,315.16738700183333
2026-02-23,318.82555353627805,319.29522413676915,309.65201848441603,311.2708740234375,31423000,43.33188992898065,-4.7409992818039655,-2.6802725101803575,350.8441854207568,294.0888040811963,322.46649475097655,317.0002286174788,315.01458257130804
2026-02-24,310.3015673465962,312.05033638585,305.71479964031533,310.6813049316406,25615600,42.845562411857806,-4.6047168564248295,-3.0651613794292523,349.7359962897235,292.9625663323468,321.34928131103516,316.3984263616847,314.8446501148505
2026-02-25,311.84046520002283,313.4193707572093,309.22231323387047,312.67987060546875,29963600,45.09513713217968,-4.286037730293401,-3.3093366496020824,348.21950045751834,292.31558560205195,320.26754302978514,316.04427819442606,314.7597568007571
2026-02-26,312.42009761480955,312.9197459051382,302.1373272609355,307.1637878417969,36431200,40.37202716419508,-4.42754601170509,-3.532978522022684,346.3729572831363,291.30114244830895,318.83704986572263,315.19851720846134,314.4618756651116
2026-02-27,303.92607541564644,312.1502667227519,303.5862877430576,311.54071044921875,44640600,45.27031261195364,-4.138801739151177,-3.654143165448383,343.679324613355,291.3476407186763,317.51348266601565,314.850154659962,314.3473201664492
2026-03-02,303.0166882830762,308.27296712894787,301.088022863519,306.3043518066406,34790200,40.93758430274879,-4.2831269815536075,-3.779939928669428,340.72702870596436,291.1541480518481,315.9405883789062,314.0362686739314,314.03190964253514
2026-03-03,298.37994467731505,303.72618716624237,296.5012623376298,303.3664245605469,35497000,38.69963049750238,-4.581756316667736,-3.94030320626909,335.64924993223735,292.22374506287986,313.9364974975586,313.02009304408523,313.61365532559444
2026-03-04,302.6769571429086,305.2551289128473,300.5384478137644,302.9167785644531,29536200,38.35404582993478,-4.799380618036309,-4.112118688622534,330.70119852484817,293.51637349663616,312.10878601074216,312.05787261745365,313.19416996241245
2026-03-05,302.82681905445145,303.08661540637286,297.78035344585857,300.6683349609375,35752300,36.59427255589862,-5.094553214340124,-4.308605593766052,326.9997607338292,294.00407227398335,310.5019165039063,310.9731547454045,312.70296074666834
2026-03-06,295.88171424137005,300.31859339921897,294.97235071392555,298.30999755859375,25576900,34.79115909323464,-5.455885688390879,-4.538061612691018,323.13569454085166,294.5974414454764,308.86656799316404,309.767139775232,312.13853081772425
2026-03-09,294.3599853515625,306.79998779296875,294.0799865722656,306.3599853515625,29312100,44.791013532856816,-5.034641327727854,-4.637377555698385,320.7905124893756,295.3153346785931,308.05292358398435,309.44264887773966,311.9119211916003
2026-03-10,306.1700134277344,309.510009765625,305.57000732421875,307.0400085449219,23239700,45.55062805564501,-4.59298487784946,-4.628499020128601,317.4591872851774,296.9414749462679,307.20033111572263,309.2138259888998,311.72086579369136
2026-03-11,306.75,311.4200134277344,305.9200134277344,308.70001220703125,24125700,47.45133506276593,-4.062194092188463,-4.515238034540573,315.5796510479429,297.85542585635403,306.71753845214846,309.1648913430076,311.6024009471557
2026-03-12,306.82000732421875,308.94000244140625,301.0299987792969,303.54998779296875,24928300,42.49515941987944,-4.010867713750315,-4.414363970382522,315.1156301443652,297.6003213937208,306.357975769043,308.63013862395627,311.2866200391484
2026-03-13,307.010009765625,307.69000244140625,300.44000244140625,302.2799987792969,23693100,41.34824582114036,-4.02625650992502,-4.336742478291022,314.8937010744046,297.1719880125095,306.03284454345703,308.0253634006554,310.9334192054287
2026-03-16,304.3500061035156,306.489990234375,303.0199890136719,305.55999755859375,23519700,45.443634022831226,-3.7307776697199984,-4.215549516576818,314.8957974319883,297.1753970260195,306.0355972290039,307.7905666537924,310.7226967879058
2026-03-17,305.8599853515625,311.4200134277344,305.5,310.9200134277344,21955200,51.414016380775045,-3.0291815555569883,-3.978275924372852,315.3731253001262,297.60931793717845,306.49122161865233,308.08860920369165,310.7304346953501
2026-03-18,309.2699890136719,312.4700012207031,306.92999267578125,307.69000244140625,20009800,48.00473097918201,-2.702642096867919,-3.7231491588718657,315.47049760320186,297.9692851116419,306.7198913574219,308.0506466549026,310.61120205794055
2026-03-19,304.010009765625,308.05999755859375,302.3500061035156,307.1300048828125,25075800,47.41766246922429,-2.4606791684168456,-3.470655160780862,315.4819014589056,298.40718545515693,306.9445434570313,307.96296648613213,310.47468452166106
2026-03-20,305.4599914550781,306.0,298.2699890136719,301.0,44364100,41.442976841362636,-2.7320683841462596,-3.322937805453942,314.3485541454734,298.1646904834329,306.2566223144531,307.2998268207862,310.1031282659097
2026-03-23,302.1099853515625,305.9800109863281,300.92999267578125,302.05999755859375,29326900,42.785463655118306,-2.8290023703239626,-3.2241507184279463,313.7333840194091,297.8587729630128,305.79607849121095,306.8007954624822,309.78771137542674
2026-03-24,299.20001220703125,299.9200134277344,290.3299865722656,290.44000244140625,36864300,33.67196286084386,-3.7996596352778056,-3.3392525017979184,314.9480574067235,294.619969326675,304.78401336669924,305.2426246985702,309.02897769173967
2026-03-25,293.44000244140625,296.0,289.239990234375,290.92999267578125,29460700,34.30739856820496,-4.477757591855379,-3.566953519809411,314.9041153596332,292.48892358079655,303.69651947021487,303.87951688687605,308.3192135734668
2026-03-26,287.9100036621094,287.95001220703125,278.5,280.9200134277344,39080600,28.335234643846107,-5.756519206204985,-4.004866657088526,317.38579713022307,287.38286436880037,302.3843307495117,301.69289750981494,307.24473513637923
2026-03-27,277.2799987792969,279.3699951171875,273.95001220703125,274.3399963378906,35890600,25.226526727650892,-7.217698253603714,-4.647432976391563,319.45580437477776,281.59278571311285,300.5242950439453,299.087859302965,305.95435322271305
2026-03-30,276.4200134277344,277.0899963378906,272.1099853515625,273.5,35141200,24.851688341991505,-8.34725193588622,-5.387396768290495,321.1054844292997,276.66267047792684,298.88407745361326,296.6509203217302,304.68163348848907
2026-03-31,278.0400085449219,288.0799865722656,277.0899963378906,287.55999755859375,43875400,40.72739742911761,-8.015509267064374,-5.913019268045272,320.7637367227072,275.423775484324,298.0937561035156,295.78511815381245,304.01019678535596
2026-04-01,290.8399963378906,300.5199890136719,290.4100036621094,297.3900146484375,37684500,48.861596241657075,-6.880091177292627,-6.106433649894743,320.3743146309215,275.2605211845082,297.81741790771486,295.9379654390149,303.75058179959444
2026-04-02,290.69000244140625,298.0799865722656,289.45001220703125,295.7699890136719,21666500,47.69980085066775,-6.041345816543412,-6.0934160832244775,320.1054196813816,275.0395815393215,297.57250061035154,295.9219676842203,303.43761737661714
2026-04-06,295.8699951171875,300.6199951171875,295.17999267578125,299.989990234375,16945500,50.97017693197321,-4.978723618104993,-5.870477590200581,320.21350795166205,275.09949253661915,297.6565002441406,296.30939840328267,303.30241631221554
2026-04-07,302.7300109863281,305.6300048828125,297.7200012207031,305.4599914550781,23205400,54.906309067003285,-3.6530938938238933,-5.427000850925244,320.0988848816364,275.1241162169964,297.6115005493164,297.18088345583465,303.3870271021317
2026-04-08,320.45001220703125,322.0799865722656,315.0199890136719,317.32000732421875,33547100,62.02485531038232,-1.6267662753379568,-4.666953935807787,321.9504596015087,274.3005413750538,298.12550048828126,299.0988952528236,303.93341848339
2026-04-09,315.9100036621094,319.5400085449219,311.05999755859375,318.489990234375,23739200,62.65122512234523,0.07268296018725096,-3.7190265566087795,323.7224995296802,273.5074992496167,298.61499938964846,300.94566620344756,304.50426443440904
2026-04-10,320.0199890136719,321.8299865722656,316.32000732421875,317.239990234375,19127000,61.48438489744985,1.303616885910003,-2.714497868105023,325.6873018799622,272.9116971434753,299.29949951171875,302.4975065873454,305.00370466185865
2026-04-13,317.135009765625,320.1099853515625,315.4700012207031,319.6700134277344,8973213,62.92979761185592,2.4470157789133395,-1.6821951387013505,328.07280255631736,272.26519793196394,300.16900024414065,304.1329834292872,305.57885402522635
