Date,Open,High,Low,Close,Volume,RSI,MACD,MACD_Signal,BB_Upper,BB_Lower,BB_Middle,EMA_20,EMA_50,SMA_10,SMA_20,SMA_50,EMA_12,EMA_26,EMA_Diff,ROC,Stoch_K,Stoch_D,ATR,Volatility_20,Daily_Return,Log_Return,Volume_SMA_20,Volume_Change_Pct
2021-06-14,248.04182735203915,250.01348419533974,246.98386872283527,249.95578002929688,19150500,65.13826849158296,1.958041471817694,0.6257526034455401,249.89701560546092,231.09405952881644,240.49553756713868,242.32355612837887,241.21343147865701,242.96272888183594,240.49553756713868,241.98851806640624,243.80021356018278,241.8421720883651,1.958041471817694,3.3400825807089785,99.6460311491719,98.08375392933647,3.215754940743409,4.700739019161114,0.007755132222974304,0.007725215756299883,21676000.0,0.007936967425801411
2021-06-15,249.84035962759822,250.05195136807478,247.83025276859738,248.4842529296875,18038900,61.76900561223062,2.1866569250338443,0.937933467763201,250.86340940200776,231.44960787094143,241.1565086364746,242.9102891570749,241.4985617316386,244.01683197021484,241.1565086364746,242.1782534790039,244.52083500164503,242.33417807661118,2.1866569250338443,3.629994658347417,90.40606380898329,95.39292521590961,3.239113406958217,4.853450382766586,-0.005887149716789497,-0.005904547297730087,21329435.0,-0.05804548184120517
2021-06-16,249.48450833852118,250.61939615458576,244.69487142700754,247.54173278808594,27220000,59.64110458518418,2.2656656371975714,1.2034799016500752,251.2250231189209,232.5171933727783,241.8711082458496,243.351379026695,241.73554883189146,244.9863021850586,241.8711082458496,242.3723583984375,244.98558850725132,242.71992287005375,2.2656656371975714,3.083954077748794,81.79754577984394,90.61654691266638,3.511844430376452,4.6769574365356466,-0.0037930779535887416,-0.003800289916571164,21682035.0,0.5089611894295107
2021-06-17,246.28180801711895,251.74468467468952,246.22410384722616,250.9271697998047,27565500,64.3868070697967,2.571810849802546,1.4771460912805694,252.1101588996398,233.3420917717469,242.72612533569335,244.07288290984832,242.09600455612335,246.44723358154297,242.72612533569335,242.5950228881836,245.8996779368749,243.32786708707235,2.571810849802546,5.4567420085627365,95.46662404339654,89.22341121074128,3.752289250143747,4.6920167819732175,0.013676227331804736,0.013583551746997595,21773320.0,0.012692872887582585
2021-06-18,249.70571823499586,252.2736417712476,248.85935130058786,249.5133514404297,37202200,61.15279871996336,2.669576593405594,1.7156321917055743,252.80205016104688,233.8956991675664,243.34887466430663,244.5910227699037,242.38688090452752,247.27820434570313,243.34887466430663,242.72512115478514,246.45562770665256,243.78605111324697,2.669576593405594,4.904968024787486,85.1295118545635,87.46456055926801,3.805876144856703,4.7265877483701155,-0.0056343773394605945,-0.00565031031993045,22543395.0,0.34959278808655747
2021-06-21,249.88843278554896,253.44698331918406,248.06106582492026,252.5910186767578,26696100,65.2451456855889,2.9612630769794066,1.964758368760341,253.79968705584568,234.57732100079497,244.18850402832032,245.35292714198505,242.78704317010516,248.1264892578125,244.18850402832032,242.866875,247.3995340097457,244.4382709327663,2.9612630769794066,6.886133417341804,95.6628275383311,92.08632114543038,3.8931220757501586,4.805591513762678,0.012334679561477824,0.0122592272215633,22785045.0,-0.28240534161958164
2021-06-22,252.67764598167503,255.63030364087788,252.36987079514645,255.3610076904297,24694100,68.46506992249311,3.3770135700212336,2.2472094090125196,255.6044818021585,234.1892254732321,244.8968536376953,246.30607767040834,243.28013981796104,249.37102813720702,244.8968536376953,243.06287689208983,248.62437611446632,245.24736254444508,3.3770135700212336,5.869465182461869,98.77139650723394,93.18791196670952,3.8903746465169626,5.353814082231591,0.010966300497076142,0.010906606641117315,22949175.0,-0.0749922273290855
2021-06-23,255.82257575276896,256.6304633976864,254.3222087906294,255.13009643554688,19518700,67.90032314673782,3.6458392571144316,2.526935378632902,257.09239900386046,234.00451109135443,245.54845504760743,247.14646040994535,243.74484399904284,250.49437561035157,245.54845504760743,243.20474792480468,249.62525616386336,245.97941690674892,3.6458392571144316,4.5151814869389195,91.9254545162327,95.45322618726591,3.7598504919735456,5.7719719781265075,-0.0009042541653921932,-0.0009046632498194648,23039895.0,-0.20958042609368233
2021-06-24,255.9861098893135,257.61151244689773,255.32248260362277,256.495849609375,21446900,69.50267628074354,3.9238586183376754,2.8063200265738564,258.6651071361839,233.89369871098404,246.27940292358397,248.03687842893865,244.24488343474215,251.40325164794922,246.27940292358397,243.42958892822264,250.6822705400959,246.75841192175824,3.9238586183376754,5.590513600806245,93.56983113012626,94.7555607178643,3.529029108000953,6.192852106299971,0.005353163711021347,0.005338886459806579,23223660.0,0.09878731677826913
2021-06-25,256.0534788555384,257.03447921074826,254.6396678239104,254.88970947265625,25611100,65.36999488885445,3.9688385785511002,3.038823736969305,259.5934583547274,234.47629414771404,247.0348762512207,248.6895290045308,244.66232759309173,252.08899688720703,247.0348762512207,243.54726776123047,251.3295688374129,247.3607302588618,3.9688385785511002,4.50727348814681,81.55161664719138,89.01563409785012,3.4060587196702232,6.279291051753328,-0.006261856241201569,-0.006281543893524357,23282905.0,0.19416325902578002
2021-06-28,256.01492178801493,258.62132414743763,255.74562592819686,258.4482116699219,19590000,69.67262233302186,4.242719479599316,3.279602885495307,261.0498138460527,234.85115508705277,247.95048446655272,249.61892735361567,245.20295049806546,252.93824005126953,247.95048446655272,243.7123208618164,252.4247446577989,248.18202517819958,4.242719479599316,4.4627348677577645,98.85281272129853,91.32475349953872,3.432157727676107,6.549664689749981,0.013960948853634969,0.013864392448722392,23348895.0,-0.2350972820378664
2021-06-29,258.5925577009788,261.2662922485271,257.7365928224437,261.0258483886719,19937800,72.35228196481594,4.614571895539058,3.5465966875040573,262.5542763312451,235.65495523613774,249.1046157836914,250.70530078552576,245.82345629769708,254.19239959716796,249.1046157836914,243.96730865478514,253.74799138562548,249.13341949008642,4.614571895539058,5.238669946223455,98.60956707618155,93.00466548155715,3.480932726433163,6.724830273776837,0.009973513463664485,0.00992410621590379,23185120.0,0.017753956100051038
2021-06-30,260.3428962932451,260.9872691541704,259.2945649880765,260.54486083984375,21656500,71.0900179370533,4.814952167431045,3.8002677834894554,263.5189327005048,236.9600818868975,250.23950729370117,251.64240174307986,246.40076627974204,255.49271240234376,250.23950729370117,244.22188842773437,254.79366360935137,249.97871144192032,4.814952167431045,4.236381654909419,95.64653256680003,97.70297078809337,3.3387344488448485,6.639712703401825,-0.0018426816799841372,-0.0018443815063512489,23297610.0,0.08620309161492234
2021-07-01,259.3042174129385,261.44898683933064,259.2946196189184,261.2181701660156,16725300,71.83087896154217,4.97078529345211,4.034371285481987,263.90985610820655,239.05918991230126,251.4845230102539,252.55437968812137,246.98184094194886,256.52181243896484,251.4845230102539,244.44541198730468,255.78204923345356,250.81126394000145,4.97078529345211,5.124637511710405,98.62232849879231,97.62614271392464,3.3634647974854732,6.212666548976319,0.0025842356821068613,0.002580902286694397,22868490.0,-0.22770069032392126
2021-07-02,262.3915341487316,267.3735229640247,262.0837590204918,267.0368957519531,26458000,77.25543792699895,5.500401489714903,4.32757732632857,266.04394837921933,239.50842283660097,252.77618560791015,253.9336669322958,247.76831367959608,258.2741668701172,252.77618560791015,244.85075103759766,257.5135640824535,252.0131625927386,5.500401489714903,7.875505574066774,98.51566478050026,97.59484194869754,3.5867317493072295,6.633881385654585,0.022275347776302912,0.022030876019078872,22927335.0,0.5819148236503979
2021-07-06,267.40236092120523,268.6911361826912,263.81492881537,267.0465087890625,31565600,77.26322792547596,5.853427167927066,4.6327472946482695,267.97832084467717,239.86788429448293,253.92310256958007,255.18250901389263,248.5243213309477,259.71971588134767,253.92310256958007,245.17990173339842,258.98017096039337,253.1267437924663,5.853427167927066,6.423911369230435,93.14631918603433,96.76143748844231,3.776339518438927,7.027609137548563,3.599890974737008e-05,3.599826180216875e-05,23351655.0,0.19304558167661945
2021-07-07,268.71999662413555,269.9606949040537,266.55600233060557,269.229736328125,23260000,79.02064555713997,6.237469116446675,4.9536916590079505,269.8701749996891,240.60744188263516,255.23880844116212,256.52034018667666,249.33629838966056,261.10658874511716,255.23880844116212,245.5450405883789,260.5570271708136,254.31955805436695,6.237469116446675,7.9019358178123476,96.92054105756503,96.19417500803321,3.596351507429635,7.315683279263485,0.008175458083921283,0.008142220060970862,23391905.0,-0.26312187951440813
2021-07-08,266.3155319677022,268.0755969208778,264.3631295960202,266.815673828125,24618600,72.36052525388318,6.274699627492566,5.217893252704874,270.86509020692336,241.90443188780318,256.38476104736327,257.5008481525289,250.02176409312978,262.275146484375,256.38476104736327,245.85383666992186,261.51989588732306,255.2451962598305,6.274699627492566,5.631496806927471,85.63892993546014,91.9019300596865,3.5496390720468805,7.240164579780045,-0.008966552257280602,-0.009006993715442453,23725955.0,0.058409286328460874
2021-07-09,265.1807143722743,267.4216381390511,264.7960100826157,267.31585693359375,23916700,72.87073035337785,6.272262929432145,5.428767188050328,271.998515227159,242.76188363758715,257.38019943237305,258.4356108935827,250.69996381236365,263.3571472167969,257.38019943237305,246.31484436035157,262.41158220213396,256.1393192727018,6.272262929432145,4.681548428747096,87.92290974014706,90.16079357772408,3.493306042459427,7.3091578973929545,0.0018746391405437546,0.0018728841975044442,23693610.0,-0.028510963255424793
2021-07-12,268.4891758346326,269.07584463447415,266.0077793129093,266.7195129394531,18931700,71.18360442818043,6.151303455015352,5.573274441443333,272.80543098862944,243.82369346205414,258.3145622253418,259.2245539455704,251.32818142519068,264.5401275634766,258.3145622253418,246.80326721191406,263.07434077710616,256.9230373220908,6.151303455015352,4.542551688657424,81.57458715672466,85.0454756107773,3.327745172980932,7.245434381643821,-0.0022308590331353573,-0.00223335110614712,23690210.0,-0.2084317652518951
2021-07-13,266.9118906217508,272.03816979015454,266.7868844783001,270.2396545410156,26120100,74.88061985313921,6.267243328402969,5.7120682188352605,274.19090764661354,244.46660425524198,259.32875595092776,260.2736111451366,252.0698078218897,265.7192718505859,259.32875595092776,247.36842590332031,264.1766967407845,257.90945341238154,6.267243328402969,5.358295252173267,89.84805143120872,86.44851610936014,3.474761173335931,7.4310758478428856,0.013197915528443627,0.013111581828268434,24038690.0,0.37970177004706396
2021-07-14,271.55732455253013,272.817248138477,269.82611100200353,271.7112121582031,23113700,76.25224663343877,6.4040470467768955,5.850463984423588,275.4140815891888,245.5661262355182,260.4901039123535,261.3629064797144,252.84005897233337,266.7878082275391,260.4901039123535,247.96915649414063,265.33585295884893,258.93180591207204,6.4040470467768955,6.599522091475974,93.91538388974934,88.44600749256091,3.523538496865677,7.461988838417657,0.005445380026431801,0.005430607548189408,24292430.0,-0.11509909992687628
2021-07-15,271.22070421622124,271.71121913746225,269.1336383650554,270.28778076171875,22604200,72.14834123337754,6.324698771176202,5.945310941774111,275.8468096075733,247.408003014497,261.62740631103514,262.21289450657196,253.52428335623082,267.76210021972656,261.62740631103514,248.6195266723633,266.0976880054443,259.7729892342681,6.324698771176202,4.581021867126644,86.08468600888943,89.94937377661584,3.530407408369677,7.109701648269068,-0.0052387657659691556,-0.0052525362138331165,24061640.0,-0.022043203814188117
2021-07-16,271.28795247697474,273.2403550652202,268.77770380577266,270.0184020996094,26186800,71.3655523259286,6.168966083387147,5.990041970096718,276.3323691405503,248.83156671150053,262.5819679260254,262.9562761820993,254.17111154224568,268.6421234130859,262.5819679260254,249.28984161376954,266.700874789162,260.53190870577487,6.168966083387147,3.445081690740235,81.58329322863123,87.19445437575666,3.6781102564132238,6.875200607262449,-0.000996636478904911,-0.000997133451268416,23992705.0,0.1584926695038975
2021-07-19,268.2680403265695,269.65299943159687,263.95930475631536,266.42144775390625,32935600,61.73394515726929,5.689715157019009,5.929976607481177,275.80526446649174,251.04948101690673,263.42737274169923,263.28629252227137,254.65151688387942,268.58057861328126,263.42737274169923,249.82565399169923,266.6578860145073,260.9681708574883,5.689715157019009,2.255499070340452,56.01772521704535,74.56190148485534,3.84435901844984,6.1889458623962454,-0.01332114521726635,-0.013410667588097985,23779375.0,0.25771762872897797
2021-07-20,267.4023073782001,270.22992828235164,265.69997616082077,268.64300537109375,26259700,64.88602669845173,5.426611874688263,5.829303660922594,275.69755482843146,252.76238932440054,264.229972076416,263.79645565073065,255.20020270690745,268.7402282714844,264.229972076416,250.35350555419922,266.96328899244367,261.5366771177554,5.426611874688263,2.842388490953488,67.0341395597141,68.21171933513024,3.9158056395532292,5.733791376007725,0.008338508914791154,0.008303935609579623,23757555.0,-0.20269556346324347
2021-07-21,268.23914676268924,270.75899355414396,266.69070249429734,270.6435852050781,24364300,67.48360769000001,5.318225507770535,5.727088030292183,276.0007874618901,253.9874144424067,264.9941009521484,264.44856322733517,255.80582554997298,268.88161315917966,264.9941009521484,251.02269805908202,267.52948840977206,262.2112629020015,5.318225507770535,1.3506333808176096,81.37946994519625,68.14377824065191,4.082734758071175,5.50334325487085,0.007446982776346145,0.007419390899590658,23741065.0,-0.07217904241099482
2021-07-22,272.99023127998487,275.47162738747465,272.58630218874885,275.20233154296875,23384100,72.47956424630553,5.536361532065314,5.68894273064681,276.8770858339954,255.1183395810437,265.99771270751955,265.4727316383479,256.566472843816,269.72027893066405,265.99771270751955,251.80129760742187,268.7099258148792,263.1735642828139,5.536361532065314,3.054083272194529,97.98850842326742,82.1340393093926,4.273711541070051,5.439686563237927,0.01684409528656028,0.016703806678368675,23934335.0,-0.0402309937080072
2021-07-23,276.3853722718105,278.90521894376,275.5486324297109,278.59747314453125,22768100,75.49882337270542,5.915010892169448,5.734156362951338,278.40028387853215,255.80530389002251,267.10279388427733,266.7227070198892,257.43043363992246,270.8484405517578,267.10279388427733,252.78655151367187,270.231086942518,264.31607605034856,5.915010892169448,3.479458452163425,97.9606369618448,92.4428717767695,4.09853544126878,5.648744997127402,0.012336892578369785,0.012261413271807117,24000395.0,-0.02634268584208932
2021-07-26,277.9530521274675,278.6166794096968,275.68327658614254,278.0011291503906,23176100,73.96389367743296,6.096694364032771,5.806663963167625,279.0107499211853,257.5059798151428,268.25836486816405,267.7968424608893,258.23712758150947,271.9766021728516,268.25836486816405,253.6825387573242,271.4264780514215,265.3297836873887,6.096694364032771,4.19220323970584,93.95092342943548,96.6333562715159,3.959763688142573,5.376192526510641,-0.00214052190570746,-0.0021428160971512064,23878645.0,0.017919808855372255
2021-07-27,278.3666124668251,278.51087288872895,272.1343274321578,275.58709716796875,33604100,67.94219867296442,5.976988614170807,5.8407288933682615,279.2921623130226,258.9384559731102,269.1153091430664,268.53877148061116,258.91751854568435,272.5113464355469,269.1153091430664,254.43198669433593,272.06657330012104,266.08958468595023,5.976988614170807,3.0941824137390137,77.79913805086166,89.90356614738066,4.172038894079931,5.088426584978101,-0.008683533012256106,-0.00872145457339253,24579350.0,0.4499462808669277
2021-07-28,277.94340359284985,279.0590663386957,272.98064007555604,275.279296875,33566900,67.19105820065705,5.79053435812574,5.830689986319758,279.6081650429887,260.047798091777,269.82798156738284,269.1807262800768,259.55915691153984,272.86815490722654,269.82798156738284,255.23227600097655,272.56083846548705,266.7703041073613,5.79053435812574,3.209282980915609,74.968018911595,82.23936013063071,4.258597432010991,4.890091737802928,-0.0011168893468954666,-0.0011175135326096039,25260805.0,-0.0011070077758368324
2021-07-29,275.2985435397369,277.5875733755724,275.1446559746078,275.5486145019531,18168300,67.52932033034877,5.599946995475534,5.784541388150913,279.6351889346983,261.5211495662782,270.57816925048826,269.7871918250174,260.1861944641051,273.39423828125,270.57816925048826,256.07825347900393,273.02049631725106,267.4205493217755,5.599946995475534,1.9645377248407239,76.75160751651302,76.50625482632323,4.245546670905932,4.5285098421050245,0.0009783431954761834,0.0009778649296854189,25086395.0,-0.4587435837089514
2021-07-30,274.26951069995624,275.7025466900229,273.0576642728328,274.0194396972656,20944800,63.524531122089435,5.26482389792011,5.680597890104753,279.24030439486364,263.19616105923797,271.2182327270508,270.19026305094576,260.72867466932706,273.7943420410156,271.2182327270508,256.8821057128906,273.17417991417636,267.90935601625625,5.26482389792011,0.8495150129169275,66.6244621550136,72.78136286104053,4.21531932059345,4.0110358339064165,-0.005549564484116365,-0.00556502052649082,25297370.0,0.15282112250458213
2021-08-02,275.41397422948273,275.8083056438092,272.89412751695914,273.932861328125,16267400,63.29565623627911,4.9353585367937285,5.531550019442549,279.41947553768443,263.70658647403434,271.5630310058594,270.5467009821057,261.24648591084855,274.5454833984375,271.5630310058594,257.61959564208985,273.2909001317069,268.3555415949132,4.9353585367937285,1.3485924358599446,66.05108641879237,69.80905203010634,4.043570840318353,3.928222265912525,-0.0003159570329618333,-0.0003160069579015398,24787840.0,-0.22332034681639357
2021-08-03,274.5100185392599,276.25083011514954,273.14428420377305,276.14501953125,17879000,66.60630157399655,4.797455463376593,5.384731108229358,279.8267798152411,264.20913327069644,272.01795654296876,271.0798741772623,261.83074213125644,275.2956848144531,272.01795654296876,258.42652740478513,273.72999542394433,268.93253996056774,4.797455463376593,2.2689629240086107,80.7013720610924,71.1256402116328,4.051814324239997,3.904411636136152,0.008075548849450387,0.008043116096028893,24103510.0,0.09906930425267713
2021-08-04,275.27933499379344,276.59696249430243,273.76934068765456,275.5582580566406,16191300,64.93331347426407,4.587932704595119,5.225371427502511,280.18028303716824,264.48848222162087,272.33438262939455,271.5063869276793,262.3690760891146,275.7871520996094,272.33438262939455,259.1138122558594,274.0112665982053,269.42333389361016,4.587932704595119,3.4294574929170327,76.81547312548233,74.5226438684557,4.069674398114354,3.9229502038868387,-0.002124830915311793,-0.0021270915714301443,23750075.0,-0.09439565971251185
2021-08-05,275.9141748772102,278.5590576435162,275.1639911211731,278.4532470703125,13900200,69.0622337573678,4.6024318581550006,5.100783513633009,280.76501482856276,265.0675077544451,272.91626129150393,272.1679926555491,262.99982789229887,276.11224365234375,272.91626129150393,259.84091583251956,274.6946482092987,270.0922163511437,4.6024318581550006,3.6517763362821363,95.98788851679548,84.50157790112341,3.9934183454640384,3.924376768529412,0.010505905481071887,0.010451101962296481,23214155.0,-0.14150191769654075
2021-08-06,277.48180834700514,278.4339565262084,276.62581421943787,278.3954772949219,16589300,68.88792335617318,4.5567338128142865,4.991973573469265,281.2180203554435,265.72246426369713,273.4702423095703,272.76108643072746,263.60357884926447,276.0920440673828,273.4702423095703,260.57128753662107,275.2640065301638,270.7072727173495,4.5567338128142865,2.8642437927984927,95.03267786250268,89.27867983492683,3.6911565960055106,3.8738890229366016,-0.00020746669682769614,-0.00020748822101992928,22847785.0,0.19345764809139432
2021-08-09,278.67438860321397,280.40557237439197,276.8085422037399,277.30865478515625,16117600,65.53665224094478,4.38230381853117,4.870039622481646,281.2353985334099,266.76400027030104,273.9996994018555,273.1941881787683,264.1410328075347,276.0227966308594,273.9996994018555,261.3218557739258,275.57856780016266,271.1962639816315,4.38230381853117,0.7653726007254517,77.419271080869,89.47994582005572,3.6245193137998837,3.6178495657772083,-0.0039038799061175133,-0.003911519935598769,22707080.0,-0.0284339905842923
2021-08-10,277.7606812698353,278.1934918740184,274.29831384057627,275.49090576171875,18616600,60.25667989867425,4.050695737738408,4.7061708455329985,281.30192181134646,267.22260211443484,274.26226196289065,273.4129231866683,264.58612586456155,276.0131774902344,274.26226196289065,262.02895294189454,275.5650813327097,271.5143855949713,4.050695737738408,-1.1150737828841937,40.58129523430951,71.0110813925604,3.612154097628133,3.5198299242278948,-0.006554966792672978,-0.00657654493519439,22331905.0,0.1550478979500669
2021-08-11,276.23151748719226,277.62610362360755,274.9331147655397,275.9814758300781,13955900,61.16598882824002,3.783860856670344,4.521708847760468,281.448367126034,267.5031831669347,274.47577514648435,273.65754724794544,265.03300233379747,276.08339538574216,274.47577514648435,262.78971801757814,275.6291420246125,271.8452811679422,3.783860856670344,-0.7264910493294887,46.51232583230878,54.8376307158291,3.4596502887475133,3.48629598977481,0.0017807123868680552,0.0017791287982309118,21874015.0,-0.25035183653298665
2021-08-12,275.6737082598213,278.8860348144574,275.3947851546205,278.7321472167969,14561300,65.87988625499861,3.751108045011449,4.367588687210665,281.8253302375224,267.9706567009541,274.89799346923826,274.14084248307415,265.5702237017582,276.40174865722656,274.89799346923826,263.60742034912107,276.1065274387947,272.3554193937833,3.751108045011449,1.1412181779001196,79.7681586111621,55.620593225926804,3.444533307250773,3.46366838414207,0.00996686961849691,0.009917527957235123,21471870.0,0.04337950257597156
2021-08-13,278.4146456064741,281.7038997648772,278.24150379468085,281.65582275390625,18249000,70.04235255095652,3.9159270183813533,4.277256353444803,282.63277103761664,268.32695796628957,275.4798645019531,274.8565548898201,266.2010315077248,277.16538696289064,275.4798645019531,264.5141796875,276.96026517958114,273.0443381611998,3.9159270183813533,2.3163841056313546,99.49760543836898,75.25936329394663,3.4823185320109196,3.5764532678317544,0.010489193895655502,0.010434563985116904,21074980.0,0.2532534869826184
2021-08-16,281.98291302988906,283.55061152329273,278.93407230117066,283.3390197753906,22507600,72.14890825165564,4.134704870816563,4.248746056919154,282.9499497016091,269.7015365044455,276.3257431030273,275.66440868844586,266.8731094790058,278.1060028076172,276.3257431030273,265.35688720703126,277.9416120404749,273.80690716965836,4.134704870816563,2.827234420147041,98.01443189164131,92.4267319803908,3.3566038009788435,3.312103299290889,0.005976077487150233,0.005958291560956046,20553580.0,0.23336073209490937
2021-08-17,281.2135686180653,282.21379406251276,279.95361563802567,281.8771667480469,20075300,67.69659697139218,4.142377820021068,4.227472409539537,282.9956426170612,270.97925972668884,276.987451171875,276.2560999322174,267.46150388171327,278.67921752929686,276.987451171875,266.1122671508789,278.547081995486,274.40470417546493,4.142377820021068,2.8675801466722217,84.29646425358253,93.93616719453094,3.164245077709223,3.004095722593078,-0.005159377725322156,-0.005172733271923483,20244360.0,-0.10806572002345871
2021-08-18,281.41455687924235,284.0934094395426,279.7089369385495,280.1522216796875,21813000,62.774026060991574,3.963580349471499,4.17469399752593,282.8278308235101,272.0979351677008,277.46288299560547,276.62715914626216,267.95917908947695,279.13861389160155,277.46288299560547,266.856999206543,278.79402656228626,274.83044621281476,3.963580349471499,2.2703958632085266,64.80856730726943,82.37315448416443,3.3029275848541153,2.6824739139523164,-0.0061194920051868,-0.006138292836655255,20116795.0,0.08655910496978869
2021-08-19,278.1864940413031,286.64704708243323,278.13832497152845,285.9725036621094,29850500,70.55437903982676,4.242623852915301,4.188279968603805,284.4613309906481,271.5414522124769,278.0013916015625,277.51719195729527,268.6655839746782,279.8905395507812,278.0013916015625,267.6985168457031,279.8984076545667,275.6557838016514,4.242623852915301,3.558812738155231,95.09527110143755,81.40010088742984,3.721773277262307,3.2299696945427914,0.020775426828763432,0.020562560854656305,20440115.0,0.3684729289873012
2021-08-20,288.8151504653693,294.7124789833826,287.21554348054167,293.28631591796875,40817600,77.04650012800985,4.996336705335409,4.349891315950126,288.1469903152439,269.3246771652249,278.7358337402344,279.0190132868832,269.6311028744151,281.37962341308594,278.7358337402344,268.61610137939454,281.95808584893626,276.96174914360085,4.996336705335409,6.4335062887805545,93.38765677894317,84.43049839588339,4.137901648292533,4.705578287504754,0.02557522895453257,0.02525365415714637,21342590.0,0.36740088105726865
2021-08-23,292.21673851879405,294.2885083597371,290.8676811391506,293.5657958984375,22830200,77.25288779592603,5.552208862165344,4.59035482519317,291.01218516262315,268.01594899265024,279.5140670776367,280.40442115465027,270.5697182871219,283.0053375244141,279.5140670776367,269.5267721557617,283.74388739501336,278.191678532848,5.552208862165344,5.427320021270543,94.52477910066136,94.33590232701404,4.160350313236104,5.749059042493241,0.0009529254019029487,0.0009524716567261437,21325295.0,-0.44067755086041316
2021-08-24,293.92232360780326,294.5294067686128,291.0122120736746,291.6096496582031,18175800,72.34940039608637,5.768402346361938,4.825964329426924,292.847492626305,267.78289677799194,280.31519470214846,281.47158577403627,271.39481363500744,284.6172119140625,280.31519470214846,270.35984954833987,284.9540046662733,279.18560231991137,5.768402346361938,4.746547067387393,84.80060632666692,90.90434740209048,4.209605519542554,6.266148962078255,-0.006663399713334184,-0.0066856992770111855,20553880.0,-0.20387031213042373
2021-08-25,293.2285728625707,293.50802996134405,289.4897644777505,291.02191162109375,20006100,70.89339403621351,5.82516284131799,5.025804031805137,294.2645509574699,267.94009992143634,281.1023254394531,282.38114061661315,272.1645037521089,286.1212554931641,281.1023254394531,271.21060272216795,285.8875288131688,280.0623659718508,5.82516284131799,4.945123997865046,81.92153665618135,87.0823073611699,4.2541197310604435,6.581112759008404,-0.0020154958445245397,-0.002017529689537793,19875840.0,0.10069983164427421
2021-08-26,290.0390265356093,291.42663715345464,288.0732693330389,288.2081604003906,17666100,64.22920282899558,5.578790905614142,5.1364014065669386,294.9902588123337,268.4803466564163,281.735302734375,282.9360948817348,272.79366675792386,287.06885681152346,281.735302734375,272.02393127441405,286.2445490573568,280.66575815174264,5.578790905614142,4.616215770720014,68.1382092410279,78.2867840746254,4.363115086027664,6.627478038979348,-0.009668520164098804,-0.009715563778854146,19850730.0,-0.11696432588060646
2021-08-27,288.11173480081567,289.92333882072455,286.0303192932978,288.815185546875,22605700,64.99373045358038,5.370612153934758,5.183243556040503,295.56739657813245,269.3827834755785,282.47509002685547,283.4960082784148,273.4219616123926,287.7847930908203,282.47509002685547,272.7816915893555,286.64003159420577,281.269419440271,5.370612153934758,4.650206930808136,71.11175796191831,73.7238346197092,4.38425718294014,6.546153275638499,0.0021062038827805996,0.002103988944911248,19933775.0,0.27960896858955864
2021-08-30,290.16426854794526,293.1514863285869,290.10645389602473,292.5444030761719,16348100,69.33050553555594,5.443793024284446,5.235353449689292,296.5869317392086,270.22440248930707,283.4056671142578,284.3577601639155,274.1718612776388,288.70533142089846,283.4056671142578,273.64231262207034,287.54839643758515,282.1046034133007,5.443793024284446,4.955386738592401,89.03869768849846,76.09622163048157,4.415765950673696,6.590632312475383,0.012912124139994763,0.012829473369449456,19937810.0,-0.27681513954445114
2021-08-31,293.34420103292587,293.4212774277083,290.53042740378993,290.8966064453125,26285300,65.47092489335193,5.307642772389784,5.24981131422939,297.2646147631235,271.0218781567984,284.14324645996095,284.9805074288105,274.82773363715546,289.607275390625,284.14324645996095,274.4084243774414,288.0635056695432,282.7558628971534,5.307642772389784,3.280877917258712,80.24674905868606,80.13240156970096,4.429898891091589,6.560684151581297,-0.005632637690321296,-0.005648560814941648,20358125.0,0.6078504535695279
2021-09-01,291.8505275583118,294.08612491832895,290.5207320699009,290.8483581542969,18983800,65.35619791916,5.136637523076274,5.227176555998767,297.70064499456265,272.1148579351248,284.9077514648437,285.53935035504725,275.45599342214143,290.67688903808596,284.9077514648437,275.11817138671876,288.4919445133514,283.35530699027515,5.136637523076274,2.6503015309571816,76.6858638677906,81.99043687165839,4.4351948331338145,6.396446764859474,-0.00016586061833179233,-0.000165874374725266,20497750.0,-0.27777883455771857
2021-09-02,291.2048996220678,292.3226688129112,289.2583755946985,290.1930847167969,16285600,63.72300083901558,4.891849346712945,5.1601111141416025,298.1168544751581,272.87263221917783,285.49474334716797,285.98256315140435,276.03391857095147,291.0989471435547,285.49474334716797,275.8194311523437,288.75365839080456,283.8618090440916,4.891849346712945,2.950192122579088,72.73227783841416,76.55496358829696,4.406758922277841,6.311055563995057,-0.002252972791932928,-0.002255514553530962,20617020.0,-0.14213171230206811
2021-09-03,290.03893618886394,291.59037412727884,289.33551492747904,290.1835021972656,14747900,63.697932879343725,4.643551750035897,5.056799241320461,298.4078148318449,273.7604743527254,286.08414459228516,286.38265258434353,276.58880420335595,290.7886657714844,286.08414459228516,276.49318420410157,288.9736343610293,284.33008261099343,4.643551750035897,3.580653566634002,72.67446179830499,74.0308678348366,4.2380674921119645,6.161835119779888,-3.3021184983050844e-05,-3.302173019438207e-05,20524950.0,-0.09442083804096868
2021-09-07,290.05821049267576,290.1352868730688,287.3504504950294,289.2583923339844,17180400,61.195067628952955,4.322300689471206,4.90989953095061,298.3554694695589,275.0077934698942,286.68163146972654,286.6565325604998,277.08565079671394,290.35792541503906,286.68163146972654,277.1805578613281,289.0174432799455,284.6951425904743,4.322300689471206,1.1490225912619345,67.0928202700581,70.83318663559243,4.198613746745626,5.836918999916171,-0.003188016742083355,-0.0031931092937642737,20578090.0,0.16493873704052775
2021-09-08,288.87291398187256,289.6727026291222,286.64696252160434,289.2872619628906,15046800,61.246242707543225,4.023654265528819,4.732650477866252,297.8280044234422,276.9148941361281,287.37144927978517,286.9070782178703,277.5641453522503,290.1256866455078,287.37144927978517,277.7973388671875,289.05895384655247,285.03529958102365,4.023654265528819,-1.363532404354197,67.2670049004507,69.01142898960461,4.10156143292597,5.228277571828536,9.980567434286769e-05,9.980069408792121e-05,20399600.0,-0.12418802821820218
2021-09-09,289.8751463205612,291.1471272624396,286.1941239314484,286.4350280761719,19927000,53.709992689416175,3.516289785544757,4.489378339401953,296.8975694237706,278.89068436040907,287.89412689208984,286.8621210615181,277.9120231061296,289.6669982910156,287.89412689208984,278.3055224609375,288.6552729588016,285.13898317325686,3.516289785544757,-2.4290186124859714,4.661383772245825,46.34040298091821,3.8475815200749985,4.5017212658403905,-0.009859521181007413,-0.009908448123079356,20698155.0,0.32433474227078185
2021-09-10,287.5624411048134,289.007865815786,284.6330387898814,284.9510192871094,19633400,50.24572841925471,2.9603278561101547,4.183568242743593,296.2553164554143,280.15482453579665,288.20507049560547,286.6801113687173,278.1880621720504,289.3412841796875,288.20507049560547,278.7936456298828,288.0853877785413,285.12505992243115,2.9603278561101547,-2.283405360178704,3.2131030082079968,25.04716389363485,3.5357852132629506,4.025122979904419,-0.005180961277780116,-0.005194428994947785,20951760.0,-0.014733778290761279
2021-09-13,286.7241016921292,287.6781021035082,283.38035098235275,286.1844787597656,23652900,52.961436394434955,2.589404845327863,3.8647355632604476,295.9428335976361,280.9201729941608,288.43150329589844,286.6329082631029,278.5016471362745,289.0782135009766,288.43150329589844,279.2929718017578,287.7929402371912,285.20353539186334,2.589404845327863,-1.6622229008056246,25.151257928663792,11.008581569705882,3.5984226347321617,3.7556651508688113,0.004328671909095583,0.004319330157397327,21221955.0,0.20472765797060122
2021-09-14,288.6610174835909,290.42445251988386,287.25414532984894,288.8826599121094,21853400,58.32068792392847,2.4845262838440476,3.588693707377168,295.82765847486195,281.58971213060676,288.70868530273435,286.847170324913,278.9087456765033,288.7120391845703,288.70868530273435,279.7298870849609,287.96058941794786,285.4760631341038,2.4845262838440476,0.23403206584494607,51.395713777089945,26.586691571320586,3.650049710816453,3.5594865860637874,0.009428118408226771,0.009383951092633068,21189245.0,-0.07607946594286541
2021-09-15,292.2263443776221,294.211391982283,290.8387342879429,293.7295837402344,28356300,65.84808638804672,2.7606919751377177,3.423093360929278,295.9858481994032,282.61676410528423,289.3013061523437,287.50263826922935,279.48995501233594,288.9953369140625,289.3013061523437,280.2635485839844,288.84812700599196,286.08743503085424,2.7606919751377177,1.7015719530307603,95.55159802227962,57.36618990934446,3.743654467000742,3.342271023529758,0.01677817501957235,0.01663897628388141,21603295.0,0.2975692569577275
2021-09-16,292.70817930849984,294.20177323213824,289.81732959262365,294.11505126953125,19550800,66.36829735934751,2.9763497757802497,3.3337446438994727,295.4663451674348,284.5325500962371,289.99944763183595,288.13239188830573,280.0634881988926,289.32200622558594,289.99944763183595,280.7612548828125,289.6584230465365,286.68207327075623,2.9763497757802497,0.5368922381845789,99.1105128975844,82.01927489898466,3.8173027397935186,2.7334487677994237,0.001312321096120117,0.0013114607554037135,21490185.0,-0.31053064045732337
2021-09-17,293.1032859884223,293.4212665400656,288.6320906685241,288.959716796875,41372500,54.42742666125545,2.700142171333539,3.207024149386286,295.306973844084,284.9906427330645,290.14880828857423,288.2111847367409,280.4123599086174,289.19866943359375,290.14880828857423,281.2041357421875,289.5509297773578,286.85078760602426,2.700142171333539,-0.6658343911624931,51.51273838367145,82.0582831011785,3.9308699593349763,2.5790827777548766,-0.01752829190618954,-0.017683731486600514,22066285.0,1.1161538146776602
2021-09-20,285.54842520573646,287.8514824392424,278.98620009647595,283.59228515625,38278700,45.290908706653795,2.024798166075186,2.970578952724066,295.3733240690551,283.9548894319214,289.66410675048826,287.7712895385989,280.537062859505,288.5395477294922,289.66410675048826,281.5296643066406,288.6342152202643,286.6094170541891,2.024798166075186,-2.494795928742181,30.253050958706503,60.292100746654135,4.333528239241202,2.8546086592834334,-0.01857501696126751,-0.018749699120151897,21939340.0,-0.07477914073357905
2021-09-21,284.9317293722103,286.7144255542644,283.37067554386437,284.0740966796875,22364100,46.16453703301237,1.5110429767472624,2.6786717575287056,295.10733500651986,283.2717085725817,289.1895217895508,287.4191759329883,280.6757700681396,288.0211181640625,289.1895217895508,281.8767559814453,287.932658521714,286.42161554496676,1.5110429767472624,-2.1085919545880887,33.417618781898575,38.39446937475885,4.365878238275607,2.958906608484527,0.0016989585001299101,0.0016975169027158182,21916035.0,-0.4157560209724991
2021-09-22,285.9339466951143,289.29695901168185,283.79471679857085,287.71661376953125,26626300,52.35841325315903,1.3818795281530925,2.4193133116535828,294.83307611380275,283.15666387643165,288.9948699951172,287.44750334599235,280.9518815858413,287.8640533447266,288.9948699951172,282.22629516601563,287.89942086753206,286.51754133937897,1.3818795281530925,-0.8501132590430291,57.341895842993075,40.3375218611994,4.504224621467245,2.9191030593427665,0.012822418982998407,0.012740907809505262,22338560.0,0.19058222776682276
2021-09-23,287.97688157763616,289.95228422054885,286.7049003659092,288.6610412597656,18604600,53.84127141877754,1.3402741243085643,2.203505474184579,294.637417623218,283.1162353308835,288.87682647705077,287.5630783853993,281.25420157305405,288.08665466308594,288.87682647705077,282.5652917480469,288.016593235568,286.67631911125943,1.3402741243085643,-0.20651123357175918,63.54495388861793,51.43482283783654,4.5173025240691675,2.8802955730836213,0.0032824920252636502,0.0032771164087157813,22268485.0,-0.3012697971554441
2021-09-24,287.3793723405542,288.8922279642704,286.1266531897196,288.4586181640625,14999000,53.457214277839014,1.2762558074020376,2.0180555408280707,294.6449068002995,283.1337919301692,288.88934936523435,287.64836788812914,281.5367277138779,288.4374145507812,288.88934936523435,282.92870849609375,288.084597070721,286.80834126331894,1.2762558074020376,-0.28644323749533857,62.21542650255047,61.03409207805384,4.5537822079799515,2.877778717532566,-0.0007012484082359327,-0.0007014943979075927,22135130.0,-0.19380153295421565
2021-09-27,285.3654278881508,285.68340842010866,282.2818430717225,283.46710205078125,23571700,44.943739713436315,0.8133711591092947,1.7771186644843158,294.8680515549902,282.3758388258692,288.6219451904297,287.25015209409605,281.61242866826626,288.1656768798828,288.6219451904297,283.1976824951172,287.3742132214995,286.5608420623902,0.8133711591092947,-1.0361602927283609,29.430840595726142,51.73040699563153,4.792619592987364,3.123053182280257,-0.017304097707499633,-0.017455563468282243,22183430.0,0.5715514367624508
2021-09-28,279.2560390156346,280.20039373530875,272.4625547192188,273.20452880859375,43186200,33.22713275094175,-0.37722375171176736,1.3462501812450993,296.70365336242014,278.6062495916814,287.65495147705076,285.912473685953,281.28270710514187,286.5978637695313,287.65495147705076,283.3333441162109,285.19426177336015,285.5714855250719,-0.37722375171176736,-4.122284071102115,3.411557502593586,31.68594153362341,5.362534394704832,4.524350942684688,-0.03620375404391385,-0.03687536982801607,23525335.0,0.8321207210341215
2021-09-29,274.72706776293006,276.3362908365867,272.713112823429,273.6670837402344,26353700,34.06151176090978,-1.2688282171903893,0.8232345015580016,297.64398657744636,275.9429641061474,286.79347534179686,284.74624607207505,280.9840552084788,284.59161376953125,286.79347534179686,283.43382568359374,283.4208497682639,284.6896779854543,-1.2688282171903893,-4.373890252112114,5.538360540594048,12.793586212971269,5.267546872002441,5.425255617824753,0.0016930719767265234,0.0016916403460420827,23528755.0,-0.38976571219509937
2021-09-30,275.31483525135485,277.35769732785985,271.37364767786374,271.6627502441406,32343600,32.184767595255224,-2.112808995049363,0.2360258022365287,298.4276515736489,273.24073831892923,285.8341949462891,283.500198850367,280.61851383732835,282.3463836669922,285.8341949462891,283.454208984375,281.6119113799372,283.7247203749866,-2.112808995049363,-5.960866489254769,1.265898078300746,3.405272040496136,5.382491345151839,6.296728313679921,-0.007323984560731023,-0.007350936613901603,24196745.0,0.22728876780110574
2021-10-01,271.8555783869406,279.42962204644147,271.0557893483687,278.5816345214844,30086300,43.71382182231203,-2.198036112329703,-0.25078658067671766,298.06961068781385,272.437634185233,285.2536224365234,283.0317641523781,280.5386362170992,281.30857543945314,285.2536224365234,283.5217950439453,281.14571494017525,283.34375105250496,-2.198036112329703,-5.1571071003002515,32.50118466834083,13.10181442907855,5.673640029217361,6.407994125645205,0.025468652846685202,0.025149730385559683,24886780.0,-0.06979124154392213
2021-10-04,276.94330922606474,277.2805808009272,270.0534587991654,272.80938720703125,31350700,37.921583318362465,-2.700224823462122,-0.7406742292337987,298.1165372681731,270.6532961058503,284.3849166870117,282.0582044432975,280.23552841278286,280.23028564453125,284.3849166870117,283.4060333251953,279.86320298123,282.56342780469214,-2.700224823462122,-7.243989714411176,11.407964360923808,15.058349035855136,5.979940169374556,6.865810290580704,-0.02072012867742712,-0.02093780261492452,25716920.0,0.04202577252769535
2021-10-05,273.7152814419423,279.83425268811834,273.7152814419423,278.2539367675781,24993000,45.28584277421087,-2.628582682642275,-1.118255919915494,297.6258498524101,270.0435379649727,283.8346939086914,281.69589323608614,280.1578189365003,279.6482696533203,283.8346939086914,283.41108947753906,279.6156235637451,282.24420624638736,-2.628582682642275,-3.704938580356698,33.9588006905175,25.955983239927388,6.101092555868377,6.895577971859358,0.019957339504652394,0.019760802406484534,26107550.0,-0.20279292009428818
2021-10-06,275.382351437471,282.9467476472076,275.12218554145016,282.4456481933594,28002600,50.18542430879512,-2.2081159037879274,-1.3362279166899806,297.05175836807786,269.9334680723518,283.4926132202148,281.76729847011217,280.2475377308869,279.1211730957031,283.4926132202148,283.5482604980469,280.0510119683011,282.25912787208904,-2.2081159037879274,-0.40432586600826104,53.03103111595781,32.79926538913305,6.34681530345715,6.779572573931526,0.015064338260495136,0.014951997933614897,26755340.0,0.12041771696074899
2021-10-07,284.4402643887922,285.8471654194184,283.22612779643686,284.1222839355469,20430500,52.035589120472544,-1.7197779306216034,-1.4129379194763052,296.86974774022775,269.88420428613944,283.3769760131836,281.99158280015354,280.39948856244223,278.66729736328125,283.3769760131836,283.7251202392578,280.67736150172357,282.39713943234517,-1.7197779306216034,0.01696291792268175,70.70178685653974,52.56387288767169,6.19814077667514,6.746385863522067,0.005936135865119319,0.0059185864269337115,26780515.0,-0.2704070336325912
2021-10-08,285.44243361714194,285.8471654194184,283.0719456530571,284.1222839355469,17685700,52.035589120472544,-1.3175783455982355,-1.3938660047006914,296.8130390428533,269.8580394483576,283.33553924560545,282.19450671781004,280.5454805378581,278.23366394042966,283.33553924560545,283.8965936279297,281.2073495684656,282.5249279140638,-1.3175783455982355,-1.249260439601701,70.70178685653974,64.81153494301243,5.683976709958155,6.738749898623934,0.0,0.0,26683130.0,-0.13434815594332006
2021-10-11,282.2625366597223,287.128787851861,282.09870892799114,283.5248718261719,19298600,51.249006939473425,-1.0351063792126638,-1.322114079603086,296.61402272064845,269.79109507720307,283.20255889892576,282.32120815670163,280.66231941190966,278.23944091796875,283.20255889892576,284.0867022705078,281.5638914542665,282.5989978334792,-1.0351063792126638,-1.779308150202271,67.69953875031224,69.70103748779725,5.8044287752059995,6.705731910861342,-0.00210265840855528,-0.002104872098380169,26465415.0,0.09119797350401737
2021-10-12,284.5945181012245,284.69088564097564,281.7133139283031,282.2240295410156,17974100,49.49457496107523,-0.9057712444875392,-1.2388455125799767,296.0153456987952,269.7239090619469,282.86962738037107,282.3119530504458,280.7235629463844,279.1413909912109,282.86962738037107,284.2525256347656,281.6654511599202,282.57122240440776,-0.9057712444875392,-2.161345936802941,61.16225698815178,66.52119419833461,5.6240951680318245,6.572859159212062,-0.004588106421766769,-0.004598664087542255,26271450.0,-0.06863192148653274
2021-10-13,284.18014809161934,286.46391451193523,282.81179971016536,285.5292053222656,23416300,53.8202806622453,-0.5304573729708295,-1.0971678846581474,294.65641102054883,270.26280589839644,282.45960845947263,282.6183580287144,280.91201951014443,280.3276031494141,282.45960845947263,284.4402093505859,282.25987487720414,282.79033225017497,-0.5304573729708295,0.7274577037567354,82.14839508605438,70.33673027483948,5.694988104908966,6.098401280538098,0.01171117777116737,0.011643132672347765,26024450.0,0.3027801113824893
2021-10-14,288.3236530124895,292.23593321952023,286.99385768362157,291.73486328125,27262900,60.63712939981441,0.2646752965748078,-0.8247992484115564,294.09705041829534,270.58414770182185,282.3405990600586,283.48659662419396,281.3364447560702,282.334814453125,282.3405990600586,284.7637414550781,283.7175654009035,283.4528901043287,0.2646752965748078,6.782586860278054,97.74114497429355,80.35059901616658,5.976499042244955,5.87822567911837,0.021733881660127574,0.021501068109170105,26410055.0,0.16427018786059278
2021-10-15,291.33982641094127,293.3730726386509,289.5860372188823,293.14178466796875,25384800,62.006461507329924,0.9968592902126261,-0.4604675406867199,294.93386561635805,270.16553929086854,282.5497024536133,284.4061383426487,281.7993992624192,283.79082946777345,282.5497024536133,285.05751220703127,285.1674452881443,284.17058599793165,0.9968592902126261,7.116201430428447,99.00818267285999,92.96590757773599,5.805803351346997,6.192081581372383,0.004822602862388781,0.004811011365722513,25610670.0,-0.06888848948571136
2021-10-18,292.52511657650416,296.9962825877865,291.6771292104213,296.1097717285156,22729300,64.7892141391089,1.7959099990014238,-0.009192032749091195,296.9668763923051,269.3842771721481,283.1755767822266,285.52077009368367,282.360590339521,286.12086791992186,283.1755767822266,285.41179809570315,286.8508801251245,285.05497012612307,1.7959099990014238,8.999033346457953,96.70965869715089,97.81966211476815,5.39970378319005,6.895649805039248,0.010124749236648745,0.010073837321622033,24833200.0,-0.10460984526173145
2021-10-19,297.1311627256362,298.046580784232,296.04227134224186,297.0155334472656,17682100,65.61686463192993,2.473735164374432,0.4873934066756135,298.9419131644326,268.7033840767784,283.8226486206055,286.61550946069144,282.9352939908051,287.9970275878906,283.8226486206055,285.8059356689453,288.41467294391543,285.940937779541,2.473735164374432,6.617054622945583,96.31678332443093,97.34487489814728,5.284070313820938,7.55963227191355,0.0030588714227925973,0.003054202594076851,24599100.0,-0.22205699251626754
2021-10-20,297.9599010679799,298.4320932312607,294.97268352184886,296.22540283203125,16537100,64.19920963563376,2.9135736902818508,0.9726294633968611,300.2800176258334,268.2161585216275,284.24808807373046,287.530737400819,283.4564747296767,289.3750030517578,284.24808807373046,286.2206256103516,289.61632369593326,286.7027500056514,2.9135736902818508,8.58328808430258,92.22411351571678,95.08351851243287,5.103738889493489,8.015964776051478,-0.0026602333085540275,-0.002663778017078733,24094640.0,-0.0647547519808167
2021-10-21,295.99414145888375,299.7040420623986,295.2135849120758,299.4535217285156,16918100,67.30695721376284,3.4824871631165593,1.4746010033408008,302.118945294106,267.4564789002299,284.78771209716797,288.6662406701235,284.0838099061018,290.9081268310547,284.78771209716797,286.6900665283203,291.129738777869,287.64725161475246,3.4824871631165593,7.618790665537012,99.15509137996065,95.89866274003613,4.826354921797064,8.66561659846903,0.010897508672862877,0.010838558710363707,24010315.0,0.023039106010122712
2021-10-22,299.10661846440314,299.7715163414631,296.60120915737616,297.9117431640625,17449300,64.43022184158454,3.7655397459438404,1.9327887518614086,303.5046861133637,267.01605058097226,285.26036834716797,289.54676471716533,284.62608179857085,292.2870727539063,285.26036834716797,287.07365844726564,292.17312406805263,288.4075843221088,3.7655397459438404,5.475777399875248,92.86246388024847,94.74722292530866,4.443650026209062,9.122158883097864,-0.005148640615590727,-0.005161940536333747,24132830.0,0.03139832487099614
2021-10-25,298.10438841823645,298.14294131253496,295.309906430058,296.9191589355469,17554500,62.57593318707941,3.8652119479247062,2.319273391074068,304.877352796146,266.9885895866665,285.93297119140624,290.24889749986835,285.10816325492283,293.6265014648437,285.93297119140624,287.3789251708984,292.90328327843633,289.0380713305116,3.8652119479247062,4.5040025804181445,88.42825621085534,93.48193715702149,4.144233554879768,9.472190802369875,-0.0033318063194608394,-0.003337369145746027,23831970.0,0.0060288951419253944
2021-10-26,299.6847507755604,301.0338080808827,297.37207690825886,298.8271179199219,28107300,64.68016109365779,4.051456561359316,2.665710025131118,305.9990077692177,268.4291935247276,287.21410064697267,291.0658708732068,285.64616147707966,295.28681030273435,287.21410064697267,287.6886871337891,293.8146424540495,289.76318589269016,4.051456561359316,5.175529979799399,88.57850040721559,89.95640683277314,3.87923977199251,9.392453561122519,0.006425853391256453,0.00640529561585589,23078025.0,0.6011450055541314
2021-10-27,304.50281355306396,314.2353460702273,304.50281355306396,311.4119567871094,52588700,74.76067777612404,5.155123030676521,3.1635926262401983,309.6564117841309,268.5462768145019,289.1013442993164,293.0035933411975,286.656584822571,297.8750854492188,289.1013442993164,288.2793829345703,296.52192158221254,291.366798551536,5.155123030676521,9.835851359818259,91.3185336303807,89.44176341615055,4.736861980867254,10.277533742407256,0.04211411251692332,0.04125145030716273,24389775.0,0.8709979258057516
2021-10-28,312.5297200802306,313.05008121355974,309.6677779577822,312.54901123046875,26297900,75.44264568484033,6.051776339376204,3.7412293688674,312.51474718330564,269.77656751396,291.1456573486328,294.8650617116043,287.6719740934689,299.9565002441406,291.1456573486328,288.92731872558596,298.9876276819443,292.93585134256807,6.051776339376204,10.745003442396813,94.81479253080037,91.57060885613224,4.78022508725413,10.684544917336396,0.0036512870446290258,0.0036446372779767853,24087490.0,-0.49993249500367953
2021-10-29,312.33708575518085,319.92074448093985,312.1154433275155,319.5545654296875,34766000,79.17597899069865,7.2441640092138755,4.441816296936695,317.18685904248446,269.20174874560144,293.19430389404295,297.21644301808846,288.9222717929285,302.5977783203125,293.19430389404295,289.5989599609375,302.1517719508278,294.90760794161395,7.2441640092138755,11.916595386107275,99.04160252088171,95.05830956068762,4.978455246508024,11.996277574220748,0.022414258076321136,0.0221667502366954,24321475.0,0.3220067001547653
2021-11-01,319.30400131110804,319.429276181663,314.49556360355314,317.38641357421875,27073200,75.35764102291665,7.922858314670805,5.138024700483517,319.7224322888114,271.12387813599327,295.4231552124023,299.1373925948628,290.0385126470967,304.72544250488284,295.4231552124023,290.0809619140625,304.49556296981103,296.5727046551402,7.922858314670805,8.792761346537835,93.1705659582187,95.67565366996695,5.12712882604101,12.149638538204536,-0.006784919040519255,-0.006808041251281307,24107600.0,-0.22127365817177702
2021-11-02,318.2922070795532,321.31797741681345,317.9934882764792,321.0096130371094,26487100,77.32554961898111,8.653340040320074,5.841087768450829,322.9966908431336,272.1251872086242,297.5609390258789,301.22046120841003,291.2530656035678,307.1248504638672,297.5609390258789,290.6298382568359,307.03618605708766,298.3828460167676,8.653340040320074,9.506603912064438,99.1016102318106,97.10459290363701,5.105105888303517,12.71787590862735,0.011415735859920062,0.011351068035812241,24182305.0,-0.021648715334722124
2021-11-03,321.75153286235326,322.7151493305887,318.6197793405882,321.847900390625,21500100,77.7679220503077,9.193913146561385,6.51165284407294,326.1151806025477,272.9469226689367,299.5310516357422,303.1849792257638,292.45286304619754,309.6871002197266,299.5310516357422,291.2346032714844,309.3149113391703,300.1209981926089,9.193913146561385,8.692090271747952,97.38221496235857,96.55146371746264,4.918580323499652,13.292064483402754,0.0026114088783337763,0.0026080050746964474,23857180.0,-0.18828033269025302
2021-11-04,320.7783004950608,324.2954947256181,317.52127212453837,324.1991271972656,23992200,79.0051517012451,9.700227397889194,7.149367754836192,329.246478866096,273.82330873156025,301.53489379882814,305.18632665162113,293.6978145815336,312.1616607666016,301.53489379882814,291.8981475830078,311.6047907019542,301.904563304065,9.700227397889194,9.152246495157257,99.70456052340342,98.72946190585753,5.131950836450447,13.855792533633956,0.007305397374930633,0.00727884221177826,24035265.0,0.11591108878563361
2021-11-05,326.1938803589028,326.46369184358485,322.25269180428967,323.8330078125,22570100,78.27467824895568,9.957162345895426,7.710926673048039,331.6660534712589,275.3748065140926,303.52042999267576,306.9622010478953,294.87958686510086,314.7537872314453,303.52042999267576,292.61064453125,313.4860548728074,303.528892526912,9.957162345895426,9.319796586156757,91.64623754118065,96.24433767564756,5.052797026588304,14.072811739291568,-0.0011293040420273792,-0.001129942186321577,24279485.0,-0.0592734305315894
2021-11-08,325.0278447491498,325.36511641707693,322.2719155808302,324.7291259765625,20897000,78.79155278626602,10.116477929689893,8.19203692437641,333.5954263375751,277.56585906281555,305.5806427001953,308.6542891363398,296.05015702633466,317.5347839355469,305.5806427001953,293.32892333984375,315.215758119539,305.0992801898491,10.116477929689893,8.440576721940083,94.49186939554073,95.28088915337496,5.13057498332092,14.00739181868987,0.0027672230515221052,0.0027634013385450682,24359405.0,-0.07412904683630117
2021-11-09,324.8446978129516,326.39613544817803,322.35858053714594,323.7269287109375,21307400,76.59671866721013,10.046062973528137,8.562842134206756,334.5104266637001,280.8011486536827,307.6557876586914,310.0897786196348,297.1355206218093,320.02476501464844,307.6557876586914,293.95257385253905,316.52516897975414,306.479106006226,10.046062973528137,8.6653803145512,91.242387942398,92.46016495970646,5.171871069150939,13.42731950250437,-0.0030862561607649663,-0.0030910284708870798,24526070.0,0.019639182657797738
2021-11-10,322.39716561372114,322.45498024865833,317.91635496264894,318.7643127441406,25500900,66.69009793008802,9.480531315668031,8.746379970499012,334.4661553671042,284.1689306924661,309.31754302978516,310.9159247267306,297.9837085481753,320.76000061035154,309.31754302978516,294.50992797851563,316.8696526358136,307.3891213201456,9.480531315668031,7.357273234542518,75.28589544658935,87.00671759484271,5.266165111862778,12.574306168659529,-0.015329635957557652,-0.015448349614269672,24630300.0,0.19680955912030562
2021-11-11,319.197961574822,321.62626453740313,318.4848947841872,320.33502197265625,16849800,68.09654347080618,9.05470945590804,8.808045867580818,334.92011522133237,286.57498670737857,310.74755096435547,311.812981607295,298.860230643253,321.5386016845703,310.74755096435547,295.0996612548828,317.4027863799433,308.34807692403524,9.05470945590804,7.197440514250099,80.3276879853337,82.28532379144036,5.264098152514849,12.086282128488454,0.004927493968800656,0.004915393603765438,24109645.0,-0.3392468501111725
2021-11-12,321.7709095924338,324.96047859803025,321.6456347130858,324.4690246582031,23831000,71.5065432215722,8.947678760573751,8.835972446179404,335.73110023384453,288.8967256938899,312.3139129638672,313.0183190407148,299.86449707521183,322.03004760742186,312.3139129638672,295.7851800537109,318.489899961214,309.54222120064026,8.947678760573751,4.192860160478666,93.14349791231562,82.91902711474624,5.392128277007495,11.708593634988667,0.01290524732540721,0.012822684194191664,24031955.0,0.4143194577977187
2021-11-15,325.25913835367027,325.5867644516325,321.87683485459274,323.8426208496094,16723000,70.28073862824348,8.711885418978738,8.811155040739273,336.34942433369247,291.0516865061513,313.7005554199219,314.0492049272762,300.80481565459996,322.67566833496096,313.7005554199219,296.4583624267578,319.3133954825056,310.60151006352686,8.711885418978738,3.6133883689726005,88.06481708381023,87.17866766048654,5.363219737843492,11.324434456885298,-0.001930550410023324,-0.0019324163243473356,23731640.0,-0.2982669631991943
2021-11-16,323.466863122962,328.275330695564,323.3030647437543,327.15753173828125,20886800,72.92578608546165,8.69230363626724,8.787384759844867,337.1831764046549,293.2321342642904,315.20765533447263,315.2976170045148,301.83825550101886,323.29046020507815,315.20765533447263,297.2163452148437,320.52018567570184,311.8278820394346,8.69230363626724,2.3792388315186352,93.99276749051963,91.73369416221517,4.617793866522367,10.987760535091118,0.010236178548626906,0.010184143663977699,23891875.0,0.2489864258805239
2021-11-17,327.2056943460369,330.34317737832805,326.2982353582756,327.37945556640625,19053400,73.09840573705465,8.595607517739495,8.749029311423794,337.45445914820044,296.07625679418237,316.7653579711914,316.4482682961235,302.8398711898576,323.84361572265624,316.7653579711914,297.9781890869141,321.5754579665794,312.9798504488399,8.595607517739495,3.1485411992440855,83.74059110331554,88.59939189254847,4.66512520682772,10.34455058850452,0.0006783393521336833,0.0006781093839871091,24017690.0,-0.0877779267288431
2021-11-18,326.47199828045603,330.5941871717435,325.448698473781,329.45501708984375,22463500,74.7217047379345,8.587464668708662,8.716716382880767,337.9978965006149,298.5329689779007,318.2654327392578,317.6870062764778,303.8836024016218,324.36920471191405,318.2654327392578,298.8385888671875,322.787697831697,314.20023316298835,8.587464668708662,2.6308882070014734,92.92380446642245,90.21905435341921,4.475138602866159,9.86623188067855,0.006339926003745555,0.006319913214741213,24294960.0,0.17897593080500074
2021-11-19,330.7776231911043,333.152448348102,330.3528538835382,331.2313232421875,21963400,76.05347669049024,8.62492173454143,8.6983574532129,337.9830337162107,301.87978977011744,319.93141174316406,318.976941225593,304.9560620424283,325.1090362548828,319.93141174316406,299.7641949462891,324.08671712561863,315.4617953910772,8.62492173454143,2.915483630675823,87.70965742796479,88.12468433256761,4.377883562303579,9.025810986523318,0.005391650028687689,0.005377167118205456,24520665.0,-0.02226278184610586
2021-11-22,332.6890251652275,337.5642085341759,327.7945448153531,328.0648498535156,31031100,69.06791790050363,8.303382564407684,8.619362475451858,336.2565586109375,306.7208339671875,321.4886962890625,319.8424563330142,305.8622890154121,325.44260864257814,321.4886962890625,300.60180236816404,324.6987375452951,316.3953549808874,8.303382564407684,1.1923914446252726,52.604955249508386,77.74613904796523,4.7948906963198725,7.383931160937485,-0.009559703948520126,-0.009605691236229293,25194495.0,0.4128550224464336
2021-11-23,325.381155553639,327.69808997134413,322.0119904551096,325.9893493652344,30427600,64.86251559216552,7.79127197832139,8.453744376025764,333.16537315814014,312.52824256451606,322.8468078613281,320.4278747170352,306.65158549971886,325.6688507080078,322.8468078613281,301.34393615722655,324.89729320990114,317.10602123157975,7.79127197832139,0.6658807165151309,42.24968371712326,60.854765464865494,4.934711368348839,5.159282648406022,-0.0063264945610844725,-0.006346591635326402,25310510.0,-0.01944823096828663
2021-11-24,324.6377612006127,326.45267906197216,322.3498168932111,326.2113342285156,21661300,65.10722569035406,7.318964505628628,8.226788401946337,332.4762606617027,314.69729280509415,323.58677673339844,320.97868038479527,307.41863446947565,326.41355285644534,323.58677673339844,301.9935711669922,325.09945336661104,317.7804888609824,7.318964505628628,0.4564445050919468,42.21824656657405,45.69096184440192,4.743899908897508,4.4447419641521355,0.0006809574107666805,0.0006807256644693127,23764140.0,-0.28810356386964464
2021-11-26,322.77463147147154,326.23067700890783,316.7603067714065,318.26629638671875,24217200,51.32879925273955,6.231723842998065,7.827775490156682,331.55309832098595,316.1921836614359,323.8726409912109,320.7203580992642,307.8440329760342,326.20668029785156,323.8726409912109,302.4765960693359,324.0481984466276,317.81647460362956,6.231723842998065,-1.6868020049993004,7.238976767364789,30.568969017020716,5.119569208769377,3.8402286648875195,-0.024355492921748878,-0.02465699346953252,23660105.0,0.1179938415515227
2021-11-29,323.34418392046973,327.29258219620067,323.15109625287187,324.9756774902344,28563500,59.18422387577947,5.844101601696195,7.431040712464585,331.56062258449305,316.72677060398354,324.1436965942383,321.12562661269,308.51586217266953,326.25734558105466,324.1436965942383,303.1969152832031,324.19088753025943,318.34678592856324,5.844101601696195,1.9485759533813825,39.48956696925999,29.648930101066288,5.543360992571889,3.7084629951273813,0.02108102925030808,0.020861898668454833,23349980.0,0.17947161521563193
2021-11-30,323.71106155688426,326.0858868817991,317.6001928133879,319.1448059082031,42885600,51.41740063702739,5.008668761064655,6.9465663221846,331.3468288983179,317.1164035235571,324.2316162109375,320.93697702178645,308.93268349563164,325.7875640869141,324.2316162109375,303.9079656982422,323.41456728071233,318.4058985196477,5.008668761064655,-0.3715535245330502,11.461788101037548,19.39677727922079,5.861085218098972,3.557606343690182,-0.017942486117923262,-0.01810540423469472,24140600.0,0.5014126420081573
2021-12-01,323.5276191928272,327.53393801069564,317.9863505876279,318.6524353027344,33337600,50.81102913796621,4.257771088212621,6.408807275390204,331.52559473896287,316.7019199094746,324.11375732421874,320.71940161997196,309.31385023316506,324.9370544433594,324.11375732421874,304.59953247070314,322.68193159179265,318.42416050358,4.257771088212621,-1.792648577655746,9.095065689620023,20.0154735866392,6.128014766297484,3.705918707372073,-0.0015427811963525384,-0.0015439725087096428,24483125.0,-0.22263883448057153
2021-12-02,318.8648101968354,321.94437289922337,316.4513616502016,318.0828552246094,30766000,50.075330680953854,3.5755027503930137,5.842146370390767,331.7589251038916,316.0920850279443,323.92550506591795,320.46830196327073,309.6577327818492,324.0073944091797,323.92550506591795,305.2068572998047,321.97438138145674,318.3988786310637,3.5755027503930137,-1.7785693587487366,7.727492096985589,9.428115295881069,6.295989158855044,3.9167100189868402,-0.0017874650089646504,-0.001789064430768297,24946420.0,-0.07713812631983108
2021-12-03,320.4962976310111,321.1817382170732,307.01960945389317,311.82720947265625,41779300,42.75355921534071,2.5011896878385755,5.173955033880329,332.82268444600743,313.7911339133676,323.3069091796875,319.6453407736884,309.7428102991357,322.24461364746094,323.3069091796875,305.6701806640625,320.4132780108721,317.9120883230335,2.5011896878385755,-4.685914514689797,15.739607536268172,10.854055107624609,6.9771800258411885,4.757887633159949,-0.019666717803874745,-0.019862681259335102,25835775.0,0.3579698368328674
2021-12-06,312.73471501105405,316.11354341449044,308.1781223856923,314.89715576171875,30032600,46.85992664092661,1.8758838335362498,4.514340793811514,333.0846186244924,312.6356145298045,322.86011657714846,319.19313267731036,309.94494149374685,320.61119689941404,322.86011657714846,306.19895141601563,319.5646438186946,317.68875998515836,1.8758838335362498,-3.812792645491943,25.790308417931477,16.41913601706176,7.279000842395358,5.112251023671968,0.009845023768946248,0.00979687726684423,26208900.0,-0.2811607662167629
2021-12-07,320.1584165809555,324.17436868608456,318.6717241569849,323.3248596191406,31021900,56.157467950715706,2.036889710289927,4.018850577107197,332.97959146081377,312.60021505774097,322.78990325927737,319.5866304812942,310.4696441653309,320.13719787597654,322.78990325927737,306.9961065673828,320.14313855722474,318.1062488469348,2.036889710289927,-1.860696347820803,53.381778305195944,31.637231419798542,7.586497054720796,5.0948441007682055,0.026763353378139287,0.02641147925146929,26715145.0,0.03294087092026654
2021-12-08,323.70139443658877,323.8848188965732,319.34752350913357,323.3731689453125,24761000,56.204769915036415,2.143675232793953,3.6438155082445487,332.9562814290106,312.58814911298157,322.77221527099607,319.9472531921531,310.97566474493806,319.8755798339844,322.77221527099607,307.9994793701172,320.64006630923825,318.4963910764443,2.143675232793953,-2.372406757898717,53.539938266781625,44.23734166330303,7.6216651523913095,5.092033079007252,0.0001494142028817258,0.0001494030416914608,26887825.0,-0.20182193869492193
2021-12-09,322.832607612771,324.8405842928064,320.6218799972191,321.5679626464844,22214200,53.86604479888099,2.0589046954441983,3.326833345684479,332.9401606562257,312.8846348760008,322.91239776611326,320.101606473518,311.3910489763712,319.41124267578124,322.91239776611326,308.9574969482422,320.7828195918915,318.7239148964473,2.0589046954441983,-1.980366750638533,47.62987117412357,51.51719591536706,7.555466266507368,5.013881445056216,-0.005582424493398297,-0.005598064458117061,26723490.0,-0.10285529663583859
2021-12-10,323.38282488539363,331.1251576149035,323.1994004295398,330.68109130859375,38095700,62.37710337743667,2.69599895751287,3.2006664680501573,333.9528467662229,312.9065556995974,323.42970123291013,321.1091764578109,312.14752122469366,320.65272216796876,323.42970123291013,310.13786376953124,322.30563062523026,319.6096316677174,2.69599895751287,1.4392316658489372,77.46535416133393,59.545054534079725,7.974020817233147,5.261572766656377,0.0283396660137063,0.02794552686837347,27785785.0,0.7149255881373175
2021-12-13,328.8854954268182,331.88784112335867,327.3408822668036,327.6498107910156,28899400,58.51041328529658,2.9226116975318064,3.1450555139464873,334.2729351926131,312.90454588648845,323.58874053955077,321.7320940133542,312.7554541488632,320.9201354980469,323.58874053955077,311.11922729492187,323.12781218919724,320.20520049166544,2.9226116975318064,0.4409646175850919,82.95805512562151,69.35109348702635,7.600970469928309,5.342097326531165,-0.00916677910304009,-0.00920905256189165,28039205.0,-0.24139994802563014
2021-12-14,321.68374322246143,323.0545950116288,312.88912106633165,316.9726867675781,44438700,47.37147262327428,2.215114786018546,2.9590673683608992,334.3293242703387,312.16116340055976,323.24524383544923,321.2788171328041,312.92083582018535,320.7029235839844,323.24524383544923,312.0024932861328,322.18086981664044,319.9657550306219,2.215114786018546,-0.40645510813648544,40.02326118710668,66.81555682468739,8.222958350376732,5.54204021744473,-0.032586998898795905,-0.03312977946379118,29424990.0,0.5377032049108286
2021-12-15,317.23327921657545,323.585491540492,313.2655844150515,323.0641784667969,35381100,52.88266414489498,2.1214955773801307,2.7915530101647454,333.9705831218082,312.1105692219418,323.040576171875,321.4488515455653,313.31861396318976,321.14409790039065,323.040576171875,312.89869812011716,322.3167634551261,320.19526787774595,2.1214955773801307,-0.5881975654916333,64.5183349831989,62.49988376530905,8.66703299013955,5.465003474966594,0.019217717972291215,0.019035389880391607,30149705.0,-0.20382234403796695
2021-12-16,324.0875444975225,325.10121065165634,311.83687625533753,313.65179443359375,35034800,45.03508141264736,1.2731251568252446,2.4878674394968456,333.846615431164,310.8617707993047,322.35419311523435,320.7062746777585,313.33167986398996,320.70099182128905,322.35419311523435,313.5228210449219,320.9836912979673,319.71056614114207,1.2731251568252446,-1.7211658698244179,26.669306719721135,43.73696763000893,8.938030430055083,5.746211157964829,-0.02913471892139996,-0.02956756276895967,30948775.0,-0.009787711518296494
2021-12-17,309.77089186299975,313.6710321991096,306.26656054629296,312.58978271484375,47750300,44.237405318278924,0.5092200445604931,2.092137960509575,333.2811893070795,309.7406734858892,321.51093139648435,319.93327544319516,313.3025858581411,320.7772491455078,321.51093139648435,314.0921710205078,319.6923207467175,319.183100702157,0.5092200445604931,-1.9025910102117465,24.679571146068596,38.62240428299623,8.82218656172185,5.885128955297568,-0.0033859577327393087,-0.003391703060246642,32213115.0,0.36293913480311013
2021-12-20,308.9696714904224,311.62446489459614,306.5755493846343,308.83453369140625,28326500,41.44220705910843,-0.3946482138648548,1.5947807256346893,332.5235568103744,308.2586270275163,320.39109191894534,318.87625241921523,313.1273681261123,320.1709869384766,320.39109191894534,314.586416015625,318.0218919689773,318.41654018284214,-0.3946482138648548,-2.90751965448517,10.022813408522394,20.457230424770724,8.645653651850292,6.066232445714523,-0.01201334538455845,-0.012086088799745431,32531270.0,-0.4067785961554168
2021-12-21,312.09752764718075,316.38381472096694,308.7283333654757,315.95904541015625,24740600,48.13760761999597,-0.5299725730856153,1.1698300658906284,331.5072466946389,308.0643566989158,319.78580169677736,318.5984231802572,313.238414294114,319.4344055175781,319.78580169677736,315.2350994873047,317.7045309599279,318.23450353301354,-0.5299725730856153,1.3250402184233752,37.82982210709362,24.17740222056155,8.510503218451971,5.860722498930788,0.023069025453833936,0.022806958255161047,32216745.0,-0.1265917074117876
2021-12-22,316.93407613844363,322.06023889539006,314.4723702128299,321.6644592285156,24831500,52.79259707261688,-0.17482363171615134,0.9008993263692726,330.9641395840074,308.1749747958754,319.5695571899414,318.89042661342467,313.5688474287964,319.26353454589844,319.5695571899414,316.0239080810547,318.3137506935568,318.48857432527296,-0.17482363171615134,2.149051950128652,60.09808384053111,35.983573118715725,8.660135892276141,5.697291197032984,0.018057447321860876,0.017896348090021604,31936940.0,0.0036741226971050978
2021-12-23,321.23006646593336,324.74406240118367,321.2107694796361,323.1029052734375,19617800,53.915676524121366,0.22016708811656827,0.7647528787187319,330.50810416141684,308.3201673229582,319.4141357421875,319.29161505723545,313.94273205015486,319.4170288085937,319.4141357421875,316.77538208007815,319.05054370584617,318.8303766177296,0.22016708811656827,-0.06864747299807858,65.71234672093323,54.54675088951933,7.900933332159537,5.546984209614675,0.004471883677705124,0.004461914515465005,31834765.0,-0.20996315164206758
2021-12-27,323.8461853067577,330.62316796902155,323.817225101408,330.5942077636719,19947000,59.34077812552931,1.124720505005655,0.8367464039761165,332.17604595104933,307.88501667102094,320.03053131103513,320.3680524578484,314.59573109774374,319.40834045410156,320.03053131103513,317.55256896972656,320.8264920224347,319.70177151742905,1.124720505005655,2.233035858203983,94.95094183213948,73.58712413120129,7.871279165501387,6.072757320007088,0.02318550024765198,0.022920800196601747,31621255.0,0.016780678771319835
2021-12-28,331.2699756899296,331.90712970709734,328.53796461701063,329.4357604980469,15661500,58.199793681919225,1.7281871266209805,1.0150345485050893,332.93338683188983,307.5736840909617,320.25353546142577,321.23164369977206,315.1776930350105,319.58693542480466,320.25353546142577,318.2784484863281,322.15099486483655,320.42280773821557,1.7281871266209805,2.4466982925820755,90.36148849289843,83.67492568199039,7.449275748767166,6.339925685232041,-0.003504136607417885,-0.0035102904742989015,30976155.0,-0.21484433749436005
2021-12-29,329.4839910257525,332.38012934520907,327.9200810470128,330.11151123046875,15042000,58.69866157268987,2.2352002119359895,1.2590676811912693,334.20756841605635,307.39617303902173,320.80187072753904,322.07734536936226,315.76333296424417,320.90081787109375,320.80187072753904,318.9584832763672,323.37568969031844,321.14048947838245,2.2352002119359895,-0.1722445259482539,91.31249301001522,92.20830777835106,7.443758099535496,6.702848844258668,0.002051236730949535,0.0020491358173765025,29583975.0,-0.039555598122785196
2021-12-30,330.0729001077908,331.25066424671456,327.0898810628788,327.57257080078125,15994500,55.994675037834774,2.404423760604402,1.4881388970738958,334.94289646572133,307.55285853916143,321.2478775024414,322.60070017235455,316.2264403303829,321.3516571044922,321.2478775024414,319.5696240234375,324.02136370731273,321.6169399467083,2.404423760604402,-0.023573946234823517,81.58980650462694,87.75459600251355,7.439620877267528,6.847509481639977,-0.007691159936300873,-0.007720889441239023,28716820.0,0.06332269644994026
2021-12-31,326.79054402866825,327.6110928340992,324.22263165154,324.6763610839844,18000800,52.99565891533146,2.278568799838297,1.6462248776267763,335.269215672356,307.88588991846433,321.57755279541016,322.79838216393836,316.55780977170065,322.45411376953126,321.57755279541016,320.1386431884766,324.122132534493,321.8435637346547,2.278568799838297,2.430390578748827,70.49898341913169,81.13376097792462,6.998997035420392,6.8458314384729055,-0.0088414292738761,-0.008880746628979719,28078560.0,0.12543686892369244
2022-01-03,323.7399695838111,326.2982189585862,318.36279955576714,323.1607360839844,28865100,51.44290027416591,2.0330933314336335,1.7235985683881476,335.0524687363704,309.23598951558273,322.14422912597655,322.8328920610856,316.8167480584569,323.51120910644534,322.14422912597655,320.61278747558595,323.9742253882609,321.94113205682726,2.0330933314336335,0.02988806052275578,64.69500843711809,72.26126612029226,7.241029931582103,6.454119805196904,-0.004668110098745237,-0.0046790397518396525,27432850.0,0.603545397982312
2022-01-04,323.23808609752126,323.5953013493961,314.8296367925855,317.6195983886719,32674300,46.12223576746084,1.3755720134684566,1.6539932574042095,334.9214639082701,309.6392386063784,322.28035125732424,322.3363879018081,316.84823238513195,324.38971557617185,322.28035125732424,321.00694458007814,322.9965904652472,321.62101845177875,1.3755720134684566,1.2650346739585407,43.47562728710654,59.55653971445213,6.812813848162575,6.320556325472919,-0.017146692269794928,-0.017295399136360606,27564935.0,0.13196559166606048
2022-01-05,314.5785362245669,314.7812871228152,305.04061192128523,305.4267578125,40054300,37.04320275816803,-0.12790430170844047,1.2976137455816796,336.08220359581236,306.68868873817206,321.3854461669922,320.72594694092163,316.40033142149935,323.33648681640625,321.3854461669922,321.1770965576172,320.2935392879015,320.42144358960996,-0.12790430170844047,-2.291509607298372,1.4124093166211644,36.52768168028195,6.974176658301583,7.348378714410082,-0.038388187120781736,-0.03914443066847703,28016555.0,0.2258655885512466
2022-01-06,302.3085376148828,307.6664106849742,300.7060043582687,303.0132751464844,39646100,35.55140488696141,-1.4969125185610324,0.7387084927531373,337.1561324212299,303.57877053287166,320.3674514770508,319.0390258176419,315.87534882247917,321.47136840820315,320.3674514770508,321.2608197021484,317.6350371122989,319.13194963085994,-1.4969125185610324,-1.884911792519484,7.2844026130698705,17.39081307226588,6.523896081900635,8.394340472089565,-0.007902001394053504,-0.007933387659283229,28760810.0,-0.01019116549284349
2022-01-07,303.27393271968896,305.54258020265945,299.35449471125537,303.1677551269531,32720000,35.729816737480846,-2.540115282398858,0.08294373772273822,337.89391577722785,301.0009664249206,319.4474411010742,317.5274762280525,315.37701181481145,319.4778533935547,319.4474411010742,321.0959356689453,315.40930142224573,317.9494167046446,-2.540115282398858,-4.048401357396923,11.546365294604625,6.747725741431906,6.437011356085451,9.223237338076803,0.0005098125829439137,0.0005096826726604392,29286100.0,-0.17469814180966092
2022-01-10,298.77531830555176,303.824264140596,294.14150808241357,303.38983154296875,44289500,36.004086168436515,-3.310776704841544,-0.5958003507901183,337.0604566708332,299.1052995547527,318.08287811279297,316.18103387709215,314.9069263139549,316.7574157714844,318.08287811279297,320.9127520751953,313.5601522100493,316.87092891489084,-3.310776704841544,-5.6812703925627925,24.185818303949667,14.338862070541404,6.699048693797806,9.48878927902011,0.000732519907741036,0.0007322517459813117,29595790.0,0.353591075794621
2022-01-11,302.53061283786786,305.64876956592934,299.1614480285225,304.0752258300781,29386800,36.899092679441424,-3.822166289779773,-1.2410735385880494,336.3035812300232,297.504716499469,316.9041488647461,315.0280997773765,314.48215374595975,314.2213623046875,316.9041488647461,320.6031652832031,312.10093276697677,315.92309905675654,-3.822166289779773,-5.889046224222748,25.978232006313547,20.570138534955962,6.615608706791777,9.699716182638554,0.0022591208269031604,0.0022565728501844967,29620160.0,-0.33648381670599126
2022-01-12,308.602867078053,312.21337685592107,306.1025083336208,307.2513122558594,34372200,41.015766032041206,-3.9259071751843635,-1.7780402659073125,336.2916419870813,296.54451829123906,316.41808013916017,314.2874533467558,314.1985913345833,311.9353424072266,316.41808013916017,320.40046325683596,311.35483730372795,315.2807444789123,-3.9259071751843635,-7.060890650721675,34.28419681595861,28.149415708740623,6.654914588454834,9.936780923960567,0.010445068048904771,0.010390895224990798,29116835.0,0.169647596880232
2022-01-13,309.37509520422486,309.7709042394419,293.47529748131853,294.2475891113281,45366000,31.853087904461802,-4.999780003766659,-2.4223882134791817,336.8952459015283,293.05925544124517,314.97725067138674,312.3788948481436,313.41619909053406,308.60284423828125,314.97725067138674,319.8652227783203,308.7229529664357,313.72273297020234,-4.999780003766659,-10.681345380817383,1.9850789555175836,20.749169259263265,7.566508433924533,10.958997615070787,-0.042322758685901296,-0.04324446663575079,29616080.0,0.3198456892488697
2022-01-14,293.71664437204527,300.0591932784357,293.233954734622,299.4606628417969,39846400,37.8474300844057,-5.368298076108431,-3.0115701860050317,337.25891071516577,291.276477468428,314.2676940917969,311.14858703801536,312.868923159211,306.0812744140625,314.2676940917969,319.41747802734375,307.2979852549528,312.6662833310612,-5.368298076108431,-9.284998355380845,15.906300345093932,17.39185870552339,7.516863851655224,11.495608311684439,0.017716623426594635,0.017561513391665114,29856660.0,-0.12166820967244196
2022-01-18,293.54290976278105,299.0745146536486,291.2935593504582,292.17205810546875,42333200,33.421032443234495,-6.177273033962365,-3.6447107555964986,338.2747449582179,288.21887076443835,313.24680786132814,309.34129856824904,312.0572813923976,302.98240661621094,313.24680786132814,318.7769366455078,304.9709195396476,311.14819257360995,-6.177273033962365,-10.806922145151743,2.138165232879652,6.676514844497071,7.859573737458935,12.513968548444886,-0.024339105734827893,-0.02464019734227321,29585805.0,0.062409653067780235
2022-01-19,295.6860659770476,303.0422523236715,292.2203574511124,292.8285217285156,45933900,34.16783044636392,-6.688321580482807,-4.25343292057376,339.04297474568136,285.85003978068585,312.4465072631836,307.7686531549411,311.3032123859709,300.5032989501953,312.4465072631836,318.15684692382814,303.10285833793495,309.79117991841775,-6.688321580482807,-9.809103209466684,3.841525511026737,7.295330363000123,8.317441303173682,13.298233741248886,0.0022468391649208552,0.0022443187963402176,30466175.0,0.08505617340527061
2022-01-20,298.36983291707537,300.86049892883005,290.71438096885566,291.158447265625,35380700,33.14912639647129,-7.1457208651896735,-4.831890509496944,339.37928052687755,283.0336741850365,311.206477355957,306.18672878453003,310.51322159693774,299.0764678955078,311.206477355957,317.48543334960937,301.2652566345027,308.41097749969236,-7.1457208651896735,-9.90290132587224,1.203538945126552,2.3944098963443303,8.744965215755014,14.08640158546028,-0.005703250670503257,-0.005719576306998207,30998180.0,-0.2297475285137992
2022-01-21,292.21074246408233,293.58156494621363,285.37583865558236,285.78131103515625,57984400,30.043293681789294,-7.851594752046594,-5.435831358006874,339.2991139469865,279.52552594559165,309.4123199462891,304.2433556655421,309.5433427513777,297.353271484375,309.4123199462891,316.72652099609377,298.88311115768016,306.73470590972676,-7.851594752046594,-10.024031109867169,0.9908328317454468,2.011965762632929,9.089055580617302,14.9433970003487,-0.018468075650792226,-0.018640739712863237,32655825.0,0.6388709098463285
2022-01-24,282.08388134377833,286.82386842126607,266.49297997417904,286.1094970703125,85731500,30.471470115260644,-8.28897290273909,-6.006459666953317,338.4442944989859,276.6810045732797,307.5626495361328,302.5163215136155,308.62436841094376,295.64744567871094,307.5626495361328,316.0734246826172,296.9179397596236,305.2069126623627,-8.28897290273909,-6.324678584332245,34.35327430426886,12.182548693713635,9.974446226636445,15.440822481426551,0.001148381725759151,0.0011477228398519017,35961510.0,0.47852698311959774
2022-01-25,281.42744884707827,284.77731721920185,275.2973119894379,278.5023498535156,72848600,26.432924205712638,-9.144024816983517,-6.633972696959358,336.44182435263815,273.4742889286118,304.958056640625,300.22927659360596,307.4431127812407,293.1586975097656,304.958056640625,315.23677124023436,294.08477208176083,303.22879689874435,-9.144024816983517,-8.089059887267164,24.870140596087936,20.07141591070076,10.120626264069589,15.741883856006586,-0.026588237352105026,-0.026948097571251245,38606590.0,-0.15027032071059065
2022-01-26,297.32722375809846,297.8195767322565,282.8851546395586,286.437744140625,90428900,35.96677526859354,-9.076708968294668,-7.12251995122642,333.1040084408281,272.5123032046797,302.8081558227539,298.9157973123697,306.6193728345499,291.3949493408203,302.8081558227539,314.4761456298828,292.90830624466304,301.9850152129577,-9.076708968294668,-5.518400523605271,43.62333996801043,34.28225162278909,10.601929150594893,15.147926309037116,0.028493096346523306,0.028094717736886793,42344960.0,0.24132653201296939
2022-01-27,292.18178912511314,296.6611350858043,287.6155330759337,289.45941162109375,53481300,39.1979887942172,-8.679485652865253,-7.433913091554187,328.7221911748723,272.828910509698,300.77555084228516,298.01518915129583,305.9464331791203,289.6157592773437,300.77555084228516,313.7884814453125,292.37770707180624,301.0571927246715,-8.679485652865253,-4.591590908313633,50.23235407671214,39.57527821360352,10.834999480485875,13.973320166293563,0.010549124695610201,0.010493870925931405,44266925.0,-0.4085817697660814
2022-01-28,289.8359242315118,297.8003058303216,284.2560313928482,297.5879211425781,49743700,46.952807044843865,-7.620931177206842,-7.471316708684718,324.2265703214625,274.32606639728755,299.276318359375,297.97449695998944,305.6186483933735,289.9497924804688,299.276318359375,313.19708923339846,293.1792784673096,300.8002096445164,-7.620931177206842,-2.1334538747083607,68.01109196148849,53.9555953354037,11.360441548062255,12.47512598104372,0.028081690196084308,0.027694629047072136,45954385.0,-0.06988610972433351
2022-01-31,298.254025795733,301.5652706042171,295.76333004152133,300.2137451171875,46444500,49.20653202402165,-6.495263721924914,-7.276106111332758,319.9752611093906,276.1311140126797,298.05318756103514,298.18775868924644,305.40669140215056,290.0251007080078,298.05318756103514,312.6537750244141,294.26150410575235,300.75676782767727,-6.495263721924914,-2.2904921339478075,73.75431414173595,63.99925339331221,11.083240441241783,10.961036774177726,0.008823691380105858,0.008784990107428383,47376570.0,-0.06632397670458767
2022-02-01,299.66345745868625,299.875842129487,294.5662548205134,298.0705871582031,40950400,47.43515074266461,-5.71027459873784,-6.962939808813775,315.27129282933686,278.32606740015535,296.7986801147461,298.1765994958138,305.11900103964285,290.6149536132813,296.7986801147461,312.0260864257813,294.8475168830525,300.55779148179033,-5.71027459873784,1.299245325482879,69.06678274403669,70.2773962824204,11.023252495475159,9.236306357295366,-0.007138773603279858,-0.007164376569510708,47980835.0,-0.11829387763890231
2022-02-02,298.9104887522053,304.2104133019044,298.1864540558619,302.6078796386719,36636000,51.422223857007225,-4.6682310183260824,-6.503998050716237,312.0075581158645,280.0886302386276,296.04809417724607,298.598626176086,305.0205256905852,291.5928894042969,296.04809417724607,311.45361755371096,296.0414188454555,300.7096498637816,-4.6682310183260824,1.05096167456814,83.44877966682093,75.42329218419788,10.88051500389361,7.979731969309239,0.01522220801363594,0.01510751268472103,48178920.0,-0.10535672423224196
2022-02-03,298.7752738080084,300.4550540690847,289.57520891247447,290.820556640625,43730000,42.42029539799279,-4.738915164362481,-6.150981473445486,310.7998422248548,279.8357260124499,295.31778411865236,297.85785764889926,304.46366415921426,291.55910034179686,295.31778411865236,310.70873168945315,295.23820927548155,299.97712443984403,-4.738915164362481,-0.46257040238799385,64.49955503351612,72.33837248145794,10.647448144470328,7.7410290531012045,-0.03895246552112752,-0.039731407677506346,48362705.0,0.19363467627470254
2022-02-04,289.8166003905514,298.10920758842764,289.584918714947,295.3482360839844,35096500,46.308385631752046,-4.379107344101783,-5.796606647576747,309.9880492519581,279.8810150790966,294.93453216552734,297.6188460712883,304.1061963915582,292.5157928466797,294.93453216552734,310.0959094238281,295.2551364767897,299.63424382089147,-4.379107344101783,0.8604743624682856,76.50376381415752,74.81736617149822,10.768808882303679,7.5267585432153705,0.015568636191541252,0.015448688323023926,48135225.0,-0.1974273953807455
2022-02-07,295.57025756283554,297.1824248464775,289.5173091795903,290.5309753417969,28533300,42.982781261128885,-4.431585181233288,-5.523602354308055,308.95667220400185,279.64871414853724,294.30269317626954,296.9438107637177,303.57383478176365,292.95794067382815,294.30269317626954,309.38230224609373,294.52834245602156,298.95992763725485,-4.431585181233288,-0.21550874780413976,63.73178990933079,68.24503625233483,10.732952609128574,7.326989513866162,-0.016310443583680945,-0.01644492315461031,47925890.0,-0.18700440214836234
2022-02-08,290.8205570951065,294.9813401359987,289.5655756040924,294.0159606933594,32421200,46.003840880738665,-4.144193371097913,-5.247720557666027,307.84995588278764,279.8180433847905,293.83399963378906,296.66496789987406,303.19901619006157,294.5093017578125,293.83399963378906,308.89729553222656,294.44951449253506,298.59370786363297,-4.144193371097913,2.8814514246490086,72.9715102298563,71.06902131778156,10.343350488678832,7.0079781244992745,0.011995228210907927,0.01192385564754446,47332475.0,0.13625833675039334
2022-02-09,299.14209466836076,301.1307737737914,296.74797273384456,300.4356994628906,31284700,51.139671928878364,-3.359685659364345,-4.870113578005691,307.1946329488627,280.10941368199667,293.6520233154297,297.0240851915899,303.0906508282117,295.9090972900391,293.6520233154297,308.4064959716797,295.3704660264359,298.73015168580025,-3.359685659364345,5.0072446176288254,89.99212431499402,75.56514148472705,10.126828711568663,6.7713048167165075,0.02183466079321672,0.0215996986479333,47427370.0,-0.03505422377950229
2022-02-10,293.5140020692782,298.41811714419794,290.289637957717,291.9114685058594,45386200,45.01692609117187,-3.3867514811098545,-4.573441158626524,304.82773769362535,280.942324562234,292.88503112792966,296.5371693167584,302.65225152145285,296.1543029785156,292.88503112792966,307.8618292236328,294.8383125617318,298.22506404284167,-3.3867514811098545,4.8147237031919365,67.3918829810609,76.7851725086371,10.265424084035974,5.9713532828478355,-0.02837289633778739,-0.028783186337261825,47978070.0,0.4507474899871182
2022-02-11,292.6933981582962,293.755321446796,284.03394330282464,284.8255615234375,39175600,40.659090186073456,-3.934618975592457,-4.445676722019711,304.86293221457305,279.9649272824973,292.41392974853517,295.42177809834686,301.95316563917777,294.87806701660156,292.41392974853517,307.1852917480469,293.29788932507114,297.2325083006636,-3.934618975592457,-0.562838749489665,32.95478209351168,63.44626312985556,9.507601919527714,6.224501233018949,-0.02427416441940733,-0.02457363819799772,47668550.0,-0.136838951046794
2022-02-14,283.599498987924,286.4860034605709,281.263297311286,284.78692626953125,36359500,40.63599194504372,-4.322102941944877,-4.420961966004745,304.11019574134804,279.25029009849567,291.68024291992185,294.4089350670311,301.27997978154457,293.33538513183595,291.68024291992185,306.5193731689453,291.98851039344964,296.3106133353945,-4.322102941944877,-1.6142108924338057,15.355432724904635,38.56736593315909,9.108353424414162,6.2149764107131,-0.00013564531813647918,-0.00013565451879467223,47494205.0,-0.07188402985531805
2022-02-15,289.62353008877903,290.3861587262389,286.7370251821731,290.0675964355469,27058300,45.21696070316526,-4.155182469952592,-4.367806066794315,304.0230593141868,279.12698035866475,291.5750198364258,293.995474244985,300.8402784738584,292.5350860595703,291.5750198364258,306.0841809082031,291.69298516915694,295.84816763910953,-4.155182469952592,-2.5270933975267655,38.367780630299606,28.892665149571993,8.128496679983215,6.2240197388805045,0.018542530147672043,0.01837271344438732,46730460.0,-0.2558120986262188
2022-02-16,288.635864710569,291.0543038082839,284.09887060149885,289.72900390625,29982100,44.97729798031779,-4.004062045857495,-4.295057262606951,303.8795460877187,278.9605418029063,291.4200439453125,293.5891437365341,300.4045422163051,291.2471984863281,291.4200439453125,305.58081787109376,291.3908342056328,295.3948962514903,-4.004062045857495,-3.4924254406955333,36.89224649592166,30.205153283708654,7.8950711272407705,6.229751071203113,-0.0011672883612565688,-0.001167970172947943,45932870.0,0.10805556890122436
2022-02-17,286.6914169855192,287.1170646088115,280.53892237568306,281.2451171875,32461600,39.34947717470383,-4.516809804590935,-4.339407771003748,304.19034629579056,277.65840858702194,290.92437744140625,292.4135221604356,299.6531922151755,290.28965454101564,290.92437744140625,304.7392230224609,289.8299546643816,294.34676446897254,-4.516809804590935,-5.644793782277111,2.9833136155977305,26.081113580606353,7.584057348176024,6.632984427192156,-0.02928214505405613,-0.029719424546293973,45786915.0,0.08269934394188527
2022-02-18,283.48939613343924,284.2729679755153,276.96929430412916,278.53643798828125,34264000,37.72639824782153,-5.083138613740346,-4.488153939551069,304.78086619520474,276.34340138292026,290.5621337890625,291.0918950964209,298.8250842062777,288.6084747314453,290.5621337890625,303.8424884033203,288.0924905603662,293.1756291741065,-5.083138613740346,-7.954664524642604,5.75286090222679,15.209473671248746,7.691323998796763,7.109366203071105,-0.009631026580322555,-0.00967770486513592,44600895.0,0.055524065357221986
2022-02-22,275.70205013593005,282.02869492098785,275.21836232867406,278.33331298828125,41736100,37.601144069883986,-5.485119719327656,-4.687547095506386,305.30094519908124,275.04570397084063,290.17332458496094,289.87679203850286,298.0214853349837,287.3887084960937,290.17332458496094,302.97779541015626,286.59107862619925,292.0761983455269,-5.485119719327656,-4.293796764777732,10.744154190689589,6.493442902838055,7.774384162771026,7.563810307060152,-0.0007292582667713932,-0.0007295243049294343,42401125.0,0.21807436376371703
2022-02-23,280.71306989618563,282.18349983515145,270.9619359564501,271.1263732910156,37811200,33.36811939477239,-6.312466262582973,-5.012530928921704,306.41693552380457,273.19211598986726,289.8045257568359,288.0910378720755,296.9667750587497,285.09974975585936,289.8045257568359,301.78670104980466,284.2118931900172,290.52435945260015,-6.312466262582973,-8.201119842165264,0.5450569079297709,5.680690666948736,8.137365429556748,8.306204883484323,-0.02589319840981108,-0.02623432879434197,40649255.0,-0.09404089026046991
2022-02-24,263.61957404294975,285.5306287899003,262.6618519792794,284.9792175292969,56989700,45.9611106452388,-5.783665110654169,-5.166757765268198,306.41887644426436,273.04432240827475,289.73159942626955,287.7946740299061,296.496674763477,283.5541015625,289.73159942626955,300.9332891845703,284.32994308836794,290.1136081990221,-5.783665110654169,-1.9109004834918557,58.014013673763216,23.101074924127545,8.839944435586997,8.34363850899739,0.05109368030166572,0.04983122236754762,38977295.0,0.5072174382193635
2022-02-25,285.51128484773926,287.92004094921725,282.1351235020053,287.6104736328125,32546700,47.972466532009264,-5.093550728541743,-5.152116357922908,306.353243195345,272.92506185836595,289.63915252685547,287.7771311349448,296.1481962877647,283.12400207519534,289.63915252685547,300.346044921875,284.83464009520554,289.9281908237473,-5.093550728541743,-2.1786188224071976,64.8539665000236,41.13767902723888,8.644275047996375,8.357045334244747,0.009233150846324811,0.009190785884108321,37930565.0,-0.42890206475907044
2022-02-28,284.7082917445892,289.3807321175086,283.44103215371325,289.0421447753906,34627500,49.082946188169075,-4.3806092755866075,-4.997814941455648,305.5019052820072,272.92182213498495,289.2118637084961,287.89760862451107,295.8695276010049,283.5456604003906,289.2118637084961,299.66560424804686,285.4819485075417,289.8625577831283,-4.3806092755866075,-3.7923438219456056,68.57559704175188,63.81452573851292,8.521031069204103,8.145020786755566,0.004977812958250949,0.004965464608889295,37174755.0,0.06393274894228917
2022-03-01,286.73009989470324,290.1836376065008,282.6187539107419,285.3274230957031,31217800,46.32035308493321,-4.0684465130972285,-4.811941255783964,303.9829271685233,272.9521680463204,288.46754760742186,287.6528290503389,295.4561117380519,283.59971008300784,288.46754760742186,299.09911682128904,285.45817536725883,289.52662188035606,-4.0684465130972285,-2.2554939152807187,58.919174385743254,64.1162459758396,8.674539580907858,7.757689780550713,-0.012851834055459754,-0.01293513334348362,36413420.0,-0.09846798065121654
2022-03-02,285.7240436842559,291.63472396488993,284.1182261639909,290.396484375,31873000,50.42115376045238,-3.3731409246149724,-4.524181189550166,302.96591292167744,273.201772014846,288.0838424682617,287.9141295574495,295.2576949787166,283.6325988769531,288.0838424682617,298.6552508544922,286.21791521460364,289.5910561392186,-3.3731409246149724,1.9559069143111598,77.56579795960295,68.35352312903272,8.703231346655498,7.441035226707877,0.017765769670154086,0.01760980292119942,35959550.0,0.0209880260620543
2022-03-03,293.0084173965025,293.2405780996094,284.4567908872236,286.26580810546875,27314500,47.253270398961575,-3.119458118392174,-4.243236575318568,300.4936295854161,274.039848197787,287.26673889160156,287.75714656202274,294.90507196407947,283.286279296875,287.26673889160156,298.2038763427734,286.2252833516598,289.344741470052,-3.119458118392174,0.519294145735412,75.9129056049806,70.79929265010895,8.605926040027798,6.61344534690728,-0.01422426403825594,-0.014326398564453597,35493475.0,-0.14302073855614472
2022-03-04,284.6889691786735,286.0142690066233,277.80125973691753,280.4034729003906,32356500,43.11325994664912,-3.352805074395974,-4.06515027513405,300.20196957794025,273.28979983123946,286.74588470458986,287.05679668948636,294.33638180471917,283.2021148681641,286.74588470458986,297.4927648925781,285.32962020531073,288.6824252797067,-3.352805074395974,-3.3316798063321844,58.01948992674307,70.49939783044222,8.516152484640644,6.728042436675196,-0.020478642712783435,-0.020691237560400342,34924800.0,0.18459060206117628
2022-03-07,279.1168784545169,280.2390376841762,269.4431225318955,269.81072998046875,43157200,36.8335990710982,-4.342423291949558,-4.120604878497152,300.2676960476864,270.6703227511417,285.46900939941406,285.4143141457704,293.37459153710154,282.3295440673828,285.46900939941406,296.4556903076172,282.9420986322581,287.28452192420764,-4.342423291949558,-6.874794603658793,23.378599792083826,52.43699844126919,8.925984214584235,7.399343324136166,-0.037776789318457515,-0.03850882749521128,35327835.0,0.33380309984083567
2022-03-08,268.7368585912487,274.69589424930484,261.1913427214112,266.8504943847656,48159500,35.286778745401165,-5.304423045052431,-4.3573685118082075,301.03857220504335,267.53139849808167,284.2849853515625,283.64633131138896,292.33443086446096,281.18126220703124,284.2849853515625,295.33064208984376,280.46646720956693,285.77089025461936,-5.304423045052431,-5.118176964877862,17.657680742062567,33.018590153629845,9.490649862526093,8.376793426740432,-0.01097152658056788,-0.011032157663202959,36309145.0,0.11590881706876255
2022-03-09,274.192941941818,280.1519791699358,271.6197193077244,279.0878601074219,35204500,45.479732185544826,-5.0214771752196725,-4.490190244490501,299.7893682514499,267.2877923930813,283.5385803222656,283.2121911967254,291.81495750143984,281.9774108886719,283.5385803222656,294.30051513671873,280.25437380923694,285.2758509844566,-5.0214771752196725,0.19797126836375525,55.84070001927388,32.29232685114011,9.943939260982173,8.125393964592147,0.04585850871616337,0.04483808757926477,36448310.0,-0.2690019622296743
2022-03-10,273.7866644734184,277.24988606847967,271.4262653649747,276.2728271484375,30628000,43.771758238377735,-4.9671321608227,-4.5855786277569415,296.78548374735965,267.8753896657263,282.33043670654297,282.5512993826028,291.205462193479,281.1067718505859,282.33043670654297,293.23725646972656,279.641828169114,284.6089603299367,-4.9671321608227,-0.7402943678288711,47.057236308625335,40.18520568998728,9.834761633259332,7.227523520408352,-0.010086547504792431,-0.01013776139701546,36415475.0,-0.12999758553593999
2022-03-11,278.56540723687374,280.0648567948498,270.31369639441266,270.9328308105469,27209300,40.65289067394505,-5.293931277228637,-4.727249157651281,295.8533516242605,266.7096580192942,281.28150482177733,281.4447785662165,290.41045704120717,279.4390075683594,281.28150482177733,292.0536828613281,278.30198242164215,283.5959136988708,-5.293931277228637,-0.07138460125419435,30.395383771815027,44.431106699904774,10.00958211390583,7.285923401241571,-0.019328706311828148,-0.01951794825916692,35506630.0,-0.11162008619563801
2022-03-14,271.19411574307355,276.08903470394495,266.821587956301,267.4213562011719,30660700,38.700131702928275,-5.7697584024857065,-4.935751006618166,296.12590043415304,264.69668867717513,280.4112945556641,280.10921453145033,289.5089236749313,277.2769287109375,280.4112945556641,290.85065856933596,276.6280399261852,282.3977983286709,-5.7697584024857065,-6.161102371024648,19.43888335008043,32.29716781017362,10.185090267857984,7.857302939244473,-0.012960683276625251,-0.013045405769209569,35080885.0,0.12684633562789194
2022-03-15,271.2037487581612,278.4300454950149,269.63660504784883,277.7818908691406,34245100,46.81730584130994,-5.25032380172388,-4.9986655656393095,295.67696627085263,264.44511930043643,280.06104278564453,279.88756465884944,289.04904003548853,276.5223754882812,280.06104278564453,289.91276916503904,276.80555545587066,282.05587925759454,-5.25032380172388,-3.417324355238837,51.765815789213136,33.86669430370289,10.169884940368101,7.807961742604051,0.038742360801486964,0.038010712938083245,34975165.0,0.11690535441134742
2022-03-16,279.67796423359994,284.9598566183486,273.960800034903,284.7857360839844,37826300,51.49341927857916,-4.22481532186066,-4.84389551688358,294.86953047317274,264.72436906296,279.7969497680664,280.35405717552896,288.88185164523344,275.9613006591797,279.7969497680664,289.14526916503905,278.03327555250354,282.2580908743642,-4.22481532186066,-1.4725910281055477,73.61920833413538,48.27463582447634,9.322047781284153,7.536290352553166,0.025213469434345326,0.024900853769447978,35513565.0,0.10457554511448364
2022-03-17,283.7215952422282,285.9658841758017,279.92946993729333,285.588623046875,30816600,52.01428908946723,-3.3091602557330475,-4.536948464653474,294.194604926861,264.9852565233343,279.58993072509764,280.8525872585143,288.75270542568995,275.8935821533203,279.58993072509764,288.5046496582031,279.19563670548376,282.5047969612168,-3.3091602557330475,0.09154393515279623,76.12437562881847,67.16979991738901,9.340011837805324,7.302337100881696,0.0028192667720332576,0.002815300093135714,35555290.0,-0.18531286432984462
2022-03-18,285.7337136336589,291.1800427447232,283.17985751382827,290.6286315917969,43390600,55.26192523331962,-2.152003493722191,-4.059959470467217,295.46839395938366,264.6498189312414,280.0591064453125,281.7836390997793,288.8262711576942,276.9160980224609,280.0591064453125,288.20868713378906,280.9545589956858,283.10656248940796,-2.152003493722191,0.07994146943497239,91.85020648077817,80.53126348124404,9.487189356883865,7.704643757035579,0.01764779174727371,0.017493877661341823,36101740.0,0.4080268426757008
2022-03-21,289.1389351574977,290.3481547741918,285.2790860660752,289.4001159667969,28351200,54.29728004441304,-1.3188761831014517,-3.5117428129940644,296.542336819262,264.66224386921454,280.60229034423827,282.5090178490191,288.8487748756982,278.8750366210937,280.60229034423827,287.9364239501953,282.25387545277977,283.5727516358812,-1.3188761831014517,1.094894246040503,88.01699295632787,85.33052502197486,9.32895091616692,7.97002323751186,-0.004227097716667849,-0.004236057151405742,35806100.0,-0.3466050250515088
2022-03-22,290.019258868664,295.04962493870084,289.0228629554874,294.1402893066406,27599700,57.388080130182026,-0.27297769686566653,-2.863989789768385,298.391340475076,264.3939378452365,281.39263916015625,283.6167579878402,289.0562852455391,281.60401611328126,281.39263916015625,287.75587463378906,284.0825545072199,284.3555322040856,-0.27297769686566653,4.898946601538637,97.31428893461148,92.39382945723919,9.222541214903666,8.499350657459873,0.01637930698129919,0.01624661312763664,35099280.0,-0.02650681452636927
2022-03-23,290.7060719110069,293.3373349131294,288.0070855267432,289.7193298339844,25715400,53.73788224453791,0.19690016429649404,-2.2518117989554094,298.9873650748385,265.6572088997708,282.32228698730466,284.1979553065206,289.0822869941056,282.6671630859375,282.32228698730466,287.4824645996094,284.9497507113375,284.752850547041,0.19690016429649404,7.378727990156945,84.25704213075944,89.86277467389964,9.033213826868778,8.332539043766943,-0.01503010513478964,-0.015144201865743086,34494490.0,-0.06827248122262197
2022-03-24,289.380749871962,294.2756680245102,288.58749479820733,294.1789245605469,24484500,56.72785144986564,0.9185453594707269,-1.6177403672701822,300.2449047778319,265.3196398999025,282.7822723388672,285.14852380690405,289.282155133966,284.45777282714846,282.7822723388672,287.28453857421874,286.3696236112159,285.4510782517452,0.9185453594707269,10.24110157216985,97.42839765890618,92.99990957475906,8.834901316708182,8.731316219482354,0.015392810445605809,0.01527554299161861,32869230.0,-0.04786625912877107
2022-03-25,295.27203273707045,295.5332134926127,289.5258199394837,293.7725830078125,22566500,56.370354371701694,1.4410544300076822,-1.0059814078146094,301.11993597621137,265.060819639023,283.0903778076172,285.96986277841916,289.4582503447051,286.741748046875,283.0903778076172,287.0149639892578,287.50854044146155,286.06748601145387,1.4410544300076822,5.261684580167128,94.87322488477648,92.1862215581474,8.481118687039169,9.014779084297082,-0.0013812734999333331,-0.0013822283375366773,32370220.0,-0.07833527333619228
2022-03-28,294.4013915103594,300.66031257135194,294.4013915103594,300.5635986328125,29578200,60.81488096593771,2.3757388008841076,-0.3296373660748661,303.1725160502648,264.1603849507118,283.6664505004883,287.3597423835995,289.8937541991407,290.05597229003905,283.6664505004883,287.1412841796875,289.5170109324386,287.1412721315545,2.3757388008841076,8.792312923096093,99.71419153753678,97.33860469373985,8.008488546728156,9.753032774888265,0.023116573900360926,0.022853433459121584,32117755.0,0.3107127822214344
2022-03-29,303.66890108993795,305.51659216822173,298.967439967182,305.1199645996094,30393400,63.501392284673,3.4444382135843625,0.42517774985697965,306.39722711258366,262.9149280387835,284.6560775756836,289.05119211845755,290.49086048935516,292.78977966308594,284.6560775756836,287.25447021484376,291.9174653427726,288.4730271291882,3.4444382135843625,12.61830605275308,98.97499024308111,97.85413555513149,7.526179076433124,10.870574768450044,0.015159407152172122,0.015045651543923892,32076535.0,0.027560838725818382
2022-03-30,303.52379996649006,305.6423550476428,301.41489856711223,303.6205139160156,28163600,61.99505297266824,4.122871166568984,1.1647164331993807,308.5468987462594,262.08765935920934,285.31727905273436,290.4387465753679,291.00574885902813,294.6732574462891,285.31727905273436,287.4834393310547,293.7179343540407,289.59506318747174,4.122871166568984,13.536375040897022,94.7918568253173,97.8270128686451,7.280883486296225,11.614809846762517,-0.004914298825255181,-0.0049264136987633165,31891065.0,-0.07336461205393274
2022-03-31,303.6591822316137,304.8587480003614,297.8452751937795,298.2515563964844,33422100,56.799557400267375,4.1791297616049405,1.7675990988804928,309.85677823563566,261.9763546989347,285.9165664672852,291.1828237011885,291.2898981742225,295.93955078125,285.9165664672852,287.5919000244141,294.4154146682628,290.2362849066579,4.1791297616049405,7.368970476547998,80.96173979826688,91.57619562222179,7.085334372449422,11.970105884175233,-0.017683118476692794,-0.017841332738604825,32196445.0,0.1867126361686715
2022-04-01,299.2770224362612,300.0122374321194,295.5719864101128,299.3254089355469,27110500,57.56555573674362,4.26124504844887,2.2663282887941687,311.37425509256644,262.3510714455195,286.86266326904297,291.95830800922266,291.6050162432941,296.809228515625,286.86266326904297,287.7552392578125,295.1707984016911,290.90955335324225,4.26124504844887,5.105477911742987,82.45572967614316,86.06977543324247,6.7405346777610395,12.255795911761748,0.003600492658066612,0.0035940264008692013,31934145.0,-0.18884510548409583
2022-04-04,299.9734475006185,304.82966159533413,299.60584010885947,304.6942443847656,24289600,61.263653713513875,4.705302359749226,2.7541231029851803,312.9735117100189,264.24016626849675,288.6068389892578,293.17125433070294,292.1183193076655,298.33864135742186,288.6068389892578,288.1334979248047,296.63594393754875,291.9306415777995,4.705302359749226,6.689909819956213,97.0073733360123,86.80828093680748,6.347360632471342,12.183336360380537,0.017936450728694542,0.01777749056945179,30990765.0,-0.10405193559690895
2022-04-05,303.04974427141804,304.59755113932056,299.7606731283504,300.73773193359375,23156700,57.30054681025851,4.6839696034408576,3.140092403076316,312.9502059670806,267.65219576631785,290.3012008666992,293.8918712452639,292.45633548907443,298.9983856201172,290.3012008666992,288.42606262207033,297.26698824463256,292.5830186411917,4.6839696034408576,3.4783566527594005,80.92542671504825,86.79617657573459,5.9141116805406,11.324502550190681,-0.012985189330244173,-0.013070233916807063,29740625.0,-0.04664136091166593
2022-04-06,295.23337365440614,296.98432119939486,287.03001760705087,289.72900390625,40110400,47.996861321708735,3.735688204112705,3.259211563283594,312.8646686643532,268.801847448928,290.8332580566406,293.4954076891674,292.3493813093558,298.9993530273438,290.8332580566406,288.650595703125,296.10729834641984,292.37161014230713,3.735688204112705,0.11364471584761168,29.155913684855363,69.02957124530532,6.46206168682878,11.015705303856281,-0.03660574267340222,-0.03729254564393429,29985920.0,0.7321293621284553
2022-04-07,286.9816633477329,293.7436096818607,286.6817792585373,291.5379943847656,31411200,49.4493307033452,3.0944676792316272,3.226262786473201,312.5345640930347,270.6584687438794,291.59651641845704,293.30898737446245,292.31756221427383,298.7352600097656,291.59651641845704,288.75260070800783,295.4043285061653,292.3098608269337,3.0944676792316272,-0.8847121650723995,30.736265009099753,46.93920180300115,6.395036343430811,10.469023837288828,0.006243732778306699,0.006224321436389679,30025080.0,-0.2168814073158084
2022-04-08,290.6383190722913,291.2961273756615,286.6140331520905,287.2815246582031,24361900,46.18091060038816,2.21727489460784,3.0244652081001293,311.1119724160672,273.71592980561246,292.41395111083983,292.7349433062473,292.12007054540834,298.0861541748047,292.41395111083983,288.70904296875,294.1546663757096,291.93739148110177,2.21727489460784,-0.8414368406754795,3.507884246317376,21.133354313424192,6.364637465356059,9.349010652613693,-0.014600051480579634,-0.014707681115607994,29882710.0,-0.22441995211898935
2022-04-11,282.2705132557711,283.06373875112814,275.7020251620772,275.95355224609375,34569300,38.82585727017891,0.6010915815335807,2.53979048278682,309.40527302853326,276.2758487976386,292.84056091308594,291.1367155862327,291.4860894356313,295.6251495361328,292.84056091308594,288.2763555908203,291.3544949711533,290.75340338961973,0.6010915815335807,-6.195335828927488,0.8400945646822515,11.694747940033155,6.761261573421239,8.282356057723671,-0.039431607812535074,-0.04023009453234372,30078140.0,0.41899030863766784
2022-04-12,279.80375250936805,281.25481613450495,271.33921469606946,272.8580017089844,30966700,37.08756784944452,-0.9189374568157405,1.848044894866308,310.2141992405996,274.9745336695566,292.5943664550781,289.3958856931614,290.75557619144905,292.3989532470703,292.5943664550781,287.72924072265624,288.5088806231273,289.42781807994305,-0.9189374568157405,-7.119310142795704,4.427545109132414,2.9251746400440424,7.031432834745386,8.809916392760757,-0.011217650622408981,-0.011281042986586437,29914220.0,-0.10421385448938802
2022-04-13,273.50618081290673,279.1653058374372,272.12281093036347,278.23663330078125,21907200,41.95070550091625,-1.6703065484068702,1.1443746062116724,310.721425331083,273.81239730075293,292.266911315918,288.33309975103,290.2646372545601,289.8605651855469,292.266911315918,287.33256164550784,286.9285348812279,288.5988414296348,-1.6703065484068702,-7.428366386878167,20.10725121379574,8.45829696253683,7.1281700976575895,9.227257007582535,0.019712200331707397,0.01952043094499281,29118265.0,-0.2925561974637272
2022-04-14,278.6912463967013,278.9040702197633,270.2073726066549,270.7007141113281,28221600,37.568858542589616,-2.8411071503972494,0.34727825488988806,312.1807473206,270.8642844176813,291.52251586914065,286.65382492820123,289.4974245822765,287.10548095703126,291.52251586914065,286.6944183349609,284.4319470704741,287.27305422087136,-2.8411071503972494,-11.280563215012025,1.3922442476013341,8.642346856843192,7.3202632447989755,10.329115725729668,-0.027084568627980032,-0.027458115915709194,28988515.0,0.28823400525854503
2022-04-18,269.8107947085954,273.2449670762064,269.2593834034509,271.3682556152344,20778000,38.184800705191485,-3.67277260577157,-0.45673191724240364,313.1028778235357,268.01611631708926,290.5594970703125,285.1980564222044,288.7864767796474,284.309765625,290.5594970703125,286.3053723144531,282.42214838505265,286.0949209908242,-3.67277260577157,-10.622555730770728,5.796316563713489,9.098604008370216,7.112967109742982,11.271690376611613,0.002465976146748261,0.002462940616908717,27857885.0,-0.263755421379369
2022-04-19,270.2654313652648,276.8339207213191,269.3270757429713,275.9922790527344,22297700,42.42238878464201,-3.913639425016129,-1.1481134187971487,313.3561717184295,266.4220387307892,289.88910522460935,284.32131572035007,288.28474353545477,281.4395690917969,289.88910522460935,285.91825317382813,281.4329377185422,285.3465771435583,-3.913639425016129,-7.4632560556228436,18.505623221566346,8.564728010960417,7.181373736693554,11.73353324691007,0.01703966231059928,0.016896115628092293,27555210.0,0.07313985946674362
2022-04-20,279.95849984253823,280.24873024308215,276.05997725645005,277.0176696777344,22906700,43.349813798578445,-3.9759553227146966,-1.7136817995806584,313.0889717597514,264.9769767265767,289.03297424316406,283.6257303829581,287.84289750181864,279.06756286621095,289.03297424316406,285.6479870605469,280.753665712264,284.7296210349787,-3.9759553227146966,-7.452671437798313,21.79332794877126,15.365089244683725,7.183444787394783,12.02799875829367,0.00371528735702098,0.003708402723939456,27320560.0,0.027312233997228486
2022-04-21,279.1652091753969,283.7312227224096,270.9231805322284,271.6487121582031,29454600,39.74035405057144,-4.4077611948603135,-2.2524976786365896,313.40350516836935,262.8553815503806,288.129443359375,282.4850619806005,287.20783140991216,277.25953369140626,288.129443359375,285.20064208984377,279.3529036270239,283.76066482188423,-4.4077611948603135,-10.845473071960246,6.7172057015214675,15.67205229061972,7.597342600509019,12.637030904497168,-0.019381281799739192,-0.019571561429687294,27507520.0,0.2858508645942017
2022-04-22,272.4903213915854,273.960751032886,264.46111662000084,265.08990478515625,29405800,35.81694899852408,-5.2190494470139015,-2.845808032312052,313.76591923737476,259.5840655038362,286.6749923706055,280.82838034293917,286.3404617383531,274.61472473144534,286.6749923706055,284.49372619628906,277.15859611289045,282.37764555990435,-5.2190494470139015,-11.85346012927601,1.5576190956092828,10.022717581967365,7.958727128428917,13.545463433384631,-0.02414444493750134,-0.024440700383854822,27753585.0,-0.0016567870553325648
2022-04-25,264.37417162716406,271.93902883290934,261.9363654314466,271.561767578125,35678900,41.9111059070982,-5.278923844025485,-3.3324311946547387,313.2448827166572,257.88402048158497,285.56445159912107,279.94584579390926,285.76090510461864,273.0427490234375,285.56445159912107,284.08673217773435,276.2975455690804,281.5764694131059,-5.278923844025485,-6.270423769517919,22.562434650994387,10.279086482708408,8.280042181405738,13.840215558768051,0.024413841025798133,0.024120586600841005,28409205.0,0.21332866305286702
2022-04-26,268.44669768793943,269.27862643636087,261.1913815342113,261.4042053222656,46518400,36.11512126155227,-6.075965174413341,-3.88113799060646,312.3395545769053,254.87340929028213,283.6064819335937,278.17997527280033,284.80574040727146,271.5878143310547,283.6064819335937,283.6183050537109,274.00626245418584,280.0822276285992,-6.075965174413341,-10.336144736843481,0.5945971189992535,8.238216955201002,8.668386094798487,14.366536321655799,-0.037404242675424415,-0.038121729639384316,29256215.0,0.30380701198747717
2022-04-27,272.8965858603478,281.47720029390507,270.0525000350308,273.98004150390625,63477700,46.06080467513047,-5.627985379749759,-4.23050746843512,309.20557894077916,254.8933926168381,282.0494857788086,277.7799815805247,284.3812031953748,271.70001831054685,282.0494857788086,283.40216735839846,274.00222846183516,279.6302138415849,-5.627985379749759,-4.630121331374332,39.286588652821386,20.814540140938373,9.12304899801967,13.57804658098526,0.04810877532033886,0.04698737375730245,30910430.0,0.3645718683359702
2022-04-28,275.8859098295286,281.4870240399214,272.2775874275233,280.1810607910156,33646600,50.17946378138731,-4.718199268380658,-4.328045828424228,306.06570997848627,255.6893162666309,280.8775131225586,278.00865579104766,284.21649172853716,271.8944610595703,280.8775131225586,283.2044366455078,274.95281805093987,279.6710173193205,-4.718199268380658,1.5319638071380244,63.078689841181365,34.31995853766736,9.276449440096432,12.594098427963841,0.022633105875418114,0.022380777357817423,31184580.0,-0.46994613856519696
2022-04-29,279.1942879944,280.4228740335642,267.4793823797048,268.4660949707031,37073900,43.432224864133545,-4.886162417294486,-4.4396691461982805,303.7601057306277,255.01637437191135,279.3882400512695,277.09984047482436,283.59882911058287,271.67099914550784,279.3882400512695,282.77917846679685,273.95486065398035,278.84102307127483,-4.886162417294486,-1.6095942617674892,32.27490990620117,44.880062800068,9.849273041609592,12.185932839679086,-0.04181212601322326,-0.0427114096050744,31367170.0,0.10186170370854697
2022-05-02,268.6498925117606,275.6440293239036,267.2085121919129,275.1893615722656,35151100,47.77255573008608,-4.425745754725654,-4.436884467903756,300.7177459902063,255.64512937600463,278.18143768310546,276.9178901031521,283.26904606986454,272.05310974121096,278.18143768310546,282.6580633544922,274.1447838721781,278.57052962690375,-4.425745754725654,-1.0952086690976608,62.10327713126731,52.48562562621664,9.62470287274279,11.268154153550418,0.025043261430446995,0.02473481797331862,31769200.0,-0.05186397978092405
2022-05-03,274.6959381507982,274.8604049751224,271.0102398651095,272.5870666503906,25978600,46.29201391038641,-4.222175078335852,-4.393942589990175,295.43443831361037,257.717719279163,276.5760787963867,276.50543072669865,282.8501449161597,271.71258850097655,276.5760787963867,282.53907592773436,273.90513506882616,278.127310147162,-4.222175078335852,0.6968406216640863,50.557965431211755,48.31205082289344,9.21495432050855,9.429179758611825,-0.009456379080234334,-0.00950137452018299,31853650.0,-0.2609448921939854
2022-05-04,273.37070203873003,281.3902550491014,267.7018944721031,280.5196228027344,33599300,51.251584040422195,-3.3817699256687774,-4.191508057125896,290.7870872360383,260.3432594436492,275.56517333984374,276.88773473394014,282.7587518921038,272.0627838134766,275.56517333984374,282.58280212402343,274.9227485663505,278.30451849201927,-3.3817699256687774,3.372305713043855,85.7514527593176,66.13756510726559,9.689659011217449,7.610956948097274,0.029100999727612598,0.02868560531761666,32375780.0,0.2933452918940975
2022-05-05,276.2243502236616,277.00792185148873,265.38973510212577,268.3015441894531,43260400,44.44400354932705,-3.6594556934343814,-4.085097584387594,288.4847452321803,260.5028554758275,274.4938003540039,276.07000230113186,282.19180257043126,271.7280670166016,274.4938003540039,282.5263055419922,273.9041017391355,277.5635574325699,-3.6594556934343814,-2.7865760917941356,31.544865803955418,55.95142799816162,10.149172588896038,6.995472439088195,-0.04355516555743122,-0.04453216615861195,32533280.0,0.28753872848541495
2022-05-06,265.8444668964473,270.1396166091243,262.4199492559165,265.76708984375,37780300,43.16324913337339,-4.037491263353161,-4.075576320180707,285.1898066602109,261.2207035936954,273.20525512695315,275.088772543286,281.54769618899275,271.79578552246096,273.20525512695315,282.1420629882812,272.65225375523005,276.6897450185832,-4.037491263353161,-4.061322097999243,20.30053482335318,45.8656177955421,10.415892851785486,5.992275766628874,-0.009446290565936821,-0.009491189746176154,32851735.0,-0.12667705337907187
2022-05-09,261.2494870702996,263.4744394387105,254.72938410241275,255.94825744628906,47726000,38.5307037039077,-5.070930362507511,-4.274647128646068,284.0594056368743,259.2177778958405,271.6385917663574,273.265866343572,280.54379663045535,270.2344345092773,271.6385917663574,281.5088186645508,270.0824081692391,275.1533385317466,-5.070930362507511,-5.779690463899719,4.20274507367231,18.68271523366033,10.66809719199902,6.210406935258435,-0.036945253090718055,-0.03764501842684658,34019940.0,0.2632509535392784
2022-05-10,262.82625738724875,264.819048596667,256.4222361684426,260.70770263671875,39336400,41.791851699784445,-5.443145648790619,-4.508346832674978,284.03170712677934,257.72089144499796,270.87629928588865,272.06985075244313,279.7659105914853,270.16478424072267,270.87629928588865,280.94212982177737,268.6401457796206,274.0832914284112,-5.443145648790619,-1.6531003517425844,20.61358458213036,15.038954826385313,10.997692903429748,6.577703920445344,0.018595341253411224,0.018424561781696654,34258295.0,-0.17578678288563887
2022-05-11,257.0123860481499,262.50707330568844,250.84052394661964,252.04974365234375,48975900,37.85721362495617,-6.363400556754129,-4.879357577490809,285.40184425202233,254.26992851409094,269.8358863830566,270.163173885767,278.67900208406803,267.9717544555664,269.8358863830566,280.27657623291014,266.087776221578,272.4511767783321,-6.363400556754129,-7.1851144952383175,3.9457024522953694,9.58734403603271,10.916157701207434,7.782978934482847,-0.03320944834698414,-0.03377340300464285,35158755.0,0.2450529280767939
2022-05-12,249.2830033480953,251.40155812616646,241.86323478464925,247.01934814453125,51033800,35.75113627694948,-7.413165718240521,-5.386119205640751,286.35214570049413,250.19789854999422,268.27502212524416,267.9590000056493,277.43744702761563,264.655583190918,268.27502212524416,279.4090335083008,263.1541719020323,270.56733762027284,-7.413165718240521,-5.5029172770959685,13.012671066525911,12.523986033650575,10.965220162265243,9.038561787624976,-0.01995794732785372,-0.020159797348220165,36615085.0,0.042018625487229455
2022-05-13,248.95413953333383,254.45850956693343,247.01938815483032,252.60113525390625,34925100,39.75606526743318,-7.705880013036165,-5.850071367119834,286.70435081299587,248.03573555175015,267.370043182373,266.49634621976895,276.46347401688195,263.06908721923827,267.370043182373,278.73574005126954,261.5306278023206,269.2365078153568,-7.705880013036165,-7.803088915765126,27.09963047723476,14.68600133201871,10.78211287804663,9.667153815311433,0.022596558331572814,0.02234503805236063,36950260.0,-0.31564766879989337
2022-05-16,251.47893762285955,257.1477736501881,247.43531494271934,252.9687042236328,32550900,40.02120654832359,-7.818076536866101,-6.243672401069088,286.7120813147987,246.18804991078724,266.45006561279297,265.2079993629941,275.5421104955781,260.847021484375,266.45006561279297,278.1870446777344,260.2134087902148,268.03148532708093,-7.818076536866101,-9.712418280720355,28.02727767260656,22.713193072122436,10.735118068300565,10.13100785100286,0.0014551358581864626,0.0014540781739287756,37538905.0,-0.06797976240583425
2022-05-17,257.4282849486114,259.57585977965135,253.89737021197146,258.1151428222656,28828800,43.75379319480001,-7.406342796535796,-6.47620648016243,285.6221347878247,245.4902828147144,265.5562088012695,264.53248921625806,274.85869999858545,259.3998291015625,265.5562088012695,277.9531329345703,259.89059864129956,267.29694143783536,-7.406342796535796,-3.8555900884121206,41.01553219182333,32.04748011388825,9.773272395756214,10.03296299327757,0.02034417108799036,0.02013999301724938,37865460.0,-0.11434706874464295
2022-05-18,255.01236815888072,255.5941513427868,245.0930699203447,246.36328125,31356000,37.94656146740809,-7.936827053648244,-6.768330594859593,285.06262778597926,242.98435097378632,264.0234893798828,262.8020884575668,273.74123259668016,255.98419494628905,264.0234893798828,277.543388671875,257.8094728887919,265.74629994244015,-7.936827053648244,-10.474998073170719,11.384734885765662,26.80918158339855,10.045603559293562,10.519569203048228,-0.0455295316801998,-0.046598575718960006,38287925.0,0.08766233766233755
2022-05-19,246.1887405470746,249.8442599742027,244.23010107031448,245.4518280029297,32692300,37.5305069045277,-8.334708972193255,-7.0816062703263265,284.9800424892267,240.44724785501157,262.71364517211913,261.1496826999823,272.631844181239,253.69922332763673,262.71364517211913,276.8706680297852,255.9082967525054,264.24300572469866,-8.334708972193255,-9.95470510795126,9.078835678154483,20.49303425191452,9.52207979143848,11.133198658553786,-0.0036996310588403025,-0.0037064916200834903,38449810.0,0.04261704299017732
2022-05-20,249.42729026419417,250.68782539404745,238.9553115969885,244.88943481445312,39199300,37.25905056789198,-8.596320655920977,-7.384549147445258,285.3085589395552,238.0986844076128,261.703621673584,259.6010876632652,271.5439065590121,251.61145782470703,261.703621673584,276.2430001831055,254.2130872235743,262.80940787949527,-8.596320655920977,-12.701495757156685,13.984048839752006,11.482539801224078,9.757579553229068,11.802468632985596,-0.002291256875340375,-0.0022938858208688103,38939485.0,0.19903769389122217
2022-05-23,247.73046089939714,253.5579245072491,245.73301319601697,252.73373413085938,33175400,43.40759725370952,-8.077567235812893,-7.523152765118786,284.21303370273074,237.31140629971074,260.7622200012207,258.94705399351227,270.80625273830026,251.29000549316407,260.7622200012207,275.8790182495117,253.9854944400797,262.0630616758926,-8.077567235812893,-5.802355743283015,32.46952019488272,18.510801570929765,10.078248695060486,11.725406850754995,0.032032003840221535,0.031529678051608084,38814310.0,-0.15367366253989234
2022-05-24,250.05751641107753,253.39301133890146,245.8008329505216,251.73495483398438,29043900,42.832037810317175,-7.658759147036619,-7.550274041502353,284.07005531754004,236.48745963607317,260.2787574768066,258.26018740689057,270.05835870283687,250.39273071289062,260.2787574768066,275.56529022216796,253.63925757760347,261.2980167246401,-7.658759147036619,-5.279861783494491,33.58414350953626,26.67923751472369,9.642807110159168,11.895648920366723,-0.003951903374948218,-0.003959732779264377,37940585.0,-0.12453504705293683
2022-05-25,250.29994183298533,256.54432281411886,249.3206074747264,254.54689025878906,28547900,45.04146688331261,-7.019039908016225,-7.444027214805128,282.3167983317687,236.29740149733288,259.3070999145508,257.9065400594523,269.45006582267814,250.64244537353517,259.3070999145508,275.10059020996096,253.77889337470896,260.7979332827252,-7.019039908016225,-0.547519721947737,49.998159829865976,38.68394117809501,9.078080512929445,11.504849208608954,0.011170222374000893,0.011108296166339371,36194095.0,-0.017077596328316735
2022-05-26,254.30446247150167,258.99746097926135,253.48997806179602,257.82421875,25002100,47.58413358461171,-6.176407007399234,-7.1905031733239495,278.9959107238187,237.38260490118122,258.1892578125,257.8986999347426,268.9941502512006,251.72293243408203,258.1892578125,274.56135986328127,254.40125112475374,260.577658132153,-6.176407007399234,-1.1060217467900133,72.95506891848628,52.17912408596286,8.92006733894784,10.403326455659377,0.012875146452895114,0.012792966390024186,35761870.0,-0.1242052830505922
2022-05-27,260.32590258710013,265.0382834774228,259.4338312366583,264.9413146972656,26910800,52.70174123030724,-4.878092585112313,-6.728021055681623,278.5105694197271,237.51546817792908,258.0130187988281,258.569425150221,268.8352155235953,252.95695037841796,258.0130187988281,274.1484136962891,256.0227993666786,260.9008919517909,-4.878092585112313,5.114693178463782,99.6282295568094,74.19381943505391,8.646950123668235,10.248775310449512,0.02760445074466311,0.027230317447659774,35253715.0,0.07634158730666618
2022-05-31,264.2529346305631,266.4248936649032,260.7622650462861,263.61297607421875,37827700,51.68741033388038,-3.9112682118244493,-6.164670486910189,276.4927941994224,238.37560484842913,257.43419952392577,259.0497633334589,268.6304218196982,254.02137756347656,257.43419952392577,273.6081005859375,257.1905188601463,261.10178707197076,-3.9112682118244493,6.717541785422636,89.7635224892305,87.44894032150876,8.41779565711389,9.529297337748313,-0.005013708883285006,-0.005026319690604392,35387545.0,0.40566984259107874
2022-06-01,266.84183742859545,269.2562034890883,261.8385496478532,264.1462707519531,25292200,52.086122183911385,-3.0666698457902157,-5.5450703586861945,275.0017638235387,239.02255563446911,257.0121597290039,259.5351449923631,268.454572758218,254.6244903564453,257.0121597290039,273.10302368164065,258.2606345358089,261.3273043815991,-3.0666698457902157,4.570500241989051,83.13603191836255,90.84259465480085,8.11430312012577,8.994802047267386,0.0020230213462035795,0.0020209777941554556,35353225.0,-0.3313841444232666
2022-06-02,256.4183467798957,266.30854273854516,253.6548987948604,266.24066162109375,44008200,53.70209961844656,-2.2029257592417366,-4.876641438797304,271.23381240253497,241.36261093730883,256.2982116699219,260.17376562367076,268.3677527136249,256.6122283935547,256.2982116699219,272.5450311279297,259.4883310104681,261.6912567697098,-2.2029257592417366,5.24648194652888,90.04800954792758,87.64918798517357,8.290527054125075,7.467800366306536,0.007928905689936316,0.007897637092306942,35873670.0,0.7399909853630764
2022-06-03,262.1002923632558,265.14494022982973,260.25800402669876,261.819091796875,28059000,49.87753184933754,-1.8538164379890532,-4.272076438635654,270.07068677538666,241.87749132519932,255.97408905029297,260.33046335445215,268.1109424815955,258.2489547729492,255.97408905029297,271.9870263671875,259.84690959299223,261.7007260309813,-1.8538164379890532,1.4349987118577778,75.45579939132963,82.87994695253995,8.186491066410275,7.048298862546835,-0.016607417504511002,-0.01674686674630049,35113600.0,-0.36241427733922316
2022-06-06,263.79714518679435,265.8527530113279,259.1041464802311,260.5876770019531,22400300,48.83442279150235,-1.6574041450015216,-3.749141979908828,269.2326145453742,242.19762227103203,255.71511840820312,260.35495989230935,267.815912462786,259.8187789916992,255.71511840820312,271.3152014160156,259.96087380975547,261.618277954757,-1.6574041450015216,5.773748295517608,71.39184378465347,78.96521757463692,7.974787339526559,6.7587480685855414,-0.0047033040504060875,-0.00471439938840337,34344600.0,-0.20167147795716167
2022-06-07,258.54180604342474,264.8346867223125,257.86305412954965,264.22381591796875,22860700,52.02493986330512,-1.1945697096738854,-3.2382275258618396,270.1728286776215,242.08496398595278,256.12889633178713,260.7234223709436,267.6750459316167,260.96778717041013,256.12889633178713,270.72422607421873,260.6167110571729,261.8112807668468,-1.1945697096738854,7.64793159935847,83.39194902566011,76.7465307338811,8.000821413579724,7.021966172917175,0.013953610384992876,0.01385715499524222,33101335.0,0.020553296161212042
2022-06-08,263.4578015962176,264.70863088470054,261.42157544049917,262.1972961425781,17372300,50.14807699812863,-0.9799965049933235,-2.7865813216881365,270.3648599791499,242.04189203501022,256.20337600708007,260.8637913015755,267.46023221439947,262.0140213012695,256.20337600708007,269.95690002441404,260.8598779933891,261.8398744983824,-0.9799965049933235,7.0676227176720605,76.70396181192734,77.16258487408034,7.305463023742612,7.08074198603493,-0.007669708986489665,-0.007699272463647333,32003130.0,-0.24008013752859714
2022-06-09,259.647258703523,264.42752268713014,256.5929331979459,256.7480773925781,26439700,45.404678228133896,-1.235411056824887,-2.476347268715487,270.4648956534122,242.41168973477136,256.4382926940918,260.47181854833764,267.04014771158296,262.23414001464846,256.4382926940918,268.9894622802734,260.227293285572,261.4627043423969,-1.235411056824887,1.5883685949261608,58.720270871725184,72.93872723643757,7.464065208406611,7.013301479660214,-0.020782894523202144,-0.02100189854822444,30876320.0,0.5219458563345096
2022-06-10,252.66584504493977,252.66584504493977,244.86034549346968,245.30638122558594,31422800,37.40449398976967,-2.3341713138111118,-2.447912077734612,270.63990609440435,242.06538260188466,256.3526443481445,259.027491184266,266.1878431435046,260.982356262207,256.3526443481445,267.8231796264648,257.9317683532664,260.26593966707753,-2.3341713138111118,-2.5537071769147,1.82832566166094,45.750852781771194,7.475152215695862,7.143630873129924,-0.044563902028747715,-0.04558739564264267,29895770.0,0.18847036842324227
2022-06-13,237.66570001230667,241.45695191998857,234.1944273628666,234.90225219726562,46135800,31.900295419149586,-3.9983821349191544,-2.758006089171521,272.63548372541925,238.29991666520573,255.4677001953125,256.7298493759803,264.96095722404425,257.978450012207,255.4677001953125,266.55619354248046,254.38876586772784,258.387148002647,-3.9983821349191544,-7.717492852319434,2.018793434339619,20.855796655908616,7.649685370690386,8.583891765053373,-0.04241279405916709,-0.043338485373958104,30456305.0,0.4682268925748183
2022-06-14,236.45368903404812,238.27659598406217,234.17505534653057,237.06455993652344,28651500,34.0716898036173,-5.084193618012648,-3.2232435949397464,273.7002525309674,235.64473343094664,254.67249298095703,254.85696466746057,263.8669808598277,255.3236083984375,254.67249298095703,265.3109765625,251.72350341677333,256.807697034786,-5.084193618012648,-8.051865303471056,8.236630620671004,4.027916572223887,7.400354102772653,9.513879775005197,0.009205138388549639,0.009163029318127213,30261335.0,-0.37897467909952787
2022-06-15,240.76847749584994,247.54618679802817,238.93588001694107,244.1136932373047,33111700,40.708904429689184,-5.314637068032027,-3.6415222895582025,273.4908255469045,234.4540154565135,253.972420501709,253.8337959598267,263.0923421295327,253.32035064697266,253.972420501709,264.0993655395508,250.55276338916275,255.86740045719478,-5.314637068032027,-7.861220694763878,28.330423652005077,12.861949235671934,7.633062068637814,9.759202522597754,0.029735078506330614,0.029301563824920107,30475480.0,0.1556707327714082
2022-06-16,238.5092880231499,239.9055558620673,235.639195061252,237.52996826171875,33169200,36.96577868495042,-5.959815699939696,-4.105180971634502,274.1432319539234,232.91827775066645,253.53075485229493,252.28105046476878,262.0898960955008,250.44928131103515,253.53075485229493,262.8352102661133,248.54925644647906,254.50907214641876,-5.959815699939696,-9.894432436875366,9.563292802034205,15.376782358236795,7.844991729965484,10.306238550814248,-0.026969912618485692,-0.027340274991056315,30566140.0,0.0017365462963243594
2022-06-17,237.26812327514037,242.8919722994284,236.61847386718773,240.12852478027344,43084800,39.33669507513001,-6.190087148530324,-4.5221622070136664,274.44594366739364,232.0832357149306,253.26458969116212,251.12366706624542,261.22866584784487,248.280224609375,253.26458969116212,261.84320068359375,247.25375926706283,253.44384641559316,-6.190087148530324,-9.092593245139389,16.970566098777645,18.288094184272342,7.777808423166761,10.590676988115765,0.010939910183002777,0.010880502251175322,31085765.0,0.29893998046380377
2022-06-21,242.65928121254296,247.0129195467826,241.9320596633375,246.03359985351562,29928300,44.45000169817328,-5.828896828637255,-4.783509131338384,274.4139011369246,232.22969474930585,253.32179794311523,250.63889876027113,260.6327809068908,246.82481689453124,253.32179794311523,260.93311279296876,247.0660424342094,252.89493926284666,-5.828896828637255,-7.589772968764722,33.803182435181434,20.112347111997792,7.865077433730477,10.546051596904695,0.024591310335353,0.024293811455723142,30622215.0,-0.30536291221033873
2022-06-22,244.23979365415195,249.35944724213846,242.76595376071094,245.442138671875,25939900,44.04950192160605,-5.526668873653733,-4.932141079801454,274.3421598686388,231.57227647169324,252.95721817016602,250.14396922804292,260.0370694466941,244.94664916992187,252.95721817016602,260.0963250732422,246.81621108615798,252.3428799598117,-5.526668873653733,-6.25506452283686,35.06336921321644,28.61237258239187,7.806208836601363,10.69247084923639,-0.0024039853987128934,-0.0024068796109712656,30260440.0,-0.13326517042398
2022-06-23,247.80806538921993,251.49264337760505,245.92698295357496,250.9981231689453,25861400,48.72330079125131,-4.783686169855912,-4.902450097812346,274.3167201205247,231.52403305330347,252.92037658691407,250.22531722241456,259.68260096521374,243.82673187255858,252.92037658691407,259.5972164916992,247.45958217581756,252.24326834567347,-4.783686169855912,-3.679972108940492,53.106977661163256,40.657843103187076,7.334556033890313,10.698171766805308,0.02263663659033699,0.022384229924337692,30101315.0,-0.00302622600703939
2022-06-24,253.85851328836165,259.84113599314713,253.77125024741073,259.56964111328125,33923200,54.97251168495508,-3.4632944585589485,-4.614618969961667,274.76523872779,231.57778953148733,253.17151412963867,251.11525283106852,259.67817116709875,244.1088882446289,253.17151412963867,259.33144927978515,249.3226681661966,252.78596262475554,-3.4632944585589485,-1.761451664952277,80.16550329972716,56.11195005803565,7.538867121733658,10.796862299075663,0.034149729233499126,0.03357957143799001,30370080.0,0.3117309967751165
2022-06-27,260.06414652554236,260.151409571475,255.28388337930917,256.8450012207031,24615100,52.77092454852273,-2.6066819757990913,-4.213031571129152,274.6762628050632,231.5688437012845,253.12255325317383,251.66094315389086,259.56706646331855,245.26275024414062,253.12255325317383,258.9036166381836,250.4799501745822,253.0866321503813,-2.6066819757990913,-2.041323461613624,73.94069940475401,69.0710601218815,7.40450424038145,10.776854775944672,-0.010496758715280774,-0.010552238265529234,30350730.0,-0.2743874398641638
2022-06-28,255.96261499134835,258.8036202038124,248.5352550148448,248.69039916992188,27295500,46.737866217679986,-2.5563506275361476,-3.8816953824105513,273.2028550736366,231.4171598799767,252.31000747680665,251.3780342030367,259.14053049102847,246.64156494140624,252.31000747680665,258.46341033935545,250.2046346354037,252.76098526293984,-2.5563506275361476,-3.138359712168647,47.53895856463223,67.21505375637116,7.639985140110361,10.446423798414973,-0.031749117218653256,-0.032264048858957055,30369965.0,0.10889250906963621
2022-06-29,249.76663880388978,254.01361699822033,247.99221661030455,252.35556030273438,20069800,49.53069998210478,-2.19540750787462,-3.5444378075033653,271.9531083891612,231.54116498730366,251.74713668823242,251.47113192681743,258.8744532287424,248.17066497802733,251.74713668823242,258.08315643310544,250.53554627653148,252.7309537844061,-2.19540750787462,2.8736223827238927,60.09594110628164,60.52519969188933,7.8352954932328185,10.102985850464384,0.014737847319583164,0.014630300631240226,29482070.0,-0.2647212910553022
2022-06-30,249.24302834525233,251.6477180084153,245.21907543533365,249.0297088623047,31730900,47.116390210137354,-2.152908511845027,-3.2661319483716977,270.35789134309766,231.62472584440235,250.99130859375,251.2386154444829,258.48838482221544,248.66226654052736,250.99130859375,257.54390502929687,250.30387898203506,252.45678749388009,-2.152908511845027,6.014185276169742,57.18529008012047,54.940063250344814,7.78543087739114,9.683291374673825,-0.013179227897494594,-0.013266844586478903,29804005.0,0.5810272150195817
2022-07-01,248.60313941391496,251.88045986451053,246.877186557772,251.69622802734375,22837700,49.2521986785131,-1.8823632281509788,-2.989378204327554,268.2636987304438,232.26447509768116,250.2640869140625,251.28219759523154,258.22202573222046,250.07889251708986,250.2640869140625,257.03747619628905,250.51808652746715,252.40044975561813,-1.8823632281509788,6.17201832898941,67.45046871892448,61.57723330177556,7.293683835079002,8.999805908190668,0.010707634752580741,0.010650713995526142,28745480.0,-0.2802693904049365
2022-07-05,248.3801092623351,254.99298457519546,247.00323818444357,254.86692810058594,22941000,51.74768122622435,-1.396012778067643,-2.670705119075572,267.23203304783993,232.60092441065615,249.91647872924804,251.6236005005034,258.09045327607794,251.5527328491211,249.91647872924804,256.7018405151367,251.18713907717773,252.58315185524538,-1.396012778067643,4.40501092776797,79.65656987455718,68.09744289120073,7.070669015652756,8.65777715929595,0.012597328526106288,0.012518642318023215,28489580.0,0.004523222566195306
2022-07-06,255.73959933597524,259.8508160325724,254.4305945207555,258.1248779296875,23824400,54.23778940213881,-0.7391665669564418,-2.284397408651746,266.8220147593696,232.76466279189992,249.79333877563477,252.2427697794733,258.091803262494,252.7618606567383,249.79333877563477,256.56253997802736,252.2544835160254,252.99365008298184,-0.7391665669564418,8.670446857163121,91.73256402051172,79.61320087133116,7.164860506673136,8.514337991867414,0.012782944626757553,0.012701932442481642,28560785.0,0.03850747569853108
2022-07-07,257.067970916459,260.8883105802799,256.97100212276746,260.24835205078125,20859900,55.83749828773059,-0.04672596948057617,-1.8368631208175121,265.99522984183625,233.19390132271448,249.59456558227538,253.00520618626453,258.17637380321116,254.24248199462892,249.59456558227538,256.33627166748045,253.48430944444937,253.53103541392994,-0.04672596948057617,8.378774362153854,97.465421990658,89.61818529524233,6.695980620673686,8.200332129780447,0.008226538015728035,0.008192884493873114,28460745.0,-0.12443125535165633
2022-07-08,256.74802329517996,259.95749231914675,255.29358006652834,259.5308532714844,19658800,55.136157119577135,0.4390805899595307,-1.3816743786621037,265.4691953661281,233.45329151131335,249.46124343872071,253.6266963848569,258.22949064510425,255.09575500488282,249.46124343872071,256.29880462646486,254.4145469563009,253.97546636634138,0.4390805899595307,5.485939085557742,94.40681317784372,94.53493306300452,6.444571606973702,8.00397596370368,-0.002756977224420143,-0.0027607846857944816,28575070.0,-0.05757937478127895
2022-07-11,257.5819241135224,258.43520232226376,254.21731048039254,256.4765625,19455200,52.13422937055623,0.5710473702576451,-0.991130028878154,265.4300399557068,233.46529543247678,249.4476676940918,253.8981122053467,258.16074836490407,254.78644714355468,249.4476676940918,255.94873504638673,254.73178011687003,254.16073274661238,0.5710473702576451,4.495733246065226,76.7266845136723,89.53297322739138,6.376003346891642,7.991186130807502,-0.011768507416300977,-0.011838304444706316,28225845.0,-0.010356685046900127
2022-07-12,257.8048865798043,257.8630619352438,244.3852139665222,245.96571350097656,35868500,43.3808810518772,-0.1705398003170444,-0.8270119831659322,265.4297248623874,233.53154375333523,249.48063430786132,253.14264566207333,257.6825117035736,253.69851837158203,249.48063430786132,255.26442810058595,253.38315448365563,253.55369428397267,-0.1705398003170444,-2.004959082734442,17.656421690198947,62.929973127238355,6.8469642899068175,7.974545277263043,-0.04098171348122093,-0.04184513596060217,28448130.0,0.843645914716888
2022-07-13,242.59138123661197,245.84933391684322,240.57455197786325,245.04454040527344,29497400,42.70416018340535,-0.823095809965082,-0.8262287485257622,264.5716654461512,235.40383199037223,249.9877487182617,252.3713975423781,257.1869049859932,253.33393249511718,249.9877487182617,254.79599700927736,252.10029077928914,252.92338658925422,-0.823095809965082,-5.595839577275054,22.00473341687939,38.79594654025024,6.761083435741518,7.291958363944751,-0.0037451280611087157,-0.0037521586122379715,27616210.0,-0.17762382034375568
2022-07-14,242.959889571624,247.39108538558793,238.47050360298064,246.36328125,25102800,44.049760397603656,-1.2197789317913248,-0.9049387851788748,263.84620343710134,237.05916613076974,250.45268478393555,251.79919599072304,256.76244915320916,252.73470458984374,250.45268478393555,254.21947540283202,251.21767392862927,252.4374528604206,-1.2197789317913248,-4.080951515850736,35.2076260403694,24.956260382482608,6.966088941232749,6.696759326582906,0.005381637324159527,0.005367208059577393,27438775.0,-0.1489826221972106
2022-07-15,247.95348214538913,252.4622502240855,247.03233772876274,248.92311096191406,29774100,46.668044492745324,-1.3124669968667035,-0.9864444275164406,263.77657532126074,237.6097360190713,250.69315567016602,251.52528313083647,256.45502412609954,252.7240447998047,250.69315567016602,253.7461962890625,250.8646642414423,252.17713123830902,-1.3124669968667035,0.09357489986301533,46.62635988220414,34.61290644648434,6.770085809081583,6.541709825547357,0.010390467682221072,0.010336857807564612,27271895.0,0.18608681103303226
2022-07-18,251.86106474959863,252.91795652335915,245.60696234722735,246.52810668945312,20975000,44.566663319119,-1.5611834342945201,-1.1013922288720566,262.869013899792,239.41711128331346,251.14306259155273,251.04936156499042,256.06573324623105,252.2072326660156,251.14306259155273,253.06636596679687,250.1975015411363,251.7586849754308,-1.5611834342945201,-2.3092233855637803,35.94286941016034,39.258951777577984,6.944619236507721,5.862975654119636,-0.0096214620780124,-0.0096680473976844,26662185.0,-0.2955286641745678
2022-07-19,249.7569780806795,251.83199795607726,245.9754316061992,251.64776611328125,25012600,49.773105206843,-1.3298495957995726,-1.14708370225756,262.2363309302936,241.20171838611265,251.71902465820312,251.10635247435147,255.8924796331742,251.88531646728515,251.71902465820312,252.73329040527344,250.42061916762015,251.75046876341972,-1.3298495957995726,1.0513031810289581,58.78033709382985,47.11652212873147,6.629490748001326,5.258653136045238,0.020767041505240114,0.020554346160469503,25758575.0,0.19249582836710366
2022-07-20,252.00656475162955,256.8256219422952,251.04664153515625,254.30458068847656,22788300,52.278021965481045,-0.9215105300595212,-1.1019690678179523,262.35490026463907,241.91024713526323,252.13257369995117,251.4109456376015,255.83020908632332,251.50328674316407,252.13257369995117,252.50404022216796,251.01815170929035,251.93966223934987,-0.9215105300595212,1.0363097935855623,70.63169515880766,55.11830055426598,6.612175035088695,5.1111632823439646,0.010557672004127161,0.010502328973305218,25401575.0,-0.08892718070092676
2022-07-21,251.89986485024778,256.8449774641106,249.2236799929457,256.7964782714844,22404700,54.56670088825674,-0.3923013633273911,-0.9600355269198402,262.6146592584633,242.78592210139996,252.70029067993164,251.9238535074951,255.86810199554535,251.15809936523436,252.70029067993164,252.52100463867188,251.90712502655097,252.29942638987836,-0.3923013633273911,0.7570814249139928,81.74740146108407,70.3864779045739,6.646804506786138,4.957184289265836,0.009798870221926492,0.009751172628353144,25224815.0,-0.016833199492722106
2022-07-22,257.18430744869886,257.27157048099224,251.2017149281793,252.4525146484375,21881300,50.059626626176666,-0.3197351386569096,-0.8319754492672541,262.6560962994764,242.8899242083361,252.77301025390625,251.97420218758484,255.73415739369798,250.45026550292968,252.77301025390625,252.35590087890625,251.99103112222582,252.31076626088273,-0.3197351386569096,-2.1975267656281994,62.37011077673806,71.58306913220996,6.722988952934309,4.941543022785073,-0.016915978179632418,-0.017060687594183,25025810.0,-0.023361169754560374
2022-07-25,253.0730861428635,253.55790048413337,249.0103395957646,250.96897888183594,21056000,48.58373509155383,-0.377582287163591,-0.7410968168465215,261.7161737558195,242.96978052884847,252.34297714233398,251.87846663465635,255.54728764813478,249.89950714111328,252.34297714233398,252.3342855834961,251.83379231601197,252.21137460317556,-0.377582287163591,-3.5655838339889523,55.75244399022401,66.62331874268207,6.477118559906943,4.686598306742757,-0.005876494312871183,-0.005893828849808722,24382450.0,-0.0377171374644103
2022-07-26,251.96770218262552,251.98711369487128,241.9902440697429,244.2494659423828,39348000,42.475327250100335,-0.9546307173498292,-0.783803596947183,261.49636741896774,241.93003333786825,251.71320037841798,251.1518951401541,255.1042358165367,249.7278823852539,251.71320037841798,252.2788879394531,250.66697287391517,251.621603591265,-0.9546307173498292,-5.888081180512416,25.778446327306106,47.96700036475608,6.8040219965720485,4.891583520274868,-0.026774276922156504,-0.02713923698162638,25119095.0,0.8687310030395137
2022-07-27,253.22823052881697,261.84821413779025,250.9883906372331,260.5780029296875,45994000,56.71669506864588,-0.09329385064691564,-0.6457016476871296,262.7403814554052,241.87477967740725,252.30758056640624,252.04961969153823,255.31889335038574,251.2812286376953,252.30758056640624,252.43842529296876,252.19174672864938,252.2850405792963,-0.09329385064691564,1.5991482378384965,94.56657140907191,58.699153908867366,7.781267692135978,5.216400444499494,0.06685188409442211,0.06471214740217962,26054020.0,0.1689031208701841
2022-07-28,261.5573746966984,269.40166831465785,259.7344677770861,268.0151062011719,33459300,61.40359443748317,1.1758790990609214,-0.28138549833751936,265.66847358670356,240.51264213595272,253.09055786132814,253.57014221626522,255.81678405041657,253.4464111328125,253.09055786132814,252.73935333251953,254.62610972442207,253.45023062536114,1.1758790990609214,8.964417189027351,95.5172651065334,71.9540942809705,8.117869731658754,6.28895786268771,0.028540794648315604,0.02814109354237027,26723495.0,-0.2725290255250685
2022-07-29,269.26588177100365,273.4352730341739,268.22837203750606,272.2135314941406,32152800,63.78751018130123,2.491762155974129,0.27324403252481033,269.2850896300337,239.21440835580614,254.24974899291993,255.34570309987242,256.45979375409206,255.77545318603515,254.24974899291993,253.02132110595704,257.3318669197634,254.84010476378927,2.491762155974129,11.087368461232815,96.50579265955824,95.5298763917212,8.12548573465234,7.517670318556894,0.015664883045127365,0.015543455224757915,26744590.0,-0.03904743972527813
2022-08-01,269.38223547656554,272.7371422807074,267.46236011948673,269.56646728515625,21539600,61.22006853468398,3.2831666977851626,0.8752285655768808,271.59674301068094,238.68977890094013,255.14326095581055,256.700061593709,256.9737809513887,258.0792892456055,255.14326095581055,253.48538482666015,259.21411312982383,255.93094643203867,3.2831666977851626,9.418280970048677,88.93513152823432,93.65272976477534,7.539552462687987,8.226741027435205,-0.009724219786044541,-0.009771808773087904,26679685.0,-0.33008633773730434
2022-08-02,267.61754353157727,269.45015613104664,264.10749207919315,266.473388671875,22754200,58.26877772975486,3.6190566722439144,1.4239941869102877,272.93720177949376,238.50996618925626,255.723583984375,257.6308546487724,257.3463145874862,259.56185150146484,255.723583984375,253.90581604003907,260.33092475167786,256.71186807943394,3.6190566722439144,7.050481428639295,80.08885951329059,88.50992790036109,7.544396297177258,8.60680889755937,-0.011474270685193577,-0.01154060806598984,26670345.0,0.056389162287136196
2022-08-03,268.3544800041246,274.8897687407823,268.20901200946105,273.89105224609375,23518900,62.88917822838818,4.432697972429992,2.0257349440142285,275.53723926392735,237.48654613646323,256.5118927001953,259.1794448961363,257.9951278290002,261.52049865722654,256.5118927001953,254.48584838867188,262.41709821235725,257.98440023992725,4.432697972429992,11.099320853954078,96.96434369592065,88.6627782458152,7.508381889055831,9.512673281866034,0.0278364140268903,0.027456024046363325,26655070.0,0.03360698244719651
2022-08-04,273.24133735808226,275.18059462702735,271.6608675400947,275.03515625,18098700,63.559352360481775,5.1109187068198025,2.6427716965753434,277.9625102425849,236.53995557772762,257.25123291015626,260.68951264412334,258.6633642376668,263.3443664550781,257.25123291015626,254.9318768310547,264.35833791045616,259.24741920363635,5.1109187068198025,9.293700674533598,99.56180523982015,92.20500281634382,7.324150325687768,10.355638666214318,0.004177223003540398,0.004168522628053426,26517010.0,-0.2304614586566549
2022-08-05,270.6719043348699,275.03523443029735,270.2161775634962,274.3177185058594,16774600,62.793569469491906,5.526812639281275,3.21957988511653,280.0559407147257,235.92521162902426,257.990576171875,261.98743701190773,259.2772604834783,265.5308868408203,257.990576171875,255.3835321044922,265.89055030974896,260.3637376704677,5.526812639281275,7.8697512106157985,97.40021992332169,97.97545628635419,7.1461548035927205,11.032682271425365,-0.002608531047167295,-0.0026119391924045794,26372800.0,-0.07315995071469217
2022-08-08,275.4230007870511,277.2362311831434,270.8366763006836,271.8063049316406,18739200,60.06541247098032,5.589331160055224,3.693530140104269,281.65047102101505,235.863655565899,258.757063293457,262.9225672899775,259.7685955598768,267.61461944580077,258.757063293457,255.72872039794922,266.8006664054246,261.21133524536936,5.589331160055224,5.845028234494677,84.59420008855899,93.85207508390029,7.184939698777129,11.44670386377901,-0.009155127083652514,-0.009197292811986672,26337000.0,0.11711754676713593
2022-08-09,271.1469795107976,274.48247496169216,269.17860487436343,273.7261657714844,23405200,61.44445368534523,5.727768117571543,4.100377735597724,283.13907515143705,237.15109666252783,260.14508590698244,263.95148143107343,260.31595125444966,270.5622894287109,260.14508590698244,256.04675933837893,267.86612784635685,262.1383597287853,5.727768117571543,8.42679311500316,90.04123391305308,90.67855130831127,7.151003247362114,11.4969946222273,0.007063341817352686,0.007038513265013468,25713835.0,0.24899675546448097
2022-08-10,279.4179456049466,281.00812145710677,278.22529152278446,280.37786865234375,24687800,65.84521104403768,6.301576583414203,4.54061750516102,285.44382960008073,238.3796750385912,261.91175231933596,265.5158992616706,261.1026931131906,272.5422760009766,261.91175231933596,256.3554904174805,269.7910110472779,263.4894344638637,6.301576583414203,11.718137397512558,98.38470760849967,91.00671387003727,7.126764548394791,11.766038640372392,0.02430057375812744,0.024010012606760875,25473355.0,0.054799788081281164
2022-08-11,282.01664421359385,282.3656965040641,277.80845725321404,278.3029479980469,20065900,63.41369598235616,6.513808046242559,4.935255613377327,286.9328027584585,240.08466855501808,263.5087356567383,266.7337134270398,261.7772129125967,273.57106018066406,263.5087356567383,256.649289855957,271.1005398089346,264.58673176269207,6.513808046242559,13.94209069169351,89.93757775810415,92.78783975988567,7.018720526826014,11.712033550860106,-0.0074004437806383105,-0.0074279629179941995,25221510.0,-0.18721392752695665
2022-08-12,279.71855257086617,283.04437255859375,278.225315796299,283.04437255859375,22619700,66.46150902255093,6.984088125411063,5.345022115784074,289.13110237989605,241.2984950932485,265.2147987365723,268.28710953480686,262.6112191732241,274.6541442871094,265.2147987365723,257.02725189208985,272.9380525396514,265.9539644142403,6.984088125411063,8.621744497354374,100.0,96.10742845553462,7.038113089249298,11.958151821661884,0.017036918202462337,0.016893417491588257,24863790.0,0.12727064323055526
2022-08-15,282.16193138302435,285.2453433252316,281.2989476986178,284.5569152832031,18085700,67.3946393021362,7.393609109908937,5.754739514609047,290.82307141927544,243.4094069132441,267.1162391662598,269.8366148441779,263.47183470694875,276.15318908691404,267.1162391662598,257.39357696533204,274.7255698848132,267.33196077490425,7.393609109908937,6.171968929846434,97.99039906351723,95.97599227387381,6.6059363750696845,11.853416126507836,0.005343836059825691,0.005329608432140764,24719325.0,-0.20044474506735277
2022-08-16,283.12190392197317,285.1096607169614,281.5996091944976,283.8200378417969,18102900,66.42501670070627,7.571418984375896,6.118075408562417,292.37830017779254,245.0714053275785,268.72485275268554,271.16836941537974,264.269803457335,277.8878540039062,268.72485275268554,257.83359588623046,276.1247188012722,268.5532998168963,7.571418984375896,4.263750697457918,94.41294956441297,97.46778287597675,5.599600898430855,11.826723712553516,-0.002589560828886839,-0.0025929195411762834,24373840.0,0.0009510276074466972
2022-08-17,281.53652609959147,285.0443308942976,281.27418133685177,283.0718078613281,18253400,65.3961617213805,7.5647568763639015,6.407411702122714,293.6223372977574,246.7040909248988,270.1632141113281,272.30203021975575,265.00713696337397,278.80592956542966,270.1632141113281,258.283278503418,277.1935017335885,269.6287448572246,7.5647568763639015,5.010022467625946,89.71733011740808,94.04022624844612,5.178382971279002,11.729561593214651,-0.002636283139690887,-0.0026397642535677312,24147095.0,0.008313585116196842
2022-08-18,281.973768762057,283.6450710894862,280.8951810940671,281.954345703125,17186200,63.806624634472236,7.384186940072027,6.602766749712577,294.55815879268874,248.28405617313152,271.42110748291014,273.221298361029,265.6717333845407,279.4978485107422,271.42110748291014,258.6378890991211,277.92593926736333,270.5417523272913,7.384186940072027,5.809569619093429,84.43078445486088,89.52035471222734,4.987648911451649,11.56852565488931,-0.003947627870983683,-0.003955440321096124,23886170.0,-0.058465820066398555
2022-08-19,280.7203261035374,281.06042243303864,277.4748955705993,278.0481872558594,20570000,58.45775229378949,6.84696210598662,6.6516058209673865,294.1933068140741,251.2084754124884,272.7008911132813,273.68100206529857,266.15708451674925,279.8708953857422,272.7008911132813,258.95490692138674,277.9447466502089,271.0977845442223,6.84696210598662,1.5178060676587561,65.95133542383556,80.03314999870152,4.930839480830579,10.746207850396429,-0.013853868567000216,-0.013950729039472705,23820605.0,0.19689052844724264
2022-08-22,274.0934077691384,274.46265350884744,269.3710240123007,269.8860168457031,25061100,49.18031094604097,5.696918090938709,6.460668274961652,292.63091077392016,254.662575249029,273.6467430114746,273.3195749015276,266.30331715710037,279.6788665771484,273.6467430114746,259.21766571044924,276.7049420649003,271.0080239739616,5.696918090938709,-1.872174988282748,9.843697009400557,53.408605629365695,5.160710054944547,9.492083881222797,-0.02935523691310904,-0.02979472408941746,24020860.0,0.21833252309188134
2022-08-23,268.6131591796875,270.96462513583367,267.6025963871895,268.6131591796875,17527400,47.903541174657626,4.629425808459075,6.094419781661136,288.18962623978774,261.5402291068919,274.8649276733398,272.8713448327809,266.39389919720185,279.1675659179688,274.8649276733398,259.6838012695313,275.4600523902522,270.8306265817931,4.629425808459075,-2.0795446088000427,5.727922052313508,27.174318161849897,4.799684960640036,6.662349283223974,-0.004716278675316987,-0.0047274354102575895,22929830.0,-0.3006133010921308
2022-08-24,267.61232157638716,269.38079904214317,267.3207976827984,267.9815673828125,18137000,47.248080243866994,3.68993107561505,5.61352204045192,287.23400806849475,263.2362037234974,275.23510589599607,272.4056517423077,266.4561606946768,277.9279357910156,275.23510589599607,260.3453875732422,274.30951623526147,270.6195851596464,3.68993107561505,-1.4071555660896267,3.686395812733152,6.419338291482429,4.695418837240903,5.999451086249338,-0.0023513062383235805,-0.0023540748996686853,21536980.0,0.034779830436916015
2022-08-25,269.47797267194653,271.12012625710213,266.7475342701632,270.9549560546875,16583400,50.67015009856095,3.1490026054667624,5.120618153454889,287.0767575799654,263.68743919737835,275.38209838867186,272.26749024824863,266.6325840421282,277.19313659667966,275.38209838867186,261.0231954956055,273.7934300536347,270.64442744816796,3.1490026054667624,-1.0124021972785648,22.74551419575528,10.719944020267336,4.663528488679317,5.847329595646744,0.011095496981057273,0.011034393521140539,20693185.0,-0.08565914980426748
2022-08-26,271.17840374249715,272.40273889149455,260.3927014141226,260.49957275390625,27549300,40.67755293010089,1.855264508217374,4.467547424407386,288.2067100460952,261.38609085722504,274.79640045166013,271.14673620116844,266.3920737955313,274.93865661621095,274.79640045166013,261.3509130859375,271.7482212382919,269.8929567300745,1.855264508217374,-7.089823456460365,0.43002003636434677,8.953976681617617,5.064277245458759,6.705154797217547,-0.03858716390731387,-0.039351372152402996,20463010.0,0.6612576431853541
2022-08-29,258.32299172518486,259.82909469537367,256.379617748924,257.7205505371094,20338500,38.50400681916621,0.598821041417466,3.6938021478094023,289.50074393169183,258.9074652968238,274.2041046142578,269.86805185221044,266.0520140599069,272.25502014160156,274.2041046142578,261.7547247314453,269.59011805349456,268.9912970120771,0.598821041417466,-7.3956807173605466,4.645415146903522,9.27364979300774,4.979711882434011,7.648319658717006,-0.010668049039075478,-0.01072536064064541,20402955.0,-0.261741677646982
2022-08-30,259.1197590113756,259.48897512489526,253.2799112455645,255.52450561523438,22767100,36.829290412789426,-0.5675792302296827,2.8415258722015855,290.7914734468105,256.521847476041,273.65666046142576,268.5019998296413,265.63917059148844,269.4254669189453,273.65666046142576,262.06264434814454,267.4261776783776,267.9937569086073,-0.5675792302296827,-9.722810135595406,7.021942841491056,4.032459341586332,4.90307675341318,8.567406492692397,-0.008521031471096396,-0.008557543018410364,20403600.0,0.11940900263047904
2022-08-31,257.8759809716696,259.54725384491036,253.93090517707998,254.06695556640625,24791800,35.718838844903516,-1.5912292562958896,1.9549748465020906,291.90718924075117,253.42372201413164,272.6654556274414,267.1272337093332,265.18535823756366,266.5249816894531,272.6654556274414,262.22331146240236,265.3709127380743,266.9621419943702,-1.5912292562958896,-10.714889738824999,2.4621732591638437,4.709843749186164,4.978727426054633,9.620866806654885,-0.00570414976567013,-0.005720480559751708,20467245.0,0.08893095739026924
2022-09-01,251.54058765801105,253.50341421016233,248.17855922552292,253.0272674560547,23263400,34.91025770084053,-2.458038678611672,1.0723721414793381,292.6637569781798,250.46636539730855,271.56506118774416,265.7843797804495,264.708570363779,263.6322738647461,271.56506118774416,262.37501403808596,263.4718903869944,265.9299290656061,-2.458038678611672,-10.849399718178558,13.081005941839656,7.52170734749821,5.055108824525247,10.5493478952178,-0.00409218155912372,-0.004100577446906284,20725480.0,-0.061649416339273455
2022-09-02,254.29044741444957,257.24435393582866,247.26514117537187,248.81011962890625,22855400,31.768824341187695,-3.4455616859693805,0.16878537598959442,293.6503068766693,246.92905561112372,270.2896812438965,264.1677835755406,264.0851017075095,260.7084671020508,270.2896812438965,262.33125396728514,261.21623334728855,264.66179503325793,-3.4455616859693805,-12.103532489256603,4.082436432668983,6.541871877890851,5.486024334085458,11.680312816386397,-0.016666772200276236,-0.01680722563870181,21029520.0,-0.017538279013385782
2022-09-06,248.94616930970054,250.52999388020916,244.80677406440572,246.07968139648438,21328200,29.893201792137617,-4.39780912410987,-0.7445335240302984,294.7261453214801,243.28055481279728,269.0033500671387,262.4451071775353,263.37900679335166,258.3278335571289,269.0033500671387,262.0614547729492,258.8875330471648,263.2853421712747,-4.39780912410987,-12.723572043969748,3.1634806692165642,6.775641014575091,5.644107783609718,12.861397627170705,-0.010973983841550572,-0.011034642186248849,21158970.0,-0.06682009503224617
2022-09-07,247.4886510615093,251.501707885987,246.05055859753543,250.7826690673828,24126700,36.81306858037117,-4.718587341223952,-1.5393442874690293,294.7135507961079,240.99879966775933,267.8561752319336,261.3343987860922,262.8850327648823,256.54478454589844,267.8561752319336,261.9402081298828,257.6406308964291,262.35921823765307,-4.718587341223952,-9.806040621076551,15.386604101405542,7.544173734430387,5.76417919296727,13.428687782087131,0.019111645643432817,0.018931312167684778,21195045.0,0.13121126020948792
2022-09-08,250.21911682986428,253.05642612748184,247.5761123040182,251.20050048828125,20319900,37.40421441535799,-4.88280494964647,-2.2080364199045177,293.558874912055,239.2357387354059,266.39730682373045,260.3692656148721,262.4268158128587,254.8666778564453,266.39730682373045,261.99041015625,256.6498416028679,261.5326465525144,-4.88280494964647,-6.923484430875348,17.636091018655826,12.062058596426,5.959209466399023,13.580784044162279,0.0016661096337011738,0.001664723212784627,20976650.0,-0.15778370021594335
2022-09-09,253.12441850602798,257.7205078743252,252.92037257528756,256.9722900390625,22084700,45.05165421274372,-4.495393311742589,-2.665507798272132,292.19751333581183,238.46403451575074,265.3307739257813,260.0457441314617,262.2129128413373,253.46841125488282,265.3307739257813,262.0827447509766,256.69944905459016,261.19484236633275,-4.495393311742589,-4.333692800522068,41.02227350043034,24.681656206830592,6.104963555936043,13.43336970501527,0.02297682345203178,0.02271683124074065,21077590.0,0.08685082111624576
2022-09-12,258.25491798547915,259.8776479982531,257.65247691062,259.10028076171875,18747700,47.59378389727641,-3.9708818761160956,-2.9265826138409246,289.7831697347742,238.48396893710083,264.1335693359375,259.95570000101,262.09084883821504,253.32848205566407,264.1335693359375,262.28415618896486,257.06880777876376,261.03968965487985,-3.9708818761160956,-3.3141408596983104,51.79564036580522,36.81800162829715,5.692691749909754,12.824800199418341,0.00828101240928647,0.008246912948723387,20883990.0,-0.15110008286279641
2022-09-13,251.51139194527525,253.0272208857183,244.46666308805916,244.8553466796875,33353300,35.6904112752984,-4.651035670973954,-3.2714732252675303,287.28291093956057,237.01407087196284,262.1484909057617,258.517571113265,261.4149467927826,252.04196166992188,262.1484909057617,262.1473385620117,255.18981376352127,259.8408494344952,-4.651035670973954,-9.63245321474476,1.3913321053508108,31.403081990528808,6.497805244553713,12.567210016899432,-0.05497845868847817,-0.05654755670954981,21647370.0,0.7790608981368381
2022-09-14,246.35179549361106,247.03197340498173,242.78570610485596,245.07888793945312,23913000,35.96108474803907,-5.113084091568254,-3.639795398527675,284.2615221449469,236.16134467634217,260.21143341064453,257.2376965252829,260.7743170338285,250.99739990234374,260.21143341064453,261.9515777587891,253.63428671366464,258.7473708052329,-5.113084091568254,-5.919658390004744,7.742780484180401,20.309917651778836,6.653967097466642,12.025044367151185,0.0009129523320479116,0.0009125358445371693,21937875.0,-0.283039459363841
2022-09-15,242.69823034248557,244.28206983666107,237.111030916621,238.43252563476562,31530900,31.69030319548574,-5.947013219284514,-4.1012389626790435,281.3732290457768,234.58570955285603,257.9794692993164,255.44672786904314,259.8981683515123,249.4339569091797,257.9794692993164,261.55773071289065,251.29555423998787,257.2425674592724,-5.947013219284514,-7.484084937016481,3.7444906862696814,4.292867758600321,6.910771742887586,11.696879873230188,-0.02711927722770424,-0.027493791389374782,22601750.0,0.3185673064860117
2022-09-16,237.34426376395263,238.3548265575082,235.20655530695487,237.81068420410156,39791800,31.315575921879173,-6.582209849778565,-4.597433140098948,277.93947405597476,233.60509839275576,255.77228622436525,253.76710466285823,259.0319925025943,247.91229858398438,255.77228622436525,261.10897735595705,249.2209588498515,255.80316869963008,-6.582209849778565,-6.932337612192102,10.555385323752596,7.34755216473425,6.283338375061787,11.083593915804743,-0.0026080394401248874,-0.0026114462997575538,23732030.0,0.2619937902184841
2022-09-19,235.60490186828736,238.19930387024996,234.03077398157757,237.59686279296875,26826900,31.179052225171233,-7.0219170677229386,-5.082329925623746,274.7077723179411,232.79166768450034,253.7497200012207,252.22708162763067,258.1913991806482,246.7909729003906,253.7497200012207,260.67029754638673,247.43263637956187,254.4545534472848,-7.0219170677229386,-6.482579655713103,13.796982989472772,9.365619666498374,6.2868080096110805,10.479026158360188,-0.0008991244941262133,-0.0008995289490092174,24044875.0,-0.3258183846923235
2022-09-20,235.21626404112513,236.61548077642544,232.85505707344666,235.5854949951172,26660300,29.86028958273117,-7.446846170297448,-5.555233174558487,273.04658277181545,231.0228050455673,252.0346939086914,250.64216861501032,257.30489313415677,245.7415542602539,252.0346939086914,260.2524761962891,245.60999924349346,253.0568454137909,-7.446846170297448,-6.893238280718799,10.104278783882323,11.485549032369255,6.182003855339033,10.505944431562042,-0.008465464460295391,-0.008501500020516965,24124835.0,-0.006210184553563813
2022-09-21,237.35396708033133,240.64798513191113,232.13599826014462,232.18458557128906,28625600,27.724969156669985,-7.96620110589285,-6.03742676082536,271.48816638378526,228.93836407275774,250.2132652282715,248.88430356322735,256.31978303365213,243.88174591064453,250.2132652282715,259.9768536376953,243.54455098623126,251.5107520921241,-7.96620110589285,-6.682016825687691,0.1751421116016067,8.025467961652257,6.3888351556201854,10.637450577756875,-0.014435988191457305,-0.01454120086248966,24679745.0,0.0737163497785096
2022-09-22,231.1351576468061,236.9555675025579,230.8436634388637,234.1571044921875,31061200,30.815197287893014,-8.124968265664961,-6.454935061793281,269.2195362759626,227.8245478915179,248.52204208374025,247.48171317550924,255.45065838496726,242.17740631103516,248.52204208374025,259.7591049194336,242.10032844868607,250.22529671435103,-8.124968265664961,-4.845006640384575,11.412284960564442,7.230568618682814,6.404799992963818,10.348747096111161,0.008495477492810544,0.008459594012198991,25325955.0,0.0850846794477671
2022-09-23,232.75787437724338,234.30286782239332,228.54075677381346,231.18374633789062,34176000,28.81517752867022,-8.393957223485415,-6.842739494131708,265.74492652425323,227.32203667154755,246.5334815979004,245.92952585764078,254.49901477527797,239.59855194091796,246.5334815979004,259.4555142211914,240.4208542777945,248.8148115012799,-8.393957223485415,-7.815102535744267,8.434115385433959,6.673847485866692,6.1035784421154675,9.605722463176413,-0.012698133420914748,-0.012779443776947442,26205585.0,0.10027944831493962
2022-09-26,230.33838195306527,234.61379837015886,230.19262002242195,230.72705078125,27694200,28.509110013185065,-8.545477480159548,-7.183287091337276,264.3135897952576,225.7761212032776,245.04485549926758,244.4816710884607,253.56678089315923,236.7612289428711,245.04485549926758,259.09159301757813,238.92949989371073,247.47497737387027,-8.545477480159548,-8.15024240287545,6.976741859229011,8.941047401742495,6.010575480110715,9.634367147994999,-0.0019754656798974812,-0.0019774194857653713,26212830.0,-0.18965941011235954
2022-09-27,233.18542153198845,234.95389883278438,227.86058139335248,229.7165069580078,27018700,27.805329822525962,-8.647418755702375,-7.476113424210297,263.1040484424956,224.18525819812942,243.6446533203125,243.07546498079853,252.63147603295724,235.24734497070312,243.6446533203125,258.7553610229492,237.51211636514105,246.15953512084343,-8.647418755702375,-10.606506669225512,5.796675840288451,7.069177694983831,6.127873205180738,9.729697561091536,-0.0043798237780114935,-0.004389443304337148,26546840.0,-0.024391388810653503
2022-09-28,230.105142213712,235.468857349179,228.0840319477859,234.24453735351562,29029700,35.48990597263,-8.267530791819922,-7.6343968977322225,261.62775837623053,223.5335514382226,242.58065490722657,242.23442425439063,251.91041961415561,234.16390991210938,242.58065490722657,258.4072964477539,237.00941190181405,245.27694269363397,-8.267530791819922,-9.593097828813885,19.93922815897819,10.90421528616524,6.263909746461414,9.52355173450199,0.01971138450375065,0.019519630887601287,26859970.0,0.07442993186200675
2022-09-29,232.12630963642152,233.15629549656063,227.7731559754163,230.77566528320312,27484200,32.62488742884261,-8.152400036075704,-7.737997525400919,260.35400103307427,222.47817975305853,241.4160903930664,241.1431138761823,251.08160571882414,233.39822387695312,241.4160903930664,257.93671813964846,236.0503739604893,244.202773996565,-8.152400036075704,-5.750203778438621,9.352302804389666,11.696068934552125,6.260436460179654,9.468955320003943,-0.014808763992977814,-0.01491950842389747,26994590.0,-0.053238579799309016
2022-09-30,231.54326959007867,233.72956515957875,226.14069268839654,226.30587768554688,35694800,29.338329740174146,-8.32585728610539,-7.855569477541813,259.33650931976814,220.8235324893139,240.08002090454102,239.73004376278845,250.11000854104856,232.24774322509765,240.08002090454102,257.3269061279297,234.55122068742125,242.87707797352664,-8.32585728610539,-7.659986713561444,0.6143783084897827,9.968636423952569,6.594973211036197,9.628244207613559,-0.019368539538911156,-0.019558567410905954,27616160.0,0.29873891181114964
2022-10-03,228.74479665745017,234.76925194456734,228.01603154626426,233.92388916015625,28880400,40.36475344572953,-7.759170657400773,-7.836289713513606,258.3202570329845,220.35116172922258,239.33570938110353,239.17707665777587,249.4752587614057,231.8804458618164,239.33570938110353,256.9563336181641,234.4547081447651,242.21387880216588,-7.759170657400773,-1.8909485870714509,37.2557172408333,15.740799451237606,6.154241538561974,9.492273825940476,0.03366245522440492,0.033108277166899014,27917410.0,-0.19090735905510048
2022-10-04,238.15073348619765,243.27152748723756,238.04384733649516,241.83343505859375,34888400,49.22412308302313,-6.595800883384726,-7.5881919474878305,257.88403856352994,220.362755564888,239.12339706420897,239.43006317213946,249.17557940051114,232.50523986816407,239.12339706420897,256.7736227416992,235.58989690073875,242.18569778412348,-6.595800883384726,1.6915770071287681,86.50248678446354,41.45752744459556,6.518625183344513,9.380320749660486,0.03381247604438653,0.03325340184819597,28595420.0,0.20803035969030903
2022-10-05,239.0252418124359,243.48528067614083,237.188754349336,242.14434814453125,20347100,49.54144984824032,-5.584360832688986,-7.187425724528063,256.70477682294114,220.67818521319168,238.6914810180664,239.68856650284343,248.8998448414531,233.50121612548827,238.6914810180664,256.7315203857422,236.59827401516839,242.18263484785737,-5.584360832688986,1.9139500825501112,92.26887065546275,72.00902489358656,6.399244419342564,9.006647902437365,0.0012856497111830567,0.0012848239712588804,28406440.0,-0.4167946939383864
2022-10-06,240.9103348181627,243.25210389130189,239.11272288342423,239.8026123046875,20239900,47.15129267472455,-4.915087745063744,-6.7329581286351985,255.1635649608623,221.07960825691117,238.12158660888673,239.69942800778097,248.54309062432506,234.06576690673828,238.12158660888673,256.3160125732422,237.09124913663288,242.00633688169663,-4.915087745063744,1.790058131404787,78.76762264946558,85.84632669646398,6.4644880393473425,8.520989175987781,-0.009670825925889526,-0.009717892054307259,28402440.0,-0.005268564070555537
2022-10-07,234.07939542761454,234.4875170205017,226.56825897097391,227.60797119140625,37769600,37.11045708349001,-5.307507976102755,-6.44786809812871,251.81295545788515,221.49378587512268,236.65337066650392,238.54786069193574,247.72210554852433,233.70818939208985,236.65337066650392,255.50786987304687,235.63228329890572,240.93979127500847,-5.307507976102755,-1.971110342498437,8.459575425178677,59.8320229100357,7.112046856850284,7.579792395690625,-0.050852828482898405,-0.05219141176677657,29186685.0,0.8660961763645076
2022-10-10,226.45162940250796,227.91887124753765,220.31056122973789,222.75921630859375,29743600,34.00932571763914,-5.941270563994664,-6.346548591301901,247.10319116467625,222.56944372301908,234.83631744384766,237.0441802744746,246.74316871558585,232.91140594482422,234.83631744384766,254.51878356933594,233.65181145424236,239.59308201823703,-5.941270563994664,-4.867624327825609,10.566061369238847,32.59775314796106,7.316797163870119,6.133436860414292,-0.021303097854753705,-0.02153328383048635,29736480.0,-0.21249894094721677
2022-10-11,221.17534309367792,222.5745744479787,217.7647277876426,219.02792358398438,30474000,31.806626280115736,-6.667754397907373,-6.410789752622996,246.77118406502422,220.31870851310077,233.5449462890625,235.32834630395172,245.65629635748382,231.84254760742186,233.5449462890625,253.5080126953125,231.40198255112577,238.06973694903314,-6.667754397907373,-5.25807845337868,4.911231114734866,7.978955969717487,7.06554728166902,6.613118887980853,-0.016750340508651873,-0.016892213979611305,29592515.0,0.02455654325636436
2022-10-12,219.01821055578878,221.40856673598395,217.6189939430992,219.35830688476562,21903900,32.22519708436856,-7.134595720734978,-6.5555509462453925,245.7620162974459,218.75581817521035,232.25891723632813,233.80739016879113,244.62500265267133,230.3539245605469,232.25891723632813,252.5657110595703,229.54910937168574,236.68370509242072,-7.134595720734978,-4.927356310406346,6.72424673714226,7.400513073705348,6.899666476611202,6.751549530558894,0.0015084072175599594,0.0015072707141227466,29492060.0,-0.2812266194132703
2022-10-13,213.62539567179016,229.41530962809037,212.9257798365081,227.60797119140625,42551800,41.82696777132067,-6.760955778594592,-6.5966319127152335,245.0454943219087,218.3898847064116,231.71768951416016,233.21696931380208,243.9576680855629,230.0371551513672,231.71768951416016,251.64004943847655,229.25047272856582,236.01142850716042,-6.760955778594592,-0.9178860476870314,48.04460462867495,19.893360826850717,7.665910672539945,6.663902403874273,0.037608169135688874,0.03691822709597487,30043105.0,0.9426586133063062
2022-10-14,228.8711152108653,230.52299472511268,221.8749728230323,222.0887451171875,30198600,37.953001911572265,-6.831450145760215,-6.64359555932423,244.59658684752154,217.26659827210736,230.93159255981445,232.15713843793404,243.10006326327365,229.61544189453124,230.93159255981445,250.5811212158203,228.14866848066146,234.98011862642167,-6.831450145760215,-5.189359962739676,29.984014885465395,28.25095541709423,7.967828069278765,6.832497143853547,-0.024248825932275286,-0.02454766967568545,29563445.0,-0.2903096931269653
2022-10-17,229.1432179713051,232.19431432541026,228.4824631518074,230.80479431152344,28142300,46.3964381567504,-6.113532119965612,-6.537582871452507,243.8922540163379,217.29172425514648,230.59198913574218,232.02834375922828,242.6178958534011,229.30353240966798,230.59198913574218,249.7108627319336,228.557303223871,234.67083534383661,-6.113532119965612,0.012622226994586263,58.505584135157,45.51140121643247,8.182988909906683,6.650132440297854,0.03924579424201258,0.038495252225906745,29629215.0,-0.06809256058227864
2022-10-18,236.3531154742312,237.02356694835538,228.7059298585046,231.747314453125,26329600,47.232655827141485,-5.40620405860318,-6.311307108882642,243.50631857759728,217.29384163968788,230.40008010864258,232.0015790634089,242.19159854358637,228.2949203491211,230.40008010864258,248.9096829223633,229.04807418221776,234.45427824082094,-5.40620405860318,2.404461087457493,61.589797279041875,50.02646543322144,8.24961831622509,6.553119234477349,0.004083624624926285,0.004075309260086399,29612680.0,-0.06441193505861287
2022-10-19,230.32862708609497,232.8258692197208,227.6564884494634,229.78448486328125,19985700,45.63600499788346,-4.94699948711181,-6.038445584528476,243.36144419451927,217.1987059519651,230.2800750732422,231.79042723482533,241.70504506592735,227.0589340209961,230.2800750732422,248.03084930419922,229.16136813315063,234.10836762026244,-4.94699948711181,-1.7695517596498886,55.166820673029555,58.420734029076165,8.156618272807808,6.5406845606385335,-0.008469697241047291,-0.00850576894876395,29180685.0,-0.24094175376762272
2022-10-20,229.094636228901,234.477775405208,228.220109078315,229.4638671875,21811000,45.36623733231851,-4.556424101964552,-5.742041288015691,243.0017288822564,217.0890975337592,230.0454132080078,231.56885008746102,241.22499887461646,226.02505950927736,230.0454132080078,247.01256927490235,229.2079064492044,233.76433055116894,-4.556424101964552,-5.114912199008682,54.117661927067836,56.95809329304645,8.061532119644294,6.4781578371243045,-0.0013952973194513163,-0.0013962716531851094,28718175.0,0.09133030116533325
2022-10-21,228.09379217943177,236.1199207742884,227.86058198177213,235.26483154296875,26299700,51.00904909123999,-3.735737693769437,-5.340780569166441,243.4082373108571,217.09069762566634,230.2494674682617,231.92084832131889,240.99126682239498,226.7907455444336,230.2494674682617,246.1518069458008,230.1397410790143,233.87547877278374,-3.735737693769437,-2.841080807492666,73.10018518852588,60.79488926287445,8.046958157751137,6.579384921297684,0.025280513339944077,0.024966246700308406,28324360.0,0.20579982577598455
2022-10-24,236.85838032259602,240.8228644348146,234.4680389836242,240.24957275390625,24911200,55.283042073605095,-2.652534084268069,-4.803131272186767,244.62536949524016,216.8258176385489,230.72559356689453,232.7140601720415,240.96218078049344,228.53978118896484,230.72559356689453,245.29591094970704,231.69509979822845,234.34763388249652,-2.652534084268069,0.18638681410645044,89.41177757053485,72.20987489537622,7.833185809473213,6.94988796417282,0.021187787304398187,0.020966447152299825,28185210.0,-0.05279527903360115
2022-10-25,240.25930485991768,243.93228026742986,238.86979966752605,243.56304931640625,34775500,57.91153602559795,-1.5093190623308885,-4.144368830215591,246.44010490576488,216.395736463864,231.41792068481445,233.74729723340957,241.06417562503904,230.99329376220703,231.41792068481445,244.4760336303711,233.52093818564043,235.03025724797132,-1.5093190623308885,7.009894267535395,98.80918212022603,87.10704829309562,7.74503968612314,7.511092110475221,0.013791810426627027,0.01369756892783098,28573050.0,0.3959785156877227
2022-10-26,224.62483744809148,231.55296912820415,223.5462644989959,224.77059936523438,82543200,42.61271097947942,-2.0955503767205528,-3.7346051395165842,246.18698174162682,215.70146582917397,230.9442237854004,232.8923736269167,240.42521185014473,231.5345230102539,230.9442237854004,243.29504486083985,232.17473221327026,234.2702825899908,-2.0955503767205528,0.9029404439339592,38.20108481805263,75.4740148362712,8.879139958232617,7.621378978113217,-0.07715640777168586,-0.08029551471253622,31248725.0,1.3736021049301952
2022-10-27,224.49854760384136,227.07352693116061,219.38747955716596,220.33001708984375,40424600,39.92849685519678,-2.8852019825929176,-3.5647245081318513,246.38769635009032,214.4561864013745,230.42194137573242,231.69595871862407,239.6371649967996,230.80672760009764,230.42194137573242,242.04020904541017,230.35246834812773,233.23767033072065,-2.8852019825929176,0.5944874445929258,23.87962895016572,53.62996529614815,8.482832389681265,7.982877487178951,-0.019756063684178815,-0.01995382368363985,31895745.0,-0.5102612934802624
2022-10-28,219.83443818188346,229.9011145363862,219.64981530818488,229.1917724609375,40647700,47.091105165599984,-2.7640744421196928,-3.4045944949294196,246.42717948828647,214.70529274071743,230.56623611450195,231.4574647893206,239.22754176009914,231.51703033447265,230.56623611450195,240.9849575805664,230.17389975009849,232.93797419221818,-2.7640744421196928,4.482832547270544,52.459943554958116,38.18021910772551,8.671617333281375,7.930471686892254,0.040220372549057526,0.0394325873881364,32143390.0,0.005518916699237542
2022-10-31,227.14153310691304,228.2686935125121,224.6054296076982,225.5576934814453,28357300,44.73543925683673,-2.9275725618552144,-3.3091901083145787,246.07715961030004,214.21869305083277,230.1479263305664,230.89558180761819,238.69146927858333,230.99232025146483,230.1479263305664,239.93514770507812,229.4637141703057,232.39128673216092,-2.9275725618552144,-0.9007934560590422,40.73956579872465,39.02637943461618,8.642464071301958,7.964616639866821,-0.01585606211109325,-0.015983114285132237,32117235.0,-0.30236397139321536
2022-11-01,227.95773173513913,229.06545410633566,220.89356446941574,221.70977783203125,30592300,42.321366468173906,-3.32926296317558,-3.3132046792867795,244.4949217996979,213.7885651387787,229.1417434692383,230.02074333375276,238.0255205944048,229.98856658935546,229.1417434692383,238.97162292480468,228.27080088749426,231.60006385066984,-3.32926296317558,-0.17063777138111336,28.329536946914395,40.50968210019908,8.955486703018758,7.676589165229802,-0.01705956285517074,-0.017206753605863427,31902430.0,0.07881568414482332
2022-11-02,222.9632917416644,224.7511921525638,213.80998772072712,213.86830139160156,38407000,37.84003409694479,-4.2315682305329005,-3.496877389536004,243.24637815666847,212.2095041065151,227.7279411315918,228.48241552973838,237.07817866488313,228.3969482421875,227.7279411315918,237.87672576904296,226.05503173428002,230.28659996481292,-4.2315682305329005,-7.338016079970261,0.19358975012950555,23.087564165256207,8.559177748751214,7.759218512538332,-0.03536820304953103,-0.03600880801904122,32805425.0,0.2554466319956328
2022-11-03,213.85856200928737,214.16950892795055,207.9215545752939,208.1839141845703,36633900,34.95084695585051,-5.343734946766546,-3.8662489009821126,242.88076138604242,209.41325106512943,226.14700622558593,226.54922492543665,235.94507025389046,226.26895294189453,226.14700622558593,236.6807727050781,223.30562903432468,228.64936398109123,-5.343734946766546,-10.167712331061685,0.7285596283712499,9.75056210847174,8.387744352363805,8.366877580228255,-0.02657891407957136,-0.02693851968423275,33625125.0,-0.046166063478011776
2022-11-04,211.39047595404304,215.31608428144708,207.38711607311453,215.1217498779297,36789100,40.883611207770514,-5.600747789396536,-4.213148678664997,242.94448877821327,208.10090154161094,225.5226951599121,225.46089396853122,235.1284694548332,224.25464477539063,225.5226951599121,235.56410858154297,222.04657070257161,227.64731849196815,-5.600747789396536,-6.381081383312584,21.164589010160466,7.362246129553764,8.232272852371647,8.710896809150581,0.033325512782935274,0.03278225451977257,33576100.0,0.004236513174955547
2022-11-07,215.70478029409642,221.9430084136209,215.01487607123818,221.4182891845703,33498000,45.72201135422481,-5.2359969061479035,-4.417718324161578,242.9324555091698,207.97884209825207,225.45564880371094,225.0758839891064,234.5908153265876,222.37151641845702,225.45564880371094,234.78248291015626,221.94991200749448,227.18590891364238,-5.2359969061479035,-3.5062505053815154,38.39406230835422,20.095736982295335,8.133022513266784,8.738403352729431,0.02926965455707564,0.028849477484652657,33763820.0,-0.08945856245464012
2022-11-08,222.22475338870947,225.09122629237518,219.4457287327941,222.3899383544922,28192500,46.450365580785295,-4.813043466615767,-4.496783352652416,242.9038076673649,208.34369141710778,225.62374954223634,224.82007964295266,234.11234956297602,220.25420532226562,225.62374954223634,234.0758706665039,222.01760836857105,226.8306518351868,-4.813043466615767,-5.472510746309778,41.05282494177815,33.537158753430965,8.167030855361334,8.640029062564274,0.00438829680014341,0.004378696302050003,33649745.0,-0.15838259000537347
2022-11-09,220.93242142810288,222.15675627667915,217.97850010051374,218.1533966064453,27852900,43.697039772342144,-4.764777937292422,-4.5503822695804175,242.9436484931638,208.18335956347684,225.56350402832032,224.18515744899958,233.48650827056306,219.5924850463867,225.56350402832032,233.3284484863281,221.42311425132095,226.18789218861338,-4.764777937292422,-9.197176042470891,29.460205667937597,36.30236430602334,8.035157421581724,8.690072232421736,-0.01905006035522061,-0.01923385064261711,33947195.0,-0.01204575685022613
2022-11-10,228.76419570184134,236.44052962983037,228.3463775321392,236.10043334960938,46268000,55.68152147340669,-3.2409911534699916,-4.288504046358332,243.98269175742368,207.99356251503727,225.98812713623047,225.31994563001004,233.58901513640802,221.16952667236328,225.98812713623047,232.96911804199217,223.6811633433653,226.9221544968353,-3.2409911534699916,-3.0639360066076318,78.56940284581142,49.69414448517574,8.75142843807235,8.9972823105966,0.08226796842196782,0.0790588100406284,34133005.0,0.6611555708741279
2022-11-11,236.1101955294159,240.9686298310699,235.0801950029828,240.11354064941406,34620200,57.842429608148656,-1.690072821391425,-3.7688178013649507,245.84165134475674,207.93708248092688,226.8893669128418,226.72885944138184,233.8448788820161,222.26170349121094,226.8893669128418,232.71084350585937,226.20922139044973,227.89929421184115,-1.690072821391425,6.8260445661083216,89.55062946848162,65.86007932741023,8.718114822136402,9.476142215957472,0.0169974584242385,0.016854617972089248,34354085.0,-0.251746347367511
2022-11-14,235.13852790216598,237.00416504738854,232.4372393956365,234.7109832763672,31123300,54.02353428824061,-0.8866790146624908,-3.192390044024459,246.2857308817763,207.88362184039167,227.08467636108398,227.48906171138046,233.87884376022598,223.17703247070312,227.08467636108398,232.4288607788086,227.51718475751395,228.40386377217644,-0.8866790146624908,6.5270117873495765,81.36579964856321,83.16194398761877,8.904816297413097,9.600527260346155,-0.022500011279809717,-0.022756998662063564,34503135.0,-0.1010075042894033
2022-11-15,238.7045911196065,240.0066479183107,233.2339895014383,235.1190643310547,31390100,54.269136547488415,-0.2145813438922346,-2.5968283039980142,246.6845197998102,207.82200791015075,227.25326385498047,228.21572862753993,233.9274798610428,224.51796112060546,227.25326385498047,232.2096484375,228.68670469190482,228.90128603579706,-0.2145813438922346,2.5861713125532946,82.5809951803335,84.49914143245947,7.958807268803246,9.715627972414866,0.001738653423845049,0.0017371437156338534,34756160.0,0.008572355759190131
2022-11-16,236.58069414702467,237.56487314144158,234.27131111867024,235.5478057861328,24093300,54.543877178888124,0.348637874283213,-2.007735068341769,247.2989423362814,207.7839174659647,227.54142990112305,228.91402169026307,233.9910220541836,226.6859115600586,227.54142990112305,231.904951171875,229.74225870640143,229.39362083211822,0.348637874283213,4.429071848754873,83.85771384813494,82.6015028923439,7.645058315144437,9.878756217579175,0.0018235078312256459,0.0018218472592246109,34961540.0,-0.23245545570100123
2022-11-17,231.6988319904281,237.02893923380267,231.5526741520921,235.49908447265625,23123500,54.50380448836941,0.7820468108182013,-1.449778692509775,247.9063225589897,207.780058971772,227.84319076538085,229.54117052668147,234.0501617568688,229.41742858886718,227.84319076538085,231.5909228515625,230.6279242089022,229.84587739808399,0.7820468108182013,6.219530223458104,83.71263011597287,83.3837797148138,7.303984447537957,10.031565896804427,-0.00020684256987224536,-0.00020686396474689912,35027165.0,-0.040251854249936714
2022-11-18,237.2822848010197,237.50641331153858,232.9168638897255,235.0508575439453,27613500,54.109943274395995,1.0769440082539177,-0.9444341523570366,247.8791817347324,207.78580239612694,227.83249206542968,230.06590262356374,234.089404728911,231.41033935546875,227.83249206542968,231.15249420166015,231.3083754912165,230.2314314829626,1.0769440082539177,9.904486085367848,82.37788704291901,83.3160770023423,7.304213488150369,10.023344834651375,-0.0019033064596180038,-0.001905120048933819,35092855.0,0.1941747572815533
2022-11-21,235.2554806346632,238.41262379283273,235.02162809086872,235.85963439941406,26394700,54.74541241002871,1.3602337667010147,-0.4835005685454264,247.17756535483102,208.04842494057914,227.61299514770508,230.61768660221617,234.1588255003033,232.85447387695314,227.61299514770508,230.68768127441408,232.00856916940074,230.64833540269973,1.3602337667010147,13.293880232411807,84.78628608442187,83.6256010811046,6.962721064224946,9.782285103562975,0.003440858986517581,0.003434952775649825,35167030.0,-0.04413783113332248
2022-11-22,237.36022259889907,239.03623507377168,234.55388823165154,238.76339721679688,19665700,57.04528520358928,1.798322391751924,-0.02713597648595628,246.2183349577764,208.52769012767283,227.3730125427246,231.39346856550958,234.33939694016578,234.4918197631836,227.3730125427246,230.56584228515624,233.04777348438478,231.24945109263285,1.798322391751924,10.989891701923483,93.43319473276986,86.8657892867036,6.501374093530909,9.422661207525893,0.012311402181118813,0.012236233197501573,34411540.0,-0.2549375442797228
2022-11-23,238.84136796293612,241.93029414801862,238.02285434078252,241.24819946289062,19508500,58.96700386756731,2.319278361018604,0.4421468910149558,247.98054892233785,208.41323617287702,228.19689254760743,232.33201436526016,234.61033037242953,236.80130004882812,228.19689254760743,230.489228515625,234.30937748107797,231.99009912005937,2.319278361018604,8.95585922524695,98.02538526232611,92.08162202650597,6.334194483143727,9.891828187365213,0.010406964698351784,0.01035318504142461,31259805.0,-0.007993613245396824
2022-11-25,240.98510292788336,242.3395534122588,240.4199345063279,241.16050720214844,9200800,58.86691072327294,2.6940088305442202,0.8925192789208087,249.4665326737941,209.01030143265123,229.23841705322266,233.1728232068686,234.86720005202636,237.30730743408202,229.23841705322266,230.54378814697264,235.36339743816572,232.6693886076215,2.6940088305442202,8.440385831545912,95.68504983464037,95.7145432765788,5.904955247257894,10.11405781028571,-0.00036349394912549293,-0.00036356002906460887,29698615.0,-0.5283696850090986
2022-11-28,239.78655028531924,240.3419649067529,234.6415865199682,235.5770263671875,24778200,52.72959895578905,2.5114942448418276,1.2163142721050124,249.98328989261887,209.13206960445143,229.55767974853515,233.4017949364228,234.89503637811112,236.85365600585936,229.55767974853515,230.49911499023438,235.396263427246,232.88476918240417,2.5114942448418276,7.986870721144393,72.24041605043851,88.65028371580168,5.875725842957716,10.212805072041855,-0.023152550555388784,-0.02342478094794094,28905140.0,1.6930484305712548
2022-11-29,235.22625156300845,236.58070207820637,232.11784747654085,234.18362426757812,17956300,51.29240263321289,2.2287228863330313,1.4187959949506161,250.42323802130747,209.55471455437615,229.9889762878418,233.4762548727233,234.86713786397257,236.80092010498046,229.9889762878418,230.43085021972655,235.20970355652787,232.98098067019484,2.2287228863330313,-0.8118617381751712,66.52062191108747,78.14869593205547,5.791251345963748,10.217130866732829,-0.0059148471355501275,-0.005932409129115665,28385090.0,-0.27531862685747954
2022-11-30,234.41745624282458,248.79996553787342,233.72560787140327,248.6148223876953,47594200,62.64752110717176,3.1329865109143213,1.7616340981433574,252.9801273349033,209.6883296963467,231.334228515625,234.91802320748255,235.40626274725582,238.15049591064454,231.334228515625,230.69143676757812,237.27202953055365,234.13904301963933,3.1329865109143213,3.540525750979548,99.09481333971233,79.28528376707946,6.552888446856012,10.822949409639154,0.061623429756250125,0.059799274022394114,29235185.0,1.6505571860572612
2022-12-01,247.3773100588765,249.5697666639808,244.50275881700492,248.1763458251953,26041500,62.17324941136141,3.770773425347926,2.1634619635842713,254.30167536499968,211.79758610960968,233.04963073730468,236.18072059964567,235.90705031893972,239.4133499145508,233.04963073730468,231.01127197265626,238.9496166528062,235.1788432274583,3.770773425347926,5.736997204333189,92.26611708928047,85.96051744669346,5.6085937913982145,10.626022313847495,-0.0017636782806788043,-0.0017652353923163268,28616910.0,-0.4528429934739947
2022-12-02,243.43091661325036,249.51132049555534,243.304236576186,248.4979248046875,21528500,62.39808200246855,4.253145274902437,2.5813986258479042,253.89654617934124,216.23411635727987,235.06533126831056,237.35378766679253,236.40081010269455,240.7132339477539,235.06533126831056,231.29808837890624,240.41858713771103,236.1654418628086,4.253145274902437,5.6902491134427855,94.0509721055934,95.13730084486208,5.6313544407755165,9.415607455515339,0.0012957680492189372,0.0012949292663007993,27861640.0,-0.17330030912197836
2022-12-05,245.56491592032455,247.32863821310553,241.7159389367775,243.80120849609375,23435300,57.063392168470905,4.207936217601173,2.906706144198558,253.18123994643923,219.81736845199828,236.49930419921876,237.9678277457736,236.69102180439648,241.58826904296876,236.49930419921876,231.55043762207032,240.93899042361608,236.7310542060149,4.207936217601173,3.5039183160358833,67.98285758881114,84.76664892789502,5.567474770356406,8.340967873610241,-0.018900424670689864,-0.019081320664470422,27193950.0,0.08857096407088272
2022-12-06,244.4053559887348,245.4187517382797,237.54539368771614,238.8511199951172,22463700,52.01588182803419,3.72968347214362,3.0713016097875707,252.48289291628365,222.25899856320856,237.3709457397461,238.05195081713964,236.77573153736594,241.88741760253907,237.3709457397461,231.71291900634765,240.61777958846238,236.88809611631876,3.72968347214362,1.4233751821018827,40.508455169496195,67.5140949546336,5.646096172762916,7.555973588268771,-0.02030378984383041,-0.020512745010800127,26642235.0,-0.041458824935033944
2022-12-07,238.5685424627585,239.86452986599542,236.01555299377063,238.12030029296875,20481500,51.294488203197986,3.254181504765967,3.1078775887832504,251.5229396771315,224.79198799620838,238.15746383666993,238.05846029102813,236.82845972386016,241.82310791015624,238.15746383666993,231.8809948730469,240.2335520045403,236.97937049977432,3.254181504765967,1.305863242149445,36.45219747050175,48.31450340960305,5.6857686620095915,6.6827379202307755,-0.0030597290151428425,-0.0030644195562659865,26256685.0,-0.08824013853461365
2022-12-08,238.57827343420877,242.37854081110692,236.84379768747013,241.0727996826172,22611800,54.066109069323,3.080079555655516,3.102317982157704,248.82451598974097,229.78235199121605,239.3034339904785,238.34554023308422,236.99490442812515,241.8055679321289,239.3034339904785,232.0175601196289,240.36266703193672,237.2825874762812,3.080079555655516,2.2102829492116247,51.312134269571736,42.757595636523256,5.689945665004321,4.760540999631236,0.01239919228228703,0.012322951863826821,25994630.0,0.10401093669897232
2022-12-09,238.44184527837177,241.9595208718469,237.91566220853431,239.1434326171875,20609700,51.9843150124797,2.7546646495016205,3.0327873156264875,248.85766274618226,230.0535051615326,239.45558395385743,238.42152998395122,237.07916043553936,241.6038604736328,239.45558395385743,232.18491546630858,240.1750925065907,237.42042785708907,2.7546646495016205,0.1591681994897875,40.2568053701677,42.673712370080416,5.650967753682857,4.701039396162421,-0.008003254900469048,-0.008035452852313621,24711715.0,-0.08854226554276967
2022-12-12,241.12151949404333,246.0813403319802,240.84868161991452,246.05210876464844,30665100,58.19208746862644,3.019437225964822,3.030117297694155,249.60632337427194,229.89870134496636,239.75251235961915,239.14825177258905,237.4310407621711,242.6513687133789,239.75251235961915,232.57984008789063,241.0792488539842,238.0598116280194,3.019437225964822,1.991272603258024,79.84371883945003,57.13755282639651,5.904318611742048,4.926905507326396,0.02888925726227276,0.02847982935209124,24513960.0,0.4878964759312363
2022-12-13,254.9973477435735,257.1703267708484,246.59780679077178,250.34934997558594,42196900,61.52420169291208,3.5352704553943397,3.1311479292341917,251.15577549986193,229.9130858892982,240.53443069458007,240.21502303001733,237.9376411234815,244.2679412841797,240.53443069458007,232.90834930419922,242.50541825730755,238.9701478019132,3.5352704553943397,3.810260179016425,72.77324645145063,64.29125688702281,6.378309409176323,5.310672402640936,0.017464760747276653,0.01731400456266117,25067640.0,0.37605616808684794
2022-12-14,250.55398314754714,255.8743369804064,247.80609665366913,250.6416778564453,35410900,61.74755162467851,3.9224449195983766,3.2894073273070292,252.5181176733689,230.1030050683303,241.3105613708496,241.20803777539143,238.43583864242126,244.4706268310547,241.3105613708496,233.08451416015626,243.75715050332877,239.8347055837304,3.9224449195983766,6.39478803241915,73.94010853094868,75.51902460728314,6.67550944628355,5.603778151259646,0.0011676798077882022,0.0011669985999582942,25268680.0,-0.160817500811671
2022-12-15,247.23118166191023,247.69890163014767,241.0143436570325,242.64163208007812,35560400,52.72691012116715,3.5429062194257597,3.340107105730776,252.54923938287826,230.7812659882155,241.66525268554688,241.344570566314,238.6007717184078,243.91715545654296,241.66525268554688,233.09445983886718,243.5855322843671,240.04262606494135,3.5429062194257597,3.611699083978598,42.00695859243158,62.90677119161032,7.2260605386751156,5.441993348665692,-0.031918258147590306,-0.03243875120835246,25842035.0,0.004221863889367405
2022-12-16,242.1933801579508,243.45038209121776,237.2822689508212,238.43209838867188,86102000,48.69570805646433,2.869368581863,3.2459594009572212,252.42165131503356,231.20215544766177,241.81190338134766,241.06719226368142,238.594157078026,242.91057281494142,241.81190338134766,233.06704956054688,242.792696300414,239.923327718551,2.869368581863,-4.095783148095763,25.20409592181862,47.050387681732985,7.20100285711914,5.304873966842944,-0.01734876927475082,-0.01750102268157683,28990960.0,1.4212888493942701
2022-12-19,238.5977558234553,238.93881059195638,232.60504677186884,234.300537109375,29696400,45.05481169297433,1.979385560559507,2.9926446328776786,252.48957875655125,231.05919596268703,241.77438735961914,240.42274891565222,238.4257798243534,241.96050567626952,241.77438735961914,233.20090087890625,241.4862102710234,239.5068247104639,1.979385560559507,-5.591108479610636,6.901978473587873,24.70434432927938,7.334639229863569,5.357595698466058,-0.01732804143073874,-0.01747992910864617,29095105.0,-0.6551020882209473
2022-12-20,233.27738320943791,236.69762512272143,232.32245069187238,235.6160125732422,25150800,46.42824243367877,1.364486528900187,2.66701301208218,252.50622405590542,231.01818848071565,241.76220626831054,239.96496450208934,238.31559287332945,241.63699493408203,241.76220626831054,233.45803680419922,240.58310293290322,239.21861640400303,1.364486528900187,-5.183911391441252,13.25490303839899,15.120325811268517,6.570411855890634,5.3720088937974415,0.005614479079290913,0.00559877663822617,29032910.0,-0.15306905887582334
2022-12-21,235.5088259570718,239.33830980722615,233.96923237652257,238.17874145507812,23690600,49.097677087130435,1.0716125370753957,2.347932917080823,252.51446234106467,230.95148461938456,241.73297348022462,239.79484802142161,238.3102261510451,241.64283905029296,241.73297348022462,233.8410531616211,240.21320116708398,239.14158863000858,1.0716125370753957,-2.306168650967007,23.56857682560964,14.575152779198858,6.591988254728327,5.390744430420027,0.010876717816618253,0.010817991768740896,29234155.0,-0.058057795378278265
2022-12-22,235.08980509983985,235.8011461609529,227.8888038739563,232.09832763671875,28651700,43.55254274660951,0.3448934920207307,1.9473250320688045,252.88806627047109,229.66289350736093,241.275479888916,239.06184608002135,238.0666222877382,240.74539184570312,241.275479888916,234.09585357666015,238.96475908548933,238.6198655934686,0.3448934920207307,-2.82719727608415,14.376041087703246,17.06650698390398,6.883620659139219,5.806293190777535,-0.025528784732058774,-0.025860298420553495,29691315.0,0.20941217191628758
2022-12-23,230.07156785961826,232.76097644811597,227.95706665386177,232.6245574951172,21207000,44.14053945731632,-0.18642524109310443,1.5205749774364228,253.0895104577952,228.6078543493337,240.84868240356445,238.44877097669715,237.85320798214525,240.0935043334961,240.84868240356445,234.19618530273436,237.9893434562013,238.17576869729442,-0.18642524109310443,-2.307969035437102,16.173180738709206,18.03926621734072,6.742329511020947,6.120414027115375,0.0022672712197311373,0.0022647048387283843,30291625.0,-0.25983449498633593
2022-12-27,232.59528581734625,232.81939944393886,229.7986903288203,230.89979553222656,16688600,42.57514075828257,-0.7381639465143905,1.0688271926462602,253.4442775726464,227.78536415098642,240.6148208618164,237.72982093436661,237.580525140972,238.5782730102539,240.6148208618164,234.37240631103515,236.89864377558982,237.6368077221042,-0.7381639465143905,-4.21988883183164,10.282906626382598,13.610709484265039,6.395711729917734,6.414728355414992,-0.007414358920067254,-0.0074419819016619225,29887145.0,-0.21306172490215491
2022-12-28,230.83158066876882,233.58920571685437,228.18114298539857,228.5319366455078,17457100,40.45404340278503,-1.3509147642720052,0.5848788012626072,253.9809478546554,226.68352510677036,240.33223648071288,236.8538319544753,237.22567853330673,236.3965316772461,240.33223648071288,234.32694915771484,235.6114580632695,236.96237282754151,-1.3509147642720052,-4.437293491837679,2.196377469218883,9.55082161143692,6.507075005577091,6.824355686971259,-0.010254919807359819,-0.01030786376587679,29862185.0,0.04604939899092786
2022-12-29,229.6232871191542,235.732937144972,229.6232871191542,234.84620666503906,19770700,47.90710964361228,-1.3118926995409197,0.2055245011019018,252.91729597598132,226.37031541317882,239.64380569458007,236.66262954595757,237.13236591102174,234.81698455810547,239.64380569458007,234.38892700195314,235.49372707892636,236.80561977846727,-1.3118926995409197,-4.554280048998867,23.760385740801762,12.079889945467771,6.626093389564763,6.636745140700626,0.02762970511787044,0.02725489311280874,28471010.0,0.13253060359395308
2022-12-30,232.1178355853205,233.8230797011239,230.60747353761346,233.68666076660156,21938500,46.74989785685841,-1.3588689005580932,-0.10735417923009719,251.80805271845654,226.03059016484426,238.9193214416504,236.37920394792366,236.9972402190837,233.9214874267578,238.9193214416504,234.46697052001954,235.21571687703025,236.57458577758834,-1.3588689005580932,-6.655774904392329,19.800393965372034,15.252385725130916,6.640012994144263,6.444365638403076,-0.004937469141630069,-0.004949698714424953,28265860.0,0.10964710404790923
2023-01-03,236.86329296068058,239.46500660940322,231.32854977617055,233.4528045654297,25740000,46.50591086994671,-1.398843126513384,-0.3656519686867546,250.44355132640217,225.89057953297285,238.1670654296875,236.100499244829,236.85824274246983,233.4235580444336,238.1670654296875,234.54674926757812,234.94449959832247,236.34334272483585,-1.398843126513384,-6.8579469456235165,19.001746292587583,20.854175332920487,6.725623645461405,6.138242948357332,-0.001000725503136235,-0.0010012265632128388,28476435.0,0.1732798504911457
2023-01-04,226.33947913786812,226.91438642438956,220.18111974505624,223.24081420898438,50623400,37.34117139352713,-2.228852441647632,-0.73829206327893,250.7949325902439,223.48315884042017,237.13904571533203,234.8757673366533,236.32422593723513,232.31758575439454,237.13904571533203,234.30626892089845,233.14393261534735,235.37278505699499,-2.228852441647632,-7.995667398367552,8.572201389842355,15.791447215934014,6.879442703616653,6.827943437455933,-0.04374327554322954,-0.04472886175446126,29835840.0,0.9667210567210567
2023-01-05,221.3893890276127,221.7304437743296,216.08851388241624,216.62445068359375,39585600,32.82737677048485,-3.3815456912381023,-1.2669427888707645,252.43702661151482,219.6183978879969,236.02771224975587,233.13754670302856,235.55168573121,230.41842956542968,236.02771224975587,233.8337664794922,230.60247385661603,233.98401954785413,-3.3815456912381023,-9.146271769805566,1.6954451981247065,9.756464293518238,6.814018417890286,8.204657180879476,-0.02963778621232227,-0.030085860911258203,30691935.0,-0.21803750834594282
2023-01-06,217.2968261609176,219.98623444144232,213.74018002094996,219.17745971679688,43613600,36.0401422334473,-4.042457964579256,-1.8220458240124628,253.09005377478383,217.0710866671107,235.08057022094727,231.80801460910175,234.90955922084086,228.51830139160157,235.08057022094727,233.3460546875,228.84477937356692,232.88723733814618,-4.042457964579256,-6.45456368950552,18.301052557593398,9.522899715186844,6.572498433681681,9.004741776918276,0.011785414920368886,0.011716507788968128,31848540.0,0.10175417323471159
2023-01-09,220.65859925614794,225.3261046224166,220.61962878753835,221.31146240234375,27369800,38.6802076192976,-4.343964996246456,-2.3264296584592614,252.86974663060965,215.31526008325756,234.0925033569336,230.80834297036287,234.37630052207626,227.43961486816406,234.0925033569336,233.2768719482422,227.68580753184028,232.02977252808674,-4.343964996246456,-6.071128194842789,29.431811154723984,16.476102970147384,6.571107845483335,9.388621636838025,0.009736414904635948,0.009689321451232918,32086440.0,-0.37244804372947893
2023-01-10,221.9351032710945,225.3943160955878,221.51610752466433,222.9972381591797,27033900,40.76042468949771,-4.396206741352131,-2.7403850750378353,252.53062317866164,214.03976408940474,233.2851936340332,230.06442822644067,233.93006278235484,226.4768829345703,233.2851936340332,233.3302163696289,226.96448916681555,231.36069590816768,-4.396206741352131,-6.373995933957757,35.98491949556935,27.90592773596227,6.410328550708802,9.622714772314218,0.007617209423031124,0.0075883449683978805,32407650.0,-0.012272650877975022
2023-01-11,225.37476882060054,229.91559323383737,225.19937944418504,229.74020385742188,28669300,48.31345629038613,-3.849137263824673,-2.962135512795203,250.7976331164974,214.14156366084634,232.46959838867187,230.03354971510552,233.76575458922022,226.36092376708984,232.46959838867187,233.3411849975586,227.39152219613962,231.2406594599643,-3.849137263824673,-1.0160020553822429,62.19681902016637,42.53784989015326,6.5919843109808465,9.164017363912768,0.030237888836223803,0.029789735609550175,32307860.0,0.060494416269942564
2023-01-12,229.24327425256297,233.7646067249311,227.58675433530573,232.41015625,27269500,50.97866806340772,-3.1636691089314297,-3.0024422320224486,247.85845657954982,215.2868208252353,231.57263870239257,230.25989319461928,233.71259387003514,226.74874572753907,231.57263870239257,233.4782342529297,228.16361974288736,231.3272888518188,-3.1636691089314297,-0.09216621298535423,72.57571266750605,56.91915039441395,6.649753950903831,8.14290893857863,0.01162161584149679,0.011554603558391024,31561490.0,-0.04882574740227352
2023-01-13,230.93879116175304,233.24817431543465,228.91198479686696,233.11175537109375,21333300,51.68371490034209,-2.534600178954264,-2.908873821408812,244.33207089772208,217.06021425852794,230.696142578125,230.53149911618826,233.689031575959,226.57530059814454,230.696142578125,233.70627380371093,228.92487137799603,231.4594715569503,-2.534600178954264,0.9579739270745544,75.30303570185711,70.0251891298432,6.224486232149965,6.817964159798535,0.0030187971662436475,0.0030142497476026,30857610.0,-0.21768642622710355
2023-01-17,231.8839729382192,234.74878549049157,231.02647397875015,234.20310974121094,29831300,52.82042143726437,-1.9257959657838342,-2.7122582502838166,242.83356388539679,217.71486903696652,230.27421646118165,230.88117631857136,233.70919150400812,226.62694549560547,230.27421646118165,234.11296997070312,229.73690804925985,231.6627040150437,-1.9257959657838342,2.4815669875060333,79.54545252190692,75.80806696375672,6.147229211970481,6.279673712107573,0.004681678829880687,0.004670753856422317,30571155.0,0.39834437241308196
2023-01-18,235.3919352846435,236.1812174269308,229.4966590348899,229.77923583984375,30028700,47.9009280535482,-1.7797678368757772,-2.5257601676022086,241.79941245765121,217.88373420982924,229.84157333374023,230.77622960631157,233.55507559560954,226.25958862304688,229.84157333374023,234.5448764038086,229.74342001704198,231.52318785391776,-1.7797678368757772,-2.1575697973364876,62.34854786579208,72.39901202985206,6.408932731750649,5.978919561955492,-0.01888904851116391,-0.019069725415774525,27767490.0,0.006617210781963978
2023-01-19,227.80113628343994,229.49664158993286,224.78041202749904,225.99844360351562,28623000,44.119034706099974,-1.9466777394967494,-2.4099436819811166,241.3087256988749,217.54421161801966,229.42646865844728,230.32120236795004,233.25873708611567,226.5353515625,229.42646865844728,234.76241027832032,229.1672697995764,231.11394753907314,-1.9466777394967494,-3.2899683438776472,47.65149160643072,63.18183066470993,6.379701380385571,5.941128520213806,-0.01645402041010935,-0.0165908912647379,27713820.0,-0.04681188329831132
2023-01-20,228.85354125374235,234.58316714373575,228.51248642941374,234.0764617919922,35389800,52.709989897909175,-1.4108629331875022,-2.210127532222394,241.08191694849253,217.617065290277,229.34949111938477,230.6788461226207,233.29080472164026,228.28055267333986,229.34949111938477,235.01557373046876,229.92253010610187,231.33339303928938,-1.4108629331875022,0.2671448851186142,79.05313453180005,63.017724668007645,6.478538740439567,5.866212914553889,0.03574368946827078,0.03511970923972032,28225770.0,0.23641127764385295
2023-01-23,234.9339078087108,238.89981040711766,233.52097945722034,236.3760528564453,31934000,54.838503116823674,-0.7915436361148807,-1.9264107530008916,240.73097887790166,217.78773450100456,229.2593566894531,231.2214372401278,233.4117948445738,230.0004119873047,229.2593566894531,235.2952960205078,230.91537976000086,231.70692339611574,-0.7915436361148807,5.8838876278082965,87.99232429288988,71.5656501437069,6.559974299187546,5.735811094224268,0.009824102119659672,0.009776159369027062,28637940.0,-0.09764960525349109
2023-01-24,236.2981109084017,237.71102447414427,234.2907973761476,235.84986877441406,40234400,54.23695000084991,-0.3392763228882245,-1.6089838669783583,241.23240597831733,217.66146151435845,229.4469337463379,231.66224024339317,233.50740558692047,231.45425262451172,229.4469337463379,235.6492254638672,231.67453191606444,232.01380823895266,-0.3392763228882245,8.874999119513689,87.87763736632476,84.97436539700492,6.223100746670689,5.8927361159897265,-0.00222604648682756,-0.0022285278113547205,29217075.0,0.2599235924093444
2023-01-25,228.48319035411933,237.07762676278358,224.99474675663893,234.4564208984375,66526600,52.591658107089735,-0.09222767359608497,-1.3056326283019037,241.45571770507243,217.6213361279354,229.5385269165039,231.92835268673073,233.54462187364663,232.6001708984375,229.5385269165039,235.61634521484376,232.10251483642952,232.1947425100256,-0.09222767359608497,6.971045837187294,82.33920991493162,86.06972385804879,6.138186117082918,5.958595394284265,-0.005908198648647001,-0.005925721105809637,31483055.0,0.6534756327918398
2023-01-26,237.4186997744048,241.95952488467353,235.8109041029407,241.65745544433594,33454500,59.43931281483739,0.6768214903209184,-0.9091418045773393,243.16574937887628,216.98707044534245,230.07640991210937,232.85493390174074,233.86277220975208,233.7918960571289,230.07640991210937,235.64722351074218,233.57250569918435,232.89568420886343,0.6768214903209184,9.193375174125965,98.92956607675926,89.71547111933857,6.16324352134491,6.54466973338346,0.03071374423572637,0.030251517827359277,32321350.0,-0.497125961645417
2023-01-27,242.62215978962465,243.4406734697651,240.51739758193492,241.81338500976562,26498900,59.575473049376754,1.2840786468677265,-0.47049771428832615,244.8107771291744,216.67018753147013,230.74048233032227,233.70811972155263,234.1745609470075,234.73221893310546,230.74048233032227,235.78927154541014,234.84033328542762,233.5562546385599,1.2840786468677265,8.437838515809156,92.8693515890321,91.37937586024101,5.925902197583326,7.035147399426071,0.0006452503819631694,0.0006450422974417241,32773440.0,-0.20791223901119427
2023-01-30,238.25668467337113,239.31881937180844,236.00576498796437,236.5027313232422,25867400,53.044343991175005,1.321574658948208,-0.11208323964101935,245.01435108380215,216.63226604266268,230.82330856323242,233.97427320742784,234.26586174607553,235.07131652832032,230.82330856323242,235.81694488525392,235.09608682970676,233.77451217075856,1.321574658948208,2.943554220060315,68.35539566030378,86.71810444203174,5.901543277310578,7.095521260284865,-0.02196178547481553,-0.022206535554064353,33078275.0,-0.02383117789795053
2023-01-31,237.22382584140612,241.60873949787776,236.73661321290928,241.47232055664062,26541100,57.71583696414382,1.7323256652772443,0.2567985413426334,246.14227842381064,216.28290468165812,231.21259155273438,234.68837295497192,234.54846797394083,235.7982376098633,231.21259155273438,235.93543518066406,236.07704586461966,234.34472019934242,1.7323256652772443,3.8992118300082352,89.4516327157877,83.55879332170788,5.974625740267115,7.4648434355381275,0.02101281962196966,0.020795095050784217,33308405.0,0.02604436472161864
2023-02-01,241.65746031930018,248.65382642873757,239.19216564342997,246.28598022460938,31259900,61.69144143802369,2.41839317178011,0.6891174674301288,248.22307715705062,215.4854235143361,231.85425033569337,235.79290698065168,235.00876257200628,237.44891204833985,231.85425033569337,236.15117309570311,237.64765115077194,235.22925797899182,2.41839317178011,5.651463107273762,90.08166086202836,82.62956307937331,6.156290433884966,8.18441341067863,0.01993462296992199,0.01973853011447179,33584400.0,0.17779217892250143
2023-02-02,252.20073974099043,257.92061096012765,250.6708850258921,257.8329162597656,39940400,69.17772377114485,3.8494735153286683,1.3211886770098369,253.1237038443249,214.04400703213997,233.58385543823243,237.89195548342443,235.90382742250665,240.63235931396486,233.58385543823243,236.60681427001953,240.7530765521556,236.90360303682692,3.8494735153286683,10.089450368385409,99.73538269779158,93.08955875853592,6.546060315734459,9.769924203046227,0.04688426042207361,0.045818381768479674,33050250.0,0.27768802843259266
2023-02-03,252.90233575146593,257.44316094972766,250.52473578092378,251.74276733398438,29077300,62.26627472819817,4.440997818726572,1.9451505053531841,254.77406988845775,215.90547265304616,235.33977127075195,239.21108042157297,236.52496232099597,242.39898986816405,235.33977127075195,236.92447692871093,242.44379821089848,238.0028003921719,4.440997818726572,9.558536224504296,81.35845943863421,90.39183433281808,6.75834538432547,9.71714930885289,-0.023620525315881102,-0.023903962105712,32524835.0,-0.27198275430391283
2023-02-06,250.8560488043869,251.6940402792033,248.26407396693392,250.2031707763672,22518000,60.6174880122854,4.731016304613263,2.5023236652052,255.84033769262433,217.94177595483663,236.89105682373048,240.25794616964862,237.06136265257916,243.78170166015624,236.89105682373048,237.15327239990233,243.6375478363552,238.90653153174193,4.731016304613263,10.710130028733984,76.71275239038424,85.9355315089367,6.740944088276115,9.47464043444693,-0.00611575289301014,-0.0061345307092032335,31470055.0,-0.22558146733018536
2023-02-07,253.86698591365706,261.8962397215106,253.4284826965279,260.7171936035156,50841400,67.03678943167782,5.7430495170364395,3.1504688355714476,259.1379976537319,218.58468911384625,238.86134338378906,242.206445925255,237.98904229771392,246.2684341430664,238.86134338378906,237.54265228271484,246.26518564668754,240.5221361296511,5.7430495170364395,11.38120920299848,96.82333335601403,84.96484839501085,7.0986948420691505,10.1383271349714,0.04202194078725685,0.041162999527204834,32643635.0,1.2578115285549338
2023-02-08,266.21294831317726,269.68189927846043,259.40169666602293,259.9084167480469,54686000,66.14365460545909,6.40598736146697,3.801572540750552,261.6132880020232,219.80051662444168,240.70690231323243,243.892347908378,238.84862560949168,248.81363372802736,240.70690231323243,237.9176104736328,248.3641442776659,241.95815691619893,6.40598736146697,9.955477133672723,78.12909979967732,83.88839518202522,7.475936184932921,10.45319284439538,-0.0031021232021187783,-0.0031069447602595696,34026240.0,0.075619475466844
2023-02-09,266.7976013623995,266.97302049431784,256.07892442365,256.8779602050781,42375100,62.76911999416534,6.61063458246241,4.363384949092924,263.4894379168882,220.63814234434227,242.06379013061525,245.12907288901613,239.55565833873038,250.33568420410157,242.06379013061525,238.34362915039063,249.6739621126524,243.06332753018998,6.61063458246241,8.91588006384563,71.34760585353939,82.10001300307694,7.640891365679187,10.712823893136488,-0.011659709142495589,-0.0117282165897377,34711530.0,-0.22511977471382072
2023-02-10,254.84142214986286,257.3359482905629,253.99367698119255,256.37127685546875,25818500,62.19775495319837,6.655216672647157,4.821751293803771,265.0905191624306,221.43317315934672,243.26184616088867,246.19975898105923,240.21509435899463,251.79147338867188,243.26184616088867,238.78738220214845,250.70431822693183,244.04910155428468,6.655216672647157,9.347091401060153,70.21376017079656,73.23015527467112,7.495422819927261,10.91433650077097,-0.0019724671949468142,-0.0019744150701992104,34638980.0,-0.39071530214677963
2023-02-13,260.7951951195851,267.5771867135627,260.3177065131593,264.3810729980469,44630900,67.26982725135045,7.253260832483022,5.308053201539622,268.0289459305314,221.62167815394128,244.82531204223633,247.9313126969628,241.1627797958202,254.57930755615234,244.82531204223633,239.10270721435546,252.8084343455649,245.55517351308188,7.253260832483022,9.403234637197096,88.13791888434808,76.5664283028947,8.051543017077066,11.601816944147528,0.03124295451823844,0.030764826661101353,35803860.0,0.7286403160524431
2023-02-14,265.696502095269,267.9376679050751,262.39318676983703,265.20928955078125,37047900,67.75164471673857,7.7052242629716545,5.787487413826028,270.70687522294446,222.04436684248518,246.37562103271483,249.57683430208837,242.1057801783677,256.95300445556643,246.37562103271483,239.44336608886718,254.7162582232905,247.01103396031885,7.7052242629716545,9.67519003965425,86.79516292774368,81.71561399429612,7.584514526298024,12.165627095114827,0.0031326620447618136,0.0031277654825364104,36164690.0,-0.16990470727679696
2023-02-15,262.1126422431033,264.4668924311176,260.0221350925757,263.0895080566406,28922400,65.10976966391854,7.802418463816508,6.190473623824124,272.1482747780328,223.93399450907657,248.0411346435547,250.86375561204574,242.92867146771172,258.6333572387695,248.0411346435547,239.73519775390625,256.0044505053444,248.20203204152787,7.802418463816508,11.241636231702005,80.42414498958604,85.1190756005593,7.419089560010134,12.053570067239072,-0.00799286291114154,-0.008024977077118928,36109375.0,-0.21932417222028777
2023-02-16,257.91212263576193,260.569199060256,255.8411717100615,256.08538818359375,29603600,57.17642077642052,7.230918107496706,6.398562520558641,271.5217899336098,227.56917381150737,249.54548187255858,251.36105395219317,243.44462114284437,258.45860443115237,249.54548187255858,239.98088134765624,256.0169024558443,248.78598434834757,7.230918107496706,6.051653288156243,59.625677408277134,75.61499510853564,7.728022449920772,10.988154030525607,-0.026622573909480862,-0.026983372636037943,36158405.0,0.02355267889248469
2023-02-17,253.3892752747082,254.07306355868084,250.07768536596615,252.09002685546875,30000100,53.1947415200425,6.38203951033023,6.395257918512959,271.19534274286013,229.69697750860473,250.44616012573243,251.43047994298132,243.7836566609865,258.49333038330076,250.44616012573243,240.24565948486327,255.41276774809418,249.03072823776395,6.38203951033023,2.3566289179620235,46.602763175316866,62.21752852439337,7.742314078194083,10.374591308563858,-0.015601676286429278,-0.015724663317589475,35888920.0,0.0133936413138942
2023-02-21,248.59281657060217,249.57946061577636,245.7696748690076,246.82469177246094,28397400,48.4101950584164,5.224207161081466,6.161047767026661,270.7287282487727,231.20845589429373,250.9685920715332,250.9918334505508,243.90291293986786,258.15548248291014,250.9685920715332,240.41974731445313,254.09152529030445,248.86731812922298,5.224207161081466,-4.26951866619464,25.033102028355383,43.75384753731649,7.82905292189591,9.880068088619742,-0.020886725066781797,-0.02110793841230009,35712090.0,-0.05342315525614916
2023-02-22,248.21187487113363,248.45609136769838,244.54862742266278,245.69155883789062,22491100,47.42166829266635,4.167146058928466,5.762267425407023,270.0935705541206,232.82778259529346,251.46067657470704,250.48704539220222,243.9730559162609,256.65291900634764,251.46067657470704,240.5121224975586,252.79922275916385,248.6320767002354,4.167146058928466,-2.4037268518883317,4.5474835977799755,25.394449600484094,7.432324576162196,9.316446989706794,-0.004590841080093,-0.004601411354377516,34824925.0,-0.20798735095466492
2023-02-23,249.64786195781076,250.89824919216971,244.68538110016482,248.8761444091797,29219100,50.48201949742648,3.54551645399485,5.318917231124589,269.079287496641,235.2840380038473,252.18166275024413,250.33362625096197,244.16533389637536,255.54969177246093,252.18166275024413,240.70677673339844,252.19567224378167,248.65015578978682,3.54551645399485,-0.530379516402533,17.218279463756545,15.599621696630658,7.04505581591124,8.448812373198423,0.012961721543678584,0.012878437330161426,32959550.0,0.2991405489282428
2023-02-24,244.17741496448653,245.19334897539824,242.36044373441328,243.45452880859375,24990900,45.61429574692836,2.585586414139783,4.772251067727628,268.951214974465,235.59181786244903,252.27151641845703,249.67847411359358,244.1374591870506,254.2073486328125,252.27151641845703,240.65482513427733,250.85088094606044,248.26529453192066,2.585586414139783,-6.621222235605216,4.004490435791773,8.590084499109455,6.988450115620138,8.339849278004001,-0.021784392447321888,-0.02202517562420469,32536370.0,-0.14470671581260208
2023-02-27,246.61956672286158,246.9712390360351,243.62058131527203,244.37277221679688,21190000,46.55427008312556,1.8772892882508643,4.193258711832275,268.77789748687354,236.0210740707436,252.39948577880858,249.1731691710415,244.14668714900145,253.00749816894532,252.39948577880858,240.53529357910156,249.85424883386605,247.9769595456152,1.8772892882508643,-5.977353379175145,7.365378023653809,9.5293826410674,6.991165605648058,8.189205854032489,0.003771724488744521,0.0037646293708919754,32270925.0,-0.15209136125549705
2023-02-28,243.30796249415872,245.67197584948505,242.97581680668205,243.6498565673828,22491000,45.88193243438872,1.2432935476353464,3.6032656789928894,267.9433588935174,237.57032518851386,252.75684204101563,248.6471393992645,244.12720359678113,250.93437652587892,252.75684204101563,240.3954571533203,248.8997269467148,247.65643339907945,1.2432935476353464,-5.149567377105718,4.719414860203052,5.363094439882903,6.348529184052315,7.593258426250888,-0.0029582495744359116,-0.0029626338433509183,32102105.0,0.06139688532326559
2023-03-01,244.95888751265778,245.12495292682374,240.10386280126266,240.57276916503906,27565300,43.03309676354083,0.486938988873419,2.9800003409689957,268.04373457475646,237.37999436811464,252.71186447143555,247.87815175790968,243.9878140112226,248.4707244873047,252.71186447143555,240.35407989501954,247.61865651876468,247.13171752989126,0.486938988873419,-6.162354802069428,1.684664967752365,4.589819283869766,5.972878292132569,7.66593505166046,-0.012629136933198892,-0.012709562336131366,32153315.0,0.2256146903205727
2023-03-02,240.84627541231006,245.58406578455748,239.92801913938823,245.30078125,24808200,48.34069106140463,0.26596770330041863,2.43719381343528,268.0874530977169,237.23775594769324,252.66260452270507,247.6326879000135,244.03930292254722,246.6918518066406,252.66260452270507,240.4914535522461,247.2620603235701,246.99609262026968,0.26596770330041863,-7.216965848454603,19.18182607556885,8.528635301174779,5.5987319045969555,7.712424287505908,0.019653147367304058,0.01946251786484121,31830730.0,-0.1000206781714692
2023-03-03,246.35581882878407,249.7064617806796,245.57432311137507,249.38409423828125,30760100,52.460250486325215,0.415545450668219,2.032864140881868,267.53099766253865,236.94932918072305,252.24016342163085,247.79948850365804,244.24890258198778,246.02172241210937,252.24016342163085,240.79312469482423,247.5885270796795,247.17298162901128,0.415545450668219,-5.967059200416829,33.760063105386585,18.208851382902623,5.674689706119046,7.6454171204538985,0.016646147507046516,0.016509118967581272,31371715.0,0.23991664046565253
2023-03-06,250.49771263487295,254.10235014838744,250.05812596620328,250.9275360107422,24109800,53.95492832844685,0.6511239929826615,1.756516111302027,267.50016216485517,236.8986415460823,252.19940185546875,248.097397790047,244.51080977527226,245.9054733276367,252.19940185546875,241.09935516357422,248.10222076138143,247.45109676839877,0.6511239929826615,-4.622750688818835,39.27045627515645,30.737448485370653,5.211285852691349,7.6503801546932175,0.0061890144885752285,0.0061699411945463,31123340.0,-0.21619890702565991
2023-03-07,250.37071775470054,251.72857566259853,247.52804931967242,248.2704620361328,21473200,50.983156208534446,0.6163135424855,1.5284755975387216,267.4808292294822,236.72470360743188,252.10276641845704,248.11388009919804,244.65824711883542,246.0500503540039,252.10276641845704,241.3011895751953,248.12810403442012,247.51179049193462,0.6163135424855,-3.051687643286477,33.99684572949129,35.67578837001147,5.115289081811923,7.68903140551258,-0.010589009149221562,-0.01064547164826969,31071100.0,-0.10935802039004883
2023-03-08,248.16298712568516,248.65142003720348,245.0077146908978,247.8308563232422,17340200,50.48768976316322,0.5469486193584032,1.332170201902658,266.3901597244427,236.526739384444,251.45844955444335,248.0869254538689,244.78266316606707,246.26398010253905,251.45844955444335,241.61584014892577,248.0823736173158,247.5354249979574,0.5469486193584032,-1.6895434481699987,38.28675111670518,37.184684373784336,5.005042716676217,7.465855084999672,-0.0017706726337289869,-0.0017722421274969844,29396040.0,-0.19247247732056705
2023-03-09,249.90183388794475,253.555302700135,245.75991723521878,246.48280334472656,26653400,48.9177523464372,0.37883285942729117,1.1415027334075847,265.3212204128891,236.2531173556656,250.78716888427735,247.93415191966486,244.84933532993608,246.02464599609374,250.78716888427735,241.89300506591798,247.8362858830713,247.457453023644,0.37883285942729117,-0.13851467828411185,46.24404637634562,39.50921440751406,5.044117653700296,7.267025764305867,-0.005439407338194369,-0.005454254779620579,27994410.0,0.5370872308277874
2023-03-10,245.2715284054277,246.94196099539334,241.8720387419212,242.83912658691406,28333900,44.85753046071014,-0.04786262387045781,0.9036296619519762,264.7362756709835,235.43417873575473,250.08522720336913,247.44891141178383,244.77050361452348,245.96310577392578,250.08522720336913,242.1317916870117,247.06749214520096,247.11535476907142,-0.04786262387045781,-1.1609809732448404,20.537882498141094,35.02289333039732,4.9771333276891925,7.325524233807195,-0.014782681421861787,-0.014893034146715863,27292350.0,0.06305011743342304
2023-03-13,241.67662167942007,251.94349199727765,240.04525738823747,248.04579162597656,33339700,51.103062150980755,0.033723739896942106,0.7296484775409694,264.0383794969998,235.29952638678924,249.66895294189453,247.50575714646885,244.8989462816393,246.33040771484374,249.66895294189453,242.5220687866211,247.21799975762798,247.18427601773104,0.033723739896942106,-0.3336409703607164,57.27093914650646,41.350956006997755,5.375553515016264,7.184713277552645,0.02144079956241729,0.02121417917851333,27668410.0,0.1766717606824335
2023-03-14,250.81028982629238,255.03035716432163,249.94087987551168,254.7568359375,33620300,57.746079226069675,0.6326143262191692,0.7102416472766093,262.0480494473921,236.3274327303423,249.1877410888672,248.196336078948,245.2855301897123,247.44110565185548,249.1877410888672,242.92028137207032,248.37782070837753,247.74520638215836,0.6326143262191692,4.6424715055484675,98.18888157336927,58.665901072672305,5.595346485966941,6.430154179262442,0.027055666889293173,0.026696132875029182,27117880.0,0.008416392469038358
2023-03-15,253.96557655248083,260.3152041308793,253.21337082147616,259.29925537109375,46028000,61.553431805761214,1.4569795628982547,0.8595892304009385,260.4033054823646,237.38117327740105,248.89223937988282,249.25375696391427,245.83508803996256,249.31375427246093,248.89223937988282,243.43253326416016,250.0580414257185,248.60106186282025,1.4569795628982547,6.108079479924527,95.01672859588233,83.4921831052527,5.658844001495386,5.755533051240884,0.01783041234939864,0.017673315203092333,27566885.0,0.36905381570063334
2023-03-16,259.0746169472976,270.16205172863715,257.1892727698562,269.8103942871094,54768800,68.60338370918285,2.924741418976879,1.2726196681161266,262.7084469313294,235.74812045148315,249.22828369140626,251.2115319470757,246.77529612808596,251.76471557617188,249.22828369140626,244.15968505859374,253.09686494285558,250.1721235238787,2.924741418976879,10.736939511594464,98.83688211127739,97.347497426843,6.120063878924997,6.740081619961558,0.040536710762908656,0.03973664807722444,28859205.0,0.18990179890501424
2023-03-17,271.8227207737094,276.7754083374073,269.9275985016487,272.96563720703125,69527400,70.36037262633056,4.293067192491179,1.8767091729911374,267.0263531585905,233.11823912656578,250.07229614257812,253.2833514956429,247.8023683272603,254.12286987304688,250.07229614257812,245.15418151855468,256.15359913734414,251.86053194485297,4.293067192491179,13.464893867422647,89.66067552329898,94.50476207681959,6.366371294843327,8.477028508006171,0.01169429713135628,0.01162644729710206,30855395.0,0.269470939659076
2023-03-20,270.57233358465885,271.0607665452562,263.607274796688,265.9322204589844,43466600,62.02760242831996,4.755123175400485,2.452391973473007,269.13615690733144,232.39265473817633,250.7644058227539,254.4880056826278,248.51334292066127,255.6233383178711,250.7644058227539,246.1403369140625,257.6580024175965,252.902879242196,4.755123175400485,8.410669996178163,70.57271053818414,86.35675605758685,6.842242963953345,9.185875542288782,-0.025766674589565164,-0.026104450218552896,31528720.0,-0.37482776574415266
2023-03-21,268.5208779306245,268.6380970576698,263.2848617004978,267.4463195800781,34558700,63.04230506741433,5.1837262465944605,2.998658828097298,271.5024360449122,232.08853838135735,251.79548721313478,255.7221308157183,249.25581259357958,257.5409240722656,251.79548721313478,247.10571411132813,259.1638973656706,253.98017111907615,5.1837262465944605,7.242733501896395,74.68181881979652,78.3050682937599,6.865967623354128,9.853474415888707,0.0056935527349055715,0.00567740572378108,31836785.0,-0.20493666401328836
2023-03-22,267.0751210074597,274.5383905110529,265.8833434620223,265.9908142089844,34873300,61.34525013370566,5.344343879646658,3.46779583840717,273.2702929697418,232.35060699363714,252.81044998168946,256.700100662696,249.9120871667327,259.35691986083987,252.81044998168946,247.99930114746093,260.21419226464195,254.8698483849953,5.344343879646658,6.003039139394144,70.6383070863293,71.96427881477001,7.080181937915652,10.22992149402616,-0.0054422336915275205,-0.005457096594759842,32455895.0,0.009103351688576344
2023-03-23,271.5100935079119,274.55791015384574,268.8334906504202,271.236572265625,36610900,65.00193075175494,5.827744731944961,3.9397856171147287,275.8729868964669,231.98395585255656,253.92847137451173,258.0845265296416,250.74834148433632,261.83229675292966,253.92847137451173,248.96408782958986,261.90994303402397,256.082198302079,5.827744731944961,9.250440040728543,84.92019246137208,76.746772789166,7.377425896071492,10.972257760977586,0.019721575995925722,0.019529625324655655,32825485.0,0.04982608471237304
2023-03-24,270.82627422927686,274.1378637154936,268.9116255422268,274.0792541503906,28172000,66.83296113641765,6.366831194132146,4.425194732518213,278.56985692981556,232.34955835338758,255.45970764160157,259.6078339220939,251.6632792359463,264.95630950927733,255.45970764160157,249.8508688354492,263.78214474423424,257.4153135501021,6.366831194132146,10.591254945636404,92.65956137575405,82.73935364115182,7.413710343440109,11.555074644106991,0.010480452031305543,0.010425912826632033,32984540.0,-0.2305023913643205
2023-03-27,274.0108888501196,274.9486717802247,269.1460858667074,269.9862060546875,26840200,61.81797743343306,6.390124942409216,4.818180774496414,280.1010384354541,233.37972023153807,256.7403793334961,260.59625031567424,252.38182538570086,267.1503509521484,256.7403793334961,250.60238983154298,264.7366157150732,258.34649077266397,6.390124942409216,9.535514198566416,81.51599678390848,86.36525020701156,7.528143169910909,11.680329550979005,-0.014933812150033088,-0.015046444280815481,33267050.0,-0.047273888967769406
2023-03-28,269.4098354483097,269.7517444509293,265.7563369743328,268.86279296875,21878600,60.47662263880457,6.245936095116633,5.103731838620458,281.1070900098684,234.89496229726052,258.00102615356445,261.38354009215766,253.0281378399381,268.5609466552734,258.00102615356445,251.3174105834961,265.3714122156388,259.1254761205222,6.245936095116633,10.71642232765232,78.4574384689912,84.21099887621793,7.57001200805727,11.553031928151974,-0.004161001787291063,-0.004169682844860787,33236430.0,-0.18485704279401793
2023-03-29,272.5065003836282,274.63609068107115,271.9692360686493,274.0206604003906,25087000,64.30609005433236,6.473242678307599,5.377634006557887,282.3051397526035,237.04170167806058,259.67342071533204,262.58707535960843,253.85137401877938,270.0330871582031,259.67342071533204,252.1137615966797,266.70206578252373,260.22882310421613,6.473242678307599,10.471803856918912,92.5000364391942,84.15782389736465,7.4255771685861935,11.315859518635733,0.019184013431862823,0.019002320304446686,33112515.0,0.14664558061301913
2023-03-30,277.65461829253616,277.8792783804837,274.9682369436602,277.478759765625,25053400,66.63989077379179,6.853422512754435,5.672791707797197,284.18536965492655,238.3792696273001,261.2823196411133,264.0053310173243,254.7779381657145,270.7999237060547,261.2823196411133,253.0677520751953,268.36001870300083,261.5065961902464,6.853422512754435,8.919063445151052,98.94137973084918,89.96628487967821,7.339055434773401,11.451525006906609,0.012619849029564145,0.012540882405366308,33124775.0,-0.0013393390999322241
2023-03-31,277.1661775421266,282.57799326147335,276.45305469008514,281.63043212890625,32766000,69.24019141253258,7.404370064303521,6.019107379098462,286.78957179906183,238.99970127222718,262.8946365356445,265.6839120755702,255.8309771446632,271.66640319824216,262.8946365356445,254.18039184570313,270.4016207685247,262.9972507042212,7.404370064303521,8.612125293554524,97.09667604067374,96.17936407023906,6.92667714636969,11.947467631708658,0.014962126711204782,0.014851298212561604,33225070.0,0.3078464400041512
2023-04-03,279.89157837797717,281.60109352855216,277.38105592793227,280.5851745605469,24883300,67.80715717421019,7.6682614731489025,6.34893819790855,288.8202013110747,239.93483561519483,264.3775184631348,267.1030799312823,256.8017299845018,273.13169860839844,264.3775184631348,255.11056610107423,271.9683213519127,264.3000598787638,7.6682614731489025,3.99346374401421,93.21353882550834,96.41719819901044,6.731306479414613,12.221341423969973,-0.003711451068899252,-0.003718355592579844,33263745.0,-0.24057559665506922
2023-04-04,280.58517709537364,283.73068619331156,279.0612688180202,280.53631591796875,25824300,67.73658648262273,7.783728850777663,6.6358963284823735,290.21553858464824,241.7660837298049,265.9908111572266,268.38243573953815,257.732498060324,274.4406982421875,265.9908111572266,255.9937713623047,273.2864743620752,265.5027455112975,7.783728850777663,2.773491487207053,87.96458114578083,92.75826533732099,6.557562484120914,12.112363713710838,-0.00017413123360721094,-0.00017414639621068383,33481300.0,0.03781652755060616
2023-04-05,279.2371622142725,280.5070761358077,276.3749518849941,277.7620849609375,22064800,63.683712417371424,7.564185109033815,6.821554084592662,290.66387041697055,244.31087476125205,267.4873725891113,269.2757356653857,258.5179720564265,275.6178253173828,267.4873725891113,256.83201568603516,273.9750298388232,266.4108447297894,7.564185109033815,4.448450993089679,70.80772538925058,83.9952817868466,5.9281757037061755,11.588248913929627,-0.009889026124669242,-0.009938247312090294,33717530.0,-0.14557993827519045
2023-04-06,276.6582060877172,285.3230025679542,275.5055113851009,284.8541259765625,29770300,68.81979579792898,7.871723225905043,7.031587912855139,291.59297627815613,247.21890116325017,269.40593872070315,270.75939188549773,259.5507624062358,276.9795806884766,269.40593872070315,257.8399697875977,275.6487369369369,267.7770137110319,7.871723225905043,6.508897345761444,97.87243128078892,85.54824593860678,6.131924070317273,11.093518778726498,0.025532790109284997,0.02521227277219815,33873375.0,0.34922138428628413
2023-04-10,282.51936243851856,282.9003544272942,278.12346613985693,282.6952209472656,23103000,65.77043833292608,7.850745301163329,7.195419390516777,290.4810643901713,252.31642248727013,271.3987434387207,271.896137510428,260.4583882313742,277.84117736816404,271.3987434387207,258.66072509765627,276.7328114000644,268.8820660989011,7.850745301163329,6.280069027179596,88.07621007374091,85.58545558126015,5.944231029343151,9.541160475725293,-0.007578984583409221,-0.007607851031803748,33611830.0,-0.22395810589748844
2023-04-11,279.1394490348436,279.36413893859026,275.1245442349261,276.2869873046875,27276600,57.610513014721846,7.233644296887576,7.203064371790937,288.4938308190837,257.1277756262288,272.81080322265626,272.31431368130984,261.07911760679826,278.47125549316405,272.81080322265626,259.3501971435547,276.66422307769875,269.4305787808112,7.233644296887576,1.8619963365842023,53.81934024460274,79.92266053304421,6.102619697569403,7.841513798213733,-0.022668347986588455,-0.02292922495888334,33308675.0,0.18065186339436434
2023-04-12,278.20167586183015,280.3703195694183,275.4371283935577,276.9317321777344,27403400,58.172787802661276,6.719158550682209,7.1062832075691915,287.17610513203635,260.6629909372996,273.91954803466797,272.75406782382646,261.7007887664428,279.2781494140625,273.91954803466797,260.15877716064455,276.7053783238581,269.9862197731759,6.719158550682209,1.0407493395244578,57.11445902691105,66.3366697817516,5.836772849485832,6.6282785486842055,0.00233360564439411,0.002330887015392853,32997830.0,0.0046486732217358995
2023-04-13,277.0293845422131,283.1934057090152,276.6191175771534,283.1347961425781,24222700,63.22668370863588,6.734331133606531,7.0318927927766595,287.0542476088813,263.1684025376031,275.1113250732422,273.7427086160885,262.5413380753109,280.18956298828124,275.1113250732422,260.9920266723633,277.69451952673813,270.9601883931316,6.734331133606531,4.870096987557687,88.81666160794718,66.58348695982035,5.694429434271577,5.971461267819565,0.02239925311579194,0.022152074120318686,31907565.0,-0.11606953881635129
2023-04-14,280.3604759948449,281.8062480666377,277.1270526810152,279.5203857421875,20987900,58.77069495302625,6.381144935768418,6.901743221375011,287.4212809781605,263.7723683138317,275.5968246459961,274.2929635804789,263.2071830818551,280.3937255859375,275.5968246459961,261.65671478271486,277.9754220214227,271.59427708565426,6.381144935768418,3.963952265673382,70.34437575476176,72.09183212987335,5.750251240578442,5.912228166082202,-0.012765687755914357,-0.012847869299609913,30218520.0,-0.13354415486300042
2023-04-17,283.2226985900286,284.85407761818396,279.5399251996228,282.11883544921875,23836200,60.90392819297198,6.238996239609776,6.769193825021965,288.15545295383697,263.95351616237394,276.05448455810546,275.03828471083506,263.9488165080262,280.44256591796875,276.05448455810546,262.1424331665039,278.6128702410836,272.37387400147384,6.238996239609776,2.955315499566828,83.62435794998221,80.9284651042304,5.7167588093269535,6.050484197865768,0.009296100891288406,0.009253158074087548,27933960.0,0.13571152902386618
2023-04-18,284.82477404987856,285.01038094044696,280.37026829939435,281.69879150390625,20161800,60.36024188487077,6.023018727157307,6.619958805449034,288.1985680049476,265.48705821575555,276.8428131103516,275.6726186911275,264.64489395884505,280.5539276123047,276.8428131103516,262.74155364990236,279.08762735844095,273.06460863128365,6.023018727157307,1.520848565794996,72.86000871561903,75.60958080678769,5.746061920805374,5.677877447298006,-0.0014888901148469857,-0.0014899996131514848,26768720.0,-0.1541520880006041
2023-04-19,279.3738659883608,282.363073223057,277.9574283365994,281.7769775390625,17150300,60.43104897928797,5.791404248955928,6.454247894150413,288.204938660883,266.9137533557186,277.5593460083008,276.2539862004547,265.3167403737555,280.67799377441406,277.5593460083008,263.37302978515623,279.50137354007506,273.70996929111914,5.791404248955928,0.05203465017913053,65.75465676816363,74.07967447792164,5.648372433243692,5.322796326291104,0.00027755190123057716,0.0002775133908272311,25898300.0,-0.14936662401174494
2023-04-20,278.6509680753115,282.34351958863164,278.48488777303635,279.4910583496094,23244400,57.21325103132914,5.361588477429166,6.235716010806164,287.400644369981,269.068072060683,278.234358215332,276.5622787860884,265.87259598065174,280.85089111328125,278.234358215332,263.7485070800781,279.4997865876957,274.13819811026656,5.361588477429166,-0.3899408486749549,42.81543319682127,60.47669956020133,5.64837342149385,4.5831430773245145,-0.008112512276260198,-0.008145597763084069,25316855.0,0.3553348921010129
2023-04-21,278.41658147472793,279.64741233312054,276.5116808961058,279.14923095703125,21676400,56.72682391376421,4.936469223663494,5.975866653377631,287.1873675854643,270.07261471434043,278.62999114990237,276.8086551833211,266.39324833266664,280.2804016113281,278.62999114990237,264.1333233642578,279.4458549522089,274.5093857285454,4.936469223663494,-0.4944404279348616,39.46367765283769,49.344589205940885,5.434858626181458,4.278688217780963,-0.001223035164690467,-0.0012237836825688693,24570130.0,-0.06745710794858117
2023-04-24,275.5640385012809,278.3578898725083,272.27200590077194,275.2514343261719,26611000,51.36418505610453,4.236207179947542,5.627934758691614,287.1300146459092,270.24718567147363,278.68860015869143,276.6603484350212,266.7406281755492,279.53602294921876,278.68860015869143,264.5007928466797,278.8005594712801,274.56435229133257,4.236207179947542,-0.9038852927384619,22.829125632159116,35.03607882727271,5.622562115844695,4.220707243608903,-0.013963128673133762,-0.014061530223837876,24492080.0,0.22764850251886837
2023-04-25,273.0438095298006,275.085455775241,268.9995702123378,269.0484313964844,45772200,44.20265339889623,3.144466516776845,5.13124111030866,287.29442919348446,269.988993658078,278.64171142578124,275.93540395516055,266.8311302626447,278.8121673583984,278.64171142578124,264.7543359375,277.3002320751577,274.15576555838084,3.144466516776845,-5.548697785539045,0.2993315565139855,20.86404494717029,5.735594025740604,4.32635888385161,-0.022535769685897322,-0.022793580821208408,25438680.0,0.7200481004096051
2023-04-26,289.8361135268747,292.63971378431694,285.95795485763057,288.536865234375,64599200,62.0875658665236,3.8079126678363764,4.866575421814204,288.0679590479755,271.1828710301495,279.6254150390625,277.1355431246095,267.68233555565376,279.9726806640625,279.6254150390625,265.2374517822266,279.02894486888346,275.2210322010471,3.8079126678363764,2.066410697547336,82.64457008287766,35.25767575718361,7.123445336801885,4.221272004456491,0.0724346681254997,0.06993145446391094,27574710.0,0.4113195345646483
2023-04-27,289.12296805921983,298.13945000191654,288.4196235003883,297.7779846191406,46462600,67.42032897556129,5.021494957418895,4.8975593289351425,292.1311348169573,269.4954276830427,280.81328125,279.10148993361247,268.8625570875552,281.43699951171874,280.81328125,265.8888256835937,281.9134125227692,276.8919175653503,5.021494957418895,7.778505069713251,98.75955087877476,60.56781750605549,7.11646928813581,5.6589267834786465,0.032027517098236924,0.03152533055877747,28643490.0,-0.28075579883342205
2023-04-28,296.9769805922049,301.7831436206851,296.2931626094283,300.15179443359375,36469600,68.64056779608468,6.104446024684364,5.1389366680849875,296.05629029685446,267.8375756699424,281.9469329833984,281.1062808383726,270.08958600308614,283.50014038085936,281.9469329833984,266.6300714111328,284.7193174321268,278.6148714074424,6.104446024684364,8.38476041487249,95.0238823365241,92.14266776605886,7.027849372032327,7.05467865672802,0.007971743839589873,0.0079401373511069,29214300.0,-0.21507621183489511
2023-05-01,299.868565093512,301.46086148521374,298.09066177200543,298.4911804199219,21294100,66.75691074929628,6.750874990543252,5.461324332576641,298.71743120491334,266.8625095909851,282.7899703979492,282.7619855604249,271.20337401943266,285.1373748779297,282.7899703979492,267.4781872558594,286.83806558409526,280.087190593552,6.750874990543252,5.423700826093709,89.95849793505108,94.58064371678334,6.72781530066581,7.963730403482056,-0.0055325806624130225,-0.005547942071830352,28640705.0,-0.41611369469366266
2023-05-02,300.640245214825,302.02737803508757,296.8793057090036,298.3446044921875,26404400,66.58322490272613,7.168710716105807,5.802801609282475,301.0064379655377,266.34944582352483,283.6779418945313,284.24604450630704,272.2677359987564,286.8019561767578,283.6779418945313,268.40327880859377,288.60830233918637,281.43959162308056,7.168710716105807,6.734470797189836,88.84947628778635,91.2772855197872,6.743163954253196,8.664248035503224,-0.0004910561428588256,-0.0004911767504115479,28716760.0,0.2399866629723726
2023-05-03,299.5265224409711,301.4704754254007,297.05505369069255,297.3578796386719,22360800,65.35058623990469,7.335667085811906,6.109374704588362,302.81159734423824,266.2264428168946,284.5190200805664,285.49479070938946,273.25166320032173,288.36004638671875,284.5190200805664,269.413942565918,289.9543911544918,282.6187240686799,7.335667085811906,5.401640115658334,85.8619184734407,88.22329756542608,6.588959211599364,9.146288631835919,-0.0033073326571302353,-0.0033128139708046784,28543585.0,-0.15314114314280958
2023-05-04,299.15539003512066,300.640245214825,296.38109458301545,298.3446044921875,22519900,66.02788186238155,7.461589106394229,6.379817584949535,304.5425825035116,266.55370961074624,285.5481460571289,286.71858249822736,274.2357001137282,290.2454010009766,285.5481460571289,270.4670034790039,291.24519320644504,283.7836041000508,7.461589106394229,5.909082143879353,88.84947628778635,87.8536236830045,6.464059723759833,9.497218223191327,0.003318307403572529,0.0033128139708047395,28566340.0,0.007115130049014429
2023-05-05,298.6474372845863,304.7528490194279,297.2309698374708,303.46337890625,28197100,69.37251383112206,7.883548886531798,6.680563845265988,307.0847121174609,265.8725052897657,286.4786087036133,288.3133250132771,275.38188359578794,292.67681579589845,286.4786087036133,271.5587481689453,293.1249140833381,285.2413651968063,7.883548886531798,7.6962999449382385,96.39342136944876,90.36827204355863,6.620358817042736,10.303051706923812,0.017157254855589388,0.01701173132304174,28487680.0,0.2520970341786597
2023-05-08,302.9554464323352,303.02383420465094,299.0088995873121,301.5096740722656,21318600,66.67438684726203,7.968452045050753,6.938141485222942,308.9933134285132,265.8453492912134,287.4193313598633,289.5701201617522,276.40650283015964,295.3026397705078,287.4193313598633,272.71985107421875,294.4148771585578,286.446425113507,7.968452045050753,7.87811096808458,90.9290139104133,92.05730385588282,6.607099294034542,10.786991034324966,-0.006438025046138884,-0.006458838509209178,28398460.0,-0.24394352610729475
2023-05-09,300.8746930349145,302.86750779057024,299.2237873018419,299.8978271484375,21340800,64.44733938343367,7.8155826619889694,7.113629720576148,310.19292545583164,267.00682124826994,288.5998733520508,290.5537113033413,277.327731234798,298.3875793457031,288.5998733520508,273.8303521728516,295.2584079262316,287.44282526424263,7.8155826619889694,7.432797188898589,86.42076465997398,91.24773331327872,6.552676122768166,10.79652605189042,-0.005345921084581207,-0.0053602616525662075,28101670.0,0.0010413441783232447
2023-05-10,301.48038400167883,305.7590619061941,300.55237917677385,305.08502197265625,30078000,68.13596563496094,8.0205400525536,7.295011786971639,312.06353710329216,267.9515385803016,290.0075378417969,291.93764565279986,278.4162524402043,300.0423950195312,290.0075378417969,275.05905548095706,296.7701947026046,288.749654650051,8.0205400525536,10.838667460359785,98.16635132185321,91.83870996408018,6.695719190065404,11.027999630747656,0.01729654020351168,0.017148657851899934,28235400.0,0.409412955465587
2023-05-11,302.92610366423224,303.922496091225,299.17494240713177,302.93585205078125,31680200,65.12130441570815,7.918273284412692,7.41966408645985,313.52720333893893,268.4679779354752,290.99759063720705,292.985093881179,279.37780536610927,300.5581817626953,290.99759063720705,276.3063171386719,297.7187573715549,289.8004840871422,7.918273284412692,12.595286461402383,92.31977993894644,92.3022986402579,6.893886913530387,11.264806350865952,-0.007044495032822784,-0.007069424634582498,28608275.0,0.05326816942615875
2023-05-12,303.3656699936466,303.463362538451,299.50706787229524,301.8222351074219,19774700,63.55223313257858,7.659077475892843,7.46754676434645,314.4573490262392,269.7680171846983,292.11268310546876,293.8267263789165,280.2579790814549,300.7252258300781,292.11268310546876,277.43674621582034,298.35006163861135,290.6909841627185,7.659077475892843,4.60439253135135,89.29031219593764,93.25881448557912,6.685249028522991,11.172332960385221,-0.003676081704494627,-0.003682855097636572,28547615.0,-0.3758025517515672
2023-05-15,301.94924591720934,302.73072668738115,300.47416891606105,302.3009033203125,16336500,63.95426173238754,7.406905261404006,7.455418463757962,315.3888568225616,270.85471617548524,293.1217864990234,294.63379084952567,281.12240748297876,301.1061981201172,293.1217864990234,278.4950823974609,298.95788343579613,291.5509781743921,7.406905261404006,1.518889553556724,82.53552906208601,88.04854039899006,6.399870004057708,11.133535161769093,0.0015859275998013622,0.0015846713446698566,28172630.0,-0.17386863011828246
2023-05-16,302.66238059902645,306.4526254606031,302.66238059902645,304.5281982421875,26730300,65.84226570165248,7.3026012095022,7.42485501290681,316.4049955703237,272.1215181015513,294.2632568359375,295.57611536311254,282.04028163039874,301.7245574951172,294.2632568359375,279.56709564208984,299.81485494447173,292.51225373496953,7.3026012095022,1.4580635164458413,89.32830361433253,87.05138162411875,5.011329986376138,11.070869367193106,0.007367807695615847,0.007340797987581603,28501055.0,0.6362317509870534
2023-05-17,305.73228840955835,307.8273354094167,304.2148186468584,307.4063720703125,24315000,68.16289875058936,7.367258896329815,7.413335789591411,317.6102263614655,273.4792267635345,295.5447265625,296.70280647808397,283.03503027510124,302.7294067382812,295.5447265625,280.74981384277345,300.98278065613954,293.6155217598097,7.367258896329815,2.9867521170470095,96.35029449962254,89.40470905868038,4.575093576449713,11.032749899482745,0.00945125556430737,0.009406871883622263,28859290.0,-0.09035813290535455
2023-05-18,307.9253064598199,312.3406122958503,307.1323177228801,311.8315124511719,27276000,71.38211177567689,7.686961913299456,7.46806101433302,319.01269755226497,275.31080098289124,297.1617492675781,298.1436356183781,284.16430408592754,304.0780975341797,297.1617492675781,282.029826965332,302.65181631691377,294.9648544036143,7.686961913299456,4.520580481735357,96.8100549537973,94.16288435591747,4.554973116572098,10.92547414234342,0.014395083456003377,0.014292457938293576,29060870.0,0.12177668106107342
2023-05-19,310.0888957303577,312.05669811668946,309.7266699904712,311.6553039550781,27546700,71.07392713840473,7.835784261227673,7.541605663711951,319.8170254728061,277.75708036215485,298.7870529174805,299.4304611742543,285.2423825121688,304.8972900390625,298.7870529174805,283.3332769775391,304.0369682612467,296.20118400001905,7.835784261227673,4.808153842696035,95.7059583309273,96.28876926144908,4.4806751460728105,10.514986277662825,-0.0005650759755120305,-0.0005652356911115472,29354385.0,0.009924475729579108
2023-05-22,311.90976760985495,315.81597257824143,311.3321605253707,314.4355773925781,24115700,73.05094453659925,8.084874474576282,7.650259425884817,319.74717370173767,281.74534643986385,300.74626007080076,300.8595198617137,286.38721368394954,306.18988037109375,300.74626007080076,284.76520599365233,305.63675428145154,297.55187980687526,8.084874474576282,5.393418435630528,92.89733032539547,95.13778120337338,4.433227983700435,9.500456815468464,0.008920988676325292,0.008881431740759442,29229620.0,-0.12455212421088546
2023-05-23,313.30984092975706,315.94335728832465,308.6302150731237,308.6400146484375,30797200,63.333592748754306,7.725571209438442,7.665321782595543,314.81410461585966,290.63757385093726,302.72583923339846,301.6005193652112,287.259872545302,307.06409912109376,302.72583923339846,285.9770904541016,306.09879433791093,298.3732231284725,7.725571209438442,1.7058518760468742,62.66616623083677,83.75648496238654,4.64020801802135,6.044132691230614,-0.01843163802327863,-0.01860361717992736,28480870.0,0.27706017241879777
2023-05-24,308.1211084957931,309.8539301457172,306.0456005180939,307.25958251953125,23384900,61.243869184249476,7.245905162828649,7.581438458642165,313.87857766105316,293.4453725342593,303.66197509765624,302.13947776086076,288.0441748972326,307.28155517578125,303.66197509765624,287.0271453857422,306.27737713508327,299.0314719722546,7.245905162828649,1.9070394556850907,53.59344289123748,69.71897981582326,4.608006517722332,5.108301281698447,-0.00447262851020358,-0.004482660637593982,26420155.0,-0.2406809709973634
2023-05-25,316.452394965502,320.0355435840167,313.28044007035,319.0761413574219,43301700,70.28289872370125,7.730155487592015,7.611181864432135,316.6573366800107,292.7964291891299,304.7268829345703,303.7524933414856,289.2611147584165,308.8955841064453,304.7268829345703,288.2226831054688,308.24641778467384,300.5162622970818,7.730155487592015,6.394949370370687,95.4372070657344,70.56560539593625,4.983298080760071,5.965226872720208,0.03845790175523489,0.03773682596323745,26262110.0,0.8516948971344758
2023-05-26,317.2160130284429,326.39905065575283,317.0789683726066,325.8997802734375,36630600,74.0471313925143,8.565796818099102,7.8021048551655285,321.0252039304941,291.0033605226309,306.0142822265625,305.8617587635763,290.69792517077025,311.3033386230469,306.0142822265625,289.3444708251953,310.9623197060221,302.39652288792297,8.565796818099102,6.822609043929664,98.16607259361518,82.39890751686238,5.330841149632095,7.5054608519657995,0.021385613123520608,0.02116014968431118,26270160.0,-0.1540609260144521
2023-05-30,328.1906400290104,328.6899104115325,323.57952206493354,324.2550354003906,29503100,71.68993698996269,8.991680926850506,8.040020069502525,323.9299482069907,290.6750017441812,307.30247497558594,307.61349939565383,292.0138902778142,313.4987518310547,307.30247497558594,290.3702587890625,313.0073528897711,304.0156719629206,8.991680926850506,7.037524018793138,84.97414935201485,92.85914300378816,5.435603139479996,8.313736615702355,-0.005046781165875314,-0.005059559175953541,26680610.0,-0.19457775739409133
2023-05-31,325.31242368593024,328.88577326121145,320.45655463188933,321.49432373046875,45950600,67.78913039167396,9.00265380275198,8.232546816152416,325.6744943703978,291.2454275046022,308.4599609375,308.93548266563624,293.16998570733006,315.1953643798828,308.4599609375,291.4815008544922,314.3130407114169,305.3103869086649,9.00265380275198,6.5177731574499,75.1220369196516,86.08741962176056,5.619030558877532,8.607266716448883,-0.008514013256611275,-0.008550464512593618,27657920.0,0.5574837898390339
2023-06-01,319.08589950715634,326.5263156649062,317.9013162515011,325.59625244140625,26773900,70.36898094264771,9.23587582431361,8.433212617784655,327.86685992244355,291.8768992328299,309.8718795776367,310.522222644281,294.44160401062715,317.0143524169922,309.8718795776367,292.6444995117188,316.0489194391075,306.8130436147939,9.23587582431361,7.7060137317586594,88.80304364587062,82.96640997251238,5.812953405154717,8.997490172403412,0.01275894598492644,0.012678236421240642,27878575.0,-0.41733296191997493
2023-06-02,327.2311796436286,330.4129338211657,325.566865507756,328.3570251464844,25873800,71.99474974005813,9.533580064696537,8.653286107167032,330.30132588475226,292.44367533595084,311.37250061035155,312.2207752635384,295.7716205257588,318.6669036865234,311.37250061035155,293.89182373046873,317.94247416331933,308.4088940986228,9.533580064696537,7.824834298381164,93.13295427784729,85.68601161445652,5.876508665672857,9.464412637200352,0.008479129241743877,0.008443383345974002,28046270.0,-0.03361856136013053
2023-06-05,328.18085996410906,331.45072114916485,327.6326215544442,328.8857421875,21307100,72.30810872605198,9.700356198585325,8.862700125450692,332.71597012460313,292.57126742422497,312.64361877441405,313.8079149705824,297.0702135321016,320.38994750976565,312.64361877441405,295.04480712890626,319.62605385934717,309.92569766076184,9.700356198585325,6.987288510816739,91.09021599491773,91.00873797287856,5.988047367344324,10.036175675094531,0.0016101895209330586,0.0016088945556930042,27701770.0,-0.17649900671721974
2023-06-06,328.2885029579965,328.32767137670015,325.19488504565373,326.67315673828125,20396200,68.83686425637163,9.54397334800683,8.99895476996192,334.1890706909166,293.61451512451305,313.9017929077148,315.0331760913156,298.23111326567727,321.61370544433595,313.9017929077148,296.09668518066405,320.71022353302936,311.16625018502253,9.54397334800683,4.759507520726711,82.45857867027163,88.89391631434557,5.9551284388840156,10.143638891600881,-0.006727520124473307,-0.006750251897656768,27655650.0,-0.04275100788000241
2023-06-07,324.6857770640945,327.4661371871072,315.72792109217784,316.5894470214844,40717100,55.710603485727155,8.508289446663753,8.900821705302286,333.94249522956926,295.5302525731651,314.7363739013672,315.1813923703793,298.95104792276777,322.4086486816406,314.7363739013672,297.02875,320.0762579158686,311.56796846920486,8.508289446663753,1.5832052282727893,41.5028397483582,71.6838781378492,6.535535534053379,9.603060664101042,-0.030867885863286815,-0.0313543356865567,28624465.0,0.9963081358292232
2023-06-08,317.1377037070702,319.7810193360927,316.5600964884988,318.42999267578125,23277700,57.310713304797616,7.7467197818897375,8.670001320619777,334.1189216759169,296.68832319713,315.40362243652345,315.49078287565567,299.71492810916044,323.52568969726565,315.40362243652345,298.0200939941406,319.8229863404706,312.07626655858087,7.7467197818897375,1.2703445698881684,48.747621936268196,57.56968011829937,6.393580410812214,9.357649619696721,0.005813667106130627,0.005796832957432583,28284450.0,-0.4283065346009416
2023-06-09,318.16560575678255,323.06061199262587,317.59779817919343,319.9278259277344,22529000,58.62089836182398,7.181251958853409,8.372251448266503,334.1083886366775,298.39805362406474,316.2532211303711,315.9133584044251,300.50759076871236,323.61085815429686,316.2532211303711,298.9382373046875,319.83911550774195,312.65786354888854,7.181251958853409,3.6572740874686906,54.64341465343108,48.29795877935251,6.617350817041796,8.927583753153185,0.0047038070734692905,0.0046927787428811246,27826890.0,-0.03216383061900441
2023-06-12,321.6802383812358,325.1263421252022,318.3320706206992,324.881591796875,24260300,62.698431759551134,7.051556190094175,8.108112396632038,334.2893291562903,300.5230487733972,317.40618896484375,316.7674758703727,301.4634339462874,323.5090393066406,317.40618896484375,299.8862939453125,320.61488109068546,313.5633249005913,7.051556190094175,5.735218779132328,74.14249887774324,59.17784515581419,6.782383635015528,8.441570095723272,0.015484010666392045,0.015365356632603104,28051170.0,0.07684761862488343
2023-06-13,327.44656828941845,329.90387113011326,323.4522561033348,327.2703552246094,22951300,64.51433126894534,7.060139708064014,7.898517858918433,334.4953184650745,302.81400465504265,318.65466156005857,317.7677500945857,302.47547007484906,323.8105712890625,318.65466156005857,300.79909240722657,321.6388001882122,314.5786604801482,7.060139708064014,2.5681061054353567,83.54518372393473,70.7770324183697,6.720845978699637,7.920328452507956,0.007352720154202741,0.007325820683082214,28381910.0,-0.053956463852466774
2023-06-14,327.3193432875882,331.9206620825264,325.82147225464075,330.25634765625,26003800,66.6968136791795,7.224606080415583,7.763735503217863,335.1161575081336,304.7659805533898,319.9410690307617,318.95714033855376,303.56491625451184,324.6867736816406,319.9410690307617,301.79251586914063,322.9645767217565,315.7399706413409,7.224606080415583,1.3367813194464995,91.07138088168038,82.91968782778615,6.88447885014695,7.587544238685952,0.009123931892918602,0.009082560283745688,28345585.0,0.13299900223516747
2023-06-15,330.3933852343611,342.49382753852854,330.11926605235976,340.7903747558594,38899100,73.00461135197249,8.111451057236309,7.833278614021553,338.25324500894624,304.96729332113193,321.6102691650391,321.0364959973448,305.0247381565255,326.20618591308596,321.6102691650391,302.99759704589843,325.7070071885416,317.5955561313053,8.111451057236309,5.099485759735662,93.635736618584,89.41743374139973,6.8558074516957594,8.321487921953567,0.031896516673689534,0.03139838749054458,29074790.0,0.49590059914320217
2023-06-16,343.9428148643849,344.08965911433876,334.76957557062366,335.1415710449219,46552000,65.80666530240374,8.263217611340337,7.9192664134853095,339.79588508577007,305.75565910368306,322.77577209472656,322.3798364780664,306.20579042665867,326.8846405029297,322.77577209472656,304.14518676757814,327.15847855106165,318.8952609397213,8.263217611340337,4.244941918755172,68.45014201024935,84.38575317017127,6.855807541736392,8.51005649552176,-0.016575596405808968,-0.016714508780175663,30038590.0,0.19673719957531155
2023-06-20,332.18496735769014,334.8967905185413,328.8074005290605,330.951416015625,26375400,61.00202544141855,7.95369792790143,7.926152716368534,340.28754125718353,307.1936141383243,323.7405776977539,323.1961773864053,307.17620711642206,327.09120788574216,323.7405776977539,305.0671325683594,327.7420073917637,319.7883094638623,7.95369792790143,1.6447251877330669,53.676170732386105,71.92068312040651,6.943220553826568,8.273481779714828,-0.01250264184246852,-0.01258145749395112,29980025.0,-0.4334206908403506
2023-06-21,329.30668603957923,330.6381434386612,325.0969920993696,326.5556945800781,25117800,56.3536839837772,7.2699004781787835,7.794902268730585,340.33708405800905,308.35608305624874,324.3465835571289,323.5161314048503,307.9361870169576,327.0794616699219,324.3465835571289,305.9443420410156,327.55949772842746,320.2895972502487,7.2699004781787835,-0.5485890139255138,38.17739758910341,53.43457011057964,6.759306645750375,7.9952502504400655,-0.01328207471799836,-0.013371070382236715,30030130.0,-0.04768079346663934
2023-06-22,327.1039241601426,332.9779322220441,326.3403043071654,332.5765380859375,23556800,60.76382330387098,7.131609075266056,7.66224363003768,340.10322820477484,310.98359125323293,325.5434097290039,324.37902727923955,308.9024752941725,328.6781707763672,325.5434097290039,307.0701330566406,328.3313500911213,321.19974101585524,7.131609075266056,1.122212192565451,59.40615127533691,50.4199065322755,6.617351538712776,7.279909237885477,0.018437416972935106,0.018269508525773547,29668110.0,-0.06214716256997033
2023-06-23,327.3389323189801,330.86334374945545,326.4480672315905,327.9850769042969,23146900,56.107888374146185,6.575718804075166,7.444938664845178,338.34162652758437,314.8177423689,326.5796844482422,324.7224605768641,309.6508126122166,329.63367919921876,326.5796844482422,308.09119995117186,328.2780772931483,321.70235848907316,6.575718804075166,0.4016002352671689,43.21722386174537,46.93359090872858,6.708951720208295,5.880971039671098,-0.013805727872644447,-0.013901913232344859,29656210.0,-0.017400495822862183
2023-06-26,326.71231091411966,329.0521084557262,321.5921234240104,321.6998291015625,21520600,50.41329091759372,5.56386798279209,7.06872452843456,338.1751954683188,315.24654220257963,326.7108688354492,324.43459091254965,310.1233230627792,329.8108795166016,326.7108688354492,308.86250061035156,327.2660391098274,321.7021711270353,5.56386798279209,1.6141984921346177,21.056213144336965,41.22652942713977,6.969086394279377,5.732163316434804,-0.019163212735341495,-0.01934920709670488,28567155.0,-0.07025994841641858
2023-06-27,324.8913794122553,329.0913036434743,322.38513830210024,327.54449462890625,24354100,54.98824742532409,5.17394258957728,6.689768140663104,338.256529617605,315.32967948884027,326.79310455322263,324.73077221886933,310.80650626145086,330.07716979980466,326.79310455322263,309.82298278808594,327.30887842045485,322.13493583087757,5.17394258957728,2.8623252089212574,41.66378494680169,35.312407317628036,7.233416208569772,5.7317125321911835,0.018168071595395796,0.018005004299872642,27953330.0,0.13166454466882893
2023-06-28,327.63259343214776,330.8828850652817,326.80043631423547,328.797607421875,20259500,55.9271234829025,4.9094465916022045,6.333703830850925,338.45188387250005,315.5885824360937,327.0202331542969,325.1180898572509,311.51203964029105,330.2298950195312,327.0202331542969,310.7565582275391,327.5379136514426,322.6284670598404,4.9094465916022045,2.7724320222599643,44.452253381932614,35.724083824357116,6.68657568400669,5.715825359101601,0.0038257788285787075,0.003818479148806054,27491150.0,-0.1681277485105177
2023-06-29,327.6815778955593,329.05217399593215,325.6354683820109,328.0144348144531,16997000,55.15283606946872,4.583796965341946,5.9837224577491295,338.4824262894609,316.21005112753136,327.3462387084961,325.39393223412725,312.159192392219,330.0057037353516,327.3462387084961,311.68287109375,327.6112245995981,323.0274276342561,4.583796965341946,0.9643030250654723,39.32013934680029,41.812059225178224,6.7005601673157855,5.568093790482367,-0.0023819291556370636,-0.002384770461644764,26043470.0,-0.16103556356277304
2023-06-30,330.6576772264797,335.5331142814067,330.11923848147313,333.38909912109375,26832800,59.315638155847985,4.705169516632509,5.7280118695258055,339.1559648083732,316.3157972765877,327.73588104248046,326.1553766995526,312.99173775413567,329.265576171875,327.73588104248046,312.7151135253906,328.50012837213586,323.79495885550335,4.705169516632509,1.869629741528227,58.45666997946121,47.409687569398066,6.847407713995868,5.710041882946383,0.016385450566164472,0.01625265768822093,26046415.0,0.5786785903394718
2023-07-03,332.067483294419,333.7415673029559,329.5025044373006,330.8926696777344,12508700,56.68378150915391,4.5474964372145905,5.491908783063563,339.3677651819503,316.35756135613565,327.86266326904297,326.6065474593795,313.69373508447285,328.84068603515624,327.86266326904297,313.74314575195314,328.8682116499202,324.32071521270564,4.5474964372145905,0.19267518277852935,41.34028891760908,46.37236608129022,6.664892811221031,5.752550956453653,-0.007488035601465826,-0.007516211683843986,25378160.0,-0.5338280015503414
2023-07-05,328.05357452169636,334.4758212956056,327.701148359632,331.04931640625,18172400,56.81326967057305,4.384636111885925,5.2704542488280355,339.55685008139585,316.38483387856513,327.9708419799805,327.0296683114624,314.3743461166994,328.85047607421876,327.9708419799805,314.7811474609375,329.2037662278171,324.81913011593116,4.384636111885925,-2.8583724985154944,42.03657286031204,47.27784391912746,6.687968376163541,5.7930040507076885,0.0004734064633955537,0.00047329444190883084,25221425.0,0.45278086451829536
2023-07-06,330.2171837710964,335.7877045236946,328.4549930763807,334.10382080078125,28161200,59.364166032004285,4.450735796028255,5.10651055826808,340.225912902933,316.4588374632779,328.34237518310545,327.70339711996894,315.14805100627126,329.60528869628905,328.34237518310545,315.9581951904297,329.9576207775039,325.50688498147565,4.450735796028255,-0.3096453361202172,55.613634973138815,46.330165583686664,6.776077063265559,5.941768859913755,0.009226735242017226,0.00918442895390443,25609675.0,0.549668728401312
2023-07-07,332.1948253215119,334.61296043392633,329.92353447164146,330.138916015625,21214800,54.836360132639356,4.135513961186859,4.912311238851836,339.5500514058658,318.4896458597592,329.0198486328125,327.9353513005076,315.73592806546156,329.3615264892578,329.0198486328125,317.1800048828125,329.98551235259947,325.8499983914126,4.135513961186859,-0.24550431292357425,37.9899056912657,45.21337117490554,6.227138811559565,5.265101386526663,-0.011867283575665688,-0.011938261890805314,24634560.0,-0.24666562504438727
2023-07-10,327.5738215556575,328.1905971184104,320.71101328852956,324.8619689941406,32791400,49.432426415861144,3.420463884184869,4.613941767918443,338.8535334729609,319.82936142450006,329.3414474487305,327.6426482237107,316.093812023449,329.04921569824216,329.3414474487305,317.9065069580078,329.1972749128366,325.7768110286517,3.420463884184869,-0.5186636197281698,27.532272438725418,40.378604367710004,6.234840181801019,4.756043012115204,-0.015984019954904727,-0.0161131421785222,25110245.0,0.5456850877689161
2023-07-11,324.10822129809816,325.8704119772488,320.13347775646093,325.4886169433594,26698200,50.06178760491873,2.871248829671515,4.2654031802690575,338.2579672563904,320.98100674263304,329.6194869995117,327.43750238748675,316.4622357457984,329.4280944824219,329.6194869995117,318.46071960449217,328.6267121483016,325.75546331863006,2.871248829671515,-2.131215022975136,34.2089025956073,33.243693575199494,6.192180446438625,4.319240128439323,0.0019289667890611817,0.0019271087216743516,25318705.0,-0.18581701299731024
2023-07-12,329.53188638120173,334.4758316380157,328.62142222429776,330.1192932128906,29995300,54.56218403924219,2.777630026927966,3.9678485496008395,338.22770880155844,321.5350353390666,329.8813720703125,327.6929110375252,316.99780662686084,329.6855743408203,329.8813720703125,319.0600695800781,328.85634000439217,326.0787099774642,2.777630026927966,0.6507053091371274,63.78989907908655,41.84369137113978,6.415951216324402,4.173168365622952,0.014226845513116926,0.014126593672636502,25605455.0,0.12349521690600862
2023-07-13,332.4297499914125,336.521969128433,331.90108081108417,335.46466064453125,20567200,59.13976909273533,3.0990391358275815,3.794086666846188,338.8981801351385,321.6839945474787,330.2910873413086,328.4330776667639,317.72199698049496,330.35227966308594,330.2910873413086,319.79953918457034,329.8730047182597,326.77396558243214,3.0990391358275815,4.2787811176061,93.54846971631581,63.84909046366991,6.399168930657522,4.303546396914952,0.016192229722827634,0.016062533742855753,25486250.0,-0.31431924334812456
2023-07-14,340.2910459095937,344.0504071797022,337.0799229574127,337.9903869628906,28352700,61.132283238374136,3.517021145280978,3.738673562533146,339.9477403067375,321.4078383065438,330.67778930664065,329.3432975997284,318.516835803334,331.34987487792966,330.67778930664065,320.5924548339844,331.12183275589524,327.60481161061426,3.517021145280978,3.189152162615073,74.66221474516401,77.33352784685547,6.574688622144947,4.634975500048431,0.007529038419446854,0.007500836675900563,25603695.0,0.3785396164767203
2023-07-17,338.42121632729265,339.70370584522345,335.01431037964596,338.4701843261719,20363900,61.516198006808494,3.842694348102782,3.7594777196470734,339.34411650005825,321.7794430702543,330.56177978515626,330.2125249070087,319.29932005913156,331.8579833984375,330.56177978515626,321.4147009277344,332.25234838209167,328.4096540339889,3.842694348102782,2.941802703535535,76.66831408505254,81.62633284884414,6.376789367420782,4.391168357450999,0.0014195591998713564,0.0014185525782371123,24676935.0,-0.28176505235832916
2023-07-18,338.56805969742885,359.0781521098167,334.98494066726425,351.94122314453125,64738600,70.36647744053747,5.128672810489206,4.0333167378155,344.284713393744,318.51881138652936,331.4017623901367,332.2819247391537,320.5793946899316,333.9628387451172,331.4017623901367,322.48663330078125,335.28140603785164,330.15273322736243,5.128672810489206,7.294431522080032,81.6741850232714,77.66823795116267,7.569770574609399,6.441475501803673,0.03979977983933081,0.039028175233786766,25586265.0,2.1790865207548653
2023-07-19,354.1537002264066,354.84878274456844,345.0392010295171,347.6237487792969,39732900,65.19177721656764,5.733345470568281,4.3733224843660565,347.0138215267729,317.45693652986773,332.2353790283203,333.7430508382149,321.63995759539694,335.6202819824219,332.2353790283203,323.3698406982422,337.180227998074,331.4468825275057,5.733345470568281,4.269680591155984,70.58801101636936,76.31017004156446,7.978851500609766,7.3892212492262965,-0.012267600614268792,-0.012343468745136974,26254140.0,-0.38625642198008603
2023-07-20,346.1455646214541,350.4531652099648,338.1177404381011,339.58624267578125,33778400,56.815308252036594,5.500586008291975,4.59877518915124,347.75968513131835,318.0141277348926,332.8869064331055,334.2995452989355,322.3437334809022,336.16852416992185,332.8869064331055,324.1313720703125,337.55038410233664,332.04979809404466,5.500586008291975,2.6273090324163992,49.949743430436776,67.40397982335921,8.615902869034228,7.436389349106432,-0.023121280210974815,-0.023392769968194577,26687170.0,-0.14986321159542848
2023-07-21,341.81830135851885,342.9441468894957,332.694001980304,336.55126953125,69405400,53.99411516039233,5.013433745596785,4.68170690044035,348.04692038103286,318.1243656297093,333.0856430053711,334.5139952258226,322.9008917573864,336.80975952148435,333.0856430053711,324.86444091796875,337.39667416832333,332.38324042272654,5.013433745596785,1.6619738668326476,42.156705756032046,54.23148673427942,8.811007543479807,7.480638687830878,-0.008937267660247605,-0.008977444597362917,28979600.0,1.054727281339554
2023-07-24,338.58764053266464,339.6351792022214,335.1219672074144,337.8631591796875,26678100,55.03351704787219,4.679280762499047,4.6812216728520895,348.48393862423967,318.67515561404156,333.5795471191406,334.83296322142877,323.48764734257463,338.10987854003906,333.5795471191406,325.5200036621094,337.4684410931486,332.78916033064957,4.679280762499047,1.1252006546635278,45.52530408229962,45.8772510895895,8.830589624133504,7.452195752549527,0.0038980380322579666,0.0038904603676406637,29156160.0,-0.6156192457647387
2023-07-25,339.8211637778006,344.5008191812914,337.82402242034016,343.60992431640625,41637700,59.36450066106615,4.822586262288894,4.7094945907394505,349.1165663221033,320.2335374376623,334.6750518798828,335.6688642780933,324.2767562435092,339.92200927734376,334.6750518798828,326.3334851074219,338.4132846659575,333.5906984036686,4.822586262288894,4.080406049477574,60.281532583729025,49.321180807353585,8.82359846877476,7.220757221110266,0.017009149948966185,0.016866114025916888,30162015.0,0.5607445807609988
2023-07-26,334.2701938774004,337.43237871487065,326.1150966195682,330.67724609375,58383700,48.129802549869574,3.8482377641655034,4.537243225424661,349.0131767174593,320.65020218879073,334.831689453125,335.1934720700606,324.5277558454795,339.97780456542966,334.831689453125,326.91058532714845,337.2231248856179,333.3748871214524,3.8482377641655034,1.7900762953616964,27.073710365690953,44.29351567723989,9.549463915169342,7.090743632167158,-0.037637673732460186,-0.03836426069517167,31863495.0,0.4021835980373556
2023-07-27,333.33039238314757,334.1625196341891,322.1403841798644,323.77532958984375,39635300,43.40836814974539,2.49042451587502,4.127879483514733,349.37649280507543,319.7846583179715,334.58057556152346,334.1060299290876,324.4982489334938,338.8088714599609,334.58057556152346,327.34007385253904,335.15423330165265,332.66380878577763,2.49042451587502,-0.5263739695738012,9.351347504768663,32.23553015139624,10.073228878886473,7.397958621775975,-0.02087206357690996,-0.02109296427143625,32832285.0,-0.3211238753282166
2023-07-28,326.66336048500244,332.87022482957593,326.1738598596252,331.2646484375,28484900,49.22855234639608,1.9956683517467582,3.7014372571611385,349.3048893234282,320.1812831619233,334.74308624267576,333.835422167984,324.76359793365094,338.13629760742185,334.74308624267576,327.8748028564453,334.55583563024453,332.5601672784978,1.9956683517467582,0.34695191955071436,28.582009904725062,21.66902259172825,10.049442629789098,7.2809015403762265,0.02313122144650026,0.022867749952141532,33406680.0,-0.28132498050979804
2023-07-31,329.8451818704879,330.60880180685933,326.3599092198598,328.8661804199219,25446000,47.54223089854324,1.393965437118709,3.239942893152653,349.3059897330866,319.72789088214773,334.5169403076172,333.3621610491209,324.9244835213479,337.1758972167969,334.5169403076172,328.3039990234375,333.6805040594257,332.286538622307,1.393965437118709,-1.9669673139136792,18.208453344587824,18.713936918027205,9.990000129564265,7.3945247127347145,-0.007240337986232914,-0.00726667644320204,33337340.0,-0.10668459429381882
2023-08-01,328.1514676458398,331.4311281711662,326.692765182679,329.2773132324219,18311900,47.871862166308375,0.9394570481695155,2.7798457241560257,349.32586375700066,319.54648121370246,334.43617248535156,332.973127923721,325.09518272570375,334.9095062255859,334.43617248535156,328.6529150390625,333.0030900860405,332.063633037871,0.9394570481695155,-2.5779057826947587,19.32149518642207,22.037319478578343,9.686510721980758,7.444845635824552,0.0012501523019941008,0.0012493715122746387,33627500.0,-0.2803623359270613
2023-08-02,326.62420753627333,326.62420753627333,319.50684898513873,320.6229248046875,27761300,41.902866730456644,-0.11772389522161575,2.2003318002804977,349.9869820314427,317.8427237791042,333.91485290527345,331.7969181028607,324.9198000621345,332.209423828125,333.91485290527345,328.8322674560547,331.0984492735247,331.2161731687463,-0.11772389522161575,-5.272919254915994,2.8204171493476724,13.450121893452545,9.927067031390814,8.036064563084638,-0.026282978146221825,-0.026634549529833716,34106945.0,0.5160250984332593
2023-08-03,319.154453640907,322.9529838203489,319.1055155220307,319.80059814453125,18253700,41.37496722082107,-1.010256688201821,1.5582141025840341,350.46502490746155,315.9343586374603,333.19969177246094,330.6544114401627,324.7190470457579,330.230859375,333.19969177246094,328.93956787109374,329.36031833060264,330.37057501880446,-1.010256688201821,-9.132384297818062,1.738896109527398,7.960269481765738,9.588618585901331,8.63266656750032,-0.0025647781132842606,-0.0025680727912871606,33611570.0,-0.34247675721237836
2023-08-04,324.910975755622,328.10252974603515,320.3683951097149,320.8970642089844,23741500,42.41666053837237,-1.6105542423672432,0.9244604335937787,350.82307701286254,314.6521213513953,332.7375991821289,329.7251402752886,324.5691653658845,328.6654388427734,332.7375991821289,329.18470886230466,328.05827923496906,329.6688334773363,-1.6105542423672432,-7.688394324083142,4.481937745135094,3.0137503346700782,9.846656881324646,9.04273891536682,0.0034285929132551463,0.003422728688775638,33737905.0,0.3006404181070139
2023-08-07,321.4747389768859,324.1571937032398,320.6425816716518,323.1781921386719,17741500,44.62130532123616,-1.8805486252583705,0.3634586218233489,350.9081364566216,314.3986842220893,332.65341033935545,329.1016214051346,324.51461739618986,327.1969421386719,332.65341033935545,329.5030810546875,327.3074966047695,329.18804523002785,-1.8805486252583705,-4.8317771673615475,11.394248296566342,5.871694050409634,8.376756923398615,9.12736305863307,0.007108597067756017,0.007083450094424364,32985410.0,-0.25272202683065514
2023-08-08,320.09426392900343,321.84668466116545,316.21742705872686,319.203369140625,22327600,41.63038373688269,-2.38773182964394,-0.1867794684701088,351.31536851752634,313.3629273809111,332.3391479492187,328.15893071327656,324.3063331508736,324.75628662109375,332.3391479492187,329.50562561035156,326.06070776413185,328.4484395937758,-2.38773182964394,-5.15460851322511,8.721710829506893,8.199298957069466,8.17327002089102,9.488110284153812,-0.01229916836820888,-0.012375429080163345,32766880.0,0.2584956176197053
2023-08-09,319.614579306117,320.24112464866727,314.3083787208824,315.463623046875,22373300,38.98282804093031,-3.0562142926423235,-0.7606664333045517,352.0208930692181,311.1918358126178,331.60636444091796,326.9498537926669,323.9595602056188,323.23492431640625,331.60636444091796,329.2969024658203,324.43038703840006,327.4866013310424,-3.0562142926423235,-6.629765786597537,3.8262701138964608,7.980743079989922,7.7159358177425315,10.207264314150088,-0.01171587287383069,-0.011785044513990003,32385780.0,0.0020467941023665226
2023-08-10,319.1740058162668,321.3669891320305,314.43564292025485,316.1488952636719,20113700,39.73909655543727,-3.4904598712283246,-1.3066251208893065,352.0880327255714,309.1931196181786,330.640576171875,325.9211910756198,323.6532596196601,322.47228088378904,330.640576171875,329.13477966308596,323.15631138074957,326.6467712519779,-3.4904598712283246,-7.991919647654718,6.095951551855956,6.214644165086459,7.478878767927098,10.72372827684818,0.002172270165980539,0.0021699141983920274,32363105.0,-0.10099538288942622
2023-08-11,313.53491418516734,315.6397606576513,312.50694506366796,314.2691650390625,24355500,38.335500415406685,-3.9408534350895934,-1.8334707837293638,351.7955897343555,307.11344041701176,329.4545150756836,324.8114743102334,323.2852559106171,320.7727325439453,329.4545150756836,328.99027648925784,321.7890580974131,325.7299115325027,-3.9408534350895934,-4.961962532503873,5.507991839049736,5.143404501600741,7.416645782584019,11.17053732933593,-0.005945711823669875,-0.005963457945395945,32163245.0,0.21089108418640024
2023-08-14,314.64127845171237,317.25519549333154,313.3587591141242,317.2356262207031,18836100,41.827466238580506,-4.012175096729322,-2.2692116463293557,350.94709967770825,305.83847466311204,328.39278717041014,324.08996496837335,323.0480155306205,319.60967712402345,328.39278717041014,328.82306396484375,321.0885301163808,325.10070521311013,-4.012175096729322,-2.019827569143416,18.971309479331772,10.191750956745844,7.218048612459455,11.277156253649048,0.009439237162423897,0.009394965936343883,32086855.0,-0.22661821765104395
2023-08-15,316.21745534246327,318.2635647035866,314.16154640668196,315.10137939453125,16966300,40.06938822497765,-4.192584406406866,-2.653886198344858,346.91890622871114,306.18268373710913,326.55079498291013,323.233909199436,322.73638274096993,318.19208374023435,326.55079498291013,328.5579510498047,320.16743000532705,324.3600144117339,-4.192584406406866,-4.879261677697036,11.98044560034437,12.15324897290865,6.261419369607069,10.184055622900496,-0.006727639173435884,-0.006750371752955413,29698240.0,-0.09926683336784159
2023-08-16,314.72854423868324,318.2800574602853,313.74747018564494,314.33612060546875,20698900,39.42943895469036,-4.347198277145992,-2.9925486141050848,343.3557928909867,306.4170342574508,324.88641357421875,322.38650076191533,322.4069606964405,317.5634033203125,324.88641357421875,328.26695861816404,319.27030548227197,323.61750375941796,-4.347198277145992,-4.418228653338576,8.982715764987836,13.311490281554683,5.726451642486759,9.234689658383973,-0.0024286113584552904,-0.002431565218508379,28746540.0,0.22000082516518038
2023-08-17,314.47357871058,315.7783944149159,310.22551003328005,310.8828430175781,21257200,36.58957188533508,-4.694268914768884,-3.332892674237845,341.56858697602877,305.3339002065884,323.4512435913086,321.29091431007373,321.9550345129557,316.6716278076172,323.4512435913086,327.95115234375,317.9799266415498,322.6741955563187,-4.694268914768884,-5.586315690647029,3.0998058157223998,8.020989060351559,5.4734508669084505,9.058671692360093,-0.010985939449907889,-0.011046730524092193,28120480.0,0.02697244781123631
2023-08-18,308.53796821025577,312.3543606335649,305.65360810986385,310.4903259277344,24755000,36.26980433452748,-4.944006317056221,-3.6551154028015205,340.0458421942718,304.2505506279938,322.1481964111328,320.262286845089,321.505438097849,315.6309539794922,322.1481964111328,327.829169921875,316.8276803778859,321.7716866949421,-4.944006317056221,-3.1602852113976434,18.763317054426352,10.281946211712219,5.601737531627082,8.948822891569494,-0.0012625884594781311,-0.0012633861958329757,25887960.0,0.16454660068118088
2023-08-21,311.91289216820854,316.6612873829202,311.03975175794454,315.78814697265625,24040000,43.45288747381885,-4.660709368631615,-3.8562341959675397,337.5283905100377,304.5605010915248,321.04444580078126,319.83617828580975,321.2812306027434,314.89194946289064,321.04444580078126,327.7763330078125,316.66775216169674,321.32846153032835,-4.660709368631615,-1.254672816484729,45.14488057396445,22.336001148037756,5.704065993534125,8.24197235462822,0.01706275720215178,0.016918823325926924,25756055.0,-0.028883053928499325
2023-08-22,319.3396208763862,319.9086306831472,315.37607311272194,316.3571472167969,16084600,44.180584793803824,-4.340249240064054,-3.9530372047868427,332.38328893135036,306.98032496025115,319.68180694580076,319.50484199352286,321.08812929349057,314.6073272705078,319.68180694580076,327.7049194335938,316.6199667855583,320.96021602562234,-4.340249240064054,-1.4147580325729863,47.67952456872904,37.195907399039974,5.32992980232999,6.350740992774813,0.001801841676438487,0.0018002203070667862,24478400.0,-0.33092346089850244
2023-08-23,317.69147037188395,322.96965461983046,317.3382680735776,320.811279296875,21166400,49.643576500708264,-3.6843995803531016,-3.8993096799000946,330.8125804777477,307.5644367341664,319.18850860595705,319.62926459384215,321.07727243087817,315.1420928955078,319.18850860595705,327.62351318359373,317.2647840949916,320.9491836753447,-3.6843995803531016,-0.7323863117537527,67.52070960320889,53.44837158196748,5.527432595523948,5.812035935895316,0.014079441919564895,0.01398124718850357,22617535.0,0.3159419569028761
2023-08-24,326.55054687218063,326.6780913060097,313.9044863180203,313.914306640625,23281400,42.67838126655517,-3.678755647683772,-3.85519887345683,330.3368695959815,307.0540453210107,318.6954574584961,319.08498288401194,320.79637181165253,314.91863403320315,318.6954574584961,327.35639221191406,316.7493260250891,320.42808167277286,-3.678755647683772,-1.6569569783174514,39.29085178310337,51.49702865168046,5.84683783741577,5.820706068742723,-0.021498535436054955,-0.021732995403186503,21799840.0,0.09992251870889701
2023-08-25,315.38590853898717,319.20227141780845,312.76642738205277,316.8673400878906,21684100,46.16142052710029,-3.396841002104793,-3.763527299186423,328.0147269429735,307.9364571390577,317.9755920410156,318.8737788081909,320.6422921362109,315.17845153808594,317.9755920410156,327.0886120605469,316.76748203475086,320.16432303685565,-3.396841002104793,0.44496954275043166,53.336540420087154,53.38270060213316,6.05549726628489,5.019567450978941,0.009407132407782681,0.009363160886561162,21459800.0,-0.06860841701959508
2023-08-28,319.49656611253965,319.97728279727545,315.63113211282007,317.57366943359375,14808500,46.99110364538865,-3.080911904605273,-3.627004220270193,326.0426788525035,308.77925413089497,317.41096649169924,318.74995886775304,320.52195399101026,315.212255859375,317.41096649169924,326.62427795410156,316.89151086534207,319.97242276994734,-3.080911904605273,0.45066555387884455,56.69609670079805,49.77449630132955,5.868739095178488,4.315856180402122,0.002229101129536337,0.0022266203695061443,20927925.0,-0.31708025696247477
2023-08-29,315.7881667802801,322.7537995550599,315.7881667802801,322.194580078125,19284600,52.182784067512685,-2.4296593476889257,-3.38753524575394,324.06765147446976,310.04600819349895,317.05682983398435,319.0780180306456,320.5875471708971,315.92157592773435,317.05682983398435,326.36533813476564,317.70736766730863,320.13702701499756,-2.4296593476889257,2.521855759561203,78.6748088594795,62.90248199345493,5.942516727106697,3.5054108202427012,0.014550673085627075,0.01444582786395772,20976560.0,0.3022655907080394
2023-08-30,322.4496587032038,323.5680676815254,320.2716728612012,322.5673828125,15222100,52.586243391823935,-1.8619910653377474,-3.0824264096707017,324.42230106163,309.88580440712,317.154052734375,319.4103384860603,320.66518778429327,316.7447021484375,317.154052734375,326.1976574707031,318.45506230503037,320.3170533703681,-1.8619910653377474,1.6806928828628893,80.44799267996619,71.93963274674793,5.6828773420030245,3.634124163627496,0.001157073263878594,0.001156404370532287,20349600.0,-0.21066031963328247
2023-08-31,322.9696033369281,324.64723165247267,320.5953908586677,321.5568542480469,26411000,51.32216323935729,-1.476629406923962,-2.761267009121354,324.6850757564606,309.7986553226409,317.24186553955076,319.61476855863043,320.70015509659737,317.8121032714844,317.24186553955076,326.0976806640625,318.93226106549446,320.4088904724184,-1.476629406923962,2.0486977448083055,75.6415555607966,78.25478570008079,5.712155241560241,3.7216051084549346,-0.003132767348149712,-0.003137684736486563,20757465.0,0.7350431280835101
2023-09-01,325.03972125664615,325.7068445895404,320.59545591190596,322.43988037109375,14942000,52.39894740985996,-1.0874393637992057,-2.4265014800569245,324.9512980483695,309.68671464694296,317.3190063476562,319.8838268264841,320.76837961716586,319.00705871582034,317.3190063476562,325.89494750976564,319.4718948048174,320.5593341686166,-1.0874393637992057,2.5780555381340458,79.84154523383052,78.64369782486445,5.798937548590751,3.816145850356627,0.0027460964099546015,0.00274233277583519,20317490.0,-0.43425088031502024
2023-09-05,322.77339871686183,328.51268854222997,322.4398370951833,327.2372741699219,18553900,57.85368098967968,-0.38742783764047317,-2.018686751573634,325.98133189515363,309.06258900328385,317.52196044921874,320.58415514490673,321.0220617564896,320.1519714355469,317.52196044921874,325.87999145507814,320.666568553295,321.0539963909355,-0.38742783764047317,5.260641273606414,94.42053508634478,83.301211960324,5.939711345029467,4.2296857229674485,0.014878413282211955,0.014768815448629262,20358110.0,0.2417280149912997
2023-09-06,327.0704931119819,328.13003998213503,323.9310439692956,326.5799560546875,17535800,56.891712363205976,0.1129937401876191,-1.5923506532213836,327.25380811688285,308.5277714729609,317.8907897949219,321.15518380298107,321.24001839563465,321.17425231933595,317.8907897949219,325.97759399414065,321.5763204765862,321.4633267363986,0.1129937401876191,5.182006904362597,91.54501208716202,88.60236413577913,5.915883397757971,4.68150916098048,-0.0020086896179591918,-0.002010709740602739,20118520.0,-0.054872560485935584
2023-09-07,325.02005529596454,326.77615642313435,322.8028181923794,323.6661682128906,18381000,52.707896117856826,0.2713353338390334,-1.2196134558093004,327.931064918409,308.6707691880363,318.30091705322263,321.3943251753534,321.33516152572315,321.4597412109375,318.30091705322263,325.9000274658203,321.89783551294073,321.6265001791017,0.2713353338390334,2.4947172070130055,78.79827080674178,88.2546059934162,5.803058672695049,4.81507393259318,-0.0089221269945573,-0.008962167511923297,19918905.0,0.04819854241038324
2023-09-08,323.8427514132207,329.79787848396427,323.2246699296337,327.9436340332031,19530100,57.63350005336524,0.7335223420656121,-0.8289862962343179,329.3728072698006,308.4085007135978,318.8906539916992,322.018068876101,321.5943173103302,322.8626739501953,318.8906539916992,325.88294799804686,322.82795836221186,322.09443602014625,0.7335223420656121,3.662470381447121,90.1149806809382,86.81942119161403,5.793948389168585,5.241076639050711,0.01321567170251492,0.01312910655686642,19889725.0,0.06251564115118868
2023-09-11,330.8574560496714,332.01514636855427,329.0817141298704,331.5442199707031,16583300,61.28845996586427,1.3745016701113286,-0.38828870296518864,331.41398150792884,308.0948319686337,319.75440673828126,322.9253213613012,321.9845095715213,324.3303619384766,319.75440673828126,325.9535437011719,324.1689216865951,322.7944200164838,1.3745016701113286,3.3455621315284207,97.55346629465893,88.82223926077965,5.643987737751822,5.8297873848238,0.010979282912793042,0.010919448149636237,19501115.0,-0.15088504411139725
2023-09-12,329.4643042616368,330.4159473154807,325.20644635330586,325.4909362792969,17565500,53.00883243238362,1.378146585133436,-0.03500164534546374,332.0339592116974,308.3003852707245,320.16717224121095,323.16966563920556,322.122016501238,325.12208862304686,320.16717224121095,325.79558044433594,324.3723085470108,322.99416196187735,1.378146585133436,3.687831167225206,66.10574400388613,84.59139699316113,5.772931741106967,5.933393485243203,-0.018257847149140916,-0.018426578577750975,19437585.0,0.059228259755296
2023-09-13,325.0396659724569,330.4748250083912,324.90233116375424,329.69976806640625,16544400,57.32556456373206,1.7010441786650858,0.3122075194566462,333.238297665299,308.5558856843104,320.8970916748047,323.7915801560818,322.4191832292838,325.872607421875,320.8970916748047,325.7717224121094,325.1919177038409,323.4908735251758,1.7010441786650858,4.0497793098387005,87.97126030167661,83.87682353340723,5.698645058364349,6.170602995247154,0.012930718855709955,0.012847830880033266,19416490.0,-0.05813099541715294
2023-09-14,332.7312602833099,334.4088885367708,330.2001023910707,332.289794921875,20267000,59.77444876859664,2.141253333820771,0.6780166823294711,334.72439141459165,308.8651593666583,321.794775390625,324.6009339433002,322.806266040758,326.8448486328125,321.794775390625,325.79653198242187,326.28389881430763,324.14264548048686,2.141253333820771,4.633924945518339,90.20862923238357,81.4285445126488,5.122610449962573,6.46480801198335,0.007855713307469037,0.00782501784339547,19394895.0,0.22500664877541654
2023-09-15,330.54354630179284,331.01444277565355,323.4111174113431,323.9703369140625,37679800,49.87409061359373,1.798084331295911,0.9020302121227591,334.3361601119496,310.56214005894884,322.4491500854492,324.54087708337283,322.85191587892683,327.08619689941406,322.4491500854492,325.5938623046875,325.9279662142699,324.12988188297396,1.798084331295911,0.5511442295233268,44.41001689960099,74.19663547788709,5.297098555303729,5.943505013250176,-0.025036754468395594,-0.025355505585497665,20216025.0,0.859170079439483
2023-09-18,321.5960515105036,324.1468499483667,320.18330252768726,322.83221435546875,16834200,48.686084019491396,1.417938335113206,1.0052118367208485,333.5362210061788,312.59626800749305,323.0662445068359,324.37814729976293,322.8511432701638,327.12543029785155,323.0662445068359,325.4477282714844,325.45169669753125,324.03375836241804,1.417938335113206,0.08210115376813833,37.82907916946491,57.48257510048318,5.2697697507483054,5.2349882496714395,-0.0035130455752053757,-0.0035192308100688878,19819985.0,-0.553230112686373
2023-09-19,319.99691781454794,323.1559772730054,318.36833139161627,322.4299621582031,16505900,48.24863947000984,1.0718558171241739,1.0185406328015136,333.3023525644993,313.4943179677273,323.3983352661133,324.1926058577096,322.8346263638124,326.6446990966797,323.3983352661133,325.39908813476563,324.9868144607115,323.91495864358734,1.0718558171241739,0.27152520576741934,25.321008053724487,35.85336804093016,5.114199258363259,4.952008649193012,-0.0012460100924832629,-0.0012467870084890596,19443280.0,-0.01950196623540179
2023-09-20,323.2737978591876,323.35227062853517,314.44412927703394,314.6991882324219,21436500,40.68307747127995,0.1717937497812727,0.8491912561974655,333.4916199549053,313.1392546788838,323.31543731689453,323.28847084577745,322.5155895743461,325.4566223144531,323.31543731689453,325.18329956054686,323.4041027332823,323.232308983501,0.1717937497812727,-2.400662141966796,1.277545860031068,21.475877694406847,5.515038296304474,5.088091319005366,-0.023976599054364778,-0.024268716477748725,19710875.0,0.2987174283135121
2023-09-21,313.2177867362956,319.1925255568155,309.0384006890308,313.482666015625,35560400,39.62999615370732,-0.6323853544600411,0.5528759340659642,333.9954344877549,311.9025788179092,322.94900665283205,322.3545846714772,322.1613572779257,324.4382720947266,322.94900665283205,324.8505670166016,321.87772785364274,322.5101132081028,-0.6323853544600411,-4.203252269836055,17.51746104870457,14.705338320820067,5.950915730160168,5.523213917461425,-0.0038656668408639794,-0.0038731578423019577,20430575.0,0.6588715508595153
2023-09-22,315.23874198409163,315.36628640951005,310.16657563325697,311.01031494140625,21447900,37.505213408983835,-1.4524581246214439,0.15180912232848265,334.412305267699,311.1953088680432,322.8038070678711,321.2741780305181,321.72406150002297,322.74494018554685,322.8038070678711,324.3614801025391,320.20581817483713,321.6582762994586,-1.4524581246214439,-4.7674821508868215,7.772472741595651,8.855826550110452,5.957224451490069,5.8042490999139575,-0.007886723389342154,-0.007917988084749531,20338900.0,-0.396859990326318
2023-09-25,310.5983019329907,311.65787891913794,309.0383974245064,311.53033447265625,17836000,38.255083286037845,-2.036930011860477,-0.2859387045093093,334.93833368321924,310.1355798909995,322.5369567871094,320.34619292976936,321.3243074989498,320.74355163574216,322.5369567871094,323.83227905273435,318.8711283745016,320.9080583863621,-2.036930011860477,-3.7494909669558236,9.822186874992017,11.704040221764103,5.710555169174703,6.200688448054937,0.0016720330685751073,0.001670636777497133,20146495.0,-0.16840343343637376
2023-09-26,309.1659156883459,309.9017213341856,304.1526109858872,306.2325134277344,26297600,33.804843968292545,-2.894254907020354,-0.8076019450115184,336.22540036842554,307.7143976052073,321.9698989868164,319.0020329771946,320.7324724373335,318.8177093505859,321.9698989868164,323.1875256347656,316.92672607499895,319.8209809820193,-2.894254907020354,-6.620381782825087,6.874283984040373,8.156314533542703,5.9376071315982495,7.127750690804562,-0.017005795130319412,-0.01715205420363952,20720950.0,0.4744113029827315
2023-09-27,306.38940108139303,308.351549099692,303.82881228871406,306.8701477050781,19410100,34.78813011945584,-3.482099826607964,-1.3425015213308078,336.97508296646987,305.43227176985823,321.20367736816405,317.84661533223107,320.188851859598,316.5347473144531,321.20367736816405,322.2861041259766,315.3795601719342,318.86165999854217,-3.482099826607964,-7.44216631730311,9.945480160656334,8.880650339896265,5.976849887328464,7.885702799152913,0.0020821900006846583,0.0020800252475159553,20727225.0,-0.26190602944755415
2023-09-28,305.10420093112447,309.5092436550282,303.5933684920157,307.7040710449219,19683600,36.12450151655103,-3.83645623704831,-1.8412924644743083,337.3242732419663,303.59675031760406,320.4605117797852,316.88065873343976,319.69925261196363,314.0761749267578,320.4605117797852,321.4877105712891,314.19871569085535,318.03517192790366,-3.83645623704831,-5.464626891826096,13.339715010280404,10.053159718325727,5.929897502234313,8.431880731090565,0.002717512101063635,0.002713826340942437,20950300.0,0.014090602315289358
2023-09-29,311.73631826659,313.42376704064515,309.0187535875625,309.774169921875,24147300,39.44207932406166,-3.905229511601533,-2.2540798738997534,337.38462063447435,302.3581344924788,319.8713775634766,316.2038502751955,319.3100336829405,312.65655822753905,319.8713775634766,320.89146911621094,313.5180163417815,317.42324585338304,-3.905229511601533,-6.043558435418114,20.057430219845603,14.447541796927473,6.047624906546608,8.756621535498866,0.00672756414929232,0.006705035077007705,20837115.0,0.22677254160824245
2023-10-02,310.294137124608,315.7979787841784,309.21494955018176,315.70965576171875,20570000,47.81176736927557,-3.4411216168440433,-2.4914882224886115,337.0988721051074,301.97086056090825,319.5348663330078,316.15678413105485,319.1688423919122,311.9443023681641,319.5348663330078,320.4746368408203,313.85519163715645,317.2963132540005,-3.4411216168440433,-4.989662461362807,39.31878239311192,24.238642541079333,6.065143164875134,8.782002886049773,0.01916068677172378,0.018979432458109673,21118515.0,-0.14814492717612326
2023-10-03,314.75793318600626,315.3073621270641,305.3200068478354,307.4587707519531,21033500,39.6152453303025,-3.6964795164102497,-2.732486481272939,336.5066787934571,300.58520353076165,318.5459411621094,315.32840190447376,318.7096238962276,310.4471832275391,318.5459411621094,319.8665490722656,312.8711268855867,316.56760640199695,-3.6964795164102497,-5.096629006034367,12.543686604423593,23.97329973912706,6.409225669821309,8.980368815673867,-0.026134408179118163,-0.026481980939060012,21242495.0,0.022532814778803978
2023-10-04,308.086742575961,313.9830083427308,308.0573115463436,312.9234313964844,20720100,46.19439381506466,-3.4184937792826418,-2.86968794087488,335.574459166147,300.1517706922515,317.86311492919924,315.0993570941891,318.48271438643377,310.2696075439453,317.86311492919924,319.2528192138672,312.8791737334171,316.2976675126997,-3.4184937792826418,-3.0693290565091713,34.02515455069502,28.629207849410204,6.538876892707959,8.855672118473885,0.017773637197489256,0.017617533085802144,21401710.0,-0.014900040411724103
2023-10-05,313.05094717371253,313.92411753909374,308.94024408682094,313.3158264160156,16965600,46.64393670522331,-3.1304393252253817,-2.921838217744981,334.9475210080356,299.7436746706754,317.3455978393555,314.9294970296011,318.2800913287703,310.2529235839844,317.3455978393555,318.9055908203125,312.94635106920146,316.07679039442684,-3.1304393252253817,-2.8267024817363495,47.303216949631114,31.290686034916604,6.260676602832311,8.80096158434006,0.0012539649644647266,0.0012531794070377567,21330940.0,-0.18120086293019821
2023-10-06,310.55904872586825,322.95984189117127,310.31378015794706,321.0663757324219,25673600,54.6954750657228,-2.250803675578595,-2.7876313093117036,333.9899200090541,300.0135498395787,317.0017349243164,315.513961667965,318.3893573838155,311.25852966308594,317.0017349243164,318.8514117431641,314.1955856327738,316.4463893083524,-2.250803675578595,2.0232614948143746,88.43106322244302,56.58647824092308,6.8808561965855075,8.49409254236887,0.024737177834467827,0.024436167842415868,21638115.0,0.513273918989013
2023-10-09,318.6037977229235,324.0487467241728,317.06350427889305,323.5778503417969,19891200,56.96183966428182,-1.335634708576606,-2.497231989164684,332.49403482476134,300.71279806098084,316.6034164428711,316.2819510654728,318.59282769589316,312.46328125,316.6034164428711,318.69767578125,315.63901097262357,316.9746456812002,-1.335634708576606,3.220332548042289,97.69793363372933,77.81073793526785,7.037827379720552,7.945309190945131,0.007822290962875789,0.007791855458802788,21803510.0,-0.2252274710208152
2023-10-10,324.69629510828605,324.8336598616772,321.4685826836827,322.1749572753906,20557100,55.29775225105268,-0.7153127743872005,-2.1408481462091875,332.0036743386162,300.87156064673536,316.43761749267577,316.84318975213165,318.7333033656774,314.0575256347656,316.43761749267577,318.56385131835935,316.6445411730493,317.3598539474365,-0.7153127743872005,3.5897980863071286,87.48273957256488,91.20391214291243,6.641894224470069,7.7830284229702045,-0.0043355658149171195,-0.004344991634424815,21953090.0,0.03347711550836552
2023-10-11,324.94157131039,326.5211163115986,322.9107705088474,326.1286926269531,20063200,58.93853126239824,0.09424384340024972,-1.6938297482873002,331.25611443181697,301.2620130095893,316.2590637207031,317.72752335925753,319.02331863082543,315.98338012695314,316.2590637207031,318.50087890625,318.1036413967268,318.00939755332655,0.09424384340024972,4.686014984386121,98.2884333527505,94.48970218634827,6.2270395222145885,7.498525355556934,0.01227201327191585,0.012197322566398612,22129030.0,-0.02402576238866372
2023-10-12,324.313686937738,327.3157714229003,322.4986937835042,324.89251708984375,19313100,57.36537442300357,0.6288255513172203,-1.229298688366396,329.5246486447312,302.25375101347197,315.8891998291016,318.40990371455143,319.2534832762771,317.7022247314453,315.8891998291016,318.5862707519531,319.14808381105246,318.51925825973524,0.6288255513172203,6.093410347988022,89.78495416287835,91.85204236273127,6.199708583867659,6.817724407814806,-0.003790453170961494,-0.0037976551435021278,22081335.0,-0.03738685753020454
2023-10-13,326.08945496838265,327.5119946274533,320.1833689854534,321.5274658203125,21072400,53.202431835560596,0.7720541323002408,-0.8290281242330688,329.13892652710297,302.3951860217252,315.7670562744141,318.70681439129055,319.3426590623177,318.87755432128904,315.7670562744141,318.62080810546877,319.51414258170786,318.7420884494076,0.7720541323002408,4.776390999531501,74.97962979456338,87.68433910339745,6.536076022965399,6.685935126344438,-0.010357429280529407,-0.010411440721319547,21250965.0,0.09109361003671079
2023-10-16,324.78460909741796,329.77830323276595,324.34314366168616,326.34454345703125,22158000,57.91106804393322,1.2597402208166386,-0.41127445522312733,329.78906914735063,302.09627631163374,315.9426727294922,319.43421715945635,319.61724276407114,319.9410430908203,315.9426727294922,318.72975769042966,320.5649734856038,319.30523326478715,1.2597402208166386,6.05792193415213,86.88650626884733,83.88369674209638,6.598441303371426,6.92319820892923,0.014981854269988881,0.01487073476743164,21517155.0,0.05151762495017187
2023-10-17,323.3522581029233,327.1490106557738,321.2135234259186,325.7755126953125,18338500,57.17917683006928,1.582081679878172,-0.012603228202867411,330.36125104723794,301.85864946545735,316.10995025634764,320.0381500676331,319.8587435456884,321.77271728515626,316.10995025634764,318.7817041015625,321.366594902482,319.78451322260383,1.582081679878172,5.1654864501688555,84.71338356545866,82.19317320962314,6.6993520475769435,7.125650395445162,-0.0017436503018891658,-0.0017451722294737691,21608785.0,-0.17237566567379725
2023-10-18,326.1973576731345,329.23869374170175,322.0866542980727,323.8623962402344,23153600,54.67720943414865,1.6639857077421425,0.3227145589861346,331.2122036120583,301.9240177014182,316.56811065673827,320.40236398883326,320.0157495337098,322.8666137695312,316.56811065673827,318.8748846435547,321.75056433905934,320.0865786313172,1.6639857077421425,2.5823538589104444,75.81226877201257,82.47071953543956,6.787649496192415,7.322046477660024,-0.0058724992533966125,-0.005889810182687067,21694640.0,0.2625678217956757
2023-10-19,325.8637167069563,330.5042074141456,324.6471945516685,325.0494384765625,25052100,55.96472908959897,1.8038855580235804,0.6189487587936238,332.18575476133515,302.10714379823514,317.14644927978514,320.84494251147413,320.21314910009625,324.03997497558595,317.14644927978514,319.06660095214846,322.25808343713675,320.45419787911317,1.8038855580235804,5.721309456089937,78.34051184900378,79.62205472882503,6.853514866062982,7.5196527407749985,0.0036652672558119548,0.003658566532087906,21169225.0,0.0819958883283809
2023-10-20,325.441899996805,325.63812679181063,319.2905761994472,320.48748779296875,25027700,50.07703872097308,1.5290203086066754,0.8009630687562341,332.44118880363544,302.7994270410911,317.6203079223633,320.81089920494986,320.22390748020894,323.9820861816406,317.6203079223633,319.1533728027344,321.9856841072647,320.45666379865804,1.5290203086066754,2.4172227572503076,60.226175951852326,71.45965219095625,6.836694963089185,7.410440440636082,-0.014034636407848078,-0.014134053199197074,21348215.0,-0.0009739702460073163
2023-10-23,319.31019990102027,326.4328077015871,318.25065300887303,323.08734130859375,24374700,53.10493291084805,1.5036410311520285,0.941498661235393,332.9201459734752,303.4761705548451,318.19815826416016,321.0277032148207,320.3361990028907,323.9330352783203,318.19815826416016,319.329736328125,322.1551698305461,320.65152879939404,1.5036410311520285,3.1187428366940098,66.95816584514631,68.5082845486675,6.679016804434233,7.36099385465751,0.008112184140257162,0.008079457246420162,21675150.0,-0.026091091071093198
2023-10-24,325.02986091343166,325.5596493490343,321.3999044443215,324.2744445800781,31153600,54.46302384634813,1.5613191684083176,1.065462762669978,332.9183925216804,305.2821171218743,319.10025482177736,321.33691667817857,320.49064000591767,324.1429840087891,319.10025482177736,319.4705126953125,322.48121209970486,320.91989293129654,1.5613191684083176,0.9991917840471307,71.11030686008702,66.09821621902859,6.510124469715314,6.909068849951535,0.003674248785719314,0.003667515222467031,21917950.0,0.2781121408673748
2023-10-25,338.4902135639039,339.64790388750646,331.2302703891526,334.2225646972656,55053800,63.89850545436765,2.3822980127191045,1.3288298126798033,334.6001114256187,306.3356399171547,320.4678756713867,322.5641212514249,321.0291468565588,324.95237121582034,320.4678756713867,319.8529364013672,324.28757403779116,321.90527602507206,2.3822980127191045,3.289691906978393,81.50502384097524,73.19116551540289,7.2522377450835664,7.066117877116014,0.030678088524890956,0.030216924005580893,23700135.0,0.7671729751938781
2023-10-26,334.0949997460641,335.1643669777935,320.75238530520863,321.6844177246094,37828500,49.87239818935767,1.9981723001840805,1.462698310180659,333.96050305984465,308.37328295089753,321.1668930053711,322.4803399631568,321.0548437533451,324.6315612792969,321.1668930053711,319.99990234375,323.8870884511478,321.8889161509637,1.9981723001840805,-0.1522587462817427,20.460643301555677,57.691991334206,7.37837488360933,6.396805027236782,-0.037514364070580175,-0.03823613664125111,24607380.0,-0.31288121800856616
2023-10-27,324.1763153652428,330.3472799837888,322.1847360926127,323.56805419921875,29856500,51.59155696534152,1.82470951141255,1.5351005504270372,333.49971078478166,310.21346365369493,321.8565872192383,322.58393179516264,321.1534010257323,324.8356201171875,321.8565872192383,320.2536065673828,323.8380062585433,322.01329674713077,1.82470951141255,-0.7851619577255035,24.850861545281486,42.27217622927083,7.498204870316447,5.8215617827716954,0.005855541551975207,0.005838464499706435,24892840.0,-0.21074057919293654
2023-10-30,327.09993377177346,333.02562998161824,325.54981985866505,330.9261169433594,22828100,57.695085278356636,2.254979174882976,1.6790762753182251,334.55422303065643,310.68059752598424,322.61741027832034,323.37842561880046,321.53664478720793,325.2937774658203,322.61741027832034,320.6623223876953,324.9284848254381,322.6735056505551,2.254979174882976,1.8571064386340208,59.23874990475358,34.850084917196945,7.9333833420596624,5.968406376168048,0.02274038690979774,0.022485678526094437,25005745.0,-0.23540602548858702
2023-10-31,332.43704441988035,332.5841995821354,328.35577159326857,331.7110290527344,20265300,58.29909997127301,2.62900133960477,1.8690612881755344,334.09305411163695,313.56699227508176,323.83002319335935,324.1720068982228,321.93564024860115,325.8873291015625,323.83002319335935,320.98078002929685,325.97195316809905,323.3429518284943,2.62900133960477,3.1672452014139965,62.90703474109574,48.99888206371029,7.924973981535296,5.131515459138789,0.002371865105797344,0.002369056673695388,24967335.0,-0.11226514690228273
2023-11-01,333.35918048886424,340.8447807446002,333.2218157421507,339.52032470703125,28158800,63.83204275451147,3.515042274819507,2.198257485504329,336.3254036253034,313.9943320924701,325.15986785888674,325.6337514514426,322.62523571755924,327.4531219482422,325.15986785888674,321.44404357910156,328.0563180202425,324.541275745423,3.515042274819507,4.037383653002555,94.1380519174695,72.09461218777297,8.233307842425992,5.582767883208341,0.023542466093448455,0.023269616312164024,25339270.0,0.38950817407094895
2023-11-02,340.66814542171755,342.2280495770279,338.24489130724083,341.72772216796875,24348100,65.2361241903229,4.345265115249788,2.627659011453421,338.59825064869085,314.5626746442779,326.58046264648436,327.1665105673022,323.3743528332616,329.12095031738284,326.58046264648436,321.86237243652346,330.15961096604656,325.81434585079677,4.345265115249788,4.896687703957616,97.91333722309268,84.986141293886,7.994345887267932,6.008894001103232,0.006501517877736118,0.006480474171818991,25708395.0,-0.13532892026648868
2023-11-03,343.01296696867126,347.6828896003234,340.75647841286957,346.1229553222656,23637700,67.90763026759798,5.296822804644762,3.161491770091689,342.3873042154811,313.2792790364721,327.8332916259766,328.9718862582511,324.2664548916539,331.6844970703125,327.8332916259766,322.50654541015626,332.6155100977725,327.31868729312777,5.296822804644762,6.87346210627023,94.69991254925252,95.58376722993826,7.899744014053673,7.277006294752245,0.012861798646047529,0.012779788166780468,25606600.0,-0.029176814617978386
2023-11-06,346.7606838240873,350.7732736613575,346.66257041725754,349.7823791503906,23828300,69.97637355329329,6.273902407358548,3.783973897545061,346.5274876196935,311.75954851311906,329.1435180664063,330.9538379622644,325.2670793723887,334.3540008544922,329.1435180664063,323.16484619140624,335.2565668750984,328.9826644677398,6.273902407358548,7.608978126449364,96.95321443633053,96.52215473622527,7.807946236142008,8.6919847766436,0.010572612338634935,0.010517113111293535,25803455.0,0.008063390262165848
2023-11-07,352.5980768718827,355.6001616596292,350.86158624054224,353.7066955566406,25833900,72.05664206839694,7.280974032691461,4.483373924574341,350.9323353100567,310.5078746508808,330.72010498046876,333.1207767807764,326.3823584384378,337.29722595214844,330.72010498046876,323.8875067138672,338.0950482107203,330.8140741780288,7.280974032691461,10.365212068787878,94.93041228281265,95.52784642279859,7.712642169399828,10.106115164793962,0.011219308461970057,0.011156838830579243,26067295.0,0.08416882446502694
2023-11-08,354.8348894957631,356.9834442680157,353.7262709217689,356.3261413574219,26767800,73.38237380820144,8.19597483969335,5.225894107598142,355.306652571122,309.1533022628624,332.2299774169922,335.3308115023617,327.5566244352607,339.50758361816406,332.2299774169922,324.5701379394531,340.8998317717513,332.70385693205793,8.19597483969335,10.287868263176676,98.30298078391473,96.728869167686,7.472280564932963,11.538337577064915,0.007405700354806477,0.0073784127954433214,26402525.0,0.036150174770359866
2023-11-09,355.44316251543404,357.8860575764988,353.53987621597344,353.8636474609375,24847300,70.01923456731652,8.623016131616964,5.905318512401907,358.3947867709958,308.9622811000979,333.67853393554685,337.09584349841657,328.5882723970519,342.7255065917969,333.67853393554685,325.19606323242186,342.89426495470303,334.27124882308607,8.623016131616964,9.124740902471103,89.85147203758632,94.36162170143793,7.329325619801669,12.35812641772447,-0.006910786525803347,-0.006934776601756347,26679235.0,-0.07174665082673959
2023-11-10,354.64840696418946,363.0954691081435,354.2363726781432,362.6736145019531,28042100,74.51867849317158,9.56211404586469,6.636677619094463,362.9200412919037,308.55164144735414,335.73584136962893,339.53182168922956,329.9249524795971,346.6360626220703,335.73584136962893,326.0183984375,345.9372418081261,336.3751277622614,9.56211404586469,8.512605912906594,99.0037225249023,95.71939178213448,7.4043018308368085,13.592099961137388,0.024896502096865225,0.024591633928164068,27027720.0,0.1285773504565888
2023-11-13,361.2510968326077,361.49636535118015,358.9749977946541,359.740234375,19986500,70.71331564756221,9.954902725864656,7.300322640448503,366.2150148975066,308.59623693354814,337.40562591552737,341.4564324212077,331.0941792205933,349.51747436523436,337.40562591552737,326.7644055175781,348.0607791261067,338.10587640024204,9.954902725864656,11.83017098545625,92.07607374852809,93.64375610367226,7.371364102450111,14.404694490989625,-0.00808820936968746,-0.008121096386519281,26919145.0,-0.28726807193469817
2023-11-14,363.98837493903653,364.91058714916625,360.3976395136401,363.2623596191406,27683900,72.52737785225153,10.430164215700756,7.9262909554989545,369.73427295748155,308.82566356595595,339.27996826171875,343.5331873924394,332.35567649112454,352.672607421875,339.27996826171875,327.4849072265625,350.3994838173427,339.9693196016419,10.430164215700756,12.267683692742532,96.26744871575616,95.78241499639553,6.642570778645677,15.227152347881407,0.00979074595384044,0.009743127164045916,27386415.0,0.38512996272483924
2023-11-15,364.99254154145893,366.81121863639925,360.89314538692616,363.4098205566406,26860100,72.60388953544481,10.695421079211087,8.48011698024138,372.61874891861123,309.8959300364669,341.25733947753906,345.4262000747443,333.57348606232125,355.0615570068359,341.25733947753906,328.22150451660156,352.401074084927,341.70565300571593,10.695421079211087,9.815998783450837,92.3780726468387,93.57386503704102,6.035863034137691,15.680704720536074,0.00040593508684638735,0.0004058527174893417,27571740.0,-0.02975736800089579
2023-11-16,364.6779510555463,369.97668823321743,363.9111612043172,369.79974365234375,27182300,75.75493275669334,11.291095722596197,9.042312728712345,376.3378586398253,310.651850832831,343.49485473632814,347.74748993927756,334.9941236148711,357.86875915527344,343.49485473632814,329.1441760253906,355.0777924799142,343.786696757318,11.291095722596197,11.482498700263038,99.60171718748684,96.08241285002725,5.8861491353803626,16.421501951748596,0.017583242758590245,0.017430446053223896,27678250.0,0.011995487730872112
2023-11-17,367.28306715379995,368.0302064935661,360.78501895126305,363.5867614746094,40157000,67.61204107081232,11.133496415086142,9.460549465987105,377.78478777679015,313.51484906403016,345.64981842041016,349.2559919902616,336.1154035309393,359.6151397705078,345.64981842041016,329.85703857421873,356.38686463294425,345.2533682178581,11.133496415086142,7.088364087877454,84.64731852523681,92.20903611985415,5.854516915286163,16.067484678189988,-0.016800936951366086,-0.016943673691878835,28434715.0,0.47732163944920036
2023-11-20,364.9335496074717,372.45399413615905,364.7172740131472,371.0482177734375,52465100,71.56505471313585,11.478359609221684,9.864111494634022,380.2515503178445,315.8441741694602,348.04786224365233,351.33144206484974,337.4853178149589,361.7417236328125,348.04786224365233,330.6471185302734,358.6424574237894,347.1640978145677,11.478359609221684,8.580075218789801,96.4167771959962,93.55527096957331,6.185860106192081,16.101844037096058,0.020521804117857645,0.020314069152060663,29839235.0,0.3064994895036979
2023-11-21,369.30814244510634,369.8488163422202,364.8351774750595,366.7521667480469,28423100,66.53012311314035,11.27503912842235,10.146297021391689,381.3607343366872,318.98276236741435,350.17174835205077,352.8000825108685,338.6330373809623,363.0462707519531,350.17174835205077,331.47234313964844,359.8901050121367,348.61506588371435,11.27503912842235,5.960081846225413,83.3324264111007,88.13217404411127,5.977237863800094,15.594492992318198,-0.011578147581923659,-0.011645696230982687,29702710.0,-0.4582474826122508
2023-11-22,371.5987172360064,373.35841268345206,368.62003030581224,371.4512634277344,23345300,69.09164511316543,11.362108696222151,10.389459356357783,383.65502292414965,320.41134365299877,352.0331832885742,354.5763854553319,339.92002663769847,364.55878295898435,352.0331832885742,332.307373046875,361.66874476838245,350.3066360721603,11.362108696222151,6.19496165872527,94.1501959979149,91.2997998683373,6.164601268487104,15.810919817787735,0.012812730518687587,0.012731341956233731,28117285.0,-0.1786504638832499
2023-11-24,370.9400175476793,371.56919374191403,368.78713213501106,371.038330078125,10176600,68.59484042258774,11.267902321780582,10.565147949442345,383.76582515225243,325.2359326602476,354.50087890625,356.1441897051217,341.1403522628132,366.2762512207031,354.50087890625,333.08234375,363.11021943141975,351.84231710963917,11.267902321780582,4.900001820493947,91.30919870520428,89.59727370474,5.868576298447757,14.632473123001194,-0.0011116757170209768,-0.0011122940867978077,26734690.0,-0.5640835628584768
2023-11-27,370.39936783626126,374.1940157538783,369.8292031236525,372.1983642578125,22179200,69.26347740756147,11.158223104608794,10.683762980475636,383.3149728506827,330.54981596767664,356.93239440917966,357.67315871013983,342.3583135175191,367.2287261962891,356.93239440917966,334.046904296875,364.5083955585571,353.3501724539483,11.158223104608794,4.454408772796041,91.44687656754661,92.3020904235553,5.848183033528751,13.191289220751525,0.003126453753290681,0.003121576559657739,26350825.0,1.1794312442269521
2023-11-28,371.9427759977799,376.51402381152496,371.7559911838167,376.2191162109375,20453100,71.52631915799671,11.265876601893126,10.800185704759135,383.9027671099979,334.4913216351193,359.1970443725586,359.4394403768825,343.6861881329473,368.8766143798828,359.1970443725586,335.11464233398436,366.3100448896925,355.0441682877994,11.265876601893126,6.317537534699093,98.71635019597173,93.82414182290756,5.772486613419444,12.352861368719648,0.010802712583497298,0.01074478012891196,26232075.0,-0.07782516952820662
2023-11-29,377.26127353947703,377.7921073759767,371.0482915944074,372.4344177246094,28963400,66.5590759595813,10.919921182316045,10.824132800270517,382.9301589792225,339.53626863308216,361.2332138061523,360.67705726714223,344.8135696855615,369.7938201904297,361.2332138061523,336.1147314453125,367.2522560950643,356.33233491274825,10.919921182316045,2.691346387594371,77.90846699414936,89.35723125255593,6.020134261290459,10.848472586535083,-0.010059825041442427,-0.010110767014217583,26666980.0,0.41608851469948327
2023-11-30,372.0804159794598,373.6533266294802,369.1115692531181,372.4933166503906,30554400,66.59795212421619,10.529128432483901,10.765131926713195,382.547902765378,343.21582404126264,362.8818634033203,361.8024153036421,345.89904995869205,370.70216979980466,362.8818634033203,337.2706140136719,368.05857310357607,357.52944467109216,10.529128432483901,3.5450808824727043,77.5053047864671,84.71004065886275,6.034103976707371,9.833019681028844,0.00015814576467199082,0.0001581332609488055,26786760.0,0.05493139617586329
2023-12-01,370.37974391455106,371.75602952719976,365.0220252786822,368.1678466796875,33040500,60.99035369034575,9.7579099734711,10.563687536064776,381.2645487261791,347.1431905316334,364.20386962890626,362.40864686326546,346.77233610461343,370.5389801025391,364.20386962890626,338.36431762695315,368.0753844229778,358.3174744495067,9.7579099734711,1.3503978407479353,48.85367141698537,68.08914773253396,5.908351814171831,8.530339548636427,-0.011612208266176371,-0.011680156488050783,27221380.0,0.0813663498546855
2023-12-04,362.84943241289693,363.26230306598103,356.75441514637487,362.8887634277344,32063300,54.91316904956872,8.62135428350797,10.175220885553415,379.8626479128626,350.2216721554968,365.0421600341797,362.4543722503578,347.4043528623829,370.46918029785155,365.0421600341797,339.4018865966797,367.2774427314019,358.6560884478939,8.62135428350797,-0.1433800352748141,29.15884601034309,51.83927407126521,6.459410016029945,7.410243939341468,-0.01433879492617951,-0.014442588827168526,27642660.0,-0.02957582361041755
2023-12-05,360.2443330697854,366.76203156592914,359.4283719754838,366.2115173339844,23065000,57.76570347335996,7.8977043618587,9.719717580814473,378.82780441152244,352.8994294751963,365.8636169433594,362.8121955916556,348.14188872401434,369.9855102539062,365.8636169433594,340.4955102539063,367.1134542087223,359.2157498468636,7.8977043618587,-0.9703160642893088,44.95313499406823,40.98855080713226,6.613931931478452,6.4820937340815385,0.009156397885854428,0.009114732219883206,27604495.0,-0.28064173057670294
2023-12-06,367.214285660699,367.84343196383037,361.79758529719794,362.5545349121094,21182100,53.73614839074082,6.94901475013927,9.165577014679432,378.07195725991625,354.5400605623494,366.30600891113284,362.7876564793179,348.7070905353122,369.5657470703125,366.30600891113284,341.62195068359375,366.41208200924336,359.4630672591041,6.94901475013927,-0.2839010304757986,27.5701331801653,33.89403806152557,6.62305860413269,5.882974174391709,-0.009985984188858321,-0.010036178568724675,27371905.0,-0.08163451116410148
2023-12-07,361.99418225567007,365.15965403682253,360.11652374565716,364.6681213378906,23118900,55.66124422293285,6.295153547001064,8.59149232114376,377.5537059439714,355.89250987634114,366.7231079101563,362.9667483706105,349.3330133118839,368.88743286132814,366.7231079101563,342.77791015625,366.1437803674968,359.8486268204957,6.295153547001064,-1.7194790676619203,37.61679800781809,36.713355394017235,6.514220219460445,5.4152990169075546,0.00582970621590384,0.005812779232986451,27189460.0,0.09143569334485258
2023-12-08,362.94776032697274,368.11866396815253,361.99418568198814,367.892578125,20154400,58.49848230131707,5.96835111106958,8.066864079128925,376.408108987401,358.4409998993178,367.4245544433594,363.4358750138857,350.06083938298656,368.57285766601564,367.4245544433594,343.98168029785154,366.4128261763434,360.4444750652738,5.96835111106958,0.3109487769533943,52.94384411115585,39.37692509971311,6.307774046966423,4.4917772720208085,0.008842167983533988,0.008803304937253054,26954815.0,-0.1282284191721924
2023-12-11,362.2399851303358,365.30714468081317,359.90028444738044,365.01220703125,27708800,55.10621970700161,5.41452072659547,7.536395408622234,376.3232802789253,358.7596878607231,367.5414840698242,363.5860018726823,350.64716752605574,367.8542419433594,367.5414840698242,345.08644104003906,366.1973463078675,360.78282558127205,5.41452072659547,-1.7334862014104009,39.25236568132563,43.271002600099884,6.245278405257129,4.390898104550563,-0.007829380816623432,-0.007860191342200513,26938150.0,0.3748263406501806
2023-12-12,364.56981930802976,368.07937007976545,364.1864093914376,368.0400390625,24838300,57.87179710170847,5.160440550635997,7.061204437024987,375.9336055589478,359.9793430494506,367.9564743041992,364.0101958907602,351.3292409196418,367.0363342285156,367.9564743041992,346.1330487060547,366.4808375008879,361.3203969502519,5.160440550635997,-0.8080812068644462,53.644780962454156,48.613663584978575,6.079558433110686,3.988565627374304,0.008295152800165795,0.00826093710622709,27180740.0,-0.1035952477191362
2023-12-13,369.65226441534134,371.2448556652715,364.49117073712733,368.03021240234375,30955500,57.85933957138203,4.901782553269129,6.629320060273816,375.86021704881284,360.52951683790593,368.1948669433594,364.3930546061491,351.98418097778693,366.5959136962891,368.1948669433594,347.3444775390625,366.71920287034266,361.8174203170735,4.901782553269129,-1.1198737704772865,53.59807118055886,48.83173927477958,6.090089789734898,3.832675052726737,-2.669997585391659e-05,-2.670033230461672e-05,27344320.0,0.24628094515325127
2023-12-14,366.98815141610726,367.430542857679,357.9636180145618,359.7331237792969,43277500,48.388077981019464,3.9813934907782595,6.099734746374706,376.3097585334528,359.7123056755316,368.0110321044922,363.94925167025843,352.2880610876501,365.3198944091797,368.0110321044922,348.2806713867187,365.6444214717202,361.66302798094193,3.9813934907782595,-4.38201880799627,14.158913441706842,40.46725519490665,6.610413559797682,4.1493632144803145,-0.0225445855895553,-0.022802600019191124,28165190.0,0.3980552728917317
2023-12-15,360.6375749421143,366.09357631955413,360.07722042205063,364.4518737792969,78502300,53.09108543277958,3.591343444772292,5.598056486054224,376.1437040241366,359.34357319754315,367.74363861083987,363.99712044254784,352.7650733500676,364.94829711914065,367.74363861083987,349.3033923339844,365.46095259596274,361.86960915119045,3.591343444772292,-2.1433421739274006,36.58889268325273,34.781959101839504,6.752959267657071,4.20003270664836,0.013117363089685918,0.013032075504992744,30731190.0,0.8139287158454163
2023-12-18,363.1935033333252,366.68337330414107,362.4365238179664,366.33929443359375,21802900,54.86277217304478,3.3953851595574633,5.157522220754872,376.08240706837347,359.6801234492047,367.8812652587891,364.22018463217125,353.2973957455,365.29335021972656,367.8812652587891,350.2088507080078,365.59608210944447,362.200696949887,3.3953851595574633,-1.652116143220048,45.560507220141496,32.10277111503372,6.716446186118958,4.100570904792198,0.0051787925651876066,0.005165428738105999,29813485.0,-0.7222641884377909
2023-12-19,365.1989200557806,366.93896484375,363.5768683048988,366.93896484375,20603700,55.43863446531742,3.2509996963439676,4.776217715872692,375.7477553144179,359.60384991019146,367.67580261230466,364.47911608089305,353.832359239549,365.3660949707031,367.67580261230466,351.07607299804687,365.80267945318377,362.5516797568398,3.2509996963439676,-0.33378304135468106,60.26748946260309,47.47229645533247,6.474894811639091,4.0359763510566,0.0016369262573467935,0.0016355879538311915,28220415.0,-0.055001857551059685
2023-12-20,368.64948928220537,369.6620453460696,364.2551861699306,364.3436584472656,26316700,52.32712359833101,2.893795763948958,4.399733325487945,375.75618630926743,359.3545680852638,367.5553771972656,364.4662153538809,354.24456705161634,365.5450073242188,367.5553771972656,351.91944702148436,365.5782146830425,362.68441891909356,2.893795763948958,0.4009203828161457,50.589510623545635,52.139169102096766,6.53668779733744,4.100404556000917,-0.00707285582927808,-0.007097987043816031,28115095.0,0.2772802943160695
2023-12-21,366.25081857048275,368.06949543921024,363.77350472816454,367.2142333984375,17708000,55.31450264679521,2.8099491376481183,4.0817764879199805,375.33686320218175,359.35018818941984,367.3435256958008,364.7279313581244,354.75318141815836,365.79961853027345,367.3435256958008,352.74115783691406,365.82990987002637,363.01996073237825,2.8099491376481183,0.27380789980415865,72.18426685111648,61.01375564575509,6.3098806072901015,3.9966687531904714,0.007878756455939051,0.007847881121090694,27833230.0,-0.3271192816728541
2023-12-22,367.35188041938636,368.8264785553031,366.3983057581292,368.23663330078125,17107500,56.36333745807687,2.793794090589074,3.8241800084537996,375.0203920442831,359.3864896695841,367.2034408569336,365.06209344790125,355.28194423708476,365.8340240478516,367.2034408569336,353.6080401611328,366.2001750132194,363.4063809226303,2.793794090589074,1.5672396402514541,77.34983407717668,66.70787051727962,5.66807641185162,3.9084755936747637,0.0027842055382270026,0.002780336817200178,28179775.0,-0.03391122656426471
2023-12-26,368.649515727109,370.5566649551992,367.1749176642006,368.3152770996094,12673100,56.44801666896498,2.7555724725366986,3.6104585012703794,374.4895123556846,359.5290606423623,367.00928649902346,365.37192046234964,355.7930553297328,366.1643310546875,367.00928649902346,354.5437963867187,366.5255753342025,363.7700028616658,2.7555724725366986,1.0001301315667799,77.94197617188516,75.82535903339279,5.385796961891137,3.740112928330565,0.0002135686450399632,0.00021354584250343788,27704470.0,-0.2592079497296508
2023-12-27,367.3617208659254,368.7085156973093,366.4966184922779,367.73529052734375,14905400,55.59123583516832,2.647957489978296,3.417958299011963,372.7047409430116,360.46544948667594,366.58509521484376,365.5970033256824,356.26137827865875,366.13385620117185,366.58509521484376,355.371611328125,366.7116853639165,364.0637278739382,2.647957489978296,-0.04275367512383137,73.57501439076958,76.2889415466105,5.111943428919635,3.0598228640839182,-0.0015747013722398062,-0.0015759425175723028,27427085.0,0.17614474753611975
2023-12-28,369.01327697882084,370.0848147302982,367.82377617224904,368.9248046875,14327000,57.031710041927326,2.6283576219467477,3.26003816359892,372.0015561454239,360.8176729805527,366.4096145629883,365.91393678871265,356.7579832358682,366.2233154296875,366.4096145629883,356.23459716796873,367.0521652598525,364.4238076379057,2.6283576219467477,1.071908714525547,82.53136463040775,78.01611839768752,4.9195429940474265,2.795970791217784,0.0032347022186813845,0.0032294818240449935,26695265.0,-0.03880472848766214
2023-12-29,369.6325745030526,370.77293391810167,367.15526060187455,369.6719055175781,18730800,57.954183491685036,2.6426465935869032,3.136559849596517,371.3316134682584,361.2054745444369,366.26854400634767,366.27183857241414,357.2644115606412,367.2171936035156,366.26854400634767,357.1507873535156,367.4552022225795,364.8125556289926,2.6426465935869032,0.4433937294526273,88.1565996403257,81.42099288716771,4.740485496194765,2.5315347309553835,0.002025076168871154,0.0020230284661629017,26104085.0,0.3073776785091087
2024-01-02,367.5288028618132,369.5342646061022,360.55887302589025,364.5894470214844,25258600,50.07774517239896,2.218287741552899,2.9529054279877935,371.1229124247359,361.05633562213916,366.0896240234375,366.1116108056589,357.5516678532233,367.2309509277344,366.0896240234375,357.94158752441405,367.0143168070264,364.7960290654735,2.218287741552899,-0.9349138372090516,49.88864126355368,73.52553517809572,4.8205382686282165,2.516644200649183,-0.01374856574231087,-0.013843952569433288,25714990.0,0.3485062036859077
2024-01-03,362.76093490456435,366.9389624174864,362.2694022559853,364.3240051269531,23083500,49.697850675352655,1.8393583731129297,2.7301960170128208,371.04110500061046,361.28166721618646,366.16138610839846,365.9413626457822,357.8172497070951,367.0294219970703,366.16138610839846,358.81831787109377,366.6004227023997,364.7610643292868,1.8393583731129297,1.2761908882410404,47.89001808164664,61.97841966184203,4.876009659569162,2.439859446106007,-0.0007280569876604304,-0.0007283221498590102,25266000.0,-0.0861132445978795
2024-01-04,364.3928551976836,366.7816968551165,360.95212639041375,361.7090759277344,20901500,45.996042951864105,1.3129166996327513,2.446740153536807,371.20608520937583,360.66644286679605,365.93626403808594,365.53828772025383,357.9698703431986,366.5064331054688,365.93626403808594,359.59075256347654,365.8479078139897,364.53499111435696,1.3129166996327513,-0.7525816298103247,29.240108850290053,42.33958939849682,4.810001483609061,2.6349105856449326,-0.007177482577102046,-0.007203364624831775,25157825.0,-0.09452639331123958
2024-01-05,362.72164936252017,365.7593179114421,360.29347657411785,361.5223083496094,21004600,45.73401848302033,0.8706015452364113,2.131512431876728,371.3117961952495,360.45750922467244,365.88465270996096,365.15581349447814,358.10918163756764,366.22429809570315,365.88465270996096,360.33570983886716,365.1824309733158,364.31182942807936,0.8706015452364113,-1.3148974617729818,13.51090722551876,30.21367805248518,4.481376265719226,2.7135717426442576,-0.0005163475028818754,-0.0005164808561601388,25148950.0,0.004932660335382533
2024-01-08,363.0460204620728,368.84613000704053,362.7609531121448,368.3447570800781,23134000,55.668725661009304,1.0583778723395767,1.9168855199692978,371.57068009444055,360.56628889970006,366.0684844970703,365.4595224073924,358.5105767529603,366.3373504638672,366.0684844970703,361.0181536865234,365.66894268204845,364.6105648097089,1.0583778723395767,0.383113370619209,76.82917389403237,39.86006332328042,4.550188345517362,2.7510977986851275,0.01887144602946922,0.018695589294362353,25149705.0,0.10137779343572362
2024-01-09,365.71016152546855,369.62274253642516,364.9040407138779,369.4261474609375,20830000,57.01211048310458,1.279699550767134,1.7894483261288652,371.7951510240453,360.495174903689,366.14516296386716,365.83729622201577,358.93863834935155,366.4563018798828,366.14516296386716,361.97298828125,366.24697418649293,364.9672746357258,1.279699550767134,1.394971175107609,87.14831872532645,59.16279994829256,4.5838920838296895,2.824994030089067,0.0029358104332248836,0.002931509357813403,25183485.0,-0.09959367165211375
2024-01-10,369.99629076586194,377.66421828465786,369.94714950002793,376.28790283203125,25514200,64.38672813797366,1.9858927523486614,1.8287372113728244,373.9180903590205,359.49980514879206,366.7089477539063,366.83259208963625,359.61900166239786,367.253564453125,366.7089477539063,363.02738525390623,367.79173243965266,365.805839687304,1.9858927523486614,2.4709470952746457,92.07681816032353,85.3514369265608,4.932175961320346,3.604571302557095,0.018574092327396263,0.01840370055565874,25073755.0,0.22487758041286598
2024-01-11,379.46331114806014,384.06405082914983,373.93848742836093,378.11651611328125,27850800,66.05783509051523,2.662419052350174,1.9954735795682943,376.0403574782976,358.385185734593,367.2127716064453,367.9072515204596,360.3443943859619,368.29168701171875,367.2127716064453,363.9711932373047,369.380160697134,366.7177416447838,2.662419052350174,2.683025511052281,74.97942350042489,84.73485346202499,5.269226263081054,4.41379293592615,0.004859612194512364,0.004847842394877755,25224380.0,0.09158037485008341
2024-01-12,378.96187275463393,382.0978537915272,378.13610141587486,381.89141845703125,21661200,69.26414972719625,3.4632518783217847,2.2890292393189924,378.9114534946126,356.9002103237468,367.9058319091797,369.23907694299027,361.1893757220823,369.5883483886719,367.9058319091797,364.9748010253906,371.30496958327205,367.84171770495027,3.4632518783217847,3.68601092638095,90.85999206914968,85.97207790996606,5.2467510464525,5.502810792716443,0.009983436805545587,0.009933931516269581,24759665.0,-0.22224137188159765
2024-01-16,386.9934944812975,387.3572238467636,381.05577159415725,383.660888671875,27202300,70.66310233860085,4.192372065343193,2.6696978045238327,381.4833549081123,356.72108539950494,369.1022201538086,370.61258282193165,362.0706115240349,370.98724670410155,369.1022201538086,365.8576123046875,373.20588021228787,369.0135081469447,4.192372065343193,4.330723363997361,86.34211612438236,84.06051056465235,5.523413864697675,6.190567377151831,0.004633438012283664,0.004622736681612916,23955905.0,0.2558076191531402
2024-01-17,381.4096929597069,383.5035968868469,378.2933627006387,382.87445068359375,22234100,69.15650662015719,4.653107961347871,3.0663798358886405,383.6284440968009,356.418253901246,370.0233489990234,371.78037976113757,362.88644835382155,372.8157470703125,370.0233489990234,366.680546875,374.6933525924888,370.0402446311409,4.653107961347871,3.7811623991804733,83.43624362875745,86.87945060742986,5.66525519900037,6.8025475488887395,-0.0020498258006013126,-0.002051929568905042,21142495.0,-0.18263896802843882
2024-01-18,385.08633628268643,387.3178836888765,383.5134258198234,387.1999206542969,23392100,72.61488210838579,5.306108242645848,3.5143255172400822,386.5509905266891,355.58177009342813,371.0663803100586,373.24890746524795,363.839917855801,375.10333862304685,371.0663803100586,367.5020861816406,376.61743998661314,371.3113317439673,5.306108242645848,4.741505879971526,99.41876787836506,89.73237587716831,5.82465061330404,7.742305108315234,0.011297358606666918,0.011234020043477459,21221955.0,0.05208216208436589
2024-01-19,389.05794692680297,391.9186706542969,386.83620966747424,391.9186706542969,29331100,75.80244278084464,6.1336741810685,4.038195250005765,390.2362775162016,354.3944536849703,372.31536560058595,375.02698014991927,364.9410454165263,378.1242980957031,372.31536560058595,368.3448120117188,378.9714754739491,372.8378012928806,6.1336741810685,7.495889926622604,99.99999999999999,94.28500383570753,6.019860383580339,8.960455957807817,0.012186856836195137,0.01211319496368136,21658325.0,0.25388913351088616
2024-01-22,393.2458273875224,393.8356726529961,386.9247237943795,389.7952880859375,27016900,71.75498890036778,6.542765988555402,4.539109397715693,392.70044479065666,354.4754493743824,373.5879470825195,376.4334856676353,365.9157215996405,380.95159606933595,373.5879470825195,369.0665838623047,380.636677414255,374.0939114256996,6.542765988555402,6.9913820117641166,87.95432309334434,95.79103032390317,6.2550943508938746,9.556248854068581,-0.005417916336607376,-0.005432646473847831,21693335.0,-0.07889918891551972
2024-01-23,389.04812543344485,392.61665757487873,387.2589392356876,392.144775390625,20525900,73.44457929529662,6.976141565865703,5.026515831345695,395.3938669930765,354.2750813711814,374.83447418212893,377.9297989745867,366.944311944385,383.33159790039065,374.83447418212893,369.78295654296875,382.40715402600426,375.43101246013856,6.976141565865703,8.41441409365447,94.95889518266853,94.3044060920043,5.986857625715536,10.279696405473764,0.006027490266043323,0.006009397612384864,21834230.0,-0.2402570243070078
2024-01-24,394.7400515217606,398.7607850247389,393.6685139379053,395.7427673339844,24867000,75.8291158587465,7.523199947378316,5.52585265455222,398.51657405887465,353.90298770870345,376.20978088378905,379.6262721516722,368.07366313613403,385.9632598876953,376.20978088378905,370.6205389404297,384.4587868426166,376.93558689523826,7.523199947378316,9.465656252471751,92.15433100907329,91.68918309502875,6.125889730902165,11.15339658754279,0.00917516225933479,0.009133326165349285,22222205.0,0.21149377128408497
2024-01-25,397.4729979213706,400.11744616888006,395.71330250742477,398.013671875,21021200,77.21950791142356,8.047227247306807,6.030127573103138,401.6795800396003,353.70982120551685,377.69470062255857,381.3774530777034,369.2477811258935,388.1358367919922,377.69470062255857,371.3273400878906,386.54415377067556,378.49692652336876,8.047227247306807,8.054659181282132,94.7173164421139,93.94351421128528,6.024073530670206,11.992439708520855,0.005738334919710875,0.0057219333909494866,22639610.0,-0.15465476334097394
2024-01-26,397.52215078520555,399.291686504724,395.6150015101639,397.089599609375,17803300,75.32082880736758,8.292368486775786,6.482575755837668,404.15269661790313,354.1721355354172,379.1624160766602,382.8738479854817,370.3396171448536,390.03314514160155,379.1624160766602,372.07432739257814,388.1665300535524,379.8741615667766,8.292368486775786,7.4882225685886485,91.89472482091261,92.92212409069998,5.896276649044195,12.49514027062147,-0.002321709858035259,-0.002324409205244416,22784505.0,-0.15307879664338853
2024-01-29,399.1835322269837,403.03716177894273,397.48281829193445,402.78155517578125,24510200,78.78163107029812,8.843989919158275,6.95485858850179,407.4602912895093,354.2502159126391,380.8552536010742,384.7698200988436,371.61185000881153,392.1221588134766,380.8552536010742,372.8647113037109,390.41499545697224,381.57100553781396,8.843989919158275,7.0407930056620325,99.32969923252452,95.31391349851704,5.797972399911093,13.302518844217557,0.01433418445611645,0.01423242134211641,23293665.0,0.3767222930580285
2024-01-30,405.27854800251134,406.05514806143475,399.56694047651416,401.6706848144531,33477600,76.52613256740392,9.086769304090922,7.381240731619617,410.0584034883423,354.8519816434936,382.45519256591797,386.379426262235,372.79062784432693,393.9231384277344,382.45519256591797,373.6299285888672,392.1466399735078,383.05987066941685,9.086769304090922,6.2293414060006835,87.85736285126626,93.02726230156783,5.924365668652046,13.801605461212164,-0.002757997100545806,-0.00276180738199178,24031005.0,0.3658640076376365
2024-01-31,400.06829591373173,408.28673844568766,390.48340804499526,390.8471374511719,47871100,58.847880364530184,8.31001126268984,7.566994837833663,410.26919330062066,357.266960874184,383.76807708740233,386.80492256594323,373.49872626028167,394.7204071044922,383.76807708740233,374.0508764648437,391.94671650853303,383.6367052458432,8.31001126268984,2.345095637478506,49.22710624852921,78.80472277744002,6.60759849557862,13.250558106609166,-0.026946321383351735,-0.027316030160954654,25161630.0,0.4299442014959256
2024-02-01,395.02517954720986,401.09070661971754,394.9956887835189,396.9421691894531,30657700,63.90463652203777,8.09295252262092,7.672186374791115,410.85588818879285,359.9420823922618,385.3989852905273,387.77037462532513,374.41807696338645,395.6946319580078,385.3989852905273,374.7179846191406,392.715247690213,384.6222951675921,8.09295252262092,3.461723858158736,62.373699616969674,66.48605623892176,6.616027478989817,12.728451449132764,0.01559441314583676,0.01547406979528466,25540340.0,-0.3595781170685445
2024-02-02,396.9716161967069,405.66191028214797,396.7258498594463,404.2561340332031,28256700,68.850994739682,8.414115063975885,7.82057211262807,411.7277896310925,363.3248867605091,387.5263381958008,389.34044694988495,375.5881968484773,396.9283782958984,387.5263381958008,375.38214294433595,394.49076866605765,386.07665360208176,8.414115063975885,5.584515579828838,86.56168466415498,66.05416350988465,6.969936246450938,12.100725717645842,0.018425769322228946,0.018258071674457605,25908100.0,-0.07831637728857677
2024-02-05,402.9584226405842,404.19709440254627,397.14850366291995,398.7803955078125,25352300,62.00075685619524,8.133039736072135,7.883065637316883,410.7293933931434,368.0490917142784,389.3892425537109,390.23948966968754,376.4976948351179,397.82688903808594,389.3892425537109,376.02270751953125,395.1507112570969,387.01767152102474,8.133039736072135,2.9908257300122236,68.30519172406134,72.41352533506203,7.027520397713569,10.67007541971626,-0.013545220627229626,-0.013637794030065967,26125485.0,-0.1027862418470663
2024-02-06,399.0065788415849,401.06118187336995,396.0868734804641,398.6231689453125,18382600,61.81059375535728,7.807597519924457,7.867972013838399,410.15066795470653,371.65565833923876,390.90316314697264,391.03793531498513,377.3653604864981,398.4747283935547,390.90316314697264,376.56614562988284,395.68493551682235,387.8773379968979,7.807597519924457,1.7106861175617532,60.992017311863115,71.95296456669318,6.999433427832822,9.623752403866948,-0.00039426853544233254,-0.00039434627971677146,25887915.0,-0.27491391313608626
2024-02-07,400.54016025565755,407.28397435246177,400.5008292402968,407.0382080078125,22340500,67.54766350775463,8.13493112171841,7.921363835414401,410.4833630251625,375.0841693234703,392.7837661743164,392.5617708095401,378.5290015657654,399.6042724609375,392.7837661743164,377.28614318847656,397.4315928231285,389.2966617014101,8.13493112171841,4.423583467759488,94.17948876326419,74.49223259972958,7.30067431368043,8.84979842542304,0.021110260812899462,0.02089052631243276,25963440.0,0.21530686627571716
2024-02-08,407.03815593606345,408.52259406809105,405.54390755203156,407.0971374511719,21225300,67.58438855201584,8.303384228329605,7.997767913997442,411.32799438742416,377.32046142312277,394.32422790527346,393.9460914420765,379.64932062009507,400.5126190185547,394.32422790527346,377.98411865234374,398.9185996889813,390.6152154606517,8.303384228329605,3.812969851670843,93.40001306214803,82.85717304575849,7.15040470862592,8.501883241075342,0.00014477619594432944,0.0001447657168822737,25748995.0,-0.04991830979611023
2024-02-09,408.2178966207668,413.693577955035,408.060602560808,413.4281311035156,22032800,71.33721870938075,8.845774227390564,8.167369176676067,413.3389553459133,378.840661963657,396.08980865478514,395.801523790785,380.973979854739,402.14647216796874,396.08980865478514,378.7282989501953,401.1508352912174,392.3050610638268,8.845774227390564,4.468903851022453,98.99583703663376,95.52511295401536,7.127939826143526,8.62457334556407,0.015551555316704047,0.015431869156035167,25458095.0,0.038044220811955576
2024-02-12,413.43795646301396,413.6149010238027,407.7263492449608,408.22772216796875,21202900,64.71006797049029,8.755069676498522,8.284909276640558,414.1041601102535,380.7090875704106,397.40662384033203,396.9849712552787,382.042754063101,402.6910888671875,397.40662384033203,379.4441650390625,402.23958711840993,393.4845174419114,8.755069676498522,2.566256140109823,76.45059985234344,89.61548331704178,7.1658565004042964,8.348768134960729,-0.012578749592259353,-0.012658531809316248,25435180.0,-0.037666569841327435
2024-02-13,398.0824520440308,403.12558166924816,396.55871287886254,399.4390869140625,27824900,55.351512906023046,7.8831442710549595,8.204556275523439,413.59939350040963,382.7916740044732,398.1955337524414,397.2186965561153,382.72496319451125,402.4679290771484,398.1955337524414,379.98308044433594,401.8087409331257,393.92559666207075,7.8831442710549595,0.591676867638623,38.585149974250726,71.34386228774267,7.526785047189463,7.701929873984103,-0.02152875656565556,-0.02176388099446684,25466310.0,0.3123157681260582
2024-02-14,401.9013482236895,403.6445808998677,398.454256564083,403.29986572265625,20401200,58.21068539057424,7.418157784044752,8.047276577227702,412.96287373297446,385.4707352758146,399.21680450439453,397.79785552435726,383.53182211718365,403.71320190429685,399.21680450439453,380.6857208251953,402.0381447468996,394.61998696285485,7.418157784044752,0.12868279101032812,55.21914629378539,56.751632040126545,7.582940809641566,6.873034614289962,0.009665500786167236,0.009619088658100598,25374665.0,-0.2668005994630709
2024-02-15,401.97028650604454,402.94531135993617,398.17847977076707,400.4141540527344,21825500,55.35723268876128,6.7391154996522005,7.785644361712602,412.40815938571563,387.34687296291713,399.8775161743164,398.04702681277416,384.19387434995036,404.060400390625,399.8775161743164,381.4362286376953,401.78830002472034,395.04918452506814,6.7391154996522005,-0.3128261058680917,42.78618401429066,45.53016009410896,7.686133735165072,6.265321605699613,-0.007155250758021148,-0.007180972334386088,25296335.0,0.06981452071446781
2024-02-16,401.7930352108052,402.11806357382386,397.34137293273426,397.9519958496094,22296500,52.97130992753922,5.93389179625035,7.415293848620152,412.18247318899176,388.17589167917225,400.179182434082,398.0379762448537,384.73340852640763,403.42998657226565,400.179182434082,382.0710382080078,401.1980993823956,395.26420758614523,5.93389179625035,1.8178100125717571,32.178083286600696,43.39447119822561,7.602500054559491,6.0016453774548815,-0.006149028894719688,-0.006168012031471684,24944605.0,0.021580261620581354
2024-02-20,397.1443207958614,398.37542488528044,391.99340052173363,396.7011413574219,24307900,51.750983167039536,5.135612561487449,6.959357591193612,411.63409316797737,389.41485702733513,400.52447509765625,397.9106586365269,385.2027313825259,403.22206115722656,400.52447509765625,382.75397033691405,400.50625968624576,395.3706471247583,5.135612561487449,-0.06072114548157565,26.788831518795096,33.917699606562174,7.594915538747078,5.5548090351605675,-0.0031432295986277836,-0.003148179920837201,24809155.0,0.09021146816764958
2024-02-21,394.12074688500724,396.20869458459015,391.2153292491478,396.100341796875,18518900,51.14156286906441,4.403727582851957,6.448231589525282,411.33340373934277,390.1111030965948,400.7222534179688,397.73824750894096,385.63008865367686,402.9697784423828,400.7222534179688,383.38261474609374,399.8284261648041,395.42469858195216,4.403727582851957,-2.0174813811627303,21.732175898773487,26.899696901389788,6.715092803574338,5.305575160686988,-0.0015144891151335216,-0.0015156371130067097,24708805.0,-0.23815302843931396
2024-02-22,403.98929433440406,406.5893706886108,402.393788153555,405.4272155761719,27009900,59.17831252421551,4.524152615228445,6.063415794665914,411.7444811171085,390.6684705430478,401.20647583007815,398.4705301820106,386.40644657220605,402.8086791992188,401.20647583007815,384.1333074951172,400.68977838193763,396.1656257667092,4.524152615228445,1.6667870695838047,63.225060426090444,37.248689281219704,6.732625640945064,5.26900264351516,0.023546745092383192,0.023273796881248518,24815950.0,0.458504554806171
2024-02-23,409.38646893086735,409.5735691126935,402.7877385663373,404.13702392578125,16295900,57.7628693486118,4.464024145803023,5.743537464893337,412.0158232149879,391.0094636502465,401.5126434326172,399.0101962528459,387.1017633311698,402.5126678466797,401.5126434326172,384.9158038330078,401.2201238502213,396.75609970441826,4.464024145803023,1.3832249126555916,57.485326573725345,47.48085429952979,6.5790377926346775,5.25158989118534,-0.0031823015348317885,-0.003187375824500672,24579685.0,-0.3966693693793757
2024-02-26,405.24005905629645,405.92948936303003,401.20203166596815,401.37933349609375,16193500,54.748621110563406,4.146056175129388,5.424041206940547,412.02315997350036,391.4311002804059,401.7271301269531,399.2358283712505,387.6616680435198,401.3077880859375,401.7271301269531,385.5825897216797,401.24461764189397,397.0985614667646,4.146056175129388,-1.3902563445862401,45.21706463850951,55.30915054610846,6.409025458833156,5.148014923273633,-0.006823652044792516,-0.0068470396115383626,24499195.0,-0.006283789173963994
2024-02-27,401.8225215015325,402.1475498168189,397.74512033420825,401.32025146484375,14835800,54.682783288144904,3.844974370255386,5.108227839603515,411.93932330358876,391.36880657922376,401.65406494140626,399.43434485635464,388.1972987659247,400.617041015625,401.65406494140626,386.2483905029297,401.25625361465546,397.4112792444001,3.844974370255386,-1.4190436273998652,44.9542237382995,49.21887165017815,6.368176965240642,5.142629181091262,-0.0001471974920467245,-0.00014720832666078863,24015475.0,-0.0838422823972581
2024-02-28,402.0096479981962,403.11271245725675,399.1928962585418,401.5566101074219,13183100,54.91635596456453,3.5841215160411934,4.803406574891051,411.933707282289,391.3630151298204,401.6483612060547,399.63646535645626,388.72119332833637,400.82879333496095,401.6483612060547,387.08486022949216,401.30246230585027,397.7183407898091,3.5841215160411934,-2.8714836033064515,46.00572310406735,45.39233716029215,6.029534878923905,5.142673038117148,0.0005889526923084087,0.000588779327737201,23000750.0,-0.1113994526752855
2024-02-29,402.46269930682627,407.93864768524475,399.7838157071772,407.3871154785156,31947300,60.34593235495438,3.8040164716468325,4.6035285542422075,411.7101109050963,393.2406093097474,402.47536010742186,400.3746225109381,389.4531902754022,401.2375183105469,402.47536010742186,387.94356506347657,402.23856279395267,398.43454632230583,3.8040164716468325,-0.20591612078398985,71.9441556189043,54.30136748709041,6.399259554781622,4.617375398837228,0.014519759417069622,0.01441535709461955,22204560.0,1.4233526257101894
2024-03-01,405.0529573414313,409.58342668223145,404.66886847100426,409.2190246582031,17823400,61.89857179318712,4.079083434428014,4.49863953027937,412.4070714730429,393.77133428867586,403.0892028808594,401.2169465249633,390.22832103551207,402.1180053710938,403.0892028808594,388.80115966796876,403.3124800038373,399.2333965694093,4.079083434428014,2.448417810008847,80.37517676755985,66.1083518301772,6.279125105307628,4.658934296091761,0.004496728320766197,0.0044866482449159835,21562845.0,-0.4420999583689389
2024-03-04,407.19021932775195,411.0411172557343,406.0871546636639,408.6478576660156,17596000,61.09535111340441,4.202543278433325,4.439420279910161,412.9440342276389,393.6735438973611,403.3087890625,401.92465234792064,390.9506558053357,403.1875915527344,403.3087890625,389.63533752441407,404.13330733648013,399.9307640580468,4.202543278433325,1.3260584487863716,87.92855250483052,80.08262829709825,6.212368734823948,4.817622582569455,-0.001395748872292879,-0.0013967238370597127,21029810.0,-0.01275850847761928
2024-03-05,407.70225951365865,407.98788407033936,394.5836375385052,396.563232421875,26919200,47.15343768155214,3.2873631563586514,4.209008855199859,413.09987814053915,393.29598367586715,403.19793090820315,401.4140409263925,391.1707568491216,403.1738006591797,403.19793090820315,390.27972900390625,402.9686804265409,399.68131727018226,3.2873631563586514,-0.961734641965781,26.974479758133697,65.09273634350805,6.383455223281394,4.9509736161680085,-0.029572222189446218,-0.03001829664806144,21108155.0,0.529847692657422
2024-03-06,396.87842085481464,399.03531766594347,392.36766860816914,396.01171875,22344100,46.63044982974353,2.488883472573832,3.864983778674654,413.2870799908067,392.84763680606824,403.0673583984375,400.89953405245035,391.36059849229326,403.16493835449216,403.0673583984375,390.8556787109375,401.89837863015003,399.4094951575762,2.488883472573832,-0.4875656159147969,24.192680256939713,46.36523750663468,6.488978417709221,5.109860796184633,-0.001390733247020437,-0.0013917012140626734,21306230.0,-0.169956759487652
2024-03-07,399.98083315410713,403.58550992875143,396.15948083378726,402.9552001953125,18718500,53.60693933928034,2.3888265880656263,3.569752340552849,412.9106141142735,392.81580190135145,402.8632080078125,401.095311780342,391.8152887551568,402.91773681640626,402.8632080078125,391.5500500488281,402.06096656325195,399.6721399751863,2.3888265880656263,1.5765164719442566,59.21515423379121,36.79410474962157,6.664150219627954,5.023703053230524,0.017533525187662047,0.017381586379203066,21125130.0,-0.16226207365702805
2024-03-08,401.7930332428982,404.2158681064649,398.217901604745,400.079345703125,18002200,50.65350565710164,2.0537984530990343,3.266561563062086,412.4264286809151,392.59820815990525,402.51231842041017,400.9985531063213,392.13936941978307,402.5119689941406,402.51231842041017,392.1853314208984,401.7561018155401,399.70230336244106,2.0537984530990343,1.0045444263439895,44.709529079158834,42.70578785662995,6.751384209672973,4.95705513025246,-0.007136908745174586,-0.007162498304649171,20963975.0,-0.038266955151320836
2024-03-11,397.65650787745375,399.5474670630361,395.19429952187465,398.4049987792969,16120800,48.96216891828998,1.6343407756193074,2.9401174055735306,410.3855568076392,393.13676680075923,401.7611618041992,400.751547932319,392.3850803750582,402.21453552246095,401.7611618041992,392.7987255859375,401.2405475022719,399.6062067266526,1.6343407756193074,-1.7320536281451637,36.26423084802736,46.729638053659166,6.644457196651798,4.312197501719982,-0.004185037147782622,-0.004193818925688678,20668375.0,-0.10450944884514113
2024-03-12,401.4581099515854,409.28794389731524,400.64067006988586,409.0023193359375,22457000,58.424415205351615,2.13245117783174,2.7785841600251726,410.5525617274588,393.0472215977365,401.79989166259764,401.5373356850445,393.0367368048966,402.9827423095703,401.79989166259764,393.60027587890625,402.4346662459128,400.30221506808107,2.13245117783174,1.2038727268526006,89.08183507890676,56.68519833536434,7.029966697347821,4.376335032430584,0.026599366446481643,0.026251754006218625,20731080.0,0.3930450101731924
2024-03-13,411.7796924719957,411.8584699071754,405.2302248765396,408.8250427246094,17115900,58.22992920136508,2.484265453557839,2.719720418731706,411.4832336313862,393.05514527486383,402.269189453125,402.23140302214597,393.65588605665,403.70958557128904,402.269189453125,394.3833386230469,403.4178010887892,400.93353563523135,2.484265453557839,1.8550305427192821,84.43662148092045,69.9275624692849,6.754196421554964,4.607022089130591,-0.00043343668959128223,-0.0004335306504249202,20195630.0,-0.2378367546867346
2024-03-14,413.8873540190868,421.3527863664109,411.6713665638625,418.7920837402344,34157300,65.23665369442438,3.5266842924409048,2.8811131934735457,414.8600398409421,391.22756086706573,403.0438003540039,403.808610709583,394.6416192991435,404.85008239746094,403.0438003540039,395.4673913574219,405.78307534285767,402.25639105041677,3.5266842924409048,4.35358848989488,91.16545722693019,88.2279712622525,7.164333071229627,5.908119743469092,0.024379722311529184,0.024087280449472073,20883435.0,0.9956473220806386
2024-03-15,412.95173236718284,416.2116937258995,406.54999083820695,410.1251220703125,45079900,56.38016652283373,3.611822516843347,3.0272550581475057,415.6838509031957,391.37484660656986,403.5293487548828,404.4101832201286,395.24881548624813,404.94069213867186,403.5293487548828,396.38341369628904,406.45108253169684,402.8392600148535,3.611822516843347,2.133824160085033,61.26403767013893,78.95537212599656,7.701092728727166,6.077251074156454,-0.020695142067914007,-0.020912287650837184,22046155.0,0.3197735183987025
2024-03-18,407.9879061886506,414.3699607798189,407.52500983634934,411.0115051269531,20106000,57.02277645067407,3.708074503251453,3.1634189471682954,416.4775940937127,391.8870543437873,404.18232421875,405.0388805445881,395.8669601780405,405.17705688476565,404.18232421875,397.3694622802734,407.1526860078901,403.44461150463866,3.708074503251453,0.8896672257737712,64.32210030777851,72.25053173494923,7.875558547359942,6.147634937481333,0.0021612503329866417,0.002158918191109502,21936630.0,-0.5539919121382257
2024-03-19,411.5138040831413,415.2957826626085,409.26827120822617,415.0397033691406,19837900,59.91305972475282,4.06256609593089,3.3432483769208146,417.7747515483219,392.42375309035003,405.09925231933596,405.99133986121217,396.6188324600444,407.0247039794922,405.09925231933596,398.43981018066404,408.36607329423634,404.30350719830545,4.06256609593089,1.4223871228370124,78.21957098837322,67.93523632209691,8.02610820847904,6.337749614492972,0.009800694608155247,0.00975297930949977,21713130.0,-0.013334328061275214
2024-03-20,415.62075700500156,419.5208864985866,414.3010169757645,418.80194091796875,17860100,62.452856777261935,4.594126138581316,3.593423929252915,419.5656526384045,392.9030119123767,406.2343322753906,407.2113971047128,397.4887582819238,409.30372619628906,406.2343322753906,399.4489538574219,409.97159139019516,405.37746525161384,4.594126138581316,2.484800314370416,91.1994649470871,77.91371208107965,7.816468033104363,6.665660181506949,0.00906476541470047,0.009023927036701927,21680190.0,-0.0996980527172735
2024-03-21,423.33234084355416,424.30739566871944,420.70271948004165,422.8793029785156,21296200,65.03814141200317,5.283495497184958,3.9314382428393237,422.36171558304943,391.85215770796617,407.1069366455078,408.70357861650353,398.48446591708426,411.2961364746094,407.1069366455078,400.51801696777346,411.9573931730137,406.67389767582875,5.283495497184958,6.636033904586711,95.52878868533698,88.3159415402658,7.858674928784613,7.627389468770812,0.00973577641882395,0.009688689121840375,21394505.0,0.19238974025901312
2024-03-22,423.2043902779049,423.36194516542855,419.62925888508494,422.2588806152344,17648500,64.31250388656755,5.713896538368374,4.287929901945134,424.6180716569078,391.4079873030531,408.01302947998045,409.99455975923985,399.416795905247,413.5140899658203,408.01302947998045,401.4374365234375,413.54223739489385,407.8283408565255,5.713896538368374,6.627875040688901,93.5863100846117,93.43818790567862,7.771440906518413,8.302521088463662,-0.0014671381619090207,-0.0014682154629306406,21462135.0,-0.17128407884974783
2024-03-25,418.81180070101897,420.94901086959675,415.23666920718586,416.4677734375,18060500,57.82703501588851,5.524021037500518,4.535148129056211,425.47420393510987,392.06069901899167,408.76745147705077,410.6110563000265,400.0854616908255,415.32036743164065,408.76745147705077,402.2044616699219,413.9923198629871,408.46829882548656,5.524021037500518,3.3533686215335976,75.45494920367561,88.19001599120811,7.268440283699704,8.353376229029553,-0.01371458942271786,-0.01380950320572651,21555485.0,0.023344760177918866
2024-03-26,419.17616089060704,419.55042134825453,414.98057853086766,415.2760314941406,16725600,56.56292997244859,5.217238640626704,4.671566231370309,426.02747799615827,392.903002960873,409.4652404785156,411.0553396518469,400.6811703105634,415.94773864746094,409.4652404785156,402.87215393066407,414.18981396008763,408.97257531946093,5.217238640626704,3.7984179773909594,68.97834524701484,79.33986817843407,7.1185969808148855,8.281118758821323,-0.002861546605449905,-0.002865648657281415,21649975.0,-0.07391268237313475
2024-03-27,418.02383426765317,418.0336927178054,412.6759256225704,415.059326171875,16705000,56.32182785960575,4.900139316620255,4.717280848420298,426.44402665373553,393.836725909741,410.14037628173827,411.4366717013734,401.2450195600266,416.5711669921875,410.14037628173827,403.50012268066405,414.3235850695934,409.4234457529731,4.900139316620255,4.180250610209855,68.23398840783643,70.88909428617566,6.960309546277999,8.151825185998623,-0.0005218344085160531,-0.0005219706114766641,21826070.0,-0.001231644903620821
2024-03-28,414.5964392633085,415.49268661622915,412.7842577129666,414.3600769042969,21871200,55.49976059631012,4.540077063456636,4.681840091427565,426.8429206673922,394.13512803866246,410.48902435302733,411.71509124450904,401.75933553431173,416.1279663085937,410.48902435302733,404.1298352050781,414.3291991980093,409.78912213455266,4.540077063456636,1.3099577471976964,65.83215088409402,67.68149484631512,6.725342574959618,8.176948157182443,-0.0016846971589034032,-0.0016861178570169433,21322265.0,0.309260700389105
2024-04-01,417.5412936572551,421.42173632509054,415.8374347010724,418.15191650390625,16316000,58.99494899683502,4.508721168628256,4.647216306867703,427.6279573078408,394.2433805827842,410.9356689453125,412.32812222159447,402.4021818468448,416.93064575195314,410.9356689453125,404.74887512207033,414.9173095527627,410.4085883841344,4.508721168628256,2.28138514146248,73.99099787121983,69.35237905438346,6.880814949212712,8.34614418126414,0.009151073694016132,0.009109456322218178,21246895.0,-0.2539961227550386
2024-04-02,413.7593326884334,415.9950371448598,411.52365828826186,415.0692443847656,17912000,55.19915419841204,4.186861980342655,4.5551454415626935,428.0106536840442,394.50282287845585,411.25673828125,412.5891814752298,402.89892939735154,417.3364196777344,411.25673828125,405.2118865966797,414.94068414230156,410.7538221619589,4.186861980342655,-0.8889469261739743,51.57483578361248,63.79932817964214,6.576908741900285,8.376957701397085,-0.007372134378611284,-0.007399442858561717,21262695.0,0.09781809266977204
2024-04-03,413.3850296337972,416.8616660710103,412.7546899690478,414.0941467285156,16502300,54.015268172553405,3.809194005770223,4.405955154404199,427.4205687764913,396.84599921667274,412.133283996582,412.73251149935226,403.33795752798545,417.2418640136719,412.133283996582,405.69786376953124,414.8104476171037,411.0012536113335,3.809194005770223,0.9677594579350517,42.484563269884895,56.01679897490576,6.396818104137907,7.643642389954631,-0.002349240926523777,-0.002352004722385902,20741850.0,-0.07870142920946854
2024-04-04,418.5655553413228,422.1899488258563,411.2577378896696,411.56304931640625,19370900,50.959980187404256,3.2679797705293367,4.178360077629227,426.1964439743665,399.6252570754382,412.91085052490234,412.6211341485955,403.66051014713923,416.5179748535156,412.91085052490234,406.0862292480469,414.31084787853484,411.0428681080055,3.2679797705293367,0.134191910098177,28.23080583028314,40.76340162792687,6.282851482308274,6.64279672473207,-0.006112371865446331,-0.006131128882659731,20593190.0,0.17383031456221243
2024-04-05,413.6608680769513,420.0626098925823,411.99641280038685,419.0875549316406,16554800,58.478941149108635,3.4069550510228055,4.024079072307943,426.4034097434688,401.0315267799687,413.71746826171875,413.23698374698074,404.26549229555104,416.1388000488281,413.71746826171875,406.553125,415.045725886705,411.6387708356822,3.4069550510228055,0.9752926116805261,68.89690900199237,46.53742603405349,6.015527744747463,6.342970740875021,0.01828275309878369,0.01811763309710996,20485005.0,-0.14537786060534097
2024-04-08,418.7428494922185,420.8209388461148,416.9010924581036,418.1716003417969,14272400,57.32669633115857,3.4039455165953996,3.9000523611654345,425.6903542896939,403.55380769761075,414.62208099365233,413.70694723220134,404.8108298659921,415.7300720214844,414.62208099365233,406.95628356933594,415.5266296490268,412.1226841324314,3.4039455165953996,-0.15051042380325086,59.20111344885224,52.10960942704261,5.806591705071867,5.534136648020795,-0.0021855924354354794,-0.002187984328353272,20298515.0,-0.13786937927368492
2024-04-09,419.9936139789009,421.2739501766581,415.2464695179833,419.8360290527344,12496900,58.91102931539199,3.4955711572573023,3.8191561203838083,423.94155085684815,407.44571415780024,415.6936325073242,414.29066931034737,405.4000533635114,416.0668975830078,415.6936325073242,407.4112121582031,416.1896141726741,412.6940430154168,3.4955711572573023,-0.719655444082082,65.73575574400517,64.61125939828328,5.806589505378473,4.12395917476198,0.003980252866471634,0.003972352616421156,20117320.0,-0.1244009416776436
2024-04-10,415.8078620441207,417.62004361877445,413.3555123677214,416.8616943359375,16216600,54.98255059369712,3.2902531928205008,3.713375534871147,423.7180590601894,408.45514345445906,416.0866012573242,414.53552883659404,405.84952948007714,416.2254638671875,416.0866012573242,407.69281494140625,416.29301112086847,413.00275792804797,3.2902531928205008,-1.278169986959927,42.943321128808364,55.96006344055528,5.8966357312492494,3.8157289014325673,-0.007084515170143413,-0.007109729505877423,19805300.0,0.29764981715465444
2024-04-11,419.38303118441615,422.87935502001585,415.97531318643956,421.46112060546875,17966400,59.48213918447885,3.458801576169492,3.6624607431308163,423.8974339175841,409.5393763851502,416.71840515136716,415.1951090050583,406.46174873989645,416.8656433105469,416.71840515136716,408.08862365722655,417.0881048877301,413.6293033115606,3.458801576169492,1.1989756438424906,84.29616647620884,64.32508111634083,5.996534808593935,3.589514383108484,0.011033458655533623,0.010973034105490824,19847825.0,0.10790177965788139
2024-04-12,417.63980168862076,418.75272476078317,413.4245018587201,415.5223083496094,19253800,52.22374496879871,3.0776872056629827,3.5455060356372496,423.68385798392234,409.42597477974954,416.55491638183594,415.2262708473965,406.81706480302245,416.98186645507815,416.55491638183594,408.58212707519533,416.84721311263456,413.7695259069716,3.0776872056629827,0.05930437511229801,36.695155348081144,54.64488098436615,6.303958556194297,3.5644708010432056,-0.014091008554544038,-0.014191229404737049,19102650.0,0.07165598005165208
2024-04-15,420.1511937797841,420.36786929358846,407.1802683588039,407.3871154785156,20273500,44.256876088936764,2.095058712493312,3.255416571008462,424.1467740276042,408.68925807688805,416.4180160522461,414.4796846217888,406.8394197314732,415.90538635253904,416.4180160522461,408.79102600097656,415.3918134766163,413.29675476412297,2.095058712493312,-1.8484612221873875,1.317574226931125,40.76963201707373,6.744343522389727,3.864378987679019,-0.019578233725658367,-0.019772426152410382,17862330.0,0.05296097393761223
2024-04-16,408.3030988508173,412.0751888679084,407.4758004410801,408.31292724609375,16765600,45.27994689975516,1.3751717011558071,2.8793675970379313,424.4887727646237,408.0774015517825,416.2830871582031,413.89237439553216,406.8972043398897,415.22975463867186,416.2830871582031,408.8721618652344,414.3027540565359,412.9275823553801,1.3751717011558071,-1.4593948585446883,7.214807534557534,15.075845703189962,6.752788563247293,4.102842803210306,0.0022725602563318237,0.002269981896851798,17695310.0,-0.1730288307396355
2024-04-17,410.9425408996239,412.5479054250206,404.1271355046504,405.61431884765625,15855500,42.813364634266996,0.5802125841224779,2.4195365944548404,425.30051239767795,406.3231234665799,415.8118179321289,413.1039881528773,406.84689510490017,414.38177185058595,415.8118179321289,409.00884033203124,412.96607171670826,412.3858591325858,0.5802125841224779,-2.99833557169237,7.930705705461894,5.48769582231688,6.971574479328374,4.744347232774519,-0.006609167181256148,-0.006631104438093865,17496190.0,-0.054283771532185
2024-04-18,404.42265672373026,405.6636193685748,397.843643128254,398.1587829589844,21029900,36.84220133784312,-0.6439743458018938,1.8068344064034936,426.9974175371294,402.56190253123,414.7796600341797,411.68063527726844,406.5061848246682,413.0413452148438,414.7796600341797,408.9995526123047,410.68802729244305,411.33200163824495,-0.6439743458018938,-4.07413019744373,1.2587612131536805,5.468091484391064,7.336685003403967,6.1088787514748715,-0.01838084984241417,-0.01855187665024095,17654680.0,0.3263473242723345
2024-04-19,397.9224202787546,399.35051316442866,391.7570408652649,393.0866394042969,30565800,33.426585922216915,-2.000371861121664,1.0453931528984621,428.296358013979,398.2836956969585,413.29002685546874,409.90977852746164,405.9799281415164,410.4412536621094,413.29002685546874,408.72052124023435,407.9801214634975,409.98049332461915,-2.000371861121664,-5.073123464841315,4.272171190165159,4.48721270292694,7.374671637573259,7.503165579255118,-0.012738997032774257,-0.012820833810656252,18118160.0,0.45344485708443694
2024-04-22,394.0321320394096,396.76027825597146,389.7676002006902,394.8988342285156,20286900,35.7195657177089,-2.895717656535737,0.25717099101162233,428.40180099123467,395.442248081031,411.9220245361328,408.4801647847049,405.54537543904576,408.1139770507813,411.9220245361328,408.47655517578124,405.96761573503875,408.8633333915745,-2.895717656535737,-4.049006614070281,15.496714250948086,7.009215551422336,7.40070162611875,8.239888227550919,0.004610166417675865,0.004599572148892712,18250080.0,-0.33628761557034337
2024-04-23,398.12925698523895,402.02941689941457,396.9671017838586,401.408935546875,15734500,43.277794796264736,-3.044875451973553,-0.40323829758541274,428.14300802663394,394.1951572565692,411.16908264160156,407.8067143811021,405.383162109941,406.2712677001953,411.16908264160156,408.2361712646484,405.26628032147505,408.3111557734486,-3.044875451973553,-4.218359427936071,35.15771184494984,18.308865762021057,7.616673523899924,8.486962692516197,0.016485491356482918,0.01635108084764155,18133780.0,-0.22440096811242727
2024-04-24,403.36878440202247,406.2347982871372,400.6308101493401,402.8763427734375,15065300,44.851849388059655,-3.0099794109301,-0.9245865202543503,427.79504095200735,393.30315545912543,410.5490982055664,407.3371551803722,405.2848554692938,404.8727325439453,410.5490982055664,408.1291436767578,404.89859762177696,407.90857703270706,-3.0099794109301,-3.657650963350366,39.589392480933675,30.08127285894389,7.236086181157812,8.622971373220482,0.0036556416577107065,0.0036489760395477452,18050765.0,-0.04253074454224792
2024-04-25,388.0735378998874,393.84496925671834,382.1642385201122,393.0078125,40586500,37.34603685802925,-3.735570632370468,-1.4867833426775738,428.2294831982956,390.6635618456497,409.44652252197267,405.9724558774796,404.8034028038313,402.02740173339845,409.44652252197267,408.0005181884766,403.0692460645805,406.804816696951,-3.735570632370468,-6.390165373197297,26.6327961505734,33.793300158819,8.108410729525616,9.391480338161486,-0.02449518431760389,-0.0248001823013294,19244840.0,1.6940386185472578
2024-04-26,405.93933785210214,406.7567777157392,399.62623268322636,400.1777648925781,29694700,44.600003776510306,-3.689521163351742,-1.9273309068124076,427.80795797750415,389.66685586526927,408.7374069213867,405.42058054558424,404.62200523868415,400.4929473876953,408.7374069213867,407.938076171875,402.6244028073494,406.3139239707011,-3.689521163351742,-4.0022697383929575,44.24284619818923,36.82167827656546,8.810490645791901,9.53527552805871,0.0182437909999007,0.01807936981102548,19636015.0,-0.268360169021719
2024-04-29,399.1239921991836,400.1778246357648,393.1556012841848,396.1693420410156,19582100,41.69371004060236,-3.931156921785373,-2.3280961098070008,426.95649808834344,388.3200583081409,407.6382781982422,404.5395102118158,404.2905282505403,399.3711700439453,407.6382781982422,407.8531799316406,401.6313165356057,405.5624734573911,-3.931156921785373,-6.000975494042984,34.397797979864755,35.09114677620915,8.881543695285131,9.659109945050622,-0.01001660562684814,-0.010067109354628493,19799320.0,-0.3405523544605603
2024-04-30,395.4208268707794,396.0807119739039,383.2870862186978,383.44464111328125,28781400,34.09765846882986,-5.09074903534281,-2.880626694914163,427.8347610942957,384.27933497504023,406.05704803466796,402.5304750595744,403.47304248045174,396.88434143066405,406.05704803466796,407.5630328369141,398.83336647063277,403.9241155059756,-5.09074903534281,-7.719842374705628,3.1447843043064876,27.261809494120186,9.338810776521191,10.88885652981387,-0.0321193479085945,-0.032646492600805585,20342790.0,0.4697810755741212
2024-05-01,386.67496248893406,395.6472636934468,384.4097432465482,388.9697570800781,23562500,39.271228761714816,-5.500497149350281,-3.4046007858013865,427.50531706282067,382.09634004167157,404.8008285522461,401.2389781091462,402.904286190241,395.2198852539062,404.8008285522461,407.40840515136716,397.3158881028551,402.8163852522054,-5.500497149350281,-4.52084950620113,17.813800474406296,18.452127586192542,9.717280829848997,11.352244255287278,0.014409162039024537,0.014306336638570005,20695800.0,-0.1813289138123927
2024-05-02,391.6487169798458,393.88439136644655,388.6842084752251,391.82598876953125,17709400,41.81421003725985,-5.530993603623642,-3.8298793493658376,426.99171803690217,380.6362330129025,403.81397552490233,400.3425029339448,402.46984315413476,394.58660583496095,403.81397552490233,407.32291809082034,396.4712882054207,402.00228180904435,-5.530993603623642,-4.037819372450502,25.29013618288594,15.416240320532935,9.51467826873991,11.588871255999912,0.007343068805385489,0.007316239734067267,20612725.0,-0.24840742705570296
2024-05-03,396.1988407447482,400.99521746175435,395.7851765465019,400.51263427734375,17446700,48.831859229182534,-4.798903792489568,-4.023684237990584,424.94782963979566,380.8226293445793,402.8852294921875,400.3587059190304,402.3930898648489,395.32920532226564,402.8852294921875,407.22462646484377,397.0930337549473,401.8919375474369,-4.798903792489568,-1.2577673748812181,60.38901036749923,34.497649008263856,9.227651679985522,11.031300073804085,0.022169651214539288,0.02192747723661227,20657320.0,-0.014833930003275042
2024-05-06,402.58092459776026,407.67275464571117,400.22703898277103,407.2886657714844,16996600,53.53913863392833,-3.630102666940388,-3.944967923780545,423.32677838871905,381.3553871386247,402.34108276367186,401.0187020954546,402.5850732337366,396.5681884765625,402.34108276367186,407.2876593017578,398.66159252672225,402.29169519366263,-3.630102666940388,2.2930255976396476,82.69056967351563,56.1232387413003,9.424626128096046,10.49284781252359,0.016918396360621202,0.0167768742803125,20793530.0,-0.02579857508869876
2024-05-07,408.3917165446932,408.4015749957849,402.90590929968624,403.1521301269531,20018200,50.48572940546713,-3.0029866494277826,-3.756571668909993,420.82453329404126,382.1892423407243,401.5068878173828,401.2218857175021,402.6073107589608,396.7425079345703,401.5068878173828,407.323115234375,399.3524444652193,402.3554311146471,-3.0029866494277826,2.5606290607867,79.9924627497952,74.35734759693672,9.215690112076654,9.658822738329238,-0.010156274878643679,-0.010208201726434066,21169595.0,0.17777673181695164
2024-05-08,401.99981584395204,405.9984394987751,400.5618646353196,404.333984375,11792300,51.33961755233096,-2.3831553948437545,-3.4818884140967454,418.86844853485786,382.89255610381406,400.88050231933596,401.51827606583527,402.6750234497859,396.8882720947266,400.88050231933596,407.3833898925781,400.1188352205702,402.50199061541394,-2.3831553948437545,2.3892575334938946,84.49693769580463,82.39332337303853,9.045447156586274,8.993973107760963,0.0029315341771223302,0.002927245610149282,20948380.0,-0.41092106183373134
2024-05-09,404.3635513602943,406.48104448418644,402.91577167959764,406.08709716796875,14689700,52.644208383203434,-1.7305246974274837,-3.1316156707628933,415.5265462691729,384.69705602574896,400.11180114746094,401.9534018850861,402.80883026226365,398.1962005615234,400.11180114746094,407.47399963378905,401.03702936632385,402.76755406375133,-1.7305246974274837,1.1654353470533174,91.17868603026012,85.22269549195335,8.75771862125949,7.707372560855988,0.004335803718499287,0.004326431203381133,20784545.0,0.24570270430704788
2024-05-10,406.69771158758806,409.1008292398404,405.5749302005713,408.4704895019531,13402300,54.43284089128,-1.0093551078812197,-2.7071635581865587,413.9649597851225,385.5534606250338,399.75921020507815,402.5740768962163,403.03085611480054,399.0254730224609,399.75921020507815,407.4956671142578,402.1806386179591,403.18999372584034,-1.0093551078812197,1.3885518047560224,97.65991270222035,91.11184547609507,8.51009154868719,7.102874790022192,0.005869165384977837,0.005852008930468616,20491970.0,-0.08763963865837965
2024-05-13,411.6911003868472,412.0259571204268,404.60978666771797,407.4659423828125,15440200,53.5153830538354,-0.5129683893034667,-2.2683245244099406,413.9778529592063,385.5484501413796,399.76315155029295,403.0399688473207,403.20478106648727,400.15513305664064,399.76315155029295,407.46060546875,402.9937622740904,403.50673066339385,-0.5129683893034667,3.678840324023457,84.72956363078757,91.18938745442271,8.530490675959328,7.107350704456665,-0.0024592893365821267,-0.002462318355778151,20250305.0,0.15205599038970918
2024-05-14,405.79162172220066,411.1789347782618,405.3287253515243,410.26300048828125,15109300,55.751720627856905,0.10491151986815339,-1.7936773155543217,414.3464542160454,385.37485620875924,399.8606552124023,403.72787662265034,403.481573984989,402.83696899414065,399.8606552124023,407.4929083251953,404.1121066147351,404.007195094867,0.10491151986815339,2.5201888961547776,94.09626533642643,92.16191388981149,8.54807791088364,7.242899501821536,0.0068645199869021845,0.006841066439963532,20167490.0,-0.021431069545731263
2024-05-15,412.32511422725236,418.15627711467357,411.7035137509103,417.4360046386719,22239500,60.94127897850682,1.1600153522147707,-1.2029387820005033,416.7743613253903,384.1291176785159,400.4517395019531,405.0334126241762,404.0288065596432,405.68359375,400.4517395019531,407.9103637695313,406.16193707995615,405.0019217277414,1.1600153522147707,5.368073785844463,97.93435850533365,92.25339582418258,7.632447366102712,8.161310911718612,0.0174839167603551,0.017332831585957376,20486690.0,0.47190803015361404
2024-05-16,416.1730322472247,419.7447655066684,414.74239380752215,415.37384033203125,17530100,58.80596254844779,1.8089409701649402,-0.6005628315674145,418.89314234131103,383.7318423998999,401.31249237060547,406.0182152630195,404.4737098448349,408.03837890625,401.31249237060547,408.2976062011719,407.57915296489074,405.7702119947258,1.8089409701649402,8.32693844046112,88.01096158613872,93.34719514263297,7.007690686346073,8.790324985352775,-0.004940072930282091,-0.0049523154264183794,20311700.0,-0.2117583578767508
2024-05-17,416.90321260748334,417.27814812423264,412.45336756995647,414.6042785644531,15352200,57.989372676495634,2.2353542224824423,-0.03337942075744316,420.4757816204139,384.30096703681266,402.3883743286133,406.8359355774418,404.8709870495258,409.4475433349609,402.3883743286133,408.5305877685547,408.65994151866954,406.4245872961871,2.2353542224824423,6.5903636510993735,85.90012572766419,90.6151486063789,6.850730486538656,9.043703645900301,-0.0018526967585704712,-0.0018544151239447248,19551020.0,-0.1242377396592147
2024-05-20,414.6042935983872,421.07677928196154,414.3872272445279,419.6658630371094,16272100,61.75143086193681,2.9477376775586777,0.5628439989057811,422.9071006093799,384.3463509287061,403.626725769043,408.0578334307435,405.4511782647252,410.6852630615234,403.626725769043,408.92231811523436,410.35316021381414,407.40542253625546,2.9477376775586777,7.1051627675348765,96.1520853676597,90.02105756048756,6.408394501904074,9.640187420168445,0.01220823019526418,0.012134310761883753,19350280.0,0.059919750915178316
2024-05-21,421.13598848639515,427.1940941013643,419.1824213563369,423.3165283203125,21453300,64.23884494716688,3.7635015731867156,1.202975513761968,425.8707206735978,383.5734901418318,404.7221054077148,409.5110424678453,406.15178022768936,412.7017028808594,404.7221054077148,409.42054870605466,412.3475245378908,408.5840229647041,3.7635015731867156,5.693676576299387,89.93098598449261,90.66106569327219,6.109040942251353,10.574307632941506,0.008698980795777356,0.008661362664518075,19636220.0,0.31841003926967026
2024-05-22,424.35250743086516,426.6415653807663,421.43200286988593,424.7767639160156,18073700,65.21334346707684,4.476229954054588,1.8576264018204922,428.7555094770834,382.87874345260406,405.81712646484374,410.9649207010044,406.88217174487863,414.74598083496096,405.81712646484374,409.73603759765626,414.25971521144845,409.78348525739386,4.476229954054588,4.293784633413594,92.30368196826169,92.79558444013803,6.10971091508413,11.46919150611985,0.0034495123578028863,0.0034435764368212743,19786640.0,-0.15753287373038183
2024-05-23,427.194070817087,427.8156712738496,419.7448017896618,421.3037109375,17211700,60.9585596055678,4.706571553838103,2.4274154322240147,430.3336533939515,384.13018937948596,407.23192138671874,411.94956739019443,407.447722301452,416.26764221191405,407.23192138671874,409.98561096191406,415.3434068616102,410.6368353077721,4.706571553838103,4.502414710008085,76.39621903817465,86.21029566364301,6.031256685938753,11.550866003616383,-0.008176183994853092,-0.008209792304391639,18617900.0,-0.047693610052175206
2024-05-24,421.49118910602255,425.30955759417924,418.7482761527639,424.42156982421875,11855300,63.27505740742838,5.082120563961325,2.958356458571477,432.51139621509196,384.3768270515096,408.4441116333008,413.1373771458158,408.1133633807762,417.8627502441406,408.4441116333008,410.09820068359375,416.74004731739615,411.6579267534348,5.082120563961325,4.9680675445248985,87.54632152987962,85.41540751210535,5.968082812972698,12.033642290895571,0.007400501836978268,0.007373252479952367,17725930.0,-0.3112069115775896
2024-05-28,423.8986396092449,425.0727671383065,420.9090617260336,424.5794372558594,15718000,63.39349378420823,5.331031628388587,3.4328914925348992,434.2332091133432,385.49602367474273,409.86461639404297,414.22709715629617,408.7590917680344,419.5740997314453,409.86461639404297,410.38728698730466,417.94610730792897,412.6150756795404,5.331031628388587,4.5537866671596525,88.12557063711238,84.02270373505559,5.872942792699429,12.18429635965012,0.0003719590210884416,0.00037188986148091886,17532725.0,0.32582051909272636
2024-05-29,420.0112068053538,425.1911706830153,420.0112068053538,423.4447937011719,15517100,61.849617153477624,5.374782046259554,3.8212696032798306,433.51782356491856,390.21142448195644,411.8646240234375,415.1049730177129,409.3350016477653,420.89227905273435,411.8646240234375,410.6359527587891,418.7920590607356,413.41727701447604,5.374782046259554,3.665945174516003,82.44620402530971,86.03936539743393,5.854613436571283,10.826599770740529,-0.0026723940330717344,-0.0026759712525871175,16869510.0,-0.012781524366967778
2024-05-30,418.63975349144664,418.63975349144664,408.7139580183881,409.13824462890625,28394500,46.47917293569967,4.206545187872166,3.898324720198298,431.735485632855,394.01061116890287,412.87304840087893,414.53671317115993,409.3272856862414,420.0625030517578,412.87304840087893,410.5179235839844,417.30685684045415,413.100311652582,4.206545187872166,0.41041522054931134,19.514265618608384,63.3620134270102,6.652153642156638,9.431218615988033,-0.03378610219107303,-0.0343700429775677,17111110.0,0.8298844500583227
2024-05-31,411.1904861655314,411.1904861655314,399.11377942255837,409.59210205078125,47995300,46.92975071204656,3.2795272135259665,3.774565218863832,429.9315928604261,397.59111526945674,413.76135406494143,414.065797826362,409.33767064171354,419.4843292236328,413.76135406494143,410.33372680664064,416.11997148819677,412.8404442746708,3.2795272135259665,-0.1635288672635649,36.507428438907894,46.15596602760869,7.262925620992637,8.085119397742346,0.00110930089727157,0.0011086860776691775,18625405.0,0.6903026994664461
2024-06-03,409.9867358256656,410.8747236026411,403.4649291544174,408.0035400390625,17484700,45.486316049079996,2.3891346547583225,3.4974791060427304,429.33168907967985,398.94010962637486,414.13589935302736,413.4884399418573,409.2853517945508,418.8242553710937,414.13589935302736,410.03621154785156,414.8712897267915,412.48215507203315,2.3891346547583225,-2.2596193176422372,30.972734001519147,28.998142686345176,7.26247019210084,7.597894863326237,-0.003878400007629512,-0.003885940503960858,18627305.0,-0.63569974560009
2024-06-04,406.9281055414635,410.88462108617875,404.21479101509067,410.5195617675781,14348900,48.20364954155308,1.8650153274600711,3.170986350326199,429.253544658497,399.3413436471671,414.29744415283204,413.20568963954497,409.3337521856499,417.9096252441406,414.29744415283204,409.8014251708984,414.20179311768175,412.3367777902217,1.8650153274600711,-1.1686529321569292,39.73878239147026,35.73964827729913,7.3210145238401685,7.478050252832484,0.006166666417342315,0.0061477303384378295,18494920.0,-0.17934537052394384
2024-06-05,412.23630472822083,418.42265047577604,410.7464388812518,418.3536071777344,16988000,55.6213293006489,2.0580648863418673,2.948402057529333,429.14882674603024,400.96620926471195,415.0575180053711,413.6959675003249,409.6874719892611,417.4133331298828,415.0575180053711,409.8391418457031,414.8405337423052,412.7824688559633,2.0580648863418673,0.9043149834977863,67.03330865735407,45.91494168344786,7.321715386826282,7.045654370329581,0.019083245086848333,0.018903443825245603,18343410.0,0.1839235063314959
2024-06-06,418.35360501475236,419.6362506295676,414.9693392305099,418.8567810058594,14861300,56.05661963508838,2.2260000325943565,2.803921652542338,429.0190037301761,402.54831194365204,415.7836578369141,414.187473548471,410.0470527350101,416.8213348388672,415.7836578369141,409.9107568359375,415.45841793669814,413.2324179041038,2.2260000325943565,-0.19279195724777265,68.78641200932827,58.51950101938423,7.297753936819959,6.617672946631008,0.0012027476744360666,0.0012020249528949423,18496860.0,-0.12518836825994817
2024-06-07,420.51442686018504,420.59334639709124,417.3571033955117,418.1957702636719,13621700,55.28939641184124,2.279475429482659,2.699032407930402,428.8414622969439,403.9367206864545,416.3890914916992,414.5692160927759,410.3666102851537,416.5105407714844,416.3890914916992,409.9734857177734,415.87954906392486,413.6000736344422,2.279475429482659,-1.2096759077561654,66.48339050254992,67.43437038974412,7.184286968770201,6.226185402622357,-0.0015781306932649564,-0.0015793772531697205,18443460.0,-0.08341127626789047
2024-06-10,419.0344147777948,422.36929949498546,418.2352227759558,422.162109375,13982900,58.92240060189608,2.611798299977181,2.681585586339758,429.1940577837281,404.953287186975,417.07367248535155,415.29234878632104,410.8291788769124,416.2845947265625,417.07367248535155,410.1295263671875,416.8460968040903,414.2342985041131,2.611798299977181,-0.6155361505443785,80.30247647736412,71.85742632974747,7.0045710540473385,6.06019264918827,0.009484407527190708,0.009439712913173005,18472490.0,0.026516514091486476
2024-06-11,419.8040264249776,427.04610581067664,419.57708382911113,426.907958984375,14551100,62.81574857848632,3.220987431739445,2.7894659554196957,430.03961275780586,406.05193387305354,418.0457733154297,416.3985973766119,411.4597192732835,416.51744689941404,418.0457733154297,410.30464721679687,418.3940756010571,415.1730881693177,3.220987431739445,1.3302156855927587,96.83744787912381,81.20777161967932,6.965810285228628,5.996919721188084,0.011241770646828408,0.011179051554563207,18428035.0,0.04063534746011199
2024-06-12,429.51276024474697,437.48495834500466,427.47036718999846,435.1761779785156,22366200,68.42981970892396,4.321138979726925,3.095800560281142,432.9422950284059,405.6405693514769,419.2914321899414,418.1869383863171,412.38977647741024,417.6905853271484,419.2914321899414,410.7067858886719,420.9759375052815,416.65479852555455,4.321138979726925,2.5339447659908227,93.98303510258205,90.37431981969003,7.349198631639292,6.825431419232251,0.01936768528235211,0.019182518678716166,18790880.0,0.5370796709527115
2024-06-13,434.9689361541973,437.47506023111936,433.50866895377334,435.6891784667969,15960600,68.74512202907562,5.174760442546074,3.5115925367341285,435.6547139036104,404.75346785908494,420.20409088134767,419.85381839398184,413.3034785162097,420.3456787109375,420.20409088134767,411.1386865234375,423.2395130378223,418.0647525952762,5.174760442546074,2.6166460822365654,95.31997731464725,95.38015343211775,7.056021616864878,7.725311511131357,0.0011788340314589085,0.0011781397521951613,18476935.0,-0.28639643748155696
2024-06-14,432.4332670607897,437.2284494695541,430.8940801420427,436.6660461425781,13582000,69.37240803798124,5.862507324104399,3.9817754942081827,438.18288127195996,404.3545210717901,421.268701171875,421.45498294146716,414.2196576388124,423.0530731201172,421.268701171875,411.64074645996095,425.30513351547705,419.44262619137265,5.862507324104399,3.1223084184940024,97.8658143288178,95.7229422486824,7.039813608728882,8.457090050042458,0.002242120585181473,0.0022396107836405825,18279530.0,-0.14902948510707614
2024-06-17,436.68574902549324,444.92436422206765,434.84070005199675,442.3886413574219,20790000,72.8145325079573,6.791034472673516,4.5436272899012495,441.697843427561,403.61799519548583,422.6579193115234,423.44866469536765,415.3243236669932,426.4915832519531,422.6579193115234,412.10676818847656,427.9333654911609,421.14233101848737,6.791034472673516,8.126934395652544,94.46476643827316,95.88351936057943,7.462667805714452,9.519962058018791,0.013105198504431481,0.013020068348932837,18551420.0,0.530702400235606
2024-06-18,443.71071948038815,444.1350060298183,438.95504267224476,440.38568115234375,17112500,69.85531328377988,7.281342000376071,5.091170231996214,444.2433088261594,403.14451160841094,423.6939102172852,425.0617138817463,416.3071219997521,429.4781951904297,423.6939102172852,412.5510498046875,429.8491063621121,422.567764361736,7.281342000376071,7.518108612783923,90.09250135184365,94.14102737297823,7.462667768565317,10.274699304437108,-0.004527603147613024,-0.00453788378557977,18593440.0,-0.17688792688792687
2024-06-20,440.3462442358131,440.57318682315986,435.38334678666155,439.7542724609375,19877400,68.90464178983403,7.532139033872738,5.57936399237152,446.2805797781194,402.75101507051346,424.5157974243164,426.4610051750026,417.2266180962692,431.61826171875,424.5157974243164,412.94941467285156,431.3729780696237,423.84083903575095,7.532139033872738,7.781974739443479,88.71419829334829,91.09048869448839,6.781168079544926,10.882391176901466,-0.0014337629910083916,-0.0014347918126741224,18514645.0,0.1615719503287072
2024-06-21,441.4118686798834,444.569161991758,440.5534794666223,443.77984619140625,34187100,71.5618986543759,7.963924482673917,6.056276090431999,448.8757197709715,402.0561833052004,425.46595153808596,428.1104186051363,418.26792115882364,434.1105682373047,425.46595153808596,413.48777770996094,433.2817270114364,425.31780252876246,7.963924482673917,8.101997449431883,97.2394268547223,92.01537549997143,6.262466850105459,11.704884116442763,0.009154143535527126,0.009112498321500339,19320315.0,0.7198979745842011
2024-06-24,443.7995580906483,446.71021649298933,440.45479708566984,441.697998046875,15913700,68.31077754493026,8.045387595046407,6.454098391354881,450.887739451345,402.0835923357644,426.4856658935547,429.40447379006383,419.18674770345314,436.460791015625,426.4856658935547,413.89251525878905,434.57653793996536,426.53115034491896,8.045387595046407,5.580062050050148,88.20527529787618,91.38630014864896,6.180011490040873,12.201036778895132,-0.004691173252679315,-0.004702211340506781,19255415.0,-0.5345115555282548
2024-06-25,442.27024120018433,445.3979659147229,440.7902515475345,444.9342346191406,16413400,70.55055229766742,8.275687964122483,6.818416305908402,453.2365330924798,401.78606517412175,427.5112991333008,430.8834986309283,420.1964530726958,438.7380035400391,427.5112991333008,414.4807537841797,436.17002973676153,427.89434177263905,8.275687964122483,6.22586401744716,95.06174825953467,93.50215013737774,6.032717511190891,12.862616979589525,0.007326808331882484,0.007300097661673289,19483320.0,0.0314006170783665
2024-06-26,443.01020350518843,447.54884412889345,442.21101156026344,446.1280517578125,16507000,71.35486669123189,8.457046167889587,7.146142278304639,455.57122679944706,401.6062329173498,428.58872985839844,432.3353608334887,421.21337851132785,440.66001281738284,428.58872985839844,415.2555725097656,437.7020331246155,429.24498695672594,8.457046167889587,6.679235774319133,95.63899950133545,92.96867435291546,5.849484929793184,13.4912484705243,0.0026831316760638213,0.0026795385041354963,19522770.0,0.005702657584656379
2024-06-27,446.1478236075156,450.08461670642896,445.74328947401983,446.80889892578125,14806300,71.82744248206106,8.557071928765708,7.428328208396853,457.803821921562,401.7100483176958,429.7569351196289,433.71379303275467,422.21712440993383,441.8232849121094,429.7569351196289,416.0254919433594,439.10308940171797,430.54601747295226,8.557071928765708,5.838228728596742,89.99093591521054,93.56389455869358,5.826228917889714,14.023443400966546,0.0015261249887472683,0.0015249616434630962,19487230.0,-0.10302901799236686
2024-06-28,447.02596302446955,449.3051447547128,440.4548051400977,440.98760986328125,28362300,62.35530026247379,8.073546865449089,7.557371939807301,458.05150614079344,404.6473006219019,431.34940338134766,434.40653749280483,422.95322187869255,442.35312805175784,431.34940338134766,416.7329577636719,439.39301562657386,431.31946876112477,8.073546865449089,3.298053030541314,71.43742558176662,85.68912033277088,6.227235818820824,13.35105137972289,-0.013028588008196729,-0.013114204515447852,19485620.0,0.9155562159351087
2024-07-01,442.67479410049566,451.2685926172397,439.71481466960876,450.63714599609375,17662800,69.52864267513,8.372474021702317,7.720392356186305,459.36179894978505,407.44151220744146,433.40165557861326,435.95230973121335,424.0388659617279,443.7502380371094,433.40165557861326,417.78252502441404,441.12288183726923,432.7504078155669,8.372474021702317,3.552806610278521,98.00752111435456,86.4786275371106,6.75439644141492,12.980071685585893,0.021881649091692434,0.021645681838708578,17968995.0,-0.3772437355221544
2024-07-02,447.1542284209129,453.4589688152071,447.06540254269134,453.1531066894531,13979800,71.07622850624628,8.71196681741992,7.918707248433028,460.12949982534644,411.1887679969192,435.6591339111328,437.5904808700933,425.1806008922269,444.8266845703125,435.6591339111328,418.9838543701172,442.9736856606821,434.2617188432622,8.71196681741992,4.008345647718938,98.82309125298507,89.42267931636877,6.677578176482792,12.235182957106822,0.005583118736911974,0.005567590898530048,17793750.0,-0.20851733586973753
2024-07-03,452.07760022493966,454.86983386478704,451.77173813362833,454.6231689453125,9932800,71.97194878368741,8.995939451940501,8.134153689134523,460.68939035472994,415.0392381853091,437.8643142700195,439.2126416391618,426.3352114041126,446.25043334960935,437.8643142700195,420.17834106445315,444.76591385831756,435.76997440637706,8.995939451940501,4.112324042907403,98.97119013513831,98.60060083415935,6.143370774377725,11.41253804235522,0.0032440740980439475,0.003238823442280134,17572945.0,-0.2894891200160231
2024-07-05,453.478674753155,462.1021014719612,452.8472281684966,461.3226318359375,16000300,75.66981974863694,9.650337393886105,8.43739043008484,463.1916242213693,416.8339067844901,440.0127655029297,441.31835499123565,427.70726710732146,448.4072692871094,440.0127655029297,421.3766149902344,447.31310123948987,437.66276384560376,9.650337393886105,4.279944986927946,97.50234201719022,98.43220780177124,6.521119490529052,11.589429359219782,0.014736298869604925,0.014628774669472103,17523560.0,0.6108549452319587
2024-07-08,460.326095268591,461.4607780718062,458.26398000009,460.0202331542969,12962300,73.63588504367158,9.949171927713849,8.739746729610642,464.64238806361857,419.49948815708456,442.07093811035156,443.09948624486054,428.97444224641856,450.03130798339845,442.07093811035156,422.51949279785157,449.26804461099863,439.3188726832848,9.949171927713849,4.458490101352976,92.3633114615315,96.27894787128669,6.297007257972252,11.285724976633498,-0.0028231840186496715,-0.0028271767191740864,17428610.0,-0.1898714399105017
2024-07-09,460.77011087707854,461.09569535136285,451.89017298008986,453.4096374511719,17207200,64.20287842671453,9.542579703794445,8.900313324447403,463.91842114608346,423.7448417933697,443.8316314697266,444.0814054073664,429.9326851956246,451.2024719238281,443.8316314697266,423.727529296875,449.90521274025605,440.3626330364616,9.542579703794445,3.1052262241402904,67.46680703059933,85.77748683644039,6.234282843772401,10.043394838178443,-0.014370228148003483,-0.014474479828745225,17607885.0,0.32748046257222874
2024-07-10,455.06725356597207,460.2373415030919,452.7387206812327,460.0301513671875,18196100,68.5483758288802,9.643409359792827,9.048932531516488,464.29297564544885,427.15709149322305,445.72503356933595,445.600333594016,431.11297798666624,452.7120635986328,445.72503356933595,424.92457702636716,451.46289560593783,441.819486246145,9.643409359792827,3.6617943142853644,92.24533430102693,84.02515093105262,6.399901234078519,9.283971038056453,0.014601617101111186,0.014496039980358432,17818545.0,0.057470128783299934
2024-07-11,456.8037581244286,458.57973369334036,445.5262138972975,448.63421630859375,23111200,55.95663149722225,8.703433109991522,8.979832647211495,463.1526391878771,430.4700536832166,446.81134643554685,445.8892748049281,431.8000853718398,452.9626800537109,446.81134643554685,425.97387451171875,451.0277141755772,442.3242810655857,8.703433109991522,1.570353112848532,39.841369424220495,66.51783691861561,7.06519390789221,8.170646376165127,-0.024772148140128625,-0.025084141071276805,18246550.0,0.27011832205802344
2024-07-12,448.2691662493938,450.2720845844748,444.6382651481434,447.49957275390625,16324300,54.87578592148708,7.77728718216656,8.739323554202509,462.82357164580003,432.03146070283276,447.4275161743164,446.0426365143546,432.4157515436856,453.03174743652346,447.4275161743164,427.2549731445313,450.4849231876278,442.70763600546127,7.77728718216656,0.5765656888509668,34.773119909642105,55.61994121162988,7.12368890114299,7.698027735741816,-0.002529106148040694,-0.0025323097396167714,17944455.0,-0.29366281283533524
2024-07-15,447.2529146310032,451.1601094621715,445.4078654604088,447.90411376953125,14429400,55.20798656130437,6.995315300562481,8.390521903474504,462.40863692494844,433.66788895395786,448.03826293945315,446.2199200624667,433.02313829764034,453.72339782714846,448.03826293945315,428.4336602783203,450.08787558484374,443.09256028428126,6.995315300562481,0.39810588119729196,36.58013216260744,37.064873832156714,7.087747800746074,7.185186992747658,0.0009040031326408293,0.0009035947678990564,17867895.0,-0.11607848422290701
2024-07-16,448.1606286695201,448.23954820722287,440.7014827721708,443.5233154296875,17175700,50.842866194610785,5.953475180451335,7.90311255886987,461.9117362187607,434.85051658885646,448.3811264038086,445.9631005736306,433.4349099498775,453.0120147705078,448.3811264038086,429.4676068115234,449.0779432532812,443.12446807282987,5.953475180451335,-0.7353442386651107,17.011890693599145,29.455047588616267,7.29705859130777,6.765304907476059,-0.009780661095017074,-0.00982880594358628,18047580.0,0.1903266941106352
2024-07-17,436.68577660898285,438.9156374910901,433.32126292871686,437.6033630371094,21778000,45.596317371745904,4.597125890580799,7.241915225212056,462.27449006825765,434.00923490732833,448.141862487793,445.1669350939619,433.59837869839646,451.45704040527346,448.141862487793,430.20942138671876,447.31262322002397,442.71549732944317,4.597125890580799,-0.767424469640108,14.878302110477048,22.823441655561243,7.644502872189244,7.066313790232321,-0.013347556231272373,-0.01343743553530177,18096980.0,0.26795414451812727
2024-07-18,438.4124018485707,438.71826397070777,428.6050012530057,434.495361328125,20794800,43.08272649553706,3.234138408733884,6.440359861916422,462.87753977663203,432.817153216532,447.847346496582,444.1505947353108,433.6335544877976,449.4442596435547,447.847346496582,430.75355529785156,445.3407367751164,442.1065983663825,3.234138408733884,-3.5819915893282066,17.584686544855128,16.491626449643807,8.056783978281597,7.515096640025005,-0.007102325922300534,-0.007127667499769453,18281095.0,-0.045146478097162324
2024-07-19,427.32232365737326,435.25507610536096,426.2369919613048,431.27880859375,20940400,40.58890010461757,1.87282334404631,5.5268525583424,463.8295016230795,431.0176449833658,447.42357330322267,442.9247103408764,433.54121151156045,446.43987731933595,447.42357330322267,431.3160888671875,443.17736320875235,441.30453986470604,1.87282334404631,-4.827131883858766,14.057719887756535,15.506902847696272,8.068765730384529,8.20296415992844,-0.007402962196288887,-0.00743050011321019,18334245.0,0.007001750437609422
2024-07-22,435.8964446559175,438.6689563053254,433.05485959349295,437.0310974121094,15808800,46.54776571516037,1.2437952835015835,4.670241103374237,464.0748833881803,430.0973883403353,447.0861358642578,442.36341387147,433.6780697821702,444.1409637451172,447.0861358642578,431.9700311279297,442.2317838554227,440.9879885719211,1.2437952835015835,-3.8695941462937866,30.09639618581783,20.579600872809866,7.77136357066628,8.494373761961246,0.013337749742714289,0.013249585039254488,17415330.0,-0.24505740100475637
2024-07-23,437.97831049289954,442.4084337865644,437.1889946406873,438.9156494140625,13107100,48.374650377763686,0.8871273583472998,3.91361835436885,464.1655584590447,429.7284784061897,446.9470184326172,442.03505535171695,433.8834650618523,442.6915649414062,446.9470184326172,432.62660217285156,441.7216093259826,440.8344819676353,0.8871273583472998,-4.857117530241549,35.350951456012055,26.501689176528842,7.698775720804799,8.609270013213735,0.004312169118199094,0.004302898358780288,17275000.0,-0.17089848691867815
2024-07-24,434.5743138131604,435.5905721860423,421.88585333621705,423.1783752441406,26805800,37.001702633874444,-0.6578181277170643,2.999331057951667,466.0972943468415,425.62115658089283,445.8592254638672,440.2391810557573,433.4636576180205,439.0063873291016,445.8592254638672,432.92075988769534,438.8688040826223,439.5266222103394,-0.6578181277170643,-8.008747279991704,3.2139296126303245,22.88709241815344,8.693897174139567,10.119034441487168,-0.035854894194204734,-0.03651347100448823,17794620.0,1.0451358424060242
2024-07-25,423.0797380180107,424.0663978828946,411.94036982301,412.8184814453125,29943800,31.715568482455993,-2.6871792745091625,1.8620289914595014,469.2479804450522,419.13951345143215,444.19374694824216,437.62768585476255,432.6540428661496,435.42481384277346,444.19374694824216,433.02781066894534,434.86106213842083,437.54824141293,-2.6871792745091625,-8.952424618506411,1.7732317914076812,13.44603762001672,8.898979656740996,12.527116748405003,-0.024481151223408548,-0.024785796935891533,18466460.0,0.11706421744547812
2024-07-26,412.6211398648851,423.19813411147953,411.7035233681291,419.5968017578125,23583800,37.96061168046747,-3.7057907546225692,0.7484650422430873,470.1434070108222,415.5228771688653,442.83314208984376,435.91045879791017,432.1419941952345,432.63453674316406,442.83314208984376,433.21448669433596,432.512714387558,436.21850514218056,-3.7057907546225692,-8.789282504463898,15.980828687515098,6.989330030517735,9.491680561857729,13.655132460489218,0.0164196144726092,0.016286270263312867,18905335.0,-0.21239789205110904
2024-07-29,425.8225986635412,426.38500194360023,419.0344049240428,421.0373229980469,15125800,39.23255278658491,-4.346703573101593,-0.27056868082584873,470.8348700275702,412.8363854655938,441.835627746582,434.4939696741137,431.706516893384,429.94785766601564,441.835627746582,433.28651306152346,430.7472695584024,435.093973131504,-4.346703573101593,-6.151312652346674,19.23153790200962,12.328532793644166,9.359185893878045,14.4996211404941,0.0034331082462963902,0.003427228583350977,18243510.0,-0.35863601285628266
2024-07-30,422.0141226280364,423.32636688783225,411.7923116419938,417.2781677246094,32687600,37.095217297238705,-5.099183796593252,-1.2362917039793293,470.8253894585853,409.50996820743035,440.1676788330078,432.85436948844665,431.1406992789222,427.32334289550784,440.1676788330078,433.324599609375,428.67510004551116,433.7742838421044,-5.099183796593252,-6.753393046459187,11.89226756558454,15.701544718369787,9.64743120987656,15.328855312788725,-0.008928318389139434,-0.008968414663726483,18994750.0,1.161049332927845
2024-07-31,414.89044707540063,416.1533704185598,406.7110288792971,412.7691345214844,42891400,34.65635717772513,-5.9903184289617,-2.1870970489758035,470.47906842047377,405.817892028745,438.1484802246094,430.9414899677836,430.42024575902275,424.8399200439453,438.1484802246094,433.28789672851565,426.2280284264301,432.2183468553918,-5.9903184289617,-7.844308227569787,13.629315978520802,14.91770714870502,9.36623130812101,16.165294097932197,-0.010805821037109253,-0.010864627942878876,20440330.0,0.31216118650497426
2024-08-01,415.1765544542287,421.75755796351626,407.57926252131097,411.5456237792969,30296400,34.00308180007329,-6.717837092684533,-3.0932450577175494,469.424910016269,402.5642959163482,435.9946029663086,429.0942646164991,429.68006450491583,422.5449462890625,435.9946029663086,433.12549194335935,423.9691969422558,430.6870340349403,-6.717837092684533,-7.2099234781852415,10.87670394213393,12.132762495413123,9.976551022826287,16.71515352498019,-0.002964152694231559,-0.002968554495388111,21458510.0,-0.2936486102109047
2024-08-02,406.98728858808795,409.46381430513844,398.9460172931046,403.0406494140625,29437900,29.798204048441818,-7.88973329319623,-4.052542704813286,467.3645965950022,398.79641109542746,433.0805038452148,426.61296793055277,428.6353815601765,419.72113037109375,433.0805038452148,432.71997436523435,420.7494203994568,428.63915369265305,-7.88973329319623,-7.898182816322623,8.306631813597967,10.937550578084265,10.465648343142687,17.14204637489368,-0.020665933188966257,-0.02088246196057756,22130390.0,-0.02833670006997535
2024-08-05,383.9783949357412,395.6900415573509,380.43625987349014,389.87860107421875,40709200,24.706321880782838,-9.767938066653699,-5.195621777181369,466.5023961312302,392.64444835119167,429.57342224121095,423.1144568013781,427.11550781562914,415.00588073730466,429.57342224121095,432.02201110839843,416.0000635801894,425.7680016468431,-9.767938066653699,-10.26863902931573,15.23642080713996,11.473252187623986,11.541814350679848,18.46448694500963,-0.03265687557564889,-0.03320201252299846,23517735.0,0.3828839693048758
2024-08-06,394.66389500260414,400.25826896287094,393.18390539634436,394.2790832519531,24946500,29.07025534090816,-10.777114874225276,-6.311920396590152,464.9520161819158,388.28177288058424,426.61689453125,420.3682307490519,425.8278048915634,410.54222412109374,426.61689453125,431.4815185546875,412.6583742989223,423.4354891731476,-10.777114874225276,-8.579073352210393,22.33715957403677,15.293404064924934,11.554501164085675,19.16756082533288,0.011286800982690304,0.011223580305851062,23904700.0,-0.3872024014227742
2024-08-07,403.1886240913476,404.6093863218842,392.1676222717273,393.11480712890625,20650900,28.597979889993667,-11.537841068044656,-7.3571045308810525,461.0030720013673,385.53918263730463,423.27112731933596,417.77266659475237,424.5449422342043,407.53586730957034,423.27112731933596,430.8553833007812,409.65167165738137,421.189512725426,-11.537841068044656,-10.048779261534142,20.458451680587757,19.344010687254862,11.720822687832449,18.865972341015667,-0.0029529238869181462,-0.0029572923686413664,24027440.0,-0.172192491932736
2024-08-08,397.07135874007713,400.4457182788044,394.6047093244423,397.3180236816406,20203000,32.83995358042709,-11.667066924316998,-8.219097009568243,458.1533393745676,383.2572960014089,420.70531768798827,415.82460536493215,423.4772199380253,405.98582153320314,420.70531768798827,430.3101550292969,407.75418735342123,419.4212542777382,-11.667066924316998,-9.477362173792002,27.240877223106324,23.345496159243652,11.600310331106877,18.724010843289687,0.010692084033751659,0.010635327905694561,23882030.0,-0.021689127350381865
2024-08-09,398.6401030455613,402.60646405710486,396.8937262791542,400.6035461425781,19276700,36.038716126897576,-11.37326126583082,-8.849929860820758,454.5976601633736,382.1233725514702,418.3605163574219,414.3749806770889,422.5802131225176,404.0864959716797,418.3605163574219,429.853330078125,406.65408870559924,418.02734997143006,-11.37326126583082,-5.334589483344606,32.542486402648684,26.74727176878095,11.480495335847966,18.11857190297583,0.008269250990662558,0.008235248058601367,24029650.0,-0.045849626293124834
2024-08-12,401.62975211823795,403.3070858906621,398.8473641425328,401.3830871582031,16762900,36.80776500677039,-10.951276224279525,-9.270199133512513,450.19991068726955,381.86901936644136,416.03446502685546,413.1376574848141,421.74895328077974,402.12107238769534,416.03446502685546,429.69822692871094,405.84316539061524,416.79444161489477,-10.951276224279525,-2.77007808542706,37.978584822180515,32.587316149311874,11.414951433967559,17.08272283020704,0.0019459164132000772,0.0019440255704071565,24146325.0,-0.1304061379800484
2024-08-13,404.1259805010332,409.41449264240543,404.10625814496586,408.4870300292969,19414300,43.477427585380504,-9.929163997173077,-9.401992106244627,446.0201224845489,382.545179029123,414.28265075683595,412.69474058428864,421.228877859153,401.24195861816406,414.28265075683595,429.67612548828123,406.24991379656626,416.17907779373934,-9.929163997173077,-2.64772555033155,61.047961036682906,43.85634408717073,10.772209248707336,15.868735863856472,0.017698660203621763,0.017543862720455355,24258255.0,0.15817072224973017
2024-08-14,409.26646397851016,412.14752377963794,406.9478375879701,411.2989807128906,18267000,45.91098792794709,-8.790895798929228,-9.279772844781547,442.7560533455256,383.1788099357245,412.967431640625,412.5618110727269,420.83947012792703,401.0949432373047,412.967431640625,429.7420343017578,407.02669332215464,415.81758912108387,-8.790895798929228,-2.312940386332787,67.16771656623186,55.398087475031794,10.277470543834706,14.894310852450266,0.006883818767494443,0.0068602334631922505,24082705.0,-0.059095615087847664
2024-08-15,414.94635003046426,416.24120167718553,412.8311079388872,416.1621398925781,20752100,49.926351765062165,-7.410964759772469,-8.906011227779732,440.12930131986,383.9722398178353,412.05077056884767,412.90469953176034,420.6560454128153,401.5565948486328,412.05077056884767,429.8548858642578,408.4321466406813,415.8431114004538,-7.410964759772469,-0.26745416327838983,77.75159538551952,68.65575766281147,9.809442702473595,14.039265375506167,0.011823902824311228,0.011754546657053472,24080570.0,0.1360431378989435
2024-08-16,415.73709195319884,416.46852653153576,412.4752279591184,413.6317138671875,22775600,47.932443087428574,-6.4472241156235555,-8.414253805348498,437.77324092400244,384.56359074103665,411.16841583251954,412.9739389922772,420.3805814306338,402.61570129394534,411.16841583251954,429.76044799804686,409.2320800601438,415.67930417576736,-6.4472241156235555,0.20897380001610277,77.39652872070724,74.1052802241529,9.56963567053502,13.302412545741447,-0.006080384981785647,-0.006098945798737859,24172330.0,0.09750820398899385
2024-08-19,414.11601787893187,416.87376862371895,411.64492262923585,416.65631103515625,15234000,50.47827526778902,-5.377405613325607,-7.80688416694392,434.00278625456383,386.2965667727799,410.14967651367186,413.324641091599,420.23453161120335,405.29347229003906,410.14967651367186,429.7164385986328,410.374269440915,415.7516750542406,-5.377405613325607,1.2418276275002083,87.65467890857155,80.93426767159947,9.119263581152495,11.926554870445987,0.0073122951325244046,0.007285689920521662,24143590.0,-0.3311262930504575
2024-08-20,416.82435482083605,420.9362307322599,416.76505094858624,419.88848876953125,16387600,53.11640330333873,-4.220110208346341,-7.089529375224405,429.4694965461217,388.9271404167689,409.1983184814453,413.9497694418783,420.2209613036868,407.8544128417969,409.1983184814453,429.75029296875,411.83799549147136,416.0581056998177,-4.220110208346341,4.180183656403396,95.47674134071757,86.8426496566655,8.670176499137593,10.135589032338206,0.007757419361643425,0.007727485291825548,24307615.0,0.07572535118813173
2024-08-21,419.1768414959673,421.4700252660244,416.8441419181339,419.2361755371094,16067300,52.50844346686195,-3.317341243403689,-6.335091748860263,428.77047052673583,389.23194646545164,409.00120849609374,414.45323668904314,420.18234225401716,410.4665496826172,409.00120849609374,429.6917742919922,412.97617703695414,416.29351828035783,-3.317341243403689,7.529927106028065,94.55606935521098,92.56249653483341,7.987861349543676,9.88463101532105,-0.0015535392130741066,-0.0015547472063894808,23770690.0,-0.01954526593277839
2024-08-22,419.45362155809136,421.8555493177983,409.8163490739685,410.7454833984375,19361900,45.24866181617648,-3.2495593332896533,-5.717985265746141,428.60418976192534,389.1909274255746,408.89755859375,414.10011732803304,419.8122693577199,411.8092956542969,408.89755859375,429.36852478027345,412.6329934002593,415.88255273354895,-3.2495593332896533,4.1763311435828765,73.17658977636674,87.73646682409846,7.947832332232069,9.853315584087689,-0.020252765944622775,-0.02046066501903522,23241595.0,0.20505000840215848
2024-08-23,412.15893602611095,414.41257372157986,407.32545916499066,411.97113037109375,18493800,46.40068349556963,-3.0616494248882304,-5.186718097574559,427.6376834066696,389.39486664215855,408.5162750244141,413.8973566654674,419.5047737111855,412.94605407714846,408.5162750244141,428.904423828125,412.5311683188492,415.59281774373744,-3.0616494248882304,4.796645382020506,66.70559405725606,78.14608439627796,6.839455547661844,9.560704191127764,0.002983957273286375,0.0029795141093950546,22987095.0,-0.044835475857224805
2024-08-26,411.55599630876077,412.4554786638681,406.58415351672016,408.70928955078125,13152800,43.761668628500324,-3.1397397965657774,-4.777322437372804,426.0941224133121,389.7056242907895,407.8998733520508,413.4032550354973,419.08142139116967,413.6786743164063,407.8998733520508,428.36482604980466,411.94318696991564,415.0829267664814,-3.1397397965657774,2.8670397993996155,55.71849881395857,65.20022754919383,6.517431066125828,9.09712453063065,-0.007917644174178728,-0.007949155157525624,22888445.0,-0.28879948955866286
2024-08-27,408.0865261332207,409.5691832347041,405.5067172557128,409.0552062988281,13492900,44.12460589817444,-3.1375467027759214,-4.449367290453427,425.15461482702864,389.82283573449484,407.48872528076174,412.9891551558145,418.68823648558765,413.73549194335936,407.48872528076174,427.8126092529297,411.4988822512868,414.6364289540627,-3.1375467027759214,2.1097317379317415,53.02771209221068,58.483934987808475,5.918909775328286,8.832944773133445,0.0008463638015838715,0.0008460058377057623,21928710.0,0.025857612067392566
2024-08-28,410.08323636580656,410.2018441208808,402.6007521142328,405.85272216796875,14882700,41.45714182462028,-3.355541768475973,-4.230602186057936,424.6435771336701,389.64223219250175,407.1429046630859,412.30949487125775,418.18488298293596,413.1908660888672,407.1429046630859,427.08189086914064,410.63024223846867,413.98578400694464,-3.355541768475973,1.1135583816973187,35.89079160983109,48.21233417200015,5.938208407953275,8.750336235292082,-0.007828977804330561,-0.007859785149754144,20528275.0,0.10300231973852925
2024-08-29,410.142500929111,417.17028122626607,405.85268326493673,408.3435363769531,17045200,44.27863199178028,-3.2893984013593354,-4.042361429118216,424.3721146954349,389.5934858905026,406.98280029296876,411.9317845384668,417.798947821917,412.4090057373047,406.98280029296876,426.4410479736328,410.278441336697,413.56783973805636,-3.2893984013593354,-0.03512808040281195,41.273017241833564,43.397173647958475,6.338555563908893,8.694657201233069,0.006137236669693902,0.006118480534165857,19865715.0,0.14530293562324048
2024-08-30,410.7948745382869,412.663006834999,407.36499317358016,412.31707763671875,24308300,48.5395146402914,-2.883113002966354,-3.8105117438878437,424.88798553471753,390.0052578734856,407.4466217041016,411.9684791192527,417.5839725205367,412.2775421142578,407.4466217041016,425.8923040771484,410.5920776905465,413.47519069351284,-2.883113002966354,0.24753208044996658,50.4618429358826,42.541883929182454,6.398433557715289,8.720681915307965,0.009730878306587254,0.009683838224970903,19609235.0,0.42610822988289954
2024-09-03,413.0781880012741,415.02541234976394,402.32397617802485,404.70611572265625,20313600,41.926323317222305,-3.1390845044586513,-3.6762262960020053,423.6311893137262,392.7448055593207,408.18799743652346,411.27682546243403,417.0789585284629,411.0825225830078,408.18799743652346,425.11082946777344,409.68654508010184,412.8256295845605,-3.1390845044586513,-2.752779042533509,12.19635268282865,34.64373762018164,6.732007178253631,7.721595938601382,-0.018459002371879252,-0.018631495757825745,18589455.0,-0.1643348156802409
2024-09-04,401.21691249953295,406.48527429622453,399.6947093805116,404.1723327636719,15135800,41.49928571388878,-3.346439911137054,-3.610269019029015,422.82934769716667,394.5359721270521,408.6826599121094,410.60020711017097,416.57281634160836,409.5109069824219,408.6826599121094,424.36031616210937,408.838204723728,412.18464463486504,-3.346439911137054,-2.286909051309573,20.20511585224915,27.6211038236535,6.845641372828283,7.073343892528652,-0.0013189396904250694,-0.0013198102569459118,18098920.0,-0.25489327347195967
2024-09-05,402.9071267784607,408.3237783354607,401.4343636867301,403.6682434082031,14195500,41.07381285125697,-3.510974039755638,-3.59041002317434,421.5888297588268,396.83183369332164,409.21033172607423,409.94002009093595,416.0667546579454,407.95411376953126,409.21033172607423,423.5349963378906,408.0428260598011,411.5538000995567,-3.510974039755638,-3.1172137041882535,17.930430610646038,16.777299715241313,6.984726636002263,6.189249016376287,-0.001247213910021694,-0.0012479923285939989,17776150.0,-0.062124235256808324
2024-09-06,404.33049307771034,405.9021060614487,396.165984591682,397.05560302734375,19609500,35.87739352585949,-4.127375520881401,-3.6978031227157526,421.6292259022645,396.7651954844542,409.19721069335935,408.7129327515462,415.3212192998826,406.5851257324219,409.19721069335935,422.55354736328127,406.3524840548077,410.4798595756891,-4.127375520881401,-5.437845131000968,3.4629564383290736,13.866167633741455,7.394928271527216,6.2160076044525825,-0.016381373786127806,-0.016517032042382807,17746475.0,0.3813884681765347
2024-09-09,402.531498215159,403.9251994729139,397.5003522055993,401.0290832519531,15295100,40.729791975068196,-4.246302754320197,-3.8075030490366415,421.5898844544221,396.8470906432342,409.21848754882814,407.98113756110877,414.76074337643445,405.4909210205078,409.21848754882814,421.6379510498047,405.53349931590697,409.77980207022716,-4.246302754320197,-4.342920136085589,18.93024935267685,13.44121213388402,7.512124732319149,6.1856984527969665,0.010007364697321108,0.009957622606109037,17547395.0,-0.22001580866416792
2024-09-10,403.48047327180706,411.5164502597468,402.9862541865475,409.4111022949219,19594300,49.42437598954826,-3.622437355389252,-3.770489910307164,421.42903365944545,397.8107429518827,409.61988830566406,408.11732467861475,414.5509535301006,405.56110229492185,409.61988830566406,421.0064208984375,406.1300536203708,409.75249097576005,-3.622437355389252,-0.32486811357612144,51.558357817463296,24.650521202823104,7.955513825939867,5.904572676890702,0.020901274728004182,0.020685839823656807,17688965.0,0.2810834842531269
2024-09-11,410.6960329818373,419.0878628478116,404.8444661227044,418.14886474609375,19266900,56.57562933201869,-2.395343102510708,-3.495460548747873,422.49319783135167,397.7127622516561,410.1029800415039,409.0727094469461,414.6920480875906,406.47046813964846,410.1029800415039,420.3566552734375,407.97910148586664,410.37444458837734,-2.395343102510708,1.4995551677213994,85.57124415605105,52.01995044206376,8.642479067169635,6.1951088949239,0.02134227040300818,0.02111771356654095,17681595.0,-0.016708940865455824
2024-09-12,418.415740735589,422.42879711427406,414.89690341994134,422.0630798339844,17395700,59.348601682764155,-1.0944020358082298,-3.0152488461599445,424.1360447450799,397.14632525003725,410.6411849975586,410.309887579045,414.98110815607663,408.09150390625,410.6411849975586,419.73485473632815,410.14586738557705,411.2402694213853,-1.0944020358082298,3.2673077477344554,98.60747100115387,78.57902432488943,8.320528599348417,6.747429873760669,0.009360817206253591,0.009317276265155248,17638030.0,-0.09711993107349914
2024-09-13,420.9065970976519,426.83722589839596,420.5408798146308,425.611572265625,15874600,61.734248417121464,0.22039622508168577,-2.368119831911619,426.01116860572716,396.21614462669476,411.11365661621096,411.7671908825288,415.3979891015491,409.8183074951172,411.11365661621096,419.15462280273437,412.5252065978921,412.30481037281044,0.22039622508168577,4.04746491716864,96.00389948188155,93.39420487969552,8.264045137003844,7.448755994758095,0.008407493100406782,0.008372346986692656,17394155.0,-0.08744114924952717
2024-09-16,425.62144023461013,428.51755654874484,423.26895279469,426.3528747558594,13834700,62.23288112120221,1.307132426138594,-1.6330693803015763,428.1139703932516,395.3854589280375,411.74971466064454,413.15630363236977,415.8275924605417,411.2218872070313,411.74971466064454,418.4552276611328,414.6525401606564,413.3454077345178,1.307132426138594,5.0511309813036815,93.30888219045913,95.97341755783155,8.219565037497192,8.182127866303524,0.0017417348083095252,0.0017402197472062887,16947110.0,-0.1285008756126138
2024-09-17,435.1401487897844,436.741413807479,427.2721591954558,430.1188659667969,18874200,64.74618585209001,2.4440887779686022,-0.8176377486475406,430.6395849923024,394.2060998221507,412.42284240722654,414.77178575945806,416.3880345588263,413.76316223144534,412.42284240722654,417.8572003173828,417.0319749000626,414.587886122094,2.4440887779686022,5.3326005311719555,83.67842813082606,90.99706993438895,8.671427399827783,9.108371292537926,0.008833038156700557,0.008794255089382882,17129120.0,0.36426521717131566
2024-09-18,429.97062963783105,430.9887198071655,425.43370178624906,425.8290710449219,18898000,59.85958457681342,2.9648078202160946,-0.06114863487481348,431.6297001502537,393.8100428917385,412.7198715209961,415.82486054854985,416.75827128377125,415.9288360595703,412.7198715209961,417.3055889892578,418.385374306964,415.42056648674793,2.9648078202160946,3.2770879842401706,73.10603245988914,83.36444759372482,8.525279257989817,9.454914314628821,-0.009973510257990315,-0.010023578896310715,17254640.0,0.0012609805978531785
2024-09-19,436.1285918792357,436.3954593302787,431.84863763952944,433.6179504394531,21706600,65.0215636272224,3.960326704501199,0.7431464330003891,434.37715704780516,392.5007634844214,413.43896026611327,417.5194405381597,417.4194351722294,418.92380676269534,413.43896026611327,416.7773449707031,420.7288475581162,416.768520853615,3.960326704501199,7.143908528580294,92.30208175639011,83.02884744903513,8.47162142399178,10.469098390845947,0.01829109359635428,0.018125823811710535,17536605.0,0.14861890147105505
2024-09-20,432.16495436382024,434.161588684006,429.1996397408119,430.23748779296875,55167100,61.3349450994297,4.425493178173156,1.4796157820349425,436.60116821198926,392.2259527596905,414.41356048583987,418.7306831338558,417.92210390245447,422.2419952392578,414.41356048583987,416.40941040039064,422.19171528655505,417.7662221083819,4.425493178173156,6.449020112551278,83.97077704361512,83.12629708663148,8.447616801261441,11.093803863074697,-0.00779594719973753,-0.007826494462915468,19326865.0,1.5414896851648807
2024-09-23,429.2589197702658,431.41370770372646,425.4139110417271,428.4978332519531,15128900,59.46635656439722,4.600731014066753,2.1038388284413045,438.25989552916633,392.2198957305993,415.2398956298828,419.6608879070079,418.3368383867486,424.98887023925784,415.2398956298828,416.02937561035156,423.1618872812317,418.56115626716496,4.600731014066753,6.150989147452322,79.68331890789604,85.31872590263379,7.968928264851461,11.509999949641747,-0.004043475035008459,-0.004051671983754425,19158620.0,-0.725762274979109
2024-09-24,427.9937125983331,428.33967197864655,421.1734954974966,424.2080078125,17015800,55.01541985052765,4.343387334607371,2.551748529674518,439.1523589773799,392.8773041085576,416.01483154296875,420.0939469456262,418.5670803250133,426.46856079101565,416.01483154296875,415.5554534912109,423.3228289014268,418.97944156681945,4.343387334607371,6.838438893226338,69.11084802499286,77.5883146588347,8.007054896190287,11.568763717205583,-0.010011311858678096,-0.010061762038656911,19351770.0,0.12472155939955987
2024-09-25,424.8603757953974,428.11234590086275,423.6149641825675,427.114013671875,13396400,57.34456224631619,4.324085633390212,2.9062159504176566,440.31970174275403,393.5158420804882,416.9177719116211,420.76252472907845,418.902254181753,427.3650756835938,416.9177719116211,415.2272674560547,423.9060880968804,419.5820024634902,4.324085633390212,6.5044984289913925,76.27283229857788,75.02233307715562,7.836195401159188,11.70096491556647,0.006850426691283662,0.006827069130521101,19346945.0,-0.2127081888597656
2024-09-26,430.0595678513369,430.2671314248125,424.1684846935021,426.3232727050781,14492000,56.48751011674892,4.19660683726886,3.164294127787897,441.0948598855286,394.78773899142453,417.94129943847656,421.2921197744118,419.193274516001,427.7910949707031,417.94129943847656,415.00166564941406,424.27796265198776,420.0813558147189,4.19660683726886,4.130852904417199,73.45091932502199,72.94486654953094,7.5763757769837365,11.576780223526018,-0.0018513580484024184,-0.001853073929848452,19327410.0,0.08178316562658616
2024-09-27,426.5307918445686,426.85699330507344,422.52762966372916,423.0712585449219,14896100,52.98052346024087,3.789485775255116,3.289332457281341,441.48012817304283,395.8752429207072,418.677685546875,421.4615615620794,419.34535232105674,427.5370635986328,418.677685546875,414.77318359375,424.09231586628533,420.3028300910302,3.789485775255116,1.177186933609655,59.502027494249255,69.74192637261642,7.3949305766818885,11.40122131308391,-0.007628047466238019,-0.007657289823285822,19219955.0,0.027884349986199375
2024-09-30,423.2590581868764,425.44352804368714,420.45189768334603,425.32489013671875,16807300,55.062637156491995,3.6071081382622765,3.3528875934775284,442.1086631877357,396.5474891560143,419.328076171875,421.829497616807,419.5798440001023,427.43426513671875,419.328076171875,414.6541052246094,424.28194267712126,420.674834538859,3.6071081382622765,0.7728253094341694,64.20809983580439,65.72034888502525,7.0023779590067035,11.39029350793034,0.005326836901064391,0.005312699488284063,18844905.0,0.1283020387886762
2024-10-01,423.4963084590475,423.52596039492926,413.9677508658884,415.8260192871094,19092900,45.84724821850971,2.66536834762087,3.2153837443061972,441.6837188606264,398.0844238395689,419.88407135009766,421.2577377758834,419.4326351878281,426.00498046875,419.88407135009766,414.23000366210937,422.98103138635025,420.3156630387294,2.66536834762087,-2.2991745563742434,8.15972567077613,43.95661766694329,6.796216712272643,10.899823755264372,-0.022333211786773166,-0.022586374349693822,18783870.0,0.1359885287940359
2024-10-02,417.6941904099043,417.9314360837514,411.89206315330637,412.3072204589844,16582300,42.977740604802825,1.6164615584345938,2.8955993071318766,441.1389287134515,399.442702756275,420.29081573486326,420.40530755522633,419.15320715924605,424.6527954101563,420.29081573486326,413.6978350830078,421.33890662829396,419.72244506985936,1.6164615584345938,-3.294373071817072,1.6706967978992093,24.679507434826604,6.689608086280665,10.424056489294124,-0.008462190110560264,-0.008498197720686424,18856195.0,-0.13149390611169598
2024-10-03,412.8014540867281,414.69923855591765,409.5000740881514,411.72406005859375,13686400,42.50296153044971,0.729727357662739,2.4624249172380495,440.4734086158549,400.9138045189107,420.6936065673828,419.57852207935656,418.8618680572597,422.4634063720703,420.6936065673828,413.4687487792969,419.85969946372467,419.1299721060619,0.729727357662739,-4.27667962595789,8.164010997096632,5.99814448859069,6.611237970852171,9.889901024236046,-0.0014143831867446943,-0.0014153843707941116,18830740.0,-0.1746380176453206
2024-10-04,413.40432999591644,414.89688113885154,410.172148356534,411.2495422363281,19169700,42.09545703450104,-0.011176669876647338,1.9677045998151104,438.4404422011836,404.3661648544804,421.403303527832,418.7852859038301,418.5633454760467,420.5646118164062,421.403303527832,413.4373699951172,418.53505989027906,418.5462365601557,-0.011176669876647338,-3.4237983735628315,6.422107598972063,5.4189384646560015,6.573818615728077,8.518569336675792,-0.0011525141916605142,-0.001153178846873625,18808750.0,0.40063859013327097
2024-10-07,411.190264062665,412.287415913181,404.2711971193028,404.8049621582031,20919800,36.91840090649227,-1.1056272199659247,1.3530382358589035,437.7390389702583,405.4451559760307,421.5920974731445,417.45382649948465,418.02380103220975,418.19532470703126,421.5920974731445,413.141533203125,416.42273716226737,417.5283643822333,-1.1056272199659247,-6.644786788012183,1.6615635727127385,5.415894056260512,6.404367168746546,8.073470748556904,-0.015670728879307982,-0.01579481278172886,19089985.0,0.09129511677282376
2024-10-08,406.14924457508937,410.8542199929417,403.4508276328713,409.9151916503906,19229300,42.9136893665089,-1.5428493470697617,0.7738607192731705,437.68556716275026,405.5490367190857,421.61730194091797,416.7358612757614,417.7058163505698,416.7660430908203,421.61730194091797,412.91909057617187,415.4215763142863,416.9644256613561,-1.5428493470697617,-4.723506602557437,19.621904038550912,9.235191736745271,6.53639390725754,8.034132610916153,0.012623929966032232,0.012544912474744046,19071735.0,-0.0808086119370166
2024-10-09,411.051885220099,415.51964507918063,409.50992407936405,412.6333923339844,14974300,45.86111266627833,-1.6509834451456413,0.28889188638940816,437.84389180552347,404.8391648351015,421.3415283203125,416.3451499479731,417.5068977616841,415.31798095703124,421.3415283203125,412.82619506835937,414.9926249327014,416.64360837784704,-1.6509834451456413,-3.702338655383723,29.90015351890402,17.061207043389256,6.210917672576094,8.251181742605484,0.006631129411549308,0.006609240186484544,18857105.0,-0.22127690555558444
2024-10-10,410.4292021904471,412.5246863355552,408.37323385448985,411.0321350097656,13848400,44.40658428384392,-1.844624893203843,-0.1378114695292421,437.9163649693977,403.6635971888054,420.78998107910155,415.8391485252867,417.25298549690297,413.7888671875,420.78998107910155,412.791455078125,414.38331879071126,416.2279436839151,-1.844624893203843,-3.1059934183416247,27.112040525453846,25.544699360969627,6.160789782311838,8.563191945148073,-0.003880581053223864,-0.003888130043854494,18679740.0,-0.0751888235176269
2024-10-11,411.32861915461314,412.3071631584289,408.47201874889953,411.50653076171875,14144900,44.963504179353315,-1.937473376361993,-0.4977438508957923,437.5337462763913,402.6357117314212,420.08472900390626,415.42651826208976,417.02763433081736,412.6323944091797,420.08472900390626,412.7906732177734,413.9407360170201,415.87820939338206,-1.937473376361993,-3.6541725184757117,30.04031872307596,29.017504255811307,6.006171764278268,8.724508636242504,0.001154157331133776,0.0011534918035943753,18593255.0,0.02141041564368451
2024-10-14,412.9397902420181,419.137316675548,412.692680707405,414.2939758300781,16653100,48.244289826777006,-1.7657781554188432,-0.7513507118004026,436.8520325903414,402.11153552489293,419.4817840576172,415.3186570780886,416.9204320366707,411.5293029785156,419.4817840576172,413.01573974609374,413.9950806036444,415.76085875906324,-1.7657781554188432,-2.8216373923648375,40.4349096032593,32.52908961726307,6.028060918519178,8.68512426636211,0.006773756574894874,0.006750917764180756,18734175.0,0.17732186158968966
2024-10-15,417.2987890411578,417.59533856944756,410.45881429415135,413.8985595703125,18900200,47.80890949187836,-1.642679457106567,-0.9296164608616355,435.4546347630104,401.88690271257553,418.67076873779297,415.18340969639564,416.80192723406844,411.33655700683596,418.67076873779297,413.49613891601564,413.98023121390105,415.6229106710076,-1.642679457106567,-2.168121513656408,38.960372833264714,36.47853371986669,6.2165711011621045,8.391933012608716,-0.0009544340078162517,-0.0009548897699735683,18735475.0,0.1349358377719463
2024-10-16,410.36987028679,411.5460839058675,405.7340930599272,411.3088684082031,15508900,44.947954918257594,-1.7340996641571564,-1.0905131015207399,434.6809829452135,401.20853426670055,417.944758605957,414.81440576418686,416.5865131624659,411.2367218017578,417.944758605957,413.8367346191406,413.56925232071677,415.3033519848739,-1.7340996641571564,-3.2953683298455063,33.57252480129307,37.65593574593906,6.364129656810312,8.36811216962822,-0.00625682574203168,-0.0062764817084116735,18566020.0,-0.17943196368292402
2024-10-17,417.4766915704916,417.6150873802946,410.78497665094557,411.90191650390625,14820000,45.748599379862206,-1.73865468296799,-1.22014141781019,432.0612310902451,401.65668272811433,416.8589569091797,414.5370258346363,416.40280348958123,411.25450744628904,416.8589569091797,414.2124768066406,413.31273911813054,415.0513938010985,-1.73865468296799,-0.9436886104266857,38.426790313020206,36.9865626491927,6.54275444881065,7.601137090532689,0.00144185584424239,0.001440817368206581,18221690.0,-0.04441965581053464
2024-10-18,412.31709084461266,414.79805000770625,411.447260474788,413.3252868652344,17145300,47.714057847041666,-1.6088644873096314,-1.2978860317100782,429.907450304805,402.1192434207809,416.01334686279296,414.42162212326474,416.28211656313624,411.4620819091797,416.01334686279296,414.5326220703125,413.3146695407619,414.9235340280715,-1.6088644873096314,0.24691937364489486,49.187516463282435,40.39561052586527,6.425551532566162,6.947051721006046,0.00345560509504117,0.003449648210902986,16320600.0,0.15690283400809713
2024-10-21,411.3088916838687,414.1160525024568,408.96629801765454,413.9381408691406,14206100,48.57788459495599,-1.439953735558447,-1.326299572479752,427.8912411735149,402.6794833137898,415.28536224365234,414.3755762895386,416.1901959476854,412.3753997802734,415.28536224365234,414.79931396484375,413.4105882066663,414.85054194222477,-1.439953735558447,0.5377584225298327,66.85570753109579,51.49000476913284,5.9821669049927255,6.302939464931293,0.001482740164663765,0.0014816419908693817,16274460.0,-0.17142890471441152
2024-10-22,413.6514683614362,425.60168187753965,413.2066892964129,422.56719970703125,25482200,58.87923160100091,-0.6028485528383385,-1.1816093685514693,427.58404380021193,402.82259987654584,415.2033218383789,415.15573090072843,416.4402745264833,413.6406005859375,415.2033218383789,415.22299621582033,414.81929766826096,415.4221462210993,-0.6028485528383385,2.752017037917901,86.30083455477211,67.44801951638347,6.436139737184277,6.1903609809165205,0.02084625209885771,0.02063194223990873,16697780.0,0.7937505719374072
2024-10-23,425.8784594235447,426.0959170295647,417.64478266305224,419.69085693359375,19654400,54.92912639355899,-0.16957869015141114,-0.9792032328714577,426.10494482765,403.55938317527966,414.83216400146483,415.58764766576326,416.56774834636997,414.3463470458984,414.83216400146483,415.44707275390624,415.568768324466,415.73834701461743,-0.16957869015141114,3.6773004698428133,71.71545678726172,74.95733295770991,6.668423301380435,5.636390413092582,-0.006806829246168822,-0.006830101374754473,17010680.0,-0.22870081861063807
2024-10-24,420.41240524174606,421.0549142018695,417.51628856280456,419.8193664550781,13581600,55.07414450173928,0.18206174745853332,-0.7469502368054596,424.70831648574733,404.30562089218233,414.50696868896483,415.99066850284083,416.6952627820056,415.2250701904297,414.50696868896483,415.61748046875,416.22270649840635,416.0406447509478,0.18206174745853332,2.4161521715776257,72.28295077782703,76.76641403995364,6.58370136257668,5.10067389839124,0.00030620043148732456,0.00030615356170265784,16965160.0,-0.30897915988277436
2024-10-25,421.8258547879259,427.5192377532194,421.63804913504384,423.19976806640625,16899100,58.82695728283399,0.7251504040684154,-0.45253010863068466,424.73759131207174,404.2891970180064,414.5133941650391,416.6772494136566,416.95034142060956,416.39439392089844,414.5133941650391,415.75823303222654,417.29610058579095,416.57095018172254,0.7251504040684154,2.560717559152236,82.05336511545752,75.35059089351546,6.561105112881186,5.112098573516329,0.00805203828463652,0.008019793599015345,17065310.0,0.24426429875714195
2024-10-28,426.669225694439,426.94598717649535,421.3711813975522,421.6578369140625,14882400,56.50820978636527,1.0193803376462824,-0.15814801937529124,423.8447916902238,404.81529131758873,414.3300415039063,417.151591080362,417.1349490870195,417.1307800292969,414.3300415039063,415.91875549316404,417.9671369439866,416.9477566063403,1.0193803376462824,2.585126806215388,73.09450581266206,75.81027390198224,6.430491785657812,4.7573750931587755,-0.003643506610102376,-0.0036501603471847414,16969065.0,-0.11933771620973899
2024-10-29,423.05149857942604,428.16173672961014,420.8769227357868,426.9558410644531,17644100,62.04410992286872,1.660918305151256,0.20566524553001822,425.946169553967,403.8268956315799,414.88653259277345,418.08532917408496,417.5200821057424,418.43650817871094,414.88653259277345,416.12474609375,419.3500145009814,417.68909619583013,1.660918305151256,3.7543293114053244,94.62317271079569,83.25701454630513,6.521569856658293,5.5298184805967825,0.01256469982667574,0.012486419020354623,16896625.0,0.1855681879266784
2024-10-30,432.38237913794643,433.43012114532394,427.10412312962825,427.5291442871094,29749100,62.59889172422962,2.1903535133497485,0.6026028990939644,427.981547675274,403.3137098930854,415.6476287841797,418.9847401372301,417.91259434814896,420.05853576660155,415.6476287841797,416.2775592041016,420.60834216038575,418.417988647036,2.1903535133497485,3.1946321281918975,78.69377933897327,82.13715262081037,6.679721399613742,6.166959445547142,0.0013427693628149662,0.0013418686542398706,17554965.0,0.6860650302367364
2024-10-31,410.5576940417458,411.348462734814,401.6024459753444,401.6518859863281,53971000,36.596925518417976,0.5159091708405867,0.5852641534432889,428.89374067217386,401.39429948895895,415.1440200805664,417.3339921228585,417.27491951043055,419.0335327148438,415.1440200805664,415.9258734130859,417.6919642874538,417.1760551166132,0.5159091708405867,-2.958858710863411,0.15533654506558808,57.824096198278205,8.257689535487714,6.874860295803722,-0.060527471978385705,-0.06243670161882296,19569195.0,0.8142061440514168
2024-11-01,404.2811047814158,410.69605883957496,402.78855349489004,405.6253662109375,24230400,40.6720103677872,-0.48488394763325005,0.3712345332279811,429.16677925039795,400.5588433081958,414.86281127929686,416.2188848931517,416.8180742829995,418.26354064941404,414.86281127929686,415.82347106933594,415.8355645833743,416.32044853100757,-0.48488394763325005,-1.3818088142035971,12.639692387547083,30.496269423862014,8.358645745446113,7.151983985550543,0.009892845927641503,0.009844232083943713,19822230.0,-0.551047784921532
2024-11-04,405.06196083886334,405.6748178590432,400.88088657331804,403.7374572753906,19672300,39.37702774959265,-1.4140577994425598,0.014176066693872946,429.2784433345907,400.3404287357218,414.80943603515624,415.030177500984,416.3051089101521,417.24347229003905,414.80943603515624,415.6587976074219,413.974317305223,415.38837510466556,-1.4140577994425598,-1.9821367421188478,8.776153232584441,7.190394055065737,8.191317674762464,7.234503649717213,-0.004654316748438081,-0.004665181806692332,19759855.0,-0.18811493000528257
2024-11-05,403.64845819160416,410.1029577159873,403.36180269923256,406.7027282714844,17626000,42.47510447604931,-1.889382557730812,-0.36653565819106404,429.41486143943524,399.8827642929867,414.64881286621096,414.2370870981745,415.92854496353766,415.6570251464844,414.64881286621096,415.61866638183596,412.8556113000324,414.74499385776323,-1.889382557730812,-1.6022631095177344,17.886262994256203,13.100702871462609,8.08965256807457,7.383024286612132,0.0073445526112558834,0.0073177127225887845,19679690.0,-0.10401935716718436
2024-11-06,407.6516105784411,415.5887664601764,405.7735542588812,415.3218688964844,26681800,50.40830066141272,-1.5526897964725777,-0.6037664858473668,429.520954820246,400.04551856842585,414.7832366943359,414.3403996503945,415.90475374522185,415.2201263427734,414.7832366943359,415.7439996337891,413.2350355456404,414.787725342113,-1.5526897964725777,0.3342837711060773,44.36658039137536,23.676332206072033,8.30287410178501,7.368859062955046,0.021192728806201933,0.02097128611523036,20265065.0,0.5137751049585839
2024-11-07,416.40918800268514,421.9147952799536,415.02538074069076,420.5111999511719,19901800,54.47871795754923,-0.8572409700818184,-0.6544613826942571,430.09631148952826,400.4180683932842,415.25718994140624,414.92809491713524,416.0853986944748,415.2893096923828,415.25718994140624,416.03716918945315,414.3544454541837,415.2116864242655,-0.8572409700818184,-0.4865497741625033,60.30960062801897,40.85414800455021,8.55563303080962,7.419560774061008,0.01249472142768604,0.012417306580212784,20567735.0,-0.25410579496135943
2024-11-08,420.40251992805025,421.568869701991,416.90344044148964,417.6546630859375,16891400,51.95095347914147,-0.530476414779173,-0.6296643891112403,430.3311178395931,400.7980752756412,415.56459655761716,415.1877680760688,416.1469384745322,414.73479919433595,415.56459655761716,416.2233917236328,414.86217124368426,415.39264765846343,-0.530476414779173,-0.4851651671740922,51.53355135129911,52.06991079023118,8.521038371930985,7.383260640987982,-0.006793010187519544,-0.006816187704262662,20705060.0,-0.15126269985629437
2024-11-11,417.6348679260246,419.89839969038087,411.1902621762221,413.1770324707031,24503300,48.17743472371074,-0.6256088901615158,-0.6288532893212955,430.303925155844,400.7135736234528,415.5087493896484,414.9962694469864,416.0304715724213,413.88671875,415.5087493896484,416.2405908203125,414.6029191247641,415.22852801492564,-0.6256088901615158,-1.5821885589658116,37.777066216974696,49.87340606543096,8.257691581433269,7.39758788309779,-0.0107208921891363,-0.010778775029328943,21097570.0,0.4506376025669867
2024-11-12,413.41424403977334,419.5326784209289,412.37639607879026,418.13897705078125,19401200,52.31130424305412,-0.29718879593741576,-0.5625203906445195,430.5403032668234,400.9012372605203,415.72077026367185,415.2955749330621,416.11315806176873,413.0050323486328,415.72077026367185,416.509248046875,415.14692803645903,415.44411683239645,-0.29718879593741576,-1.1958397422445863,53.02149406704053,47.44403721177148,8.165202151120853,7.409766501575768,0.012009245892509623,0.011937707080959033,21122620.0,-0.2082209335069154
2024-11-13,416.7650676989441,424.366129168666,413.3747019871383,420.2839050292969,21502200,54.01881521475559,0.13461252740682994,-0.42309380703424965,430.97007620483083,401.3689679846223,416.1695220947266,415.7706539898464,416.2767167663777,412.28050842285154,416.1695220947266,416.8314794921875,415.9372321892033,415.8026196617965,0.13461252740682994,-0.3258404717011448,59.611289516056644,50.13661660002399,8.697545118439624,7.400277055052119,0.005129701119097385,0.005116589023948487,21422285.0,0.10829227058120106
2024-11-14,420.0861832561595,423.2195452366953,415.14399286491056,421.954345703125,30246900,55.35936050340461,0.6046388883106033,-0.21754726796527907,431.5450583180404,401.79922879133466,416.6721435546875,416.35957701015866,416.4993688815443,414.3107543945313,416.6721435546875,417.19720153808595,416.8629419605759,416.2583030722653,0.6046388883106033,-1.171431534666158,64.74333239138986,59.125371991495705,8.72437948084273,7.436457381676438,0.0039745530434045495,0.0039666753740347,22193630.0,0.4066886179088651
2024-11-15,414.9661225121513,417.91164897279026,408.85758182070697,410.20184326171875,28247600,45.34327175336706,0.02848112573491335,-0.1683415892252406,431.6009420098968,401.4310007391266,416.5159713745117,415.7731261769739,416.25240709253154,414.7684020996094,416.5159713745117,417.46012634277344,415.8381575453671,415.8096764196322,0.02848112573491335,-4.0528935294653,28.636485038628955,50.99703564869185,9.261662202519508,7.542485317692549,-0.027852545094238623,-0.028247783449426637,22748745.0,-0.06609933579970184
2024-11-18,410.07330906060787,413.5624943414024,407.33534638732004,410.9530334472656,24727000,46.01559733793196,-0.36332509653271927,-0.20733829068673632,431.6172423828513,401.11618962398467,416.366716003418,415.3140697265255,416.04458851820743,415.4899597167969,416.366716003418,417.6586053466797,415.08659999181305,415.44992508834576,-0.36332509653271927,2.31572358688093,30.944343258413145,41.44138689614402,9.186114628252296,7.625263189716656,0.0018312696490434544,0.0018295949190561195,23274790.0,-0.12463359719055778
2024-11-19,408.3336509537854,413.10782389174204,406.79168992363145,412.9595642089844,18133500,47.86054107798843,-0.5060901945650471,-0.26708867146239845,430.9181985435728,400.85446991345844,415.88633422851564,415.08983110580726,415.9236071727477,416.1156433105469,415.88633422851564,417.7295745849609,414.7593637175317,415.26545391209675,-0.5060901945650471,1.808121140587857,51.43092555517784,37.00391795074001,9.174818477340851,7.5159321575285905,0.004882627936547923,0.004870746567937346,22907355.0,-0.2666518380717434
2024-11-20,412.05020669970736,412.46536399512735,405.8329222910528,410.6861572265625,19191700,45.94467113123868,-0.7935301851304644,-0.3723769741960117,430.5274610437534,400.3447374425747,415.43609924316405,414.6704335934983,415.71821697877965,415.6520721435547,415.43609924316405,417.5803204345703,414.1327165650749,414.92624675020534,-0.7935301851304644,1.7210937023443291,41.750774399863836,41.37534773781831,7.83195730635275,7.5456809002946805,-0.0055051563868645514,-0.00552036560538747,22884220.0,0.05835608128601755
2024-11-21,415.4797975064388,415.7571129679985,406.35806834126146,408.913330078125,20780200,44.450371453129335,-1.1511114866153775,-0.5281238766798848,430.102947065753,399.6786477828798,414.8907974243164,414.1221380206056,415.4513586689501,414.49228515625,414.8907974243164,417.3173254394531,413.32973402862103,414.4808455152364,-1.1511114866153775,0.5435424089815775,34.2020887039849,42.46126288634222,7.857305290173481,7.606074820718296,-0.0043167443490419455,-0.004326088390182938,23244150.0,0.08277015584862202
2024-11-22,407.4276728377604,413.39988374041405,407.1206461090675,413.00372314453125,24814600,48.603889864880415,-1.0918505353405408,-0.640869208412016,429.09596570767644,399.6660246487688,414.38099517822263,414.0156223181223,415.35537296211015,414.0271911621094,414.38099517822263,417.06516845703123,413.2795785079918,414.37142904333234,-1.0918505353405408,-0.5581564385502908,45.904449539622675,40.619104214490505,7.963398600575013,7.357485264726904,0.010003080764387828,0.009953381110286172,23639925.0,0.19414635085321597
2024-11-25,414.3705063731925,417.0446130867062,410.8743369468268,414.7765808105469,27691100,50.33713604218497,-0.8915537308095054,-0.6910061128915139,428.35185412078766,399.72201062530604,414.03693237304685,414.0880945554961,415.3326752306763,414.18714599609376,414.03693237304685,416.833642578125,413.50988655453875,414.40144028534826,-0.8915537308095054,-1.363725660883915,48.422698821170876,42.84307902159285,7.9226215379410565,7.157460873870392,0.004292594876669442,0.00428340797233777,24280360.0,0.11591966020004363
2024-11-26,415.5689336176803,424.92838338966095,414.83603494213827,423.888427734375,23458900,58.14897569993624,0.002405101203180493,-0.552323870072575,427.67172585218634,400.09539756089964,413.883561706543,415.02145962015123,415.6681949367037,414.7620910644531,413.883561706543,416.70903381347654,415.10658519759045,415.10418009638727,0.002405101203180493,1.4925643598416685,94.55391179131175,62.96035338403514,7.946663707785262,6.8940820728216785,0.021968084374537122,0.0217302626975466,24571100.0,-0.15283610979701057
2024-11-27,421.03598817971914,423.1356967701012,417.97560449920036,418.9363098144531,18332400,53.24684707445761,0.3077320431999624,-0.3803126874180675,425.9243100428581,400.98352992296225,413.4539199829102,415.394302495799,415.7963563044586,414.62733154296876,413.4539199829102,416.5711785888672,415.69577360018474,415.3880415569848,0.3077320431999624,1.3939006506026854,68.62043003693385,70.53234688313886,7.876907186064678,6.235195029973958,-0.011682597579722231,-0.011751375316011352,24000265.0,-0.21853113317333717
2024-11-29,416.06412568619913,420.808229889217,413.7960631011275,419.4018249511719,16271900,53.642478115032524,0.5805765010473465,-0.18813484972498473,425.75712203713084,402.9257118251739,414.34141693115237,415.7759713010727,415.9377472317807,414.37207946777346,414.34141693115237,416.28685607910154,416.26593534649044,415.6853588454431,0.5805765010473465,0.3020163079026372,71.0582613849953,78.07753440441367,8.044531295178116,5.707852552989236,0.0011111835518027302,0.001110566644315841,22115310.0,-0.11239663110121967
2024-12-02,417.5299380247713,428.85039263641124,417.27242003383,426.8497619628906,20207200,59.541453714535535,1.3818646954404699,0.12586505930810615,427.34087639406965,403.4643970434303,415.40263671875,416.8306180307696,416.36566937809874,416.0368713378906,415.40263671875,416.2191015625,417.8942163643982,416.5123516689577,1.3818646954404699,1.562243249152275,91.30820788078455,76.99563310090461,8.249519515779724,5.969119837659838,0.017758475449137334,0.017602635999916835,21914150.0,0.24184637319550872
2024-12-03,425.72067515411175,428.32547569363487,423.6407942127541,427.0676574707031,18302000,59.70301077850815,2.0112888233467174,0.5029498121158285,428.26492938481044,404.87336407222085,416.56914672851565,417.8055741679061,416.7853551856519,417.64833374023436,416.56914672851565,416.190498046875,419.3055149961374,417.2942261727907,2.0112888233467174,1.2118163539843492,92.25486059519302,84.87377662032434,8.07297659711845,5.847891328147392,0.000510473537130407,0.0005103432898376642,21845635.0,-0.09428322578090975
2024-12-04,428.8801143248133,435.4564952904926,428.483953715763,433.2280578613281,26009400,64.0712205683131,2.9729346661339946,0.9969467829194617,430.83049222186395,404.9603341941517,417.8954132080078,419.27438213870823,417.4301670552863,419.67518310546876,417.8954132080078,416.37089904785154,421.4474446677052,418.4745100015712,2.9729346661339946,5.613386428621699,92.47748598993564,92.01351815530444,7.887077356994289,6.46753950692805,0.014424881591619032,0.014321832782913758,22264805.0,0.4211233744945908
2024-12-05,433.72329450893346,440.39869339406243,431.99006528414975,438.37823486328125,21697800,67.26591277848993,4.103321629543245,1.6182217522442186,434.8169235407386,403.27953947195664,419.04823150634763,421.0937966839057,418.2516599105018,422.44439086914065,419.04823150634763,416.5961834716797,424.0521816208707,419.9488599913275,4.103321629543245,6.673561011573573,94.1547419128594,92.96236283266272,7.910868481146285,7.884346017195484,0.01188791194037031,0.011817805778844854,22015605.0,-0.1657708366975017
2024-12-06,438.0612738202398,441.82487523918803,437.5363542028089,439.3191223144531,18821000,67.82871419585662,5.017247490090824,2.2980268998135402,438.1816116427123,401.7956436063111,419.9886276245117,422.82954198205306,419.07783490673523,425.48497009277344,419.9886276245117,416.85610046386716,426.40094172757574,421.3836942374849,5.017247490090824,6.3830845414514,93.03801900289845,93.2234156352312,7.28170827785779,9.096492009100313,0.0021462914358996166,0.0021439914428180687,21961565.0,-0.1325848703555199
2024-12-09,438.35842787251636,444.03349609525384,436.2785468030062,441.7456359863281,19144400,69.29491998647674,5.869677702349293,3.012357060320691,441.76949604780964,400.61685649125286,421.19317626953125,424.6310747443649,419.96676828240555,428.3591613769531,421.19317626953125,417.22958801269533,428.76166392122997,422.8919862188807,5.869677702349293,7.562825825325079,94.01092737336289,93.73456276304029,7.390836944869599,10.288159889139202,0.005523350905126678,0.005508153138565475,22074215.0,0.017182933956750412
2024-12-10,440.13125981361975,445.31111943385133,437.3679889585384,439.0813903808594,18469500,65.75161035965436,6.258112803798156,3.6615082090161843,444.17154939736156,400.8052389327165,422.48839416503904,426.0072952811739,420.71636130587433,430.7896423339844,422.48839416503904,417.5047180175781,430.34931414578836,424.0912013419902,6.258112803798156,7.377617231742143,84.2198238423652,90.42292340620888,7.507050981098339,10.841577616161262,-0.006031175836112235,-0.00604943683765782,21772525.0,-0.035253128852301474
2024-12-11,439.7945036123786,446.034146674654,439.7945036123786,444.6871643066406,19200200,69.3077766504663,6.938309019197334,4.316868371052414,447.5329257157988,400.09868133986527,423.81580352783203,427.78633042645646,421.6563927961005,432.86951599121096,423.81580352783203,418.0819409179687,432.55513724745794,425.6168282282606,6.938309019197334,7.6714662330106185,96.60505164675084,91.611934287493,7.494630579374269,11.858561093983392,0.012767049682790743,0.012686237995035972,21762475.0,0.039562521995722744
2024-12-12,444.8060093995974,451.7884649521135,444.8060093995974,445.251708984375,20834800,69.64956265896024,7.43719213638974,4.94093312411988,450.5602744448112,399.56811300636065,425.06419372558594,429.4496998129249,422.58169931328774,435.5010559082031,425.06419372558594,418.74083068847654,434.5084559762144,427.07126383982467,7.43719213638974,7.347359900183932,85.36584920184401,88.7302415636534,7.33050600928397,12.748040359612634,0.0012695322083662308,0.0012687270337435562,21729105.0,0.08513452984864744
2024-12-13,444.142443353527,447.10377945438483,441.30983602760955,442.983642578125,20177800,66.44808460539068,7.562372276866597,5.465220954669224,452.7794998581204,399.4518172805515,426.11565856933595,430.73864674294396,423.38177551975195,437.85923767089844,426.11565856933595,419.3660223388672,435.8123308380468,428.2499585611802,7.562372276866597,4.504773802344943,78.4797506307582,86.81688382645105,7.295842137528878,13.331920644392234,-0.005093897138370274,-0.005106915259863647,21225650.0,-0.03153378002188645
2024-12-16,442.9836304987913,447.8465797272876,441.01271109813007,447.2622375488281,23598800,69.31363273644736,7.91557942416955,5.95529264856929,455.12249626455247,400.81486030283037,427.9686782836914,432.31232205779,424.31826422677455,439.9004852294922,427.9686782836914,420.0862762451172,437.57385494739776,429.6582755232282,7.91557942416955,6.761392381319382,88.08649313344769,83.97736432201667,7.343241601048744,13.576908990430534,0.009658584560373606,0.009612238617689705,20993210.0,0.16954276482074349
2024-12-17,446.68784735190707,450.9268296361061,445.2616448801094,450.1047668457031,22733500,71.08075192490435,8.328857111132947,6.430005541082021,457.55595163174223,402.2965782754843,429.92626495361327,434.00684060901983,425.32949962359527,442.2041961669922,429.92626495361327,420.99227233886717,439.50168754713707,431.1728304360041,8.328857111132947,7.32065052366088,95.56832939119202,87.37819105179933,7.022768899397505,13.814843339064469,0.006355397478788216,0.006335287101551061,20893535.0,-0.03666711866705086
2024-12-18,446.9948298056794,448.3120705924071,432.83185420697276,433.1983337402344,24444500,51.92727505232084,7.209073089814638,6.585819050828546,457.40965833841364,404.466748521938,430.9382034301758,433.92983995484974,425.6380813536595,442.2012237548828,430.9382034301758,421.45793518066404,438.5319408076136,431.32286771779894,7.209073089814638,1.4873082623144769,51.06881822109211,78.24121358191064,7.834203856794342,13.235727454118928,-0.037561106548476775,-0.038284702158695914,21209085.0,0.07526337783447334
2024-12-19,437.38780577162396,438.93285336164837,432.1386095010433,432.841796875,22963700,51.611426705944574,6.221153060047186,6.512885852672275,456.7439069859778,407.3480638392175,432.04598541259764,433.82621680438785,425.9205800015552,441.6475799560547,432.04598541259764,421.8621032714844,437.6565340487499,431.4353809887027,6.221153060047186,1.3520432426314046,45.10765030590965,63.91493263939796,7.8186379334026,12.34896078669006,-0.0008230337872171534,-0.0008233726654762002,21397685.0,-0.06057804414080881
2024-12-20,428.95937961527454,439.4875143941051,424.5223319655796,432.41595458984375,64263700,51.21076909417617,5.342274984803339,6.278763679098488,455.3919285746708,411.0503047016964,433.2211166381836,433.69190611728845,426.17530057364496,440.95726318359374,433.2211166381836,422.28977966308594,436.85029105507203,431.5080160702687,5.342274984803339,-0.1874539879742325,31.175440619387366,42.450636382129744,8.060581492398617,11.085405968243597,-0.0009838289375718734,-0.0009843132149178415,23571860.0,1.7984906613481275
2024-12-23,432.5545685943141,433.4558513948008,428.6820357713906,431.078857421875,19152500,49.90087976428211,4.486151647668294,5.92024127281245,454.2002525386126,414.04949416548897,434.12487335205077,433.44304433677286,426.36759692063436,439.8905853271484,434.12487335205077,422.68122619628906,435.9623781884263,431.47622654075803,4.486151647668294,-1.6650866445690982,24.046407532500147,33.44316615259909,8.066948216865004,10.037689593280913,-0.00309215502752902,-0.003096945616931813,23288755.0,-0.7019701635604548
2024-12-24,430.48460812290455,435.38718282685113,430.02902490868655,435.1197509765625,7164500,53.751003973854196,4.086625993048472,5.553518216859654,453.0322830347592,417.2517806859439,435.14203186035155,433.6027306834195,426.7108186483178,439.4944213867187,435.14203186035155,423.0977416992188,435.832743232755,431.7461172397065,4.086625993048472,-0.9558817553324767,38.866600614823945,31.36281625557052,7.850471081034653,8.945125587203805,0.009373908010368748,0.009330245580986416,22262425.0,-0.625923508680329
2024-12-26,434.8721433787049,436.71433412405435,432.4456406431818,433.91143798828125,8194200,52.45292513463874,3.6306464412976425,5.168943861747252,452.7505084883474,418.5358562577464,435.6431823730469,433.6321313791206,426.993195877336,438.41684875488284,435.6431823730469,423.4979992675781,435.53715781052824,431.9065113692306,3.6306464412976425,-1.7734635862456696,34.43504815053424,32.449352099286145,7.5547614646746455,8.553663057650265,-0.0027769665375322328,-0.002780829462240026,21499190.0,0.1437225207620909
2024-12-27,430.4350863105853,431.04913980352325,422.2641488688207,426.4040832519531,18117700,45.15625687299589,2.6331453156171847,4.661784152521238,451.8684569513005,420.16468513854323,436.0165710449219,432.9437458431999,426.9700934214386,436.53208618164064,436.0165710449219,423.79990356445313,434.1320694169013,431.4989241012841,2.6331453156171847,-2.887233985915447,14.0221178077521,29.107922191036796,8.080387756323319,7.925942953189333,-0.017301582947741645,-0.01745300442989159,21488455.0,1.2110395157550462
2024-12-30,421.9769208859116,423.45263204127576,417.8567839421245,420.7586975097656,13158700,40.58427926244366,1.371275823862618,4.003682486789514,451.64584962322635,420.52297972247675,436.08441467285155,431.7832650495395,426.7265092680397,434.30959167480466,436.08441467285155,423.9770391845703,432.07462758503425,430.70335176117163,1.371275823862618,-5.380966377607152,8.552224591486826,19.003130183257756,8.136984186150531,7.780717475187414,-0.013239520829944174,-0.013327944612058757,21332795.0,-0.2737102391583921
2024-12-31,422.0165551158413,422.6405224628075,416.62868593663666,417.46063232421875,13246500,38.15389293580888,0.10391104117525174,3.2237281976666616,452.8282357752169,418.401680606619,435.61495819091795,430.4192047899852,426.36314154475264,431.3294311523438,435.61495819091795,424.05974609375,429.8263206218318,429.7224095806566,0.10391104117525174,-6.2416552478929415,2.366187760212833,8.31351005315062,7.999034618354666,8.606638792149482,-0.007838376734851327,-0.007869258289796805,20984760.0,0.00667239164963096
2025-01-02,421.45201157982797,421.9868450538027,410.8743686174563,414.568603515625,16896500,36.1117146747517,-1.1209258991220281,2.354797378308924,454.2909014238276,415.6891095625005,434.99000549316406,428.90962371623664,425.9006106416496,427.77581481933595,434.99000549316406,424.0723553466797,427.47897952856925,428.5999054276913,-1.1209258991220281,-6.41446688575836,9.029247201139864,6.649219850946541,8.296157485679796,9.650447965331786,-0.006927668346814686,-0.006951776045787636,20914485.0,0.27554448344845817
2025-01-03,417.0446121521978,419.96635323692743,415.51939233739597,419.2928771972656,16662900,41.609804591728405,-1.690916759234085,1.5456545508003225,454.8285956334869,413.75789728643497,434.2932464599609,427.9937430953823,425.6414838399091,426.38526916503906,434.2932464599609,424.0068688964844,426.21957916990715,427.91049592914123,-1.690916759234085,-6.253458933811521,21.01870488280203,10.804713281384942,8.17447527681048,10.267674586762972,0.011395637878936826,0.011331196701050315,20447160.0,-0.013825348444944208
2025-01-06,423.8983123069827,430.1577525838614,421.4024733118246,423.749755859375,20573600,46.30451512228648,-1.762686608108197,0.8839863190186188,454.5222168956921,412.6014281238392,433.56182250976565,427.58955383481015,425.56729842890775,425.47606506347654,433.56182250976565,424.088046875,425.8396063529022,427.6022929610104,-1.762686608108197,-5.855305903783659,32.146307403990676,20.73141982931089,8.536684702511943,10.480197192963235,0.010629511981937512,0.010573415885403012,20390950.0,0.23469504107928385
2025-01-07,424.88876369017254,426.52294519780327,416.7673346717813,418.3222961425781,18139100,41.887730676043965,-2.2317886994992477,0.2608313153150455,454.3434382649452,410.68052413739855,432.51198120117186,426.70695786412136,425.2831806921889,424.06669921875,432.51198120117186,424.05810546875,424.6830970897754,426.91488578927465,-2.2317886994992477,-3.4340015736479277,18.5954304322369,23.9201475730099,8.745380552287973,10.915728531886645,-0.012808171902753962,-0.012890903724629041,20356855.0,-0.11833125947816614
2025-01-08,419.40180766065134,422.87817962096636,417.50022470253026,420.49127197265625,15054600,44.179238821334394,-2.4008616256883215,-0.2715072728856279,453.45672168081,409.4418043201665,431.44926300048826,426.11498777922,425.09526270318764,423.0079406738281,431.44926300048826,424.003935546875,424.0382009179109,426.4390625435992,-2.4008616256883215,-2.8533577375177677,25.687750176638847,25.476496004288844,8.724864135319356,11.003729340160877,0.005184939579072401,0.005171544063195212,20152365.0,-0.1700470254863803
2025-01-10,420.5605868581897,420.6398068835906,411.0426680414125,414.9350280761719,20201100,39.84476745197521,-2.9491990538956543,-0.8070456290876332,453.11862745022046,407.3652623202874,430.24194488525393,425.05022971226305,424.69682212957923,420.9894683837891,430.24194488525393,423.8694793701172,422.6377127884126,425.58691184230827,-2.9491990538956543,-4.042618300301368,14.191586938439603,19.491589182438485,8.176594578422765,11.43834128248327,-0.013213696137896691,-0.013301773768508466,20238945.0,0.3418556454505599
2025-01-13,411.2606004893305,414.48936844362913,408.3388895039501,413.1919250488281,17604800,38.56640642320099,-3.484249997790471,-1.342486502828201,451.69265477691147,405.6417110678151,428.6671829223633,423.9208673633645,424.24564969503996,418.9175170898437,428.6671829223633,423.59420104980467,421.18451467463035,424.6687646724208,-3.484249997790471,-4.149341139118276,15.5802561493233,18.48653108813395,8.162444200681099,11.512735927274102,-0.004200905947674638,-0.004209754543171732,20159175.0,-0.12852270420917677
2025-01-14,413.80596878606093,415.7174656234234,406.783918522941,411.6864929199219,16935900,37.448914815799505,-3.983834354455098,-1.8707560731535804,449.816812834236,404.1610314040453,426.9889221191406,422.7556888449414,423.75313374307456,417.4457580566406,426.9889221191406,423.27734802246096,419.72328055852137,423.70711491297646,-3.983834354455098,-5.385473310289434,16.379907523898545,15.383916870553849,7.731613105820876,11.413945357547668,-0.0036434209810086715,-0.003650074404963666,19964230.0,-0.03799531945832957
2025-01-15,415.1133035563719,424.04685017409594,414.2615295855494,422.2244873046875,19637800,48.66264392317106,-3.489209049302758,-2.1944466683834163,447.57262237667453,404.3293063342629,425.9509643554687,422.7050982220601,423.69318682392213,417.5923370361328,425.9509643554687,423.6888000488281,420.10808159639305,423.5972906456958,-3.489209049302758,-2.6933953937184256,51.58822044947529,27.84946137423241,8.273508936589723,10.810829010602903,0.025597134144538014,0.02527501285951615,19937230.0,0.15953684185664763
2025-01-16,424.59158895645874,425.3739962723433,420.32289602505284,420.51104736328125,15300000,47.18154860139636,-3.1986037024231564,-2.3952780751913645,443.8638182496873,405.36299144269555,424.61340484619143,422.49614099741444,423.5683970411519,417.8973785400391,424.61340484619143,423.986513671875,420.1700763297605,423.36868003218365,-3.1986037024231564,-1.3820308294725698,45.86347554702724,37.94386784013372,8.251576245812998,9.625206701747935,-0.004058125459146522,-0.004066381995210794,19522290.0,-0.22089032376335438
2025-01-17,429.9299628963343,430.31623990051855,424.06671321451194,424.91845703125,26197500,51.288486619298105,-2.5828818907288564,-2.4327988382988632,438.424544851802,408.28363385913553,423.3540893554688,422.72683776254166,423.6213405701754,418.93236389160154,423.3540893554688,424.4101336669922,420.90059643768194,423.4834783284108,-2.5828818907288564,0.9886330445701194,74.73469249926353,57.39546283192205,8.647040464124766,7.535227748166624,0.01048107938092091,0.010426533669340434,19695490.0,0.7122549019607842
2025-01-21,426.07727516253885,426.770548715405,421.52135231106814,424.3935546875,26085700,50.782053016087694,-2.112916762085433,-2.3688224230561774,437.2710134496709,408.55668735599323,422.91385040283205,422.8855727077758,423.65162347673714,419.442431640625,422.91385040283205,424.7639501953125,421.4379746299616,423.55089139204705,-2.112916762085433,1.6607368040148107,74.83170012006592,65.14328938878559,8.190033841615932,7.178581523419417,-0.0012353013503280108,-0.0012360649639678244,19777550.0,-0.004267582784616808
2025-01-22,433.366705345479,442.98364251820686,431.82165779523024,441.9239196777344,27803800,63.68054817424714,-0.3221979667809478,-1.9594975318011316,439.5107599650014,407.22515312093606,423.3679565429687,424.6987486096766,424.36818411207037,421.2598480224609,423.3679565429687,425.2959912109375,424.58965848346514,424.9118564502461,-0.3221979667809478,6.598501654522508,97.07256651843235,82.21298637925396,8.90737587882152,8.07140171101634,0.04130685962736358,0.04047652009310587,20019555.0,0.06586367243355551
2025-01-23,437.7641319289048,442.46861072225846,437.26892363486763,442.4289855957031,18389300,63.97348876067403,1.1247487747546074,-1.3426482704899838,441.7232640181286,406.0139521683949,423.86860809326174,426.3873426083458,425.07645083691875,423.67051696777344,423.86860809326174,425.7343469238281,427.33417034688637,426.20942157213176,1.1247487747546074,5.51788729469702,98.4677868743522,90.12401783761686,8.849365204622947,8.927327962433427,0.0011428797932844237,0.0011422272033473832,17725835.0,-0.33860479502801777
2025-01-24,440.89387719602587,442.3695883246394,437.169900939795,439.8044128417969,15549500,61.21060770193431,2.0362112297798376,-0.6668763704360197,443.2918726441909,405.3178990843247,424.3048858642578,427.6651588210554,425.65401797436493,425.6018310546875,424.3048858642578,426.17734191894533,429.2526691922572,427.21645796247736,2.0362112297798376,3.788711795210981,91.21753061756559,95.5859613367834,8.431265791734498,9.493493389966547,-0.005932189886637795,-0.005949855222460648,17545685.0,-0.15442675903922387
2025-01-27,419.9465634582157,431.0293279263355,419.4414413066827,430.39544677734375,35647800,52.463104510407994,1.9765425129939445,-0.1381925937500268,442.60125697928135,405.53608432931236,424.06867065429685,427.9251862454638,425.8399563587955,427.1478729248047,424.06867065429685,426.52171020507814,429.4284811284244,427.45193861543044,1.9765425129939445,2.8860882496807427,65.22571348193324,84.97034365795038,9.500210207006765,9.26629316249224,-0.02139352355211055,-0.021625682074325456,18969850.0,1.2925367375156758
2025-01-28,430.435111003789,444.08305214713533,427.2459679678923,442.91436767578125,23491700,60.542774750279854,2.9059291739288255,0.4706317597857437,444.44313278182767,404.59450149551606,424.51881713867186,429.35272733406543,426.5095411163244,430.1201171875,424.51881713867186,427.0172180175781,431.50323290494083,428.597303731012,2.9059291739288255,5.332594799870931,96.86672488661772,84.43665632870555,9.926796549338714,9.962157821577907,0.029087019837628292,0.028672020659799565,19734725.0,-0.3410056160548477
2025-01-29,442.40923592540474,442.5974175154718,436.17950645057016,438.09100341796875,23581400,56.55439047521409,3.2161953159306336,1.0197444710147217,445.92555993359184,404.2807663603534,425.10316314697263,430.184944103961,426.9637161085457,432.7605682373047,425.10316314697263,427.37335998535156,432.5167360607913,429.30054074486065,3.2161953159306336,5.580626790936051,83.93515305331435,82.0091971406218,9.71102874213794,10.411198393309611,-0.010890060494364584,-0.010949791246659952,20007910.0,0.003818369892344853
2025-01-30,414.75677425796516,418.8075747745586,409.20055129765046,411.01300048828125,54586300,40.445751809409344,1.2625609163737295,1.0683077600865234,446.3044751506901,402.92728144110674,424.6158782958984,428.35904471199154,426.3381978489275,431.63941955566406,424.6158782958984,427.1545330810547,429.2084690496359,427.94590813326215,1.2625609163737295,-0.5273395796128846,11.338284711784889,64.04672088390568,11.390492827986666,10.844298427395843,-0.06180908240166083,-0.06380181380151098,22079290.0,1.3148031923465102
2025-01-31,414.96475222570615,416.65835612531487,410.93374946527524,411.0823059082031,34161900,40.49247147000548,-0.27692384654886837,0.7992614387594451,446.60722981906423,401.98669413113106,424.29696197509764,426.71364101639267,425.7399275767422,430.69654541015626,424.29696197509764,427.17214233398437,426.41982856633854,426.6967524128874,-0.27692384654886837,-0.14675900766952582,11.52409444297103,35.599177402690124,11.113883386405348,11.155133921983296,0.00016862099213299508,0.0001686067772114348,23125060.0,-0.37416714450329114
2025-02-03,407.6555012178145,411.42898625512174,404.7436738342851,406.9820251464844,25679100,38.56490113241329,-1.8070049740292689,0.27800815620170233,447.1627412642686,400.67252484901263,423.9176330566406,424.83443950497286,425.00432355986936,428.9029022216797,423.9176330566406,427.09272216796876,423.4293972709764,425.23640224500565,-1.8070049740292689,-3.6100374602868053,5.689849225370444,9.517409460042154,11.120252947020694,11.622554103813991,-0.009974354777104844,-0.010024431923460472,23564190.0,-0.24831171568326116
2025-02-04,408.73506192939664,409.9532853263689,405.81332063447735,408.4181213378906,20532100,39.64852474173826,-2.8706334549456187,-0.35172016602776185,447.56404112618713,399.18374940115666,423.3738952636719,423.27098063191744,424.3538842570467,427.30535888671875,423.3738952636719,427.00189331054685,421.1199702043478,423.9906036592934,-2.8706334549456187,-2.8757689247920033,9.340380202208857,8.851441290183477,10.777854203549923,12.09507293125763,0.0035286477108893433,0.0035224366403869773,23757650.0,-0.2004353735138693
2025-02-05,408.39829064688985,409.8640878693508,406.46696618877354,409.32928466796875,16316700,40.36721928006352,-3.598561446940039,-1.0010884222102172,447.6422897220707,397.66345368613247,422.6528717041016,421.94320006392235,423.76468427316127,424.0458953857422,422.6528717041016,426.974755859375,419.3060185833664,422.9045800303064,-3.598561446940039,-3.6687444626898777,11.656541181754621,8.895590203111341,10.13762309115015,12.494709008984572,0.002230957155116897,0.0022284722653051047,23544805.0,-0.20530778634430968
2025-02-06,410.0324869601977,414.19224891795665,410.0324869601977,411.8350524902344,16309800,42.39872400200039,-3.927975842915089,-1.5864659063511917,447.7197820482256,396.9372369947431,422.32850952148436,420.9805193426188,423.2968555757916,420.9865020751953,422.32850952148436,427.0331903076172,418.156639184423,422.0846150273381,-3.927975842915089,-2.959164214101464,18.02615841957232,13.007693267845298,10.124184805628541,12.695636263370618,0.0061216431761002,0.006102982037674979,23453340.0,-0.0004228796263950896
2025-02-07,412.48872643025265,414.63791357819275,404.1890302854019,405.8232116699219,22886800,38.968679224444244,-4.620877832915767,-2.193348291664107,448.035491240431,395.1547217722643,421.59510650634763,419.5369662309334,422.6116146383065,417.5883819580078,421.59510650634763,426.889580078125,416.25918879757666,420.8800666304924,-4.620877832915767,-8.168987103965392,4.09630643454253,11.259668678623191,10.17016271673951,13.220192367041665,-0.014597690954086695,-0.014705285617547364,23844950.0,0.4032544850335382
2025-02-10,409.7452423090315,411.4784713555885,406.982001762604,408.26953125,20817900,41.05826554396741,-4.915942185270012,-2.7378670703852883,448.2186747842474,394.30498854583067,421.26183166503904,418.46387718513023,422.0491799956278,415.37579040527345,421.26183166503904,426.7594390869141,415.0300107133341,419.9459528986041,-4.915942185270012,-7.720889782957946,10.228351953935618,10.783605602683522,10.199167236834493,13.47842155960418,0.0060280425311596275,0.006009946568521812,23875790.0,-0.09039708478249475
2025-02-11,405.71427148321067,408.53693461973535,405.37750324031913,407.49700927734375,18140600,40.58569906587954,-5.152721511169432,-3.220837958542117,448.4089706911832,393.5452010617465,420.97708587646486,417.41941357486485,421.4785066341265,411.8340545654297,420.97708587646486,426.4316107177734,413.87108741548946,419.0238089266589,-5.152721511169432,-7.345857072169601,8.291916526758854,7.538858305079035,9.096977490313732,13.715942407359153,-0.0018921861993742572,-0.0018939786451317867,23902580.0,-0.12860567108113685
2025-02-12,403.30754628100544,406.813629604169,400.4947666868975,405.1200256347656,19121700,39.094690537580654,-5.469128834730327,-3.6704961337797597,448.69905480344045,392.59847022097364,420.64876251220704,416.2480432948554,420.8369975753281,408.5369567871094,420.64876251220704,426.1552850341797,412.524770218455,417.9938990531853,-5.469128834730327,-5.872604213597512,10.611243133404255,9.710503871366276,9.22573145481769,14.025146145616697,-0.005833131503942712,-0.005850210664559336,24011870.0,0.05408310640221381
2025-02-13,403.0995382668374,407.0612044905901,402.465657162982,406.6056213378906,23891700,40.56433851760231,-5.536190996989092,-4.043635106421626,448.59491707754006,391.14072135019427,419.86781921386716,415.32971739419213,420.27890438954626,408.0962188720703,419.86781921386716,425.89936096191406,411.6141319291374,417.1503229261265,-5.536190996989092,-8.197689889452644,14.019488462255723,10.974216040806311,9.178335931367693,14.363548931836439,0.003667050772909297,0.0036603435344121594,24224565.0,0.24945480788842
2025-02-14,403.8820181953633,404.99128001840967,401.99031874797896,404.515869140625,22758500,39.1338334535238,-5.692345960398313,-4.373377277216964,448.5991164362296,389.5370041692391,419.06806030273435,414.2998270843286,419.66074614449053,407.4395751953125,419.06806030273435,425.45268310546874,410.52209150013545,416.21443746053376,-5.692345960398313,-7.6639634266378165,9.225190693484935,11.285307429715004,8.053502435281798,14.765528066747633,-0.005139506410141381,-0.00515275910090554,24597490.0,-0.04743069768999275
2025-02-18,404.08996621044764,406.6650553734785,402.6043413346739,405.7142639160156,21423100,40.43117356289643,-5.654221109643288,-4.629546043702229,448.08346265373535,388.13223864021,418.1078506469727,413.48215440163216,419.1138252727856,407.31279907226565,418.1078506469727,425.025615234375,409.7824257179632,415.43664682760647,-5.654221109643288,-1.2891895307376542,12.397075068669436,11.880584741470065,7.140904568107621,14.987806003381346,0.0029625408217892613,0.002958161145576463,24358770.0,-0.05867697783245818
2025-02-19,403.9711199361536,411.50817561028913,403.74331324145845,410.7950744628906,24114200,45.714190368697736,-5.154608819874852,-4.734558598936753,447.4201113515093,387.4357419199751,417.4279266357422,413.22624202651394,418.787599750829,407.5504943847656,417.4279266357422,424.57695556640624,409.93821783256743,415.0928266524423,-5.154608819874852,-0.06987200402068394,56.24646819148031,25.956244651211595,7.214476078366163,14.996092357883567,0.012523125260212042,0.012445359500906122,24260195.0,0.1256167408078197
2025-02-20,412.134891295379,416.1243389128722,409.40578409861945,412.968505859375,23508700,47.84505593066471,-4.53105356612167,-4.693857592373737,443.70316517312847,388.25714671651997,415.9801559448242,413.20169572488163,418.5593999903798,407.91441650390624,415.9801559448242,424.06876098632813,410.4044159905378,414.9354695566595,-4.53105356612167,1.4709447452220823,77.17183871813839,48.60512732609609,5.6307691279329095,13.861504614152112,0.005290792250433052,0.00527684518151524,24045440.0,-0.025109686408837928
2025-02-21,414.1692516421462,414.87384893021425,404.791066280818,405.1086120605469,27524800,41.500788210801474,-4.617877262191712,-4.678661526337333,439.2440911109102,388.9841834252227,414.11413726806643,412.43092585208785,418.0319181107785,407.2417724609375,414.11413726806643,423.38455078125,409.58967692438534,414.20755418657706,-4.617877262191712,-0.8103238089687362,29.51997218440604,54.31275969800828,5.942067412886956,12.564976921421868,-0.0190326712262765,-0.01921612397368516,24502215.0,0.17083462718057563
2025-02-24,405.4063787741937,406.25983043716724,396.2861968407472,400.9306335449219,26443700,38.57285962800422,-4.96656217902364,-4.736241656874594,434.825528975194,389.5153676312513,412.17044830322266,411.335659918072,417.3612795003528,406.7525146484375,412.17044830322266,422.56825073242186,408.2575164044679,413.2240785834915,-4.96656217902364,-2.0518080278227635,23.41165159161083,43.367820831385124,6.1769474968572,11.327540335985665,-0.010313230554083064,-0.010366780415874879,25046925.0,-0.03927730628378767
2025-02-25,398.05265327493277,398.8664306026397,393.6860882830661,394.876953125,29387400,34.74755237677256,-5.66606404560622,-4.92220613462092,432.5982998178637,388.19074742334726,410.39452362060547,409.76816403301757,416.47954121112326,405.4132568359375,410.39452362060547,421.68416198730466,406.19896820762665,411.86503225323287,-5.66606404560622,-4.117692086356951,5.3072980669535355,19.412973947656834,6.398703251854641,11.101888098629116,-0.015099071793035268,-0.015214223369149333,24733905.0,0.11131952033943815
2025-02-26,394.9861207223364,400.53364695077397,391.25467770642615,396.69305419921875,19619000,36.77332202163318,-6.00466212836875,-5.138697333370486,425.03637096267914,391.13054493087554,408.08345794677734,408.52291547741765,415.70360054398975,404.332861328125,408.08345794677734,420.7242797851562,404.73651989864084,410.7411820270096,-6.00466212836875,-2.2497869042860907,21.867513383668495,16.86215434741099,6.818835220695397,8.476456507950896,0.004599156926851311,0.0045886131206852,24540270.0,-0.332400960956056
2025-02-27,398.22134834414993,402.657388820498,389.1905096396701,389.5477600097656,21127400,32.498471179174004,-6.7715113065764285,-5.465260128011675,417.71276791874425,393.5998236339901,405.6562957763672,406.7157578138318,414.6778813073535,402.775634765625,405.6562957763672,419.6102008056641,402.3997876080447,409.1712989146211,-6.7715113065764285,-4.585640075298755,1.3264002176288225,9.500403889416985,7.433400572898255,6.02823607118853,-0.0180121484705017,-0.01817634185541821,24417570.0,0.0768846526326521
2025-02-28,389.67678725566606,394.6090291195634,383.6330593862238,393.973876953125,32845700,37.35641157431938,-6.942070293376332,-5.760622161084607,417.649334611948,391.9593445872707,404.80433959960936,405.5022453509073,413.865959567972,401.51246032714846,404.80433959960936,418.63000549316405,401.10349366113394,408.04556395451027,-6.942070293376332,-3.3185844353068283,31.826439948048098,18.340117849781837,7.47104960436602,6.422497506169334,0.011362193286000188,0.011298128389634683,23330540.0,0.5546494126111117
2025-03-03,395.7899873220531,395.7899873220531,383.2261675615013,385.5384521484375,23007700,32.54867519006258,-7.669498597443919,-6.142397448356469,418.62582684822235,388.4284669750199,403.5271469116211,403.6009317125768,412.7550769240687,399.6147186279297,403.5271469116211,417.39552978515627,398.7088718899499,406.3783704873938,-7.669498597443919,-4.833523955189965,7.028611293435412,13.393817153037476,7.96451818114353,7.549339968300609,-0.021411127229867488,-0.021643670751607412,22772830.0,-0.2995217029930859
2025-03-04,380.48712304915495,389.59737098453536,378.10536303990614,385.65753173828125,29342900,32.680389252926474,-8.14252013793731,-6.542421986272638,419.4284355165221,385.4934089658998,402.46092224121094,401.89203647692966,411.6924280932535,397.6090454101562,402.46092224121094,416.1065850830078,396.7009734050778,404.8434935430151,-8.14252013793731,-5.1519429393725575,19.86420866150998,19.573086634331194,8.559702221515888,8.483756637655581,0.0003088656635419351,0.0003088179743623249,22956020.0,0.2753512954358759
2025-03-05,386.3820118850688,398.61835249883035,385.85603973587394,397.9732666015625,23433100,44.70645970411898,-7.437877023726628,-6.721512993763437,418.77663468460867,385.1007243241804,401.93867950439454,401.51882029832325,411.154421760246,396.3268646240234,401.93867950439454,415.4020837402344,396.8967108199216,404.33458784364825,-7.437877023726628,-1.6173908215175719,52.25786099036856,26.38356031510469,8.985314947951805,8.418977590107064,0.03193438180182895,0.031435081512493405,23101070.0,-0.20140476912643268
2025-03-06,391.28447789138556,399.09468114787944,389.6966277473878,393.8746643066406,23304600,42.01640466255322,-7.127998105649567,-6.802810016140663,417.9943050154719,384.3375919571844,401.16594848632815,400.79080544197257,410.4767842130458,394.41748046875,401.16594848632815,414.6227410888672,396.4317805871092,403.55977869275875,-7.127998105649567,-2.918211328114863,41.4774488387718,37.86650616355015,9.328351096014911,8.4141782645719,-0.010298687471953394,-0.010352085892590259,23450465.0,-0.005483696139221839
2025-03-07,389.33936956128906,391.80050846371955,382.61088158953936,390.32183837890625,22034100,39.78181242363119,-7.0874010432074215,-6.859728221554015,416.79700591384955,383.38356964767394,400.09028778076174,399.7937609597758,409.68639418033445,392.9388031005859,400.09028778076174,413.7808587646484,395.4917894781549,402.5791905213623,-7.0874010432074215,-4.983807585997196,32.13257342812018,41.95596108575355,9.80324253367131,8.353359066543913,-0.009020194111719837,-0.009061122369076895,23736680.0,-0.05451713395638624
2025-03-10,382.90859827837613,383.4643412864511,374.3540930979484,377.2717590332031,32840100,32.86722406737576,-8.015858095444628,-7.090954196332138,417.9819344406517,379.34349585719985,398.66271514892577,397.6488083953403,408.41523201770184,390.5729156494141,398.66271514892577,412.704716796875,392.6887078712392,400.70456596668384,-8.015858095444628,-8.643939264057925,6.985034151300796,26.865018806064295,10.653744765253688,9.659609645862972,-0.033434151160752434,-0.034005851418937125,24234345.0,0.49042166460168546
2025-03-11,376.1205440687611,383.0673615053873,374.04642649696916,377.5595397949219,30380200,33.14319331113481,-8.628976031784532,-7.398558563422617,418.04686651097705,376.2075646413667,397.12721557617186,395.73554471911,407.20520487171046,388.84117431640624,397.12721557617186,411.5535125732422,390.3611435518058,398.99011958359034,-8.628976031784532,-6.800416344026663,8.349067470906563,15.822225016775883,10.743464239509933,10.459825467402608,0.0007627943381085522,0.0007625035583681244,24712460.0,-0.07490537483137993
2025-03-12,380.040547480545,382.2932902407784,376.07093750152677,380.35809326171875,24253600,35.90264454675477,-8.787756747727599,-7.676398200283614,417.3675202389348,374.1730193118464,395.7702697753906,394.27102553269185,406.15237696543625,387.2076782226562,395.7702697753906,410.4824456787109,388.8222127379463,397.6099694856739,-8.787756747727599,-5.131196910873635,15.4593809468856,10.264494189697688,10.70802123415271,10.79862523177208,0.00741221760233346,0.007384882112068829,25018110.0,-0.20166424184172582
2025-03-13,380.24893433302753,382.3925273041687,374.58232470495466,375.89227294921875,20473000,33.52473787833961,-9.168259991726018,-7.974770558572096,417.1612669198947,371.45649736233185,394.30888214111326,392.52066814378963,404.9657062197022,385.8421295166016,394.30888214111326,409.47220947265623,386.8329912319882,396.00125122371423,-9.168259991726018,-4.807745811838142,5.730057139184276,9.846168518992183,10.545694087711123,11.426192389390708,-0.011741094488627368,-0.01181056545067752,25085675.0,-0.15587789029257515
2025-03-14,376.8946473094157,387.2652662935844,376.6267095180303,385.6079406738281,19952800,42.4544276548362,-8.586854452818898,-8.097187337421456,415.65754616117323,370.86045005464706,393.25899810791014,391.8623131466504,404.2065781590797,385.0055358886719,393.25899810791014,408.7691943359375,386.6445219153482,395.2313763681671,-8.586854452818898,-2.7943805438609206,40.40938590643316,20.53294133083438,10.645648355421523,11.19927402663155,0.02584694718085334,0.025518561333319784,24888730.0,-0.02540907536755732
2025-03-17,383.7620517263702,389.72637004614455,382.6406320765131,385.7468566894531,22474300,42.57321090258445,-8.022399782026184,-8.082229826342402,414.3021300516834,370.3389649190197,392.32054748535154,391.2798887221554,403.482667513212,385.02637634277346,392.32054748535154,408.1349188232422,386.5064195729028,394.528819354929,-8.022399782026184,-0.9757220321886114,40.894920136474624,29.01145439403072,10.6343049774055,10.99079128316593,0.00036025195794020526,0.0003601870827840724,24874520.0,0.12637324084840218
2025-03-18,384.1292790671939,384.4269877309022,378.2046343736099,380.6062316894531,19486900,39.33730300769436,-7.898818204829354,-8.045547502039794,412.6909845043028,369.43930724374405,391.0651458740234,390.2633499571362,402.5855523828685,384.5212463378906,391.0651458740234,407.45567138671873,385.5986983600644,393.4975165648938,-7.898818204829354,-3.393028331485632,22.9275936905113,34.7439665778064,10.510251625369458,10.812919315139686,-0.013326420969746122,-0.013416014582775049,24777710.0,-0.1329251634088715
2025-03-19,382.60095534567967,386.719419886704,381.0825806498319,384.8735656738281,19185500,43.19702663739422,-7.37156590251891,-7.910751182135617,409.4343463265276,370.10379454261306,389.7690704345703,389.7500371682497,401.89096466878846,383.2112762451172,389.7690704345703,406.76728515625,385.48713948525887,392.8587053877778,-7.37156590251891,-0.17245659178851108,43.22512417632856,35.68254600110487,9.984987983685382,9.832637945978622,0.011211939345903366,0.011149551447065257,24531275.0,-0.015466800773853207
2025-03-20,382.8093521082507,388.8134057411041,380.36805030146087,383.9010009765625,18470500,42.53281697126357,-6.95205355145913,-7.719011656000321,404.80115323962514,371.8302371412342,388.31569519042966,389.19298610237473,401.1854758965443,382.2139099121094,388.31569519042966,405.9703100585937,385.2431181762286,392.19517172768775,-6.95205355145913,-0.45546388107643243,39.34235984476153,35.16502590386717,9.804229819849926,8.242729024597747,-0.002526971930542632,-0.0025301701130592416,24279365.0,-0.03726772823225877
2025-03-21,380.30848991510493,388.76374837124365,379.8916675364793,388.28741455078125,39675900,46.52643252570097,-6.194236768480721,-7.414056678496401,401.9460966108907,373.00317401899207,387.4746353149414,389.10674119269913,400.6796695692595,382.0104675292969,387.4746353149414,405.36961242675784,385.71147146462135,391.9057082331021,-6.194236768480721,-2.433794644924831,56.85421300719073,46.47389900942698,9.540534182293682,7.235730647974671,0.011425897726394796,0.011361115155968457,24886920.0,1.1480685417287027
2025-03-24,392.3959786933822,392.3959786933822,386.84845184017416,390.0935974121094,21004500,48.125036805027065,-5.385833114605646,-7.00841196571825,400.0290519096008,373.8365151070007,386.93278350830076,389.20072749930966,400.26452948466533,383.2926513671875,386.93278350830076,404.76165893554685,386.3856446873118,391.77147780191746,-5.385833114605646,-0.9599670243292422,64.06502624148722,53.42053303114653,9.115928390049309,6.548134200650025,0.004651664704141245,0.00464087914614763,24614960.0,-0.4705980204607835
2025-03-25,390.9272368910712,393.34867131877104,389.65696280253144,392.1578063964844,15775000,49.965994115826334,-4.526425169202241,-6.512014606415049,399.5990012668494,373.9946510769006,386.796826171875,389.48235406094534,399.9466187753249,384.7524780273437,386.796826171875,404.3061145019531,387.27366956564606,391.8000947348483,-4.526425169202241,0.4703728659414267,72.30595565211178,64.40839830026327,8.453848944027202,6.40108754748722,0.005291573607126621,0.005277622425667818,23934340.0,-0.24897045871122858
2025-03-26,391.99901639757354,392.30665877239477,385.61787512073846,387.0072326660156,16108400,45.61599017258045,-4.212388641539462,-6.052089413439932,398.2414711558265,374.3835990346032,386.31253509521486,389.2466282138092,399.4391918690775,385.4173919677734,386.31253509521486,403.78242065429686,387.23267927339526,391.4450679149347,-4.212388641539462,2.5804936096358317,67.14662614996593,67.83920268118834,8.260329676253251,5.964468030305812,-0.013133931408371269,-0.013220944205326898,23758810.0,0.021134706814579962
2025-03-27,387.16604684664975,389.26000188021396,384.4567767361847,387.61260986328125,13766800,46.20875421879632,-3.8700519999530343,-5.615681930742552,398.06535206531936,374.36620311046187,386.2157775878906,389.0910074185208,398.97540433943846,386.5894256591797,386.2157775878906,403.3009429931641,387.29113013337775,391.1611821333308,-3.8700519999530343,2.6626449629162803,70.28293077595353,69.91183752601044,7.798861278176681,5.924787238714379,0.0015642529290611495,0.0015630307598033378,23390780.0,-0.14536515110128878
2025-03-28,385.1315521729189,386.1735929782764,374.06627026028934,375.92205810546875,21632000,37.669913937741136,-4.490316002182908,-5.390608745030623,397.4218014082393,373.20457188277635,385.3131866455078,387.83682176965874,398.0713515459495,385.62083740234374,385.3131866455078,402.37489440917966,385.54204212908405,390.03235813126696,-4.490316002182908,-1.1662786292278604,9.717168266258149,49.04890839739257,7.625903729750543,6.05430738136574,-0.030160401030131623,-0.030624583045226406,22830095.0,0.5713165005665806
2025-03-31,369.7096411618319,374.20522334023684,364.449889664545,372.5379943847656,35184700,35.61811961199096,-5.195059936040934,-5.351498983232686,398.0492705939075,371.27705692074096,384.66316375732424,386.3797905901451,397.0700434219815,384.299951171875,384.66316375732424,401.4154333496094,383.5414193991889,388.73647933522983,-5.195059936040934,-0.8923510286965308,27.98770140898945,35.99593348373375,7.800991832072372,6.6930534182916315,-0.009002035522357343,-0.009042798662691783,23438945.0,0.6265116494082841
2025-04-01,371.80362246362756,379.9413357760227,370.3944277527412,379.2863464355469,19689500,42.360361467545125,-5.149676701411067,-5.311134526868363,397.9327890954927,370.7564198888823,384.3446044921875,385.70422448018337,396.37264354016054,384.1679626464844,384.3446044921875,400.50279113769534,382.8867927893978,388.0364694908089,-5.149676701411067,-1.639383833028599,51.339384990412704,29.681418221886805,8.038460066645936,6.794092301652587,0.018114533691861334,0.017952420337894296,22956275.0,-0.4403959675654475
2025-04-02,375.0983928958324,382.1543604865691,373.7586433966847,379.2367248535156,16092600,42.32526221351011,-5.059392678527956,-5.260786157200282,395.5458533603709,371.26970144919943,383.4077774047852,385.08827213478645,395.7006467289196,383.6042785644531,383.4077774047852,399.59965454101564,382.32524387618514,387.3846365547131,-5.059392678527956,-1.6876694451404188,51.16767677577247,43.49825439172491,8.080282530265245,6.069037977792883,-0.00013082881178716477,-0.00013083737062266458,22589250.0,-0.18268112445719797
2025-04-03,371.94258902020607,374.6121545094563,366.5439163069489,370.27532958984375,30198000,36.451185697931415,-5.64586957418561,-5.337802840597348,394.6662083638941,369.78941297399655,382.2278106689453,383.6775157019348,394.7035754685637,382.24171142578126,382.2278106689453,398.1666827392578,380.4714109090557,386.1172804832413,-5.64586957418561,-2.7143281532076005,20.158081385575787,40.88838105058702,8.17455504470818,6.219198847474394,-0.02363008294392721,-0.023913750999347415,22933920.0,0.8765146713396219
2025-04-04,361.36358655898334,371.74410993496775,356.7489202327306,357.1061706542969,49209900,29.88689470873034,-7.091550822631234,-5.688552437004126,396.75870633560135,364.3753482298283,380.56702728271483,381.14691141168356,393.2291674366317,379.1235870361328,380.56702728271483,396.46022644042966,376.87675856216975,383.968309384801,-7.091550822631234,-7.214679701609724,0.9761006863856428,24.100619615911338,8.739515882751444,8.09583952644325,-0.03556585568402415,-0.036213728577697724,24292710.0,0.6295748062785615
2025-04-07,348.2142236601539,368.1813588125757,342.17049555544185,355.14117431640625,50425000,29.04635883666778,-8.300143522041424,-6.210870654011586,399.2298885406514,359.69110755309856,379.460498046875,378.6701745454667,391.73552064760327,375.6283447265625,379.460498046875,394.7669616699219,373.53282252436,381.8329660464014,-8.300143522041424,-7.491469568195281,25.344160020370072,15.492780697443871,10.058704521415061,9.884695246888212,-0.0055025549804706975,-0.0055177498019892135,25171955.0,0.024692185921938448
2025-04-08,365.46216834014683,370.8112022714622,347.5889889390993,351.8662414550781,35868900,27.650615382957454,-9.413706309411282,-6.851437785091526,401.4872664121631,354.8643998476025,378.1758331298828,376.11741901304873,390.1720195027984,371.59918823242185,378.1758331298828,393.1963775634766,370.1995023598551,379.6132086692664,-9.413706309411282,-9.379951997115237,18.945079137782773,15.0884466148462,11.280777745351637,11.655716641140158,-0.009221495839314864,-0.009264277039620341,25446390.0,-0.2886683192860684
2025-04-09,350.85399906862426,390.24245792204835,350.41733953240174,387.52325439453125,50199700,53.72398247239479,-7.334443001674458,-6.948038828408113,402.20420970740753,354.8639726656393,378.5340911865234,377.2036890493804,390.0681463612977,371.6507904052734,378.5340911865234,392.08855529785154,372.8646949805745,380.19913798224894,-7.334443001674458,-0.6589041795686585,88.6173806757413,44.30220661129809,13.522189384637594,11.835059260442039,0.10133683979457686,0.0965247508184018,26743695.0,0.39953274284965534
2025-04-10,379.1572950457799,380.983312003396,365.00562576710445,378.45269775390625,38024400,48.896570717104616,-6.34538432447556,-6.827507927621603,402.29974325825066,355.02448159526494,378.6621124267578,377.3226422593352,389.61263857277254,370.73479919433595,378.6621124267578,390.89578918457033,373.7243877149332,380.06977203940875,-6.34538432447556,-3.494794294295346,70.89389501933316,59.48545161095245,14.496871369827769,11.818815415746416,-0.023406483450385207,-0.023684766174878684,27621265.0,-0.2425373059998367
2025-04-11,377.74814777589194,387.08662977771354,376.01144319106686,385.4988098144531,23839200,52.469457126816565,-4.936085717002811,-6.4492234854978445,402.28758505657635,355.0257267110018,378.6566558837891,378.1013248836322,389.4513119547992,371.6924743652344,378.6566558837891,390.38550537109376,375.5358372687055,380.4719229857083,-4.936085717002811,-0.38976606229585836,84.66170122862684,81.39099230790048,14.89170420793053,11.81546458639362,0.01861821068356795,0.018447013458533324,27815585.0,-0.37305519613721716
2025-04-14,390.23254912743425,391.651677567929,381.29099206627785,384.8636474609375,19251200,52.11573848580895,-3.826350919212018,-5.924648972240679,402.19087828955395,355.0341125551726,378.6124954223633,378.7453556052803,389.27140354327526,372.92503967285154,378.6124954223633,389.86113220214844,376.97088499058736,380.7972359097994,-3.826350919212018,-0.7092035533398576,85.15440585421482,80.23666736739165,15.3680597068885,11.789191433595347,-0.0016476376511287416,-0.0016489964988410032,27654430.0,-0.19245612268868084
2025-04-15,385.5583162962043,388.9126416904877,381.24135923720473,382.7994384765625,17199900,50.914453466266494,-3.077961684149898,-5.355311514622523,402.3599072735296,355.0844042499079,378.72215576171874,379.1314587358786,389.0176009916395,373.27634887695314,378.72215576171874,389.37748046875,377.8675855268912,380.9455472110411,-3.077961684149898,1.8294697591712565,82.10988757477023,83.97533155253733,15.438238192718975,11.818875755905413,-0.005363481321224328,-0.005377916425242271,27540080.0,-0.10655439660904253
2025-04-16,377.7779079921512,378.71073856569086,365.2041538267982,368.7867126464844,21967800,43.57204193696525,-3.5743646381769167,-4.9991221393334015,401.7680674508696,354.06755876983357,377.9178131103516,378.14624482260297,388.22423282124123,372.23134765625,377.9178131103516,388.58485229492186,376.4705281606748,380.0448927988517,-3.5743646381769167,-1.0069527926879966,53.79058463948092,73.68495935615535,16.351956728842907,11.925127170259,-0.03660592054639622,-0.03729273027552107,27679195.0,0.2772051000296514
2025-04-17,370.9104537724408,371.4761304955969,364.10258680355696,364.9858093261719,21120200,41.810737824309754,-4.225756794226754,-4.844449070312073,401.3182991633267,352.6258078923374,376.97205352783203,376.89287001341904,387.3129220959444,371.7023956298828,376.97205352783203,387.69798278808594,374.703648339982,378.92940513420876,-4.225756794226754,-3.770380147814029,46.109071858817565,60.66984802435627,15.911042735203482,12.17312281774733,-0.01030650831489155,-0.010359988149301806,27811680.0,-0.03858374529993902
2025-04-21,360.0635031391147,361.71089501866106,352.9678309109542,356.3916015625,20807300,38.06406860440753,-5.373527828755584,-4.950264822000776,400.7592454117935,349.9952803450425,375.377262878418,374.94036825618866,386.10032129071124,371.6309387207031,375.377262878418,386.58911376953125,371.88641037421553,377.2599382029711,-5.373527828755584,-6.023974418574522,28.740433087207343,42.88002986183531,15.950029161938764,12.690991266687732,-0.023546690156360572,-0.023828343588713812,26868250.0,-0.014815200613630508
2025-04-22,360.6192443688487,364.9758758256959,357.12596800122816,364.0331115722656,19485000,42.958543948217645,-5.601962708832332,-5.080604399367087,398.94580657682786,349.2026705960237,374.0742385864258,373.90158190533884,385.2349405174389,372.52013244628904,374.0742385864258,385.7533117675781,370.67821055853096,376.2801732673633,-5.601962708832332,-1.6858314661397151,44.18369797897407,39.67773430833302,15.881269607646933,12.435783995201033,0.021441330200441255,0.02121469867791688,26792275.0,-0.0635498118448814
2025-04-23,373.20291916052497,377.50003937654276,370.18600677791767,371.5456237792969,20545500,47.362560243654556,-5.117807151535828,-5.088044949800835,396.4236079005625,349.66365101057033,373.0436294555664,373.6772049409539,384.6981045669235,374.4880706787109,373.0436294555664,385.0188336181641,370.8116587463411,375.9294658978769,-5.117807151535828,4.043462228206181,59.366262140710084,44.09679773563054,16.243498944389273,11.689989222498056,0.02063689254690204,0.020426836894573197,27030800.0,0.054426481909160884
2025-04-24,372.8456379358323,385.49877003384853,372.33950296048084,384.35748291015625,22232300,53.89951469923968,-3.658131759721698,-4.802062311785008,395.9859909738595,349.83629296168743,372.91114196777346,374.69437427135415,384.68474685489343,374.17149353027344,372.91114196777346,384.5560430908203,372.89563169462036,376.55376345434206,-3.658131759721698,8.22667454709723,85.25864912456618,62.93620308141681,16.3335230663882,11.537424503043004,0.034482600011646936,0.033901398353594965,27336995.0,0.08210070331702801
2025-04-25,384.05979677325973,389.1805976978566,381.67803664886475,388.8729553222656,18973200,55.97470851073896,-2.1126147018105144,-4.264172789790109,396.22427762345296,349.72404085799235,372.97415924072266,376.0447153238219,384.84899032420213,375.21351928710936,372.97415924072266,384.2311016845703,375.35368148348886,377.46629618529937,-2.1126147018105144,10.517267503171954,94.38428482779138,79.66973203102258,15.798335305442107,11.625059191365152,0.011748105898499839,0.011679632667810582,27597315.0,-0.14659302006540031
2025-04-28,388.9820812843996,389.75615403464093,383.70252292195136,388.18817138671875,16579400,55.56620204591574,-0.9322907715041993,-3.597796386132927,397.7925152867219,349.3824145228485,373.5874649047852,377.2012349488597,384.97993860116355,375.4824554443359,373.5874649047852,383.86275268554687,377.3282183916781,378.2605091631823,-0.9322907715041993,0.17158118503788125,92.13959408971667,90.59417601402477,14.372818723696087,12.102525190968352,-0.0017609451266143994,-0.001762497413079066,27344685.0,-0.12616743617312842
2025-04-29,388.3270916828822,392.0982394081848,387.41409832984397,391.0462951660156,14974000,56.977487972876936,0.23108731892477863,-2.8320196451213864,399.93368663024887,349.0920732574465,374.5128799438477,378.5198121123983,385.2178349370401,376.10072021484376,374.5128799438477,383.5933612060547,379.4386917415762,379.2076044226514,0.23108731892477863,3.327654284630975,97.47619594273601,94.66669162008138,13.048670705551652,12.7104033432006,0.0073627276407903786,0.007335755075155966,26334150.0,-0.0968310071534555
2025-04-30,387.3347411416079,393.6464377272527,381.5192761653572,392.257080078125,36461100,57.59198553590393,1.2365192366778501,-2.018311868761539,401.73085442795076,348.5919788240024,375.1614166259766,379.8281233472294,385.4938837661023,377.046484375,375.1614166259766,383.3242175292969,381.4107514856606,380.1742322489828,1.2365192366778501,1.7531235094927378,96.58454957564811,95.4001132027003,11.070245217855144,13.284718900987098,0.00309626999942636,0.0030914864270824897,27172730.0,1.434960598370509
2025-05-01,427.8346397458207,433.669971462135,421.67182852064957,422.16802978515625,58938100,69.26933435073516,4.3962180749463755,-0.735405880019956,411.19339269282716,343.42257105229,377.30798187255857,383.8604953889367,386.93208557077105,382.3846160888672,377.30798187255857,383.5516766357422,387.6811019932753,383.28488391832894,4.3962180749463755,9.692882809360432,85.74766220769042,93.2694692420249,12.41990684332537,16.942705410134284,0.0762534348674444,0.07348596826917697,29315005.0,0.6164652190965165
2025-05-02,428.4598480759583,436.10135948336034,426.72314369115975,431.97296142578125,30757400,71.99190372791416,7.603826035520626,0.9324405030881605,421.9482088508177,338.8375180778932,380.39286346435546,388.44263501149334,388.6983944278303,389.0833312988281,380.39286346435546,383.9317657470703,394.4952342136608,386.8914081781402,7.603826035520626,12.845766740127932,95.03401560300256,92.4554091287804,12.624059922722328,20.777672693231132,0.023225187481900944,0.02295958736135993,29342975.0,-0.4781406255037064
2025-05-05,429.58128511716615,436.1609188409604,428.827049490993,432.8562316894531,20136100,72.23057905945097,10.100716213294561,2.7660956451294405,430.35110987172067,338.0096231605059,384.1803665161133,392.67250136177523,390.430074320443,396.72979431152345,384.1803665161133,384.4867181396484,400.3969261330135,390.29620991971893,10.100716213294561,17.37305516871624,96.02769023997806,92.26978935022372,12.40785876903063,23.085371677803682,0.0020447350703538536,0.0020426474448761974,27889285.0,-0.3453250274730634
2025-05-06,428.91639204817295,434.4043769104007,427.8942186382879,430.0179443359375,15104200,70.16153165463182,11.715445239323685,4.5559655639682894,436.2721449326937,339.57626510148594,387.92420501708983,396.2292102164574,391.98253981124674,403.3282775878906,387.92420501708983,385.06846435546873,404.9540058565403,393.2385606172166,11.715445239323685,17.81771601746008,92.61600373556126,94.55923652618065,12.324921327518476,24.173969957801933,-0.006557113299345829,-0.006578705607320225,26123245.0,-0.24989446814427818
2025-05-07,430.54391525930873,434.79139692835327,427.83464541633373,430.0576477050781,23295300,70.17440211808321,12.850204200966573,6.214813291367946,440.54904064016455,343.11851001901516,391.83377532958986,399.4509661677546,393.4756812972793,409.1794799804687,391.83377532958986,385.77207824707034,408.8161046024692,395.9659004015026,12.850204200966573,20.669972530107277,92.66372809599615,93.76914069051186,11.565026103393848,24.357632655287354,9.232956359972455e-05,9.232530148791122e-05,25494565.0,0.5423061135313356
2025-05-08,434.6028672327044,440.2992788018954,432.35012421343623,434.841064453125,23491300,71.7551150658683,13.974402396388882,7.766731112372134,446.49777623899035,341.90155542604873,394.19966583251954,402.82145171874225,395.0978531857439,414.22783813476565,394.19966583251954,386.53503845214846,412.81994457949315,398.84554218310427,13.974402396388882,19.450964934216707,93.75000131042533,93.00991104732763,11.76988948944937,26.14905520323541,0.011122733832481968,0.011061331119675968,24159145.0,0.008413714354397639
2025-05-09,436.65712990925,437.3914981181206,432.5684361749063,435.39678955078125,15324200,71.9411694436492,14.74026335618936,9.161437561135578,451.8744339703213,342.2193068744052,397.04687042236327,405.92386484560313,396.6782036314316,418.8802215576172,397.04687042236327,387.45201904296874,416.2933053443067,401.55304198811734,14.74026335618936,17.185282690723557,94.10569423782655,93.50647454808272,11.255966884306272,27.41378177397903,0.0012779959003070829,0.0012771799586525556,23024135.0,-0.3476648801896872
2025-05-12,442.5519572732001,445.95589045656413,436.4387544599253,445.84674072265625,22821900,75.24355179028998,16.0059310010123,10.530336249110924,458.7243389097896,341.4041950257573,400.06426696777345,409.7260435005606,398.6063815565777,424.6460784912109,400.06426696777345,388.4894763183594,420.83998771020663,404.83405670919433,16.0059310010123,15.997934357082139,99.85594575495087,95.90388043440096,11.397025930205343,29.330035971008083,0.02400098352276947,0.023717487088309352,22973270.0,0.48927187063598754
2025-05-13,444.37800844651383,447.24606632617565,441.9763809723924,445.7276916503906,23618800,75.13506000327051,16.8056503864791,11.78539907658456,464.6894848666383,341.52545348785395,403.1074691772461,413.1547718957825,400.45427607006053,430.1142181396484,403.1074691772461,389.6932611083984,424.66886523946573,407.86321485298663,16.8056503864791,14.620388368486184,97.97297512052141,97.31153837109964,10.811508612312922,30.791007844696093,-0.00026701792654726386,-0.00026705358218108286,23191650.0,0.034918214522016155
2025-05-14,444.7352595327789,450.45147719255016,444.7352595327789,449.498779296875,19902800,76.30076126134003,17.5415212798095,12.936623517229549,470.56556540305013,342.3193070334733,406.4424362182617,416.61610593398177,402.3775899220925,435.83838806152346,406.4424362182617,390.9700860595703,428.48885201752864,410.94733073771914,17.5415212798095,15.794043309237704,98.61792038919614,98.81561375488951,10.223156569828607,32.0615645923942,0.008460519095237817,0.008424929500295544,23326795.0,-0.1573322946127661
2025-05-15,448.16655392379437,453.55526390744575,447.82852124457236,450.512939453125,21992300,76.61823062647208,17.999056592976615,13.949110132378964,474.9635068743715,346.093988242816,410.52874755859375,419.8443757929478,404.2652506880154,438.6728790283203,410.52874755859375,392.02087951660155,431.87717316146654,413.87811656848993,17.999056592976615,15.20705988580285,95.77666031982066,97.45585194317944,10.096312399391573,32.21737965788888,0.0022562022478378463,0.0022536608454402883,23328020.0,0.10498522820909617
2025-05-16,449.43915228561843,451.73580834700897,446.1383501578063,451.6463317871094,23849800,76.98921639163368,18.242820040556694,14.807852114014512,478.0444256822237,351.67912168105755,414.8617736816406,422.87313350667745,406.1233322997446,440.6402160644531,414.8617736816406,393.17631286621094,434.9185821807962,416.6757621402395,18.242820040556694,15.140389995549844,97.3500299223064,97.24820354377444,10.063728619142507,31.59132600029153,0.002515781978116305,0.0025126226962358315,23464500.0,0.08446137966470091
2025-05-19,448.27591363294266,456.9355998797858,448.1963586877965,456.2197570800781,21336500,78.47344375306504,18.590739060857118,15.564429503383034,479.24601182780407,360.46035108723504,419.85318145751955,426.0490024184299,408.0878979774048,442.9765686035156,419.85318145751955,394.49427124023435,438.195686011455,419.6049469505979,18.590739060857118,8.065918045061583,99.05081186081374,97.3925007009803,10.353378627260257,29.69641518514226,0.010126120752209422,0.010075195089195408,23490960.0,-0.10538033861919183
2025-05-20,452.9587181303489,455.69283539558984,451.69606398891386,455.5238342285156,15441800,77.65265849930682,18.595949700445203,16.170733542795467,479.66624737873394,369.1891878019301,424.427717590332,428.8561292574857,409.948130771566,445.52715759277345,424.427717590332,396.05931274414064,440.8615549679259,422.2656052674807,18.595949700445203,5.451932159133699,95.99655511348361,97.46579896553463,9.810273736493741,27.619264894200963,-0.001525411472787952,-0.0015265760973737531,23288800.0,-0.2762730532186628
2025-05-21,451.94462570262056,455.1360777634671,449.20055644956204,449.9561767578125,19216900,71.23337643790467,17.943968839776403,16.525380602191653,478.6974002801615,377.99909019835417,428.34824523925784,430.86565759085016,411.5170737514188,447.5170104980469,428.34824523925784,397.50724548339844,442.2607275509854,424.316758711209,17.943968839776403,3.9504906748408555,76.89885562961673,90.6487408679714,7.303872764703998,25.17457752045184,-0.012222538212808609,-0.012297847710938498,23222370.0,0.24447279462238858
2025-05-22,452.32244757902833,457.5918252828005,451.27849365115543,452.2329406738281,18025600,72.24383782076987,17.4102901434955,16.702362510452424,478.6380180257759,384.84601822910685,431.7420181274414,432.9006369320862,413.1137744150427,449.2561981201172,431.7420181274414,398.94474243164063,443.7949141852689,426.3846240417734,17.4102901434955,5.166062633083024,81.99128871411871,84.96223315240638,6.8540383951885655,23.447999949167272,0.005059968133832582,0.0050472095157763144,23012035.0,-0.061992308853144884
2025-05-23,447.3811293692874,451.06969358680703,446.3173019248347,447.5799560546875,16883500,67.0595426750811,16.42257968370302,16.646405945102543,477.44263559096834,391.91210073715666,434.6773681640625,434.29866732471487,414.46538938130334,450.4745147705078,434.6773681640625,400.37849609375,444.3772283190256,427.9546486353226,16.42257968370302,4.074409196793472,66.35477799630016,75.08164078001191,6.75273620940471,21.382633713452915,-0.010288911312403837,-0.010342208052536684,22907550.0,-0.06335988815906268
2025-05-27,453.8435898996704,458.2877744248074,453.48565331857327,458.0292663574219,20974300,71.93097744296998,16.29514376717549,16.576153509517134,476.08151033612955,400.2573354890658,438.16942291259767,436.5587243754489,416.1737767137002,451.69276733398436,438.16942291259767,401.82692260742186,446.4775418633943,430.18239809621883,16.29514376717549,5.332569483394896,99.15112805875016,82.49906492305638,7.052569073548077,18.95604371176595,0.02334624274697772,0.023077887913620077,23127295.0,0.24229573251991599
2025-05-28,458.55619745791415,459.84867709346275,454.2909661144885,454.7184753417969,17086300,68.47562692756352,15.745492483553562,16.41002130432442,472.7348064246069,409.97125741816654,441.35303192138673,438.28822446748205,417.6853335226452,452.591845703125,441.35303192138673,403.20635498046875,447.74537778314857,431.999885299595,15.745492483553562,4.437718939303776,81.34373916311726,82.28321507272257,6.952637606901983,15.690887251610102,-0.007228339450783938,-0.007254590473756205,23232910.0,-0.1853697143647225
2025-05-29,458.884303233251,459.05333474747385,452.68035209769624,456.0308837890625,13974800,69.1091006901308,15.24011175304986,16.17603939406951,466.44844714107757,422.63499707278964,444.5417221069336,439.9780015457278,419.1890805919165,453.24505615234375,444.5417221069336,404.71484802246096,449.02007101482764,433.7799592617778,15.24011175304986,2.284225079205279,86.00528010072179,88.8333824408631,6.676305574970578,10.953362517071984,0.002886199964228675,0.0028820428859637954,22108595.0,-0.18210496128477205
2025-05-30,457.0648535034259,459.0135248792732,452.90900269221845,457.7011413574219,34770500,69.93706694686091,14.803721622033663,15.90157583966234,466.26042511344076,426.37633025765297,446.31837768554686,441.665919623032,420.6993574846814,453.96387634277346,446.31837768554686,406.1713995361328,450.3556202983036,435.55189867626996,14.803721622033663,2.68627009973226,90.82638687167515,86.0584687118381,6.76783844953061,9.971023713946943,0.0036625974856825394,0.003655906508106462,20900215.0,1.4880856971119445
2025-06-02,454.49978904014216,459.44105553120437,454.2512329224997,459.3018798828125,16626500,70.74631977897566,14.420811383268358,15.605422948383545,467.22933063920357,428.14031657759335,447.68482360839846,443.34553488586823,422.2131818924513,454.72943115234375,447.68482360839846,407.67941711425783,451.7319679266896,437.31115654342125,14.420811383268358,2.180895930634545,96.9405318323614,91.25739960158614,6.384318571167881,9.77225351540254,0.0034973444039121393,0.0034912429168350886,20193670.0,-0.5218216591650968
2025-06-03,458.8047449110186,461.4593374660713,458.19825223653834,460.29608154296875,15743800,71.26371483325977,14.035780287230864,15.291494416153009,468.0634700994209,430.05016210272754,449.0568161010742,444.95987266273494,423.7066289375697,455.13706359863284,449.0568161010742,409.11959045410157,453.04952386765564,439.0137435804248,14.035780287230864,2.1715562935260966,93.0444241665074,93.60378095684803,6.240847133721433,9.50332699917334,0.0021645930567710803,0.002162253700448431,19974055.0,-0.053089946771719854
2025-06-04,461.3201414833542,463.00038321907994,460.3457906064832,461.1908874511719,14162700,71.74803161445934,13.645546363784831,14.962304805679375,468.100016965318,433.1309095483539,450.61546325683594,446.505683594967,425.17659985967174,455.7037689208984,450.61546325683594,410.5415362548828,454.30204134204274,440.6564949782579,13.645546363784831,2.1132808997464587,89.26881615441818,93.08459071776235,6.0257102777457145,8.74227685424104,0.0019439789824053921,0.0019420919004993064,19926980.0,-0.1004268346904813
2025-06-05,462.2745901279283,466.93750520910584,461.3499686746429,464.9788818359375,20131700,73.76390501335045,13.486478923245329,14.667139629192567,468.08833794185637,436.6347119849014,452.3615249633789,448.2650358083928,426.7374736626625,457.20603942871094,452.3615249633789,411.9979577636719,455.9446321872573,442.45815326401197,13.486478923245329,1.9199354302233618,90.58315893920911,90.96546642004493,6.027129927392898,7.863406489238739,0.008213506571433937,0.008179959295001706,19768800.0,0.4214591850424001
2025-06-06,467.37499647452495,470.6062261334739,466.07256479314685,467.663330078125,15285600,75.11883142281705,13.422305387461677,14.418172780846389,468.8573289298206,439.14794755943717,454.0026382446289,450.1124924055101,428.342409208367,458.74907836914065,454.0026382446289,413.61107971191404,457.74750878585235,444.32520339839067,13.422305387461677,2.6649529481084278,87.88379415214213,89.2452564152565,6.029264649416738,7.427345342595867,0.0057732691678127335,0.005756667715160575,19358515.0,-0.24071985972371934
2025-06-09,466.98725027602023,470.69568816704816,465.9134708467471,470.0196228027344,16469900,76.27693194844962,13.40703260227275,14.215944745131662,469.4878061313203,441.9797536831328,455.73377990722656,452.0084095861982,429.9768097414794,460.9930450439453,455.73377990722656,415.2592199707031,459.6355263269111,446.2284937246383,13.40703260227275,4.458977803014128,97.22678376822533,91.89791228652557,5.746620087153291,6.87701311204689,0.005038438066580442,0.005025787612065977,19415800.0,0.07747814936934105
2025-06-10,468.4686555284736,470.06934244703956,464.26307487233004,468.2002258300781,15375900,73.43469872762033,13.09714296816901,13.992184389739133,470.8533163906976,442.84959193449765,456.85145416259763,453.55048732371057,431.47576723515,462.01014099121096,456.85145416259763,417.1047833251953,460.95317240432144,447.8560294361524,13.09714296816901,3.5307656121773676,89.76362786208995,91.62473526081918,5.838232550263667,7.000931114050001,-0.0038708957762383367,-0.0038784070832168422,19043500.0,-0.06642420415424499
2025-06-11,467.30536072753216,472.72389606625393,466.9474544926898,469.8903503417969,16399200,74.38938868891591,12.839921501151707,13.76173181202165,472.189292351306,443.92988184303,458.059587097168,455.1066647540045,432.98222147462633,463.52732849121094,458.059587097168,419.05183044433596,462.3281228562407,449.488201355089,12.839921501151707,4.984672344081329,89.26955248646554,92.08665470559366,5.799172821307276,7.064852627069012,0.0036098327563218735,0.0036033329475096496,18682520.0,0.06655220182233235
2025-06-12,472.2764779222473,477.6453141185156,470.7851412769109,476.104248046875,18950600,77.57961028234598,12.987766362427578,13.606938722102836,475.0524913577639,443.72722971157197,459.38986053466795,457.10643459142074,434.6732813402047,465.5346649169922,459.38986053466795,420.9881884765625,464.447526731723,451.4597603692954,12.987766362427578,3.9462503855263176,95.08086864205364,91.37134966353642,5.807695339288041,7.8313154115479975,0.013224144102040203,0.013137468413418245,18634910.0,0.15558076003707488
2025-06-13,473.6584649544854,476.4124557062983,470.0295518485209,472.2168273925781,16814500,71.572964362283,12.645482866931332,13.414647551068537,476.5501349182102,444.39997494507105,460.4750549316406,458.54551962010237,436.1455772638272,466.9862335205078,460.4750549316406,422.84779052734376,465.6428037564699,452.99732088953857,12.645482866931332,3.8481726605958366,78.25557787185721,87.5353330001255,5.841071418486897,8.03753999328479,-0.008165061896095782,-0.008198578582541157,18376020.0,-0.11271938619357702
2025-06-16,472.4653860858625,477.91374692205306,472.25660744971805,476.3727111816406,15626100,73.89954966083457,12.5647274634116,13.24466353353715,478.7046131992184,444.71813460351603,461.7113739013672,460.2433473878679,437.7231119272709,468.6933166503906,461.7113739013672,424.9697381591797,467.29355874495775,454.72883128154615,12.5647274634116,4.460624952319513,93.89287192175611,89.0764394785557,5.4831500727265405,8.49661964892559,0.008800795626047186,0.008762294353875523,17964835.0,-0.07067709417467072
2025-06-17,472.65428568792316,475.97499162724574,471.3419021646973,475.279052734375,15414100,72.22432183386142,12.271026374109567,13.049936101651635,480.4787006002058,444.8499767679583,462.66433868408205,461.6753193256305,439.1958939197064,470.1916137695313,462.66433868408205,427.33319580078125,468.52209628179116,456.2510699076816,12.271026374109567,3.8404779426202955,89.55870105462427,87.23571694941256,5.445514218295764,8.907180958061886,-0.0022958041499749893,-0.0022984435487914917,17668715.0,-0.013567044880040457
2025-06-18,475.2392860574369,478.2219594008936,471.71972301658775,477.4663391113281,17526500,73.51733342727024,12.075562310007513,12.855061343322811,482.40752075147145,445.1154071049739,463.76146392822267,463.1792259718874,440.69669569192683,471.81915893554685,463.76146392822267,429.7796990966797,469.89813364018147,457.82257133017396,12.075562310007513,3.9547974924792713,97.01488728376604,93.4888200867155,5.454746627904923,9.3230284116244,0.0046021097802841915,0.004591552451335456,17772950.0,0.13704335640744514
2025-06-20,479.44488246554124,480.667759158903,474.1158234691147,474.64276123046875,37576200,69.0487257990751,11.559565023591063,12.595962079376461,483.05303325682956,446.9385530468814,464.9957931518555,464.27099123460937,442.02791394834026,472.785546875,464.9957931518555,432.2352294921875,470.6280763463795,459.0685113227884,11.559565023591063,3.1168372408055647,77.19231561895718,87.92196798578254,5.486704735243036,9.028620052487046,-0.0059136689847386625,-0.005931223968961204,18690915.0,1.1439648532222635
2025-06-23,475.44806772339973,484.932977511559,469.7810065395394,483.1930847167969,24864000,74.16897968049194,11.705637797831344,12.417897223067438,485.28934361075966,447.79825709724815,466.5438003540039,466.0730953757701,443.6422343706327,474.33852233886716,466.5438003540039,434.1486260986328,472.56115455721294,460.8555167593816,11.705637797831344,4.770735472945454,93.49201169316758,89.23307153196363,6.198286761194099,9.372771628377873,0.018014229194525555,0.01785389562841106,19032835.0,-0.3383045651236687
2025-06-24,486.1260537385937,489.009298556199,483.9884469122188,487.2793273925781,22305600,76.19570364992698,12.01265277403246,12.336848333260445,487.22670462843075,449.8308332133661,468.5287689208984,468.09273652022796,445.35349292051296,476.0644927978516,468.5287689208984,436.3251586914063,474.8254888395768,462.81283606554433,12.01265277403246,4.7960125562238085,93.96455183833137,88.21629305015209,6.380795947613324,9.348967853766183,0.008456749082359494,0.008421191109100416,19303940.0,-0.10289575289575292
2025-06-25,489.1982276680394,491.7036624656625,486.56353883181055,489.4268798828125,17495100,77.20784852649754,12.287609973706935,12.327000661349745,490.2969391528176,449.9003600415184,470.098649597168,470.1245596976169,447.0818610366816,478.187158203125,470.098649597168,438.4037200927734,477.07185669238226,464.7842467186753,12.287609973706935,4.653678919202798,92.49915809744513,93.31857387631474,6.554783230309092,10.099144777824783,0.004407230862277567,0.004397547461238664,19129980.0,-0.21566333118140735
2025-06-26,490.13278082199906,495.1635541172166,489.9637493151316,494.57696533203125,21578900,79.46301847532088,12.773835565142235,12.416367642108243,493.71546439130196,450.46768380205737,472.09157409667966,472.4533602342278,448.94441414630313,480.65581970214845,472.09157409667966,440.5979864501953,479.76495032925135,466.9911147641091,12.773835565142235,5.22474835898575,98.10168385889213,94.85513126488958,6.55407297862839,10.811945147311151,0.010522686147626192,0.010467708027766509,19354610.0,0.23342535910054818
2025-06-27,494.6763704185467,496.4162632322767,490.1824867596744,493.07568359375,34539200,77.06911424989025,12.88945039908026,12.510984193502647,496.11461621422706,451.7730119596011,473.9438140869141,474.41739103037276,450.67505216385007,482.35296325683595,473.9438140869141,442.8035113525391,481.8127554468665,468.92330504778624,12.88945039908026,5.312995678199398,89.61042494097386,93.40375563243708,6.597389562561667,11.085401063656493,-0.003035486574416879,-0.0030401030082375146,20382830.0,0.6006005866842146
2025-06-30,494.1693427257206,497.86785899517616,492.4691970236715,494.5372009277344,28369000,77.77119063687405,12.949731775399925,12.598733709882104,498.3909476805749,453.1802864502844,475.7856170654297,476.33356340155,452.39513642910043,484.5850006103516,475.7856170654297,445.3185211181641,483.7703624439231,470.82063066852317,12.949731775399925,5.24523446119067,90.08873839133682,92.60028239706764,6.641421323361925,11.302665307572628,0.0029640831673793944,0.0029596989342190664,20062755.0,-0.17864339648862737
2025-07-01,493.60258452282886,495.1734457101395,488.1443023264632,489.2080993652344,19945400,69.42455679408363,12.424271968096036,12.563841361524892,499.2425450802043,455.3193109988972,477.28092803955076,477.5597096838057,453.838782034439,485.86853942871096,477.28092803955076,447.8029669189453,484.60693735489406,472.182665386798,12.424271968096036,2.7523071621636173,71.99338181605792,83.89751504945623,6.72876959543098,10.980808520326779,-0.010775936678783293,-0.010834417588273844,20228700.0,-0.2969297472593324
2025-07-02,487.1600396387865,490.6497772469701,485.87751191483574,488.2536926269531,16319600,68.01665593779339,11.794864778486726,12.410046044917259,499.62395052888223,457.7336666586177,478.67880859375,478.57818424981974,455.1883863714004,487.16600341796874,478.67880859375,450.44020874023437,485.1679766275185,473.3731118490318,11.794864778486726,3.396080847632041,65.7698690751887,75.95066309419451,6.657042721043139,10.47257096756613,-0.0019509217846548355,-0.001952827311318752,20257490.0,-0.1817862765349404
2025-07-03,490.9580057562307,497.2415119784696,490.59014753996934,495.9589538574219,13984800,72.81063915500731,11.781989787593943,12.284434793452597,501.0194868171,459.81493701102494,480.4172119140625,480.23349564101994,456.78723215516595,489.0152648925781,480.4172119140625,453.0787255859375,486.8281269705805,475.04613718298657,11.781989787593943,4.111537503312826,93.20356333708303,76.98893807610992,6.74510383352869,10.301137451518766,0.015781265655180343,0.015658036268665743,20248595.0,-0.14306723204000094
2025-07-07,494.50736527479916,495.8694479262707,492.36978876052433,494.84539794921875,13981600,71.15081581925236,11.548804183390018,12.137308671440083,502.1271817253252,461.6938937141279,481.91053771972656,481.6251053846579,458.2797092451288,491.0355285644531,481.91053771972656,455.54472106933594,488.0615532749864,476.5127490915964,11.548804183390018,4.116812029117352,89.23887590917708,82.73743610714963,6.545551064894413,10.108322002799323,-0.0022452582003857913,-0.002247782571864004,19941090.0,-0.00022881986156397804
2025-07-08,494.36815380384166,495.3226311177228,491.25622643335066,493.7517395019531,11846600,69.47566428585583,11.147255196458218,11.939297976443711,502.92114839808244,463.5087679837535,483.21495819091797,482.7800229196384,459.67076925520036,492.0913940429688,483.21495819091797,457.73260620117185,488.9369665406736,477.7897113442154,11.147255196458218,3.4107954962722147,85.34503109693597,89.26249011439874,6.4290857188156405,9.853095103582248,-0.002210101279708887,-0.002212547157965789,19769140.0,-0.15270069233850203
2025-07-09,497.41047691930333,503.8530622357068,496.85371365827956,500.6019592285156,18659500,73.65892709206551,11.252073316548376,11.801853044464645,504.8805208560065,464.6076291684075,484.744075012207,484.47735018715053,461.2759139600363,493.4236572265625,484.744075012207,459.96718627929687,490.7315808003416,479.4795074837932,11.252073316548376,5.469207605895007,90.45815422414664,88.34735374341994,6.791265270016376,10.068222921899741,0.013873813859313744,0.013778453499477553,19878620.0,0.575093275707798
2025-07-10,500.14458849842043,501.52657502305914,494.87521114411277,498.58367919921875,16492100,70.58940981006535,11.04496462406496,11.650475360384709,505.71732926921595,466.80916609211215,486.26324768066405,485.82081009306177,462.73896357725914,494.33933715820314,486.26324768066405,462.1750964355469,491.9395959386304,480.89463131456546,11.04496462406496,3.1851851711500423,84.53459021235176,86.77925851114485,6.801917233919271,9.727040794275961,-0.004031706213070474,-0.004039855451496449,19934430.0,-0.11615530962780352
2025-07-11,495.59103056526646,502.1131401056752,494.9248868769196,500.41302490234375,16459500,71.73897002517037,10.902762147592853,11.500932717826338,506.6140789302386,468.9646838871442,487.7893814086914,487.2105448368029,464.21637774687036,494.9229431152344,487.7893814086914,464.36243103027346,493.2432003945863,482.3404382469935,10.902762147592853,2.6953118614827716,89.90364020287164,88.29879487979004,6.847368486702651,9.4123487607736,0.003669084607950124,0.003662369936473059,19937445.0,-0.0019767039976715806
2025-07-14,498.6234399223271,501.05930198422453,498.1362796464767,500.1147766113281,12058800,71.25000281826009,10.643310062781893,11.32940818681745,507.73923274161575,470.2405829322124,488.9899078369141,488.43951929151956,465.6241580944961,495.62685241699216,488.9899078369141,466.5195849609375,494.30036596639275,483.65705590361085,10.643310062781893,2.183757608710563,81.18118290486858,85.20647110669736,5.973872155683243,9.374662452350819,-0.0005960042528345699,-0.0005961819339719182,19592855.0,-0.26736535131686867
2025-07-15,500.11477392946824,505.36427783294863,499.88612172349406,502.89862060546875,14927200,73.09346400986476,10.540817379767077,11.171690025407376,508.49970664754244,472.5482883475747,490.5239974975586,489.8165765595147,467.0859017223774,496.46299438476564,490.5239974975586,468.13419677734373,495.62317437240443,485.08235699263736,10.540817379767077,1.6825804387899073,87.34701675054218,86.1439466194275,5.949725174972705,8.987854574991927,0.005566410200881,0.005550974992262568,19498490.0,0.23786778120542684
2025-07-16,502.2623068754336,503.793421043838,498.99133023831314,502.69976806640625,15154400,72.73470007769176,10.324530689049425,11.002258158135787,509.3011868545989,474.37951382899485,491.84035034179686,491.04354717921865,468.4825239319472,497.8121612548828,491.84035034179686,469.5487329101563,496.7118810945585,486.3873504055091,10.324530689049425,1.951847311250828,86.32656759085033,84.95158908208707,5.925579972949342,8.730418256401004,-0.0003954127748910796,-0.0003954909711362287,19474905.0,0.015220537006270352
2025-07-17,502.75940886082554,510.40499725185873,502.6997578215743,508.7446594238281,17503100,76.50927982393007,10.519630390770942,10.905732604662818,510.70399273269294,476.32326861984615,493.51363067626954,492.729367392991,470.06143120613865,499.8612579345703,493.51363067626954,471.0665014648437,498.5630777606,488.04344736982904,10.519630390770942,2.8728796275469386,93.23070504286711,88.96809646141992,6.06619177265508,8.595181028211698,0.012024854080743053,0.011953129932020627,19579355.0,0.1549846909148498
2025-07-18,511.5085634207008,511.66767331118785,504.4992933518648,507.1041564941406,21209700,73.53405337786425,10.421738124044737,10.808933708539202,511.4555683300338,478.5354747607865,494.99552154541016,494.0983949264338,471.5140870997858,500.9757781982422,494.99552154541016,472.6082257080078,499.8770898734524,489.45535174940767,10.421738124044737,3.65816861007147,82.30520256576325,87.28749173316027,6.132949164563704,8.230023392311834,-0.003224609633338371,-0.0032298198906944658,19763515.0,0.21176820106152627
2025-07-21,503.7834776665751,509.1324405638626,502.6301736290422,507.1141357421875,14066800,73.54079381733389,10.227071722618632,10.692561311355089,510.88601090064884,482.3521696413433,496.6190902709961,495.3379892898389,472.9101674387035,502.20265197753906,496.6190902709961,474.14935546875,500.99048154556556,490.7634098229469,10.227071722618632,3.8628367588495776,82.34389657738075,85.95993472867042,6.2117780905148265,7.133460314826376,1.9678892233532252e-05,1.967869860667272e-05,18588045.0,-0.3367751547640938
2025-07-22,508.01886761548803,508.2475501614973,502.3517761230469,502.3517761230469,13868600,65.02907254556229,9.57810415390469,10.469669879865009,510.56359405170326,484.5904556309139,497.57702484130857,496.00596898823966,474.0647403282856,503.0626556396484,497.57702484130857,475.49956970214845,501.1999114805627,491.62180732665803,9.57810415390469,1.2889821256181628,63.878096592839995,76.1757319119947,6.130823137284409,6.493284605197355,-0.009391100116289741,-0.00943547453188553,18038275.0,-0.01408991383967928
2025-07-23,503.8232255681408,503.8630030405687,497.80817995491657,502.94830322265625,16396600,65.56667435803286,9.008087802842283,10.177353464460463,510.60039427964784,486.12055298597716,498.3604736328125,496.6671436772317,475.19742906924137,503.2972900390625,498.3604736328125,476.85059997558596,501.4688948255002,492.4608070226579,9.008087802842283,1.6374619844942002,58.63190877727236,68.28463398249774,6.222434405392822,6.119960323417679,0.001187468877313691,0.0011867643937927476,17742825.0,0.18228227795163177
2025-07-24,505.83158338819493,510.703277326071,504.37007217269974,507.9294128417969,16107000,69.74862834313002,8.856190998233728,9.913120971215116,511.47932331521207,487.0918772463114,499.28560028076174,497.7397407405236,476.48103627600824,504.2318634033203,499.28560028076174,478.0922534179688,502.4628206741612,493.6066296759275,8.856190998233728,2.871417395743204,81.68547045310152,68.065158607738,6.134374030528412,6.096861517225171,0.009903820307622047,0.009855098900553631,17673420.0,-0.017662198260614992
2025-07-25,509.51021364184703,515.2966076642933,507.41241445610984,510.74310302734375,19125700,71.8298766095739,8.860712194629855,9.702639215898065,513.090251692497,487.0975626385578,500.09390716552736,498.97815619641125,477.82464673684495,505.26487121582034,500.09390716552736,479.39256164550784,503.73671026695854,494.8759980723287,8.860712194629855,2.025789873946314,81.0589333288579,73.79210418641064,6.441161752763122,6.498172263484781,0.005539529931540388,0.00552424316396272,17550760.0,0.18741540944930768
2025-07-28,511.110930710653,512.0256002286585,507.17377997770546,509.5400390625,14308000,69.62422793877116,8.667306750797309,9.495572722877915,514.1257250736778,487.70852480425185,500.91712493896483,499.9840498027054,479.0683876123608,506.2073974609375,500.91712493896483,480.5933868408203,504.6295300816572,495.9622233308599,8.667306750797309,2.197496693208729,71.81109237017824,78.18516538404593,6.497262864661759,6.604300067356496,-0.0023555168101395685,-0.002358295404068372,16539200.0,-0.2518966626058131
2025-07-29,512.5525759685828,514.6304711522027,508.60547322287385,509.6096496582031,16469200,69.6822375129467,8.422558524650753,9.280969883232483,515.0652979428518,488.27619680812484,501.6707473754883,500.9007735984671,480.2660841631782,506.8785003662109,501.6707473754883,481.7753210449219,505.3957023242027,496.97314379955196,8.422558524650753,1.8378068311979106,72.15196325838775,75.00732965247467,6.206096807202848,6.697275283681747,0.0001366145746488634,0.00013660524372767702,15944210.0,0.15104836455129989
2025-07-30,512.1946027794743,512.9701269930791,506.49771598970693,510.2757568359375,26380400,70.26737649307239,8.187957398404706,9.062367386266928,515.2792945134305,490.1689659846164,502.72413024902346,501.79362914489286,481.4429340719139,507.63609924316404,502.72413024902346,482.9479095458984,506.14647994139267,497.95852254298796,8.187957398404706,2.031729654832042,75.35382071666858,73.10562544841156,6.19331445894755,6.277582132203532,0.001307092944925925,0.0013062394425995454,16265960.0,0.6018021518956598
2025-07-31,552.0232408256204,552.2420017670738,528.8280273057109,530.4187622070312,51617300,81.74267301070539,9.51769247270488,9.153432403554518,520.8419672446541,488.82280021140053,504.83238372802737,504.51983229366795,483.36355478309497,509.8035095214844,504.83238372802737,484.4318896484375,509.88067721302934,500.36298474032446,9.51769247270488,5.472304053733416,59.90867656628775,69.13815351378139,8.677456723403314,8.004791758313416,0.03947474498101644,0.038715532668236165,18030845.0,0.9566534245121379
2025-08-01,531.9100652869249,532.7054326872741,517.8517174087783,521.0829467773438,28977600,68.53934770636998,9.706306556780362,9.264007234199688,523.0792273723787,489.09793937566815,506.0885833740234,506.09727176830376,484.8427466260067,511.2013885498047,506.0885833740234,485.7430718994141,511.604103299847,501.89779674306664,9.706306556780362,3.6568902312501357,42.75791419302658,59.340137158661,9.529649076313879,8.495321999177635,-0.017600839364810383,-0.017757575991914736,18780485.0,-0.4386068236812076
2025-08-04,525.218957545317,535.141297909759,525.0797515616827,532.54638671875,25349000,74.07638488513709,10.657930389410012,9.542791865241753,527.8351392648588,488.11212636014125,507.9736328125,508.61623509691765,486.7134776100359,513.7446136474609,507.9736328125,487.39487609863284,514.8259930566013,504.1680626671913,10.657930389410012,4.678521308091607,63.817320936438456,55.494637231917636,10.142520149382502,9.930753226179386,0.021999261369619383,0.021760769050937805,19348855.0,-0.12522086025067636
2025-08-05,534.077432699505,534.196734767709,524.194840165689,524.701904296875,19171600,65.57166618505046,10.65627604354961,9.765488700903324,529.5393144566036,489.5029676478886,509.5211410522461,510.1482035921517,488.2032198330493,515.9796264648437,509.5211410522461,488.84425537109377,516.3453640166434,505.6890879730938,10.65627604354961,3.470243258189052,49.406276183885346,51.993837104450165,10.51393470627501,10.009086702178747,-0.01473013922826194,-0.01483970500642718,19715105.0,-0.2436940313227346
2025-08-06,527.8338028961505,528.6291703469228,521.0034855448089,521.908203125,21355700,62.80611047149095,10.310681507657023,9.874527262254064,530.8720157384662,490.3008907556744,510.5864532470703,511.2682035476611,489.524983883714,517.8756164550781,510.5864532470703,490.3308203125,517.2011854179291,506.89050391027206,10.310681507657023,2.9173052652457865,44.27398695841881,52.499194692914244,10.508252232834261,10.142781245697954,-0.005324358743501567,-0.005338583656342816,19849915.0,0.1139237205032444
2025-08-07,523.7573865594029,525.0399748350125,514.56081112672,517.8318481445312,16079100,58.90241421580502,9.597236599240432,9.81906912965134,531.2548521196519,491.84287126901995,511.5488616943359,511.8933125568868,490.6350569919814,518.8658599853516,511.5488616943359,491.52687194824216,517.298210452791,507.7009738535505,9.597236599240432,3.081520312509587,36.78534323515494,43.48853545915307,10.74473678633208,9.852995212657987,-0.007810482678871522,-0.00784114425754604,19829265.0,-0.24708157541078024
2025-08-08,519.5817267008259,521.629826851029,516.4101479520375,519.0249633789062,15531000,59.69210900556829,9.024076856650652,9.660070675051202,531.7236719723398,493.2352452639882,512.479458618164,512.5725173970792,491.74838665421373,519.6940460205078,512.479458618164,492.81300170898436,517.5638647491164,508.53978789246577,9.024076856650652,3.196483625302704,38.9772070335343,40.012179075702726,10.65312335520144,9.622106677087917,0.0023040592011676075,0.002301408926911543,19782840.0,-0.034087728790790583
2025-08-11,519.2834381856256,524.5429245664681,516.7183220142601,518.7565307617188,20194400,59.41549113647461,8.450768167419767,9.418210173524916,531.9261455431715,494.8969471081957,513.4115463256836,513.1614710508544,492.80752956039044,520.6156951904297,513.4115463256836,494.0675146484375,517.7473518279784,509.2965836605586,8.450768167419767,2.131618615930431,38.48407131707879,38.082207195256046,10.79089682046983,9.257299608743951,-0.0005171863323104597,-0.000517320119292145,20189620.0,0.3002639881527267
2025-08-12,520.7250669698358,527.9132904806338,519.6811434112465,526.183349609375,18667000,64.33934198678213,8.497742428178242,9.23411662445558,533.2347315055268,495.916834046231,514.5757827758789,514.4016499611897,494.11638524858597,522.2730651855469,514.5757827758789,495.4371588134766,519.045197640501,510.54745521232275,8.497742428178242,3.023094485370784,45.56590390548779,41.00906075203366,11.012463722845755,9.329474364823971,0.014316578986969253,0.01421506451612655,20376610.0,-0.07563482945767142
2025-08-13,529.0367402367135,529.6233593434064,516.3703308668756,517.5733642578125,19619200,55.87579220384509,7.750868816075922,8.93746706277965,533.1527686386107,497.4861565322876,515.3194625854492,514.7037179894395,495.0362667783596,523.0028259277344,515.3194625854492,496.60258850097654,518.818761735472,511.06789291939606,7.750868816075922,1.5765836989165702,24.21209136811033,36.08735553022567,11.405181892354042,8.916653026580772,-0.01636308970619149,-0.016498443628628182,20599850.0,0.05100980339636796
2025-08-14,519.5418962511537,522.9123315064297,517.1358902118243,519.4623413085938,20269100,57.205846382485774,7.228070066302223,8.595587663484165,533.4999032876417,498.2107900717333,515.8553466796875,515.1569202103113,495.99415205405506,521.9071838378907,515.8553466796875,497.7859136962891,518.9177739774907,511.6897039111885,7.228070066302223,1.9333801188809625,28.341518724293618,32.706504665963955,11.254628184241325,8.822278303977095,0.0036496797965830385,0.0036430358758228107,20738150.0,0.0331257135866907
2025-08-15,519.7507304052322,523.0614541020369,516.0820397908819,517.1657104492188,25213300,55.033790306551985,6.55289171725542,8.187048474238416,533.5195265082182,499.1973222466647,516.3584243774415,515.3482335663978,496.82440924602224,521.5154602050782,516.3584243774415,498.90541015625,518.648225742372,512.0953340251166,6.55289171725542,1.3502412217275863,23.320933485401735,25.291514525935266,11.406599188541463,8.58055106538837,-0.004421169114183443,-0.004430971384685024,20938330.0,0.24392794944028107
2025-08-18,518.5775217659684,519.8003983365775,511.0512359172718,514.1134033203125,23760600,52.19718185861996,5.705740114787318,7.690786802348197,533.3534441425389,500.06333137015633,516.7083877563476,515.2306306858183,497.5024090136415,519.6721618652343,516.7083877563476,499.8881005859375,517.9505607543629,512.2448206395756,5.705740114787318,-3.0740539453908866,16.648390506456693,22.770280905384055,11.601182366396946,8.322528193095653,-0.005901990536563151,-0.005919476116473005,21423020.0,-0.05761641673243878
2025-08-19,512.0256106523992,512.1846598699071,505.61285057663105,506.8258056640625,21481000,46.08904801607835,4.395647848368867,7.031759011552332,532.8699773532692,500.9942011135277,516.9320892333984,514.4301711599368,497.86803241169724,517.8845520019531,516.9320892333984,500.6713500976563,516.2390599712397,511.84341212287086,4.395647848368867,-2.7360598157078546,2.601280650547342,14.190201547468627,11.746049633561894,7.968944059935354,-0.014175078123200624,-0.014276504165331777,21803640.0,-0.09594033820694758
2025-08-20,506.925219770199,508.0486982628479,501.52658824278717,502.7991943359375,27723000,43.0887435646837,2.997918270459934,6.224990863333852,532.8901799464513,500.9590876316736,516.9246337890625,513.3224590814607,498.06141131068705,515.9736511230469,516.9246337890625,501.32694152832033,514.1713883350394,511.1734700645795,2.997918270459934,-5.585840618710774,3.785860731085621,7.678510629363256,9.214325711342209,7.982773078694434,-0.007944763828371282,-0.007976491622802652,22369960.0,0.290582375122201
2025-08-21,501.6041452591809,505.5278315490841,500.6381609615915,502.15185546875,18443300,42.608523032517596,1.8170271157931097,5.343398113825704,533.4719364188966,499.7995754219237,516.6357559204101,512.2585920707263,498.22182088551307,514.4056518554687,516.6357559204101,502.00597412109374,512.3222294325334,510.5052023167403,1.8170271157931097,-4.297687628624698,4.387121407054836,3.5914209295626374,8.502608233413412,8.418090249243223,-0.001287469977040212,-0.001288299478559743,22486775.0,-0.33472928615229236
2025-08-22,502.1618461633245,508.6150227226763,500.32946944945456,505.1295166015625,24324200,45.6112395126535,1.1086548528933804,4.49644946163924,533.7817059072872,498.92844729095486,516.355076599121,511.5796325022345,498.4927109135935,513.0161071777344,516.355076599121,502.71075744628905,511.21565822776864,510.10700337487526,1.1086548528933804,-3.214873118102516,14.173117040898815,7.448699726346462,8.090265529185302,8.713314654083083,0.005929802111420912,0.005912290029565607,22746700.0,0.3188637608237137
2025-08-25,504.5319946732823,506.0855321115255,502.0323791323648,502.17181396484375,21638600,43.1938176980682,0.30508600520926166,3.6581767703532444,534.3084720710121,497.6648586174644,515.9866653442383,510.68364978438774,498.63698946462296,511.3576354980469,515.9866653442383,503.23210876464844,509.82429757193404,509.5192115667248,0.30508600520926166,-3.024154314918972,6.28917676026893,8.283138402740898,7.665355413266781,9.160903363386948,-0.005855335195253941,-0.005872544882251361,23113230.0,-0.11040856431043977
2025-08-26,502.2713680297872,502.88882606141556,496.4456179190968,499.96099853515625,30835700,41.42639524289673,-0.5043288357172742,2.825675649139141,535.0033377738837,496.0051278022881,515.5042327880859,509.6624449035086,498.6889113889576,508.735400390625,515.5042327880859,503.7869921875,508.30686695089133,508.8111957866086,-0.5043288357172742,-3.673034283291812,10.595599534945215,10.352631112037692,7.580892794709984,9.749552492898912,-0.00440250800265396,-0.004412227578508171,23831555.0,0.4250321185289252
2025-08-27,499.9211487290224,505.1892506185915,497.82983904056124,504.6415100097656,17277900,46.424554386283226,-0.7593642904832905,2.1086676612146547,535.1966945667732,495.2483463267816,515.2225204467774,509.184260627914,498.9223466289893,507.4422149658203,515.2225204467774,504.3523681640625,507.7429658830258,508.5023301735091,-0.7593642904832905,-2.7209336008218084,24.702983804267195,13.862586699827153,7.358053356834107,9.987087059997897,0.00936175319339494,0.009318203571517273,23376430.0,-0.4396786841226241
2025-08-28,504.9900522378754,508.9734875719172,503.4066403395377,507.5295104980469,18015600,49.29937075237482,-0.7201428637791878,1.5429055562158864,532.9803384097917,495.1757773128647,514.0780578613281,509.02666537745046,499.2598824669916,506.2489318847656,514.0780578613281,504.99737731933595,507.71012659302903,508.4302694568082,-0.7201428637791878,-3.545121510434767,33.40761638111038,22.902066573440965,7.382851094933252,9.451140274231735,0.005722875409566175,0.005706561968358172,21696345.0,0.0426961609917873
2025-08-29,506.5535790393771,507.4896888132377,502.40083415821226,504.59173583984375,20961600,46.56230822262054,-0.9155594638673392,1.0512125521992415,532.3073314750416,494.1996631538648,513.2534973144532,508.6042911357736,499.4689747561231,504.9915344238281,513.2534973144532,505.5398852539063,507.23037416946204,508.1459336333294,-0.9155594638673392,-2.5081716553524904,24.552961024580917,27.554520403319533,7.190284936906587,9.526917080294197,-0.005788381951071675,-0.0058051995631202445,21295545.0,0.1635249450476255
2025-09-02,498.3974910813857,503.90458943006223,494.75264396148896,503.0282287597656,18128000,45.12635704603458,-1.1829541231577991,0.6043792171278335,529.0265728191994,494.5286060138085,511.77758941650393,508.0732375761538,499.6085533445012,503.8830169677734,511.77758941650393,506.1075946044922,506.58389026027794,507.76684438343574,-1.1829541231577991,-3.163677372151452,23.73219105957333,27.230922821754916,7.23902294829514,8.624491701347722,-0.0030985586346867766,-0.003103369107083713,20934495.0,-0.13518052057094876
2025-09-03,501.70375627159575,505.68719181229375,500.2398424947412,503.2572937011719,16345100,45.39206489498882,-1.3606974178952669,0.21136389012321344,527.2221397811549,494.18857799228255,510.7053588867187,507.61457625472696,499.7516412016256,503.5261657714844,510.7053588867187,506.5088787841797,506.07210617426165,507.4328035921569,-1.3606974178952669,-2.689354005308239,30.042413289216036,26.10918845779013,6.6814744369395545,8.258390447218087,0.00045537194199019027,0.0004552682916525242,20793170.0,-0.09835061782877319
2025-09-04,502.2116394820944,506.04570238922344,501.0664078062513,505.866455078125,15509500,48.45377757774392,-1.2763102322159625,-0.08617093434462175,525.6704167375641,494.136126231186,509.903271484375,507.448088523622,499.99143782423346,503.8328918457031,509.903271484375,506.8806213378906,506.04046754408677,507.31677777630273,-1.2763102322159625,-1.6041107251680293,39.259195499415355,31.01126661606828,6.624535386108606,7.883572626594519,0.005184547565648234,0.005171154071776547,20500860.0,-0.0511223547118097
2025-09-05,506.9619070760115,509.8498918622262,490.3310509759443,492.9501647949219,31994800,37.303616225515434,-2.2260094086803974,-0.5141386292117769,525.6697364900556,491.64863814373354,508.65918731689453,506.06733388279343,499.7153094701428,502.9127227783203,508.65918731689453,506.95108703613283,504.026574813446,506.2525842221264,-2.2260094086803974,-2.7377534281152536,8.887586775933544,26.06306518818835,7.520208712903383,8.505274586580509,-0.025533004123011738,-0.025864628358700167,21296645.0,1.0629162771204745
2025-09-08,496.04724781279185,499.1244784694731,492.9800158612091,496.13690185546875,16771000,40.91617742835316,-2.69049544343153,-0.9494099920557276,524.668082968214,490.3614855132313,507.51478424072263,505.1215784516196,499.5749797597635,502.0134613037109,507.51478424072263,506.98228576660154,502.81277897375725,505.5032744171888,-2.69049544343153,-1.3250404049011746,26.56701191869654,24.90459806468185,7.336290945420923,8.57664936374567,0.006464623177218298,0.006443817121539332,21358645.0,-0.47582107092402515
2025-09-09,499.3535217605099,500.17013335375145,495.6389875077243,496.3460388183594,14410500,41.15580984125808,-3.0070647962005523,-1.3609409528846927,523.3826263992539,489.4058928878554,506.3942596435547,504.28581277226147,499.4483546248065,501.4308837890625,506.3942596435547,507.0476928710938,501.8178958729268,504.82496066912734,-3.0070647962005523,-1.1561874335744506,30.81631679595524,22.09030516352848,7.052761881302757,8.494183377849643,0.00042153075513740035,0.0004214419360077569,21069450.0,-0.1407489118120565
2025-09-10,500.8971201283455,501.1460848531792,494.6630336933239,498.29791259765625,21611800,43.46061222006555,-3.0651156423724615,-1.7017758907822467,519.5525042895446,490.4474712963929,504.99998779296874,503.7155365651562,499.40323925119276,501.2645751953125,504.99998779296874,507.1229071044922,501.27635998442366,504.3414756267961,-3.0651156423724615,-1.3524460122362838,40.81626397862162,32.73319756442451,7.049971962716659,7.276258248287914,0.003932485859952983,0.003924773849070978,21216690.0,0.4997258943131744
2025-09-11,500.17012751524385,501.08633106619584,495.8182290284252,498.9352722167969,18881600,44.228782894487104,-3.0248234793863276,-1.9663854085030628,517.580313934067,490.55585244776887,504.06808319091795,503.26027329388387,499.38488760278506,500.69395141601564,504.06808319091795,507.31745056152346,500.916192635558,503.9410161149443,-3.0248234793863276,-0.6445088429979983,44.08161986145261,38.57140021200986,7.077002780593659,6.756115371574532,0.0012790734278176341,0.0012782561102659654,21179810.0,-0.1263291350095781
2025-09-12,504.55191069082485,510.42747218178897,501.7635178992086,507.7884521484375,23624900,53.64907657808866,-2.2525480468373758,-2.0236179361699254,515.0675051315561,491.9012723342642,503.48438873291013,503.69152842288895,499.714439153595,500.7198455810547,503.48438873291013,507.7081457519531,501.97346332984716,504.22601137668454,-2.2525480468373758,1.56561284504492,86.8682089894495,57.25536427650795,7.306048972862969,5.791558199322967,0.01774414523211698,0.017588555726204592,21347600.0,0.2512128209473774
2025-09-15,506.68306017742736,513.3353599697668,504.9004642300766,513.225830078125,17143800,58.30700032888484,-1.1880679380921606,-1.8565079365543726,513.9914693330962,492.58332009561474,503.28739471435546,504.59955715195906,500.2442976212236,501.5832550048828,503.28739471435546,508.05348327636716,503.70459667573607,504.89266461382823,-1.1880679380921606,1.701072919703584,99.52387228118326,76.8245670440285,7.6190305986150815,5.3520373093703615,0.010707959006712509,0.01065103481439463,20944125.0,-0.2743334363320057
2025-09-16,514.7395367165727,515.0880630075219,506.4938265025834,506.9320068359375,19711900,51.81605389523915,-0.8426056848840631,-1.6537274862203108,512.52814809316,493.32850168711343,502.9283248901367,504.8216952170999,500.506560727683,501.9736328125,502.9283248901367,508.29521545410154,504.20112131576707,505.04372700065113,-0.8426056848840631,-0.11772786601571897,67.05557132184876,84.48255086416054,7.772675481659348,4.799911601511627,-0.012263262823754228,-0.012339077089064716,20741690.0,0.14979759446563778
2025-09-17,508.5054498653079,509.1726886784055,503.8348693472275,507.9079284667969,15816600,52.695431690047585,-0.4844907332150683,-1.4198801356192625,512.6863794634872,493.2784825970596,502.98243103027346,505.1156221932615,500.7968104429424,502.4386962890625,502.98243103027346,508.5783392333984,504.7713993390024,505.2558900722175,-0.4844907332150683,0.6572031191580349,70.99757219664976,79.19233859989396,7.628276035455619,4.851974216606918,0.0019251529153794245,0.0019233021834196365,20458470.0,-0.19761159502635461
2025-09-18,509.37184097126715,510.9453149965379,505.55771489166153,506.3444519042969,18913700,51.086849104707206,-0.32311685603042406,-1.2005274797014949,512.9783934504484,493.34099436693447,503.1596939086914,505.23265359431247,501.01436501005435,502.4864959716797,503.1596939086914,508.69318908691406,505.01340742597074,505.33652428200116,-0.32311685603042406,0.6592518977925987,64.68228438846924,67.57847596898928,7.6154726692053964,4.909349770878473,-0.003078267683711111,-0.003083015295126659,20018005.0,0.19581325948686823
2025-09-19,508.44568153944795,517.1494779837726,508.1967168320822,515.78515625,52474100,59.18814408653916,0.5601025323730369,-0.8484014772865885,515.1459998651159,492.536718030392,503.8413589477539,506.2376538472351,501.5936117253463,504.7699951171875,503.8413589477539,509.0372186279297,506.6705995527445,506.11049702037144,0.5601025323730369,2.489355386524615,94.91274513089687,76.86420057200532,8.020926222036906,5.652320458680953,0.018644826284158533,0.018473142240245984,21719545.0,1.7743963370466909
2025-09-22,513.4548737162081,515.5959337012963,510.4174557013089,512.319580078125,20009300,55.55087489449901,0.9692443810025111,-0.48487230562876865,516.1186669136117,492.2830573295523,504.200862121582,506.81688491684366,502.01423793525925,506.3882629394531,504.200862121582,509.2753497314453,507.53967347972605,506.57042909872354,0.9692443810025111,1.275657821391496,81.99037585523652,80.52846845820092,7.701541127060929,5.958902396014844,-0.006719030452662422,-0.006741704761093789,21503800.0,-0.6186823594878235
2025-09-23,511.67229848312854,512.4590659268906,505.2091838485409,507.1212463378906,19799600,50.534372836159875,0.8640696975909918,-0.21508390498481658,516.3942522332386,492.5024152472301,504.4483337402344,506.8458717188481,502.21451277457817,507.4657836914063,504.4483337402344,509.41547912597656,507.4753000732899,506.6112303756989,0.8640696975909918,2.8747493266107806,62.60693573506474,79.83668557373274,7.830293467117871,5.97295924650213,-0.010146662244378102,-0.010198490509050449,21411850.0,-0.010480126741065354
2025-09-24,508.26644250853604,510.35772177145367,504.82077941210207,508.0373840332031,13533700,51.36788987722461,0.8449031412952763,-0.0030864957287980166,516.7050434525315,492.9992625777419,504.8521530151367,506.95934908212,502.44286066707326,508.4397308349609,504.8521530151367,509.51825439453125,507.56177452866115,506.71687138736587,0.8449031412952763,2.3986287117988137,66.02301116351951,70.20677425127364,7.870125451144974,5.9264452186973955,0.0018065456770510746,0.0018049158360357077,20546750.0,-0.3164659892119033
2025-09-25,506.1950582100621,507.89799878212006,502.94857891661616,504.9303283691406,15786500,48.38980029353389,0.5724017904683478,0.11201116151063116,516.7191075530955,493.01408031311547,504.8665939331055,506.76610901421725,502.5404084200955,509.0392364501953,504.8665939331055,509.56286560058595,507.1569366579657,506.5845348674973,0.5724017904683478,1.7294969395177784,49.44384962864051,59.35793217574162,6.839408610452482,5.926256809994997,-0.006115801241625585,-0.00613457935532753,20472180.0,0.1664585442266342
2025-09-26,507.94778361103766,511.8117209714621,504.52202659403474,509.34197998046875,16213100,52.592514081209636,0.7043071080692584,0.23047035082235665,516.9226375761712,492.9917972382819,504.95721740722655,507.0114300586222,502.80713671658077,509.19458923339846,504.95721740722655,509.57481201171873,507.49309716912,506.78879006105075,0.7043071080692584,2.216358347808268,65.27909036014132,60.24865038410049,6.919078660657918,5.982710084472319,0.008737149193587035,0.008699201183663099,20382055.0,0.027023089348493956
2025-09-29,509.3817950243417,514.7096154882738,506.77264973451184,512.4689331054688,17617800,55.36683565258417,1.0490689924224625,0.39419007914237786,517.7756146505146,492.92653989050103,505.3510772705078,507.53119225356,503.1860306926156,509.1188995361328,505.3510772705078,509.68210754394534,508.25861039009675,507.2095413976743,1.0490689924224625,2.7125083437258453,79.18503780390057,64.63599259756084,7.1623515112104075,6.212268690003393,0.0061392016521393256,0.006120433528702793,20214865.0,0.08663981595129866
2025-09-30,511.11459757878936,516.0142062084105,507.54943619028296,515.8051147460938,19728200,58.1788579668404,1.5733605256559144,0.6300241684450852,519.2006205578323,492.7792225818161,505.9899215698242,508.31918487189654,503.6808967339285,510.00621032714844,505.9899215698242,509.8559271240234,509.41961106025013,507.8462505345942,1.5733605256559144,1.5787406278614635,93.6976815539821,79.38726990600803,7.303902858229853,6.605349494004049,0.006510017339799168,0.006488918695771688,20294875.0,0.11978794174073948
2025-10-01,512.6681599915194,518.3545363078492,509.5710533372991,517.557861328125,22632300,59.61831800683374,2.1060204511073266,0.9252234249775335,520.8106177950702,492.59928210727355,506.7049499511719,509.19905882010875,504.22509142389697,510.97120361328126,506.7049499511719,510.160048828125,510.67164956300013,508.5656291118928,2.1060204511073266,0.8440789601997551,95.19815504930476,89.36029146906252,7.555001496285533,7.052833921949165,0.003398079103759999,0.003392318678860003,20609235.0,0.1472055230583631
2025-10-02,515.496404228155,519.439966484546,508.5652045551738,513.604248046875,21222900,55.018191482005825,2.1839584164056305,1.176970423263153,521.5214176205118,492.66226157870693,507.0918395996094,509.6186006512293,504.5929014875432,511.6971832275391,507.0918395996094,510.3731677246094,511.1228185605193,508.9388601441137,2.1839584164056305,1.3162004215482277,64.61353895399645,84.50312518576114,7.510898779455537,7.214789010451217,-0.007638978318490808,-0.007668304758186292,20894905.0,-0.06227382988030383
2025-10-03,514.9585548343116,518.3345307125708,512.8672756929882,515.20751953125,15112300,56.48452039116556,2.348028810576295,1.4111821007257817,521.4244551747693,494.9849594980823,508.20470733642577,510.1508786398027,505.0091610186689,511.63941955566406,508.20470733642577,510.51872985839844,511.75123409447787,509.40320528390157,2.348028810576295,1.4371878553831863,74.33541031121823,78.04903477150653,7.298924442304988,6.609873919171748,0.003121608690878075,0.0031167465862329048,20050780.0,-0.287924835908382
2025-10-06,516.4623876768178,528.8309994124726,516.0541122577388,526.3811645507812,21388600,65.03832302420804,3.341160729953799,1.7971778265713851,524.0007658016008,495.4330751407821,509.71692047119143,511.696620155134,505.84727880424197,513.0455780029297,509.71692047119143,510.8314910888672,514.0019926262169,510.66083189626306,3.341160729953799,3.9571308762501207,90.53475364839417,76.49456763786965,7.658156112039563,7.141922665204662,0.02168765904212222,0.021455827695391016,20281660.0,0.41531070717230345
2025-10-07,526.1022689962125,527.6060256392368,519.2806599401652,521.8101196289062,14615200,59.854858154505635,3.7165378726788845,2.1810498357928854,524.7869826351988,497.19326638823867,510.99012451171876,512.6598105812076,506.473272562072,514.5144653320312,510.99012451171876,511.0768927001953,515.2032429343229,511.48670506164405,3.7165378726788845,1.1681149226376655,72.87394436432126,79.24803610797792,7.871552281174822,6.8984290617400355,-0.008683906700529431,-0.008721831535095682,20291895.0,-0.3166827188315271
2025-10-08,521.1130687043808,524.7678538085896,520.923853084141,522.676513671875,13363400,60.49748697871459,4.0373971204332975,2.5523192927209677,525.5857175565197,498.8323915743397,512.2090545654297,513.6137823041283,507.1086937820643,515.9783782958984,512.2090545654297,511.3382299804687,516.3529768939463,512.315579773513,4.0373971204332975,2.0215767650673517,76.22136715697488,79.87668838989681,7.761295182572842,6.688331495545002,0.001660362669058335,0.0016589857908293844,19879475.0,-0.08565055558596535
2025-10-09,520.1769452354545,522.158694647609,515.2574000210162,520.2366943359375,18343600,57.69654626671102,4.048142884662639,2.851484011109302,525.5473653579909,501.00088598478266,513.2741256713867,514.2445358309673,507.62351733319656,517.5090148925781,513.2741256713867,511.5374487304687,516.9504718850219,512.9023290003593,4.048142884662639,2.5862548833752,66.79481705387268,71.96337619172299,7.519444294814487,6.13661984330205,-0.004667933745094888,-0.004678862571105753,19852575.0,0.37267461873475316
2025-10-10,517.4881335274953,521.4118200258811,507.5195762105422,508.84405517578125,24133800,46.80051033108325,3.1016147283663713,2.901510154560716,525.5095609186467,501.1442507268611,513.3269058227539,513.7302043399972,507.67138156231755,517.4592224121094,513.3269058227539,511.10595458984375,515.703330852831,512.6017161244646,3.1016147283663713,0.15878184714954055,22.777917003971535,55.26470040493973,8.128340242432184,6.091327547946396,-0.02189895346520787,-0.022142294719191255,19878020.0,0.31565232560675116
2025-10-13,514.2714464494894,514.2714464494894,509.56105349845876,511.9212341308594,14284200,49.57073167963749,2.5701597678172448,2.8352400772120214,525.4605694411326,501.0627826096487,513.2616760253907,513.5579214629364,507.8380424473584,517.4044525146485,513.2616760253907,510.92272033691404,515.1214698186815,512.5513100508642,2.5701597678172448,1.384528789209091,34.66698648095788,41.413240179600734,7.998162327814929,6.09944670787097,0.006047390990968848,0.0060291789089077265,19735040.0,-0.40812470477090224
2025-10-14,508.11707238992415,513.1461778212379,503.9045785101632,511.4432373046875,14684300,49.14265402765479,2.0863573052671427,2.685463522823046,525.355693751517,501.61878134613926,513.4872375488281,513.3565229716746,507.97942263784194,516.9682647705079,513.4872375488281,510.5006573486328,514.5555878934516,512.4692305881845,2.0863573052671427,0.4125435182663178,32.8201853819324,30.088362955620642,8.262780681509431,5.934228101344443,-0.0009337311959395356,-0.0009341673944619213,19483660.0,0.02800996905671993
2025-10-15,512.8274957075639,515.0482414945574,507.888013925759,511.3038024902344,14694700,49.00969735416828,1.6724106351047112,2.482852945279379,525.2841166957218,502.0299458042783,513.65703125,513.161025782966,508.10979047519066,516.3428588867188,513.65703125,510.2326953125,514.0553132160336,512.3829025809289,1.6724106351047112,-0.22735634103201044,29.684261567554767,32.39047781014838,8.41073942809596,5.813542722860873,-0.00027263008733469096,-0.00027266725767293955,19427565.0,0.00070823941216136
2025-10-16,510.4573477017149,514.7096236704256,506.02576365101777,509.4913330078125,15559600,47.22126184397375,1.1844501725893224,2.2231723907413676,525.1051016623409,502.52364894801065,513.8143753051758,512.8115312329514,508.1639686137249,515.9315673828125,513.8143753051758,509.98435791015623,513.3531624147688,512.1687122421795,1.1844501725893224,-1.2240634219746394,22.412983073441097,28.30581000764279,8.510322688237421,5.64536317858257,-0.0035447995371724605,-0.0035510972261531644,19259860.0,0.05885795558943019
2025-10-17,506.93203901166436,513.3453425707617,505.2091921192977,511.4532470703125,19867800,49.374797171883856,0.9451529243497134,1.967568497463037,524.8955212142773,502.30003847810553,513.5977798461914,512.6821708365096,508.29295992574794,515.5561401367188,513.5977798461914,509.8567858886719,513.060867746391,512.1157148220412,0.9451529243497134,-1.1795037258534178,30.283804440812915,27.460349693936298,8.524550166644705,5.648870684042936,0.0038507309847994886,0.0038433358984866937,17629545.0,0.27688372451733967
2025-10-20,512.4788764440519,516.5519656323323,511.30377036778043,514.6498413085938,14665600,52.75716739777253,1.0018973223799321,1.774434262446416,525.0045923573749,502.42399345805467,513.7142929077148,512.8695680243271,508.5422493917419,514.3830078125,513.7142929077148,509.76928344726565,513.3053252174991,512.3034278951192,1.0018973223799321,0.2035795587156674,43.10792488236854,31.934904132207553,8.294794827103585,5.645149724830068,0.006250022375636322,0.006230571987293041,17362360.0,-0.26184076747299656
2025-10-21,515.3569857054445,516.5420602391357,510.91543308707116,515.5162963867188,15586200,53.660910682757375,1.1040564743919958,1.640358704835532,525.0088516695275,503.25923915078494,514.1340454101562,513.121637392174,508.8157414307606,513.7536254882813,514.1340454101562,509.7044787597656,513.6454746281482,512.5414181537562,1.1040564743919958,0.0599325211226893,46.58397578241864,39.99190170186674,8.069305125783185,5.437403129685634,0.0016835817454483593,0.0016821661103704202,17151690.0,0.06277274710888059
2025-10-22,518.9919195722497,523.0549803520576,515.5661623300699,518.3843994140625,18962700,56.619196463999764,1.4003083993817427,1.5923486437447743,525.2868373864706,504.0159549719279,514.6513961791992,513.62285282283,509.1909829203019,513.3244140625,514.6513961791992,509.5484997558594,514.3745399798273,512.9742315804456,1.4003083993817427,-1.5191966725373363,58.090252750878356,49.26071780522188,7.831013842637946,5.31772060363565,0.005563554532507453,0.0055481351276853155,17423140.0,0.2166339454132502
2025-10-23,520.2964530626382,521.7802730707533,516.4623598997719,518.404296875,14023500,56.63987742564001,1.618043939783206,1.5974877029524606,525.0344781162593,505.61571109272506,515.3250946044922,514.0782284468463,509.55228934989793,513.1411743164062,515.3250946044922,509.56511840820315,514.9945025790847,513.3764586393015,1.618043939783206,-0.6526938872569885,58.170077532043216,54.281435355113445,7.820346567737865,4.85469175588356,3.838360290164822e-05,3.838286627001202e-05,17334990.0,-0.2604692369757471
2025-10-24,520.6250388201142,523.1744351060786,518.5536961256696,521.441650390625,15532400,59.79109068031689,2.012491222657218,1.680488406893412,525.5774077443647,506.28274850563537,515.930078125,514.7795067272061,510.01853880247546,514.4009338378906,515.930078125,509.6047045898438,515.9863714731679,513.9738802505107,2.012491222657218,-0.23625765630349718,73.9915659367051,63.4172987398756,7.187965021299009,4.823664809682319,0.00585904386582925,0.00584194641894034,17300955.0,0.10759796056619253
2025-10-27,529.577902779321,532.3662956890146,526.819354031342,529.3189697265625,18734700,66.57560341172821,2.9269868901956215,1.9297881035538542,527.9663170065828,505.5788429055265,516.7725799560546,516.1642174890496,510.7754184465573,516.1407073974609,516.7725799560546,509.84776977539065,518.0375404352286,515.110553545033,2.9269868901956215,1.7457967670308574,89.29324628130163,73.81829658335002,7.373627849821718,5.596868525264064,0.015106808844357555,0.01499383734595132,17356800.0,0.2061690401998404
2025-10-28,547.7224103521172,551.4269763883988,538.5306518978505,539.8252563476562,29986700,73.09593580652071,4.448224458295044,2.4334753745020925,533.1692605772446,502.7779134950211,517.9735870361328,518.4176497612979,511.91462777601214,518.9789093017578,517.9735870361328,510.3620068359375,521.3894967294483,516.9412722711533,4.448224458295044,6.088545371955358,75.58683787280879,79.6238833636052,8.678199702492265,7.59783677055586,0.01984868712814336,0.019654270339029917,17869725.0,0.6005967536176187
2025-10-29,542.6833492925585,544.0078586434945,534.507325873603,539.307373046875,36023000,72.3467448921369,5.54807260921325,3.056394821444324,536.9973292226045,501.124796021536,519.0610626220703,520.4071472170671,512.9888530807518,521.7792663574219,519.0610626220703,511.01163818359373,524.1460930859755,518.5980204767623,5.54807260921325,5.349678249332996,74.49707110197328,79.79238508536127,8.826872496708887,8.968133300267127,-0.0009593535958009047,-0.0009598140699903957,18539260.0,0.20129924266424792
2025-10-30,528.2831883129468,532.7545848667123,519.9578228356851,523.582763671875,41023100,54.1864588939603,5.0921663088304285,3.463549118921545,537.4120783550239,501.70789845161664,519.5599884033203,520.7095868794297,513.4043005549136,523.1884094238281,519.5599884033203,511.4273095703125,524.0594270222678,518.9672607134373,5.0921663088304285,2.3735823414467188,41.40823283398343,63.8307139362552,9.216680096412533,8.926044975851834,-0.02915704505607286,-0.029590559153544842,19529270.0,0.13880298698054028
2025-10-31,526.6898137654194,527.1279940743384,512.9668501497666,515.6656494140625,34006400,47.69492158392106,4.045379707521761,3.5799152366415883,537.4126317142399,501.75315808068206,519.582894897461,520.229211882728,513.4929809023312,523.6096496582031,519.582894897461,511.69758544921876,522.7680766210054,518.7226969134837,4.045379707521761,0.8530832163939234,24.74847951493132,46.88459448362938,9.84051957147422,8.914868408389442,-0.01512103683912347,-0.015236525400138043,20473975.0,-0.1710426564545342
2025-11-03,517.657371934483,522.7860691817526,512.4590180581705,514.888916015625,22374700,47.09877081245906,3.1171849230596536,3.4873691739252015,536.6553253103959,501.3612396310103,519.0082824707031,519.7206122763372,513.5477234557937,523.6335571289062,519.0082824707031,511.8927734375,521.5558980663316,518.4387131432719,3.1171849230596536,1.0594062466082683,20.943721230700962,29.03347785987194,9.918051843796182,8.823521419846406,-0.0015062732980567484,-0.0015074088681434853,20523280.0,-0.3420444386938929
2025-11-04,509.6407695643784,513.4150529816625,505.73698923396887,512.2001342773438,20958700,45.001847405738125,2.139953600862441,3.2178860593126495,536.3757910478594,500.6797753583906,518.527783203125,519.004376276433,513.4948768213447,523.3019409179688,518.527783203125,512.09333984375,520.1165497911027,517.9765961902402,2.139953600862441,0.14603235218654717,15.126086783696897,20.27276250977643,10.060316073286023,8.924003922367183,-0.005222061797499733,-0.0052357444173193966,20840455.0,-0.06328576472533709
2025-11-05,511.17434154282535,512.6980347767452,504.4821687767013,505.0597839355469,23024300,39.919059896319894,0.7803289923781449,2.7303746459257487,536.3511632719473,498.94273016066984,517.6469467163085,517.6763198630154,513.1640888650389,521.9694793701171,517.6469467163085,512.1953155517579,517.8001242748633,517.0197952824851,0.7803289923781449,-1.8634140348051706,1.2304133049671577,12.433407106455043,10.026887929045744,9.352108277819342,-0.013940547578869977,-0.014038629624112751,21323500.0,0.09855573103293613
2025-11-06,503.5659922381216,503.6058351018555,493.75677643867937,495.04144287109375,27406500,34.099609256260635,-1.092980503654303,1.9657036160097385,537.5846945833089,495.1896737028239,516.3871841430664,515.5206172923562,512.4533968652764,519.6331939697266,516.3871841430664,512.0033142089844,514.2987886742833,515.3917691779376,-1.092980503654303,-3.971717995945878,2.227608771140794,6.1947029532683215,10.253092003717427,10.598755220121252,-0.019835950877711617,-0.020035324263284925,21776645.0,0.19032934768918053
2025-11-07,494.89207027354036,497.31199999791255,491.2073803526309,494.7626037597656,24019800,33.951254977438765,-2.5704610863080575,1.0584706755461792,538.7853919360947,492.58083120843656,515.6831115722656,513.5436636225857,511.7596402729035,516.9652893066407,515.6831115722656,511.74797607421874,511.2932217643575,513.8636828506656,-2.5704610863080575,-4.5568106758222156,5.903764955552167,3.120595677220077,10.314265173769554,11.551140181914523,-0.0005632641778654524,-0.0005634228707259525,21770945.0,-0.12357287504789005
2025-11-10,497.9692613740871,504.7510576229119,496.73437575016374,503.9045715332031,26101500,42.74606906596754,-2.9694645570440343,0.25288362902813655,538.9310989989303,491.6334578858353,515.2822784423828,512.6256548521683,511.45159836154266,514.4238494873047,515.2822784423828,511.73423278808593,510.1565063441799,513.1259709012239,-2.9694645570440343,-2.796991735832991,21.084816266503434,9.73872999773217,10.625824224561105,11.824410278273747,0.01847748335053323,0.018308848782548074,22361810.0,0.08666600054954654
2025-11-11,502.70954902224156,507.48968986721945,500.26971300797675,506.573486328125,17980000,45.04664215014805,-3.0353291780309064,-0.4047589323836721,538.952829886994,491.1247519001155,515.0387908935547,512.0492578498785,511.2602998504283,511.0986724853516,515.0387908935547,511.8051379394531,509.60527249555605,512.640601673587,-3.0353291780309064,-2.8513572038907684,25.51678687178058,17.501789364612097,10.603059431268528,11.957019496719619,0.005296468707956636,0.0052824917482013276,22526595.0,-0.3111507001513323
2025-11-12,507.2506574723947,509.5511194130969,497.05307240824305,509.0233154296875,26574900,47.14603661428116,-2.8569139051406296,-0.8951899269350636,538.9353421283387,490.91419095271596,514.9247665405273,511.7610728574793,511.17257497118356,508.0702667236328,514.9247665405273,511.92045837402344,509.5157406392686,512.3726545444092,-2.8569139051406296,-3.834295662473499,29.584946180101756,25.39551643946196,11.115926133687983,12.005287793905682,0.0048360784124728,0.004824422150558545,23120605.0,0.4780255839822025
2025-11-13,508.1967287528611,511.3735209246628,499.2140928412288,501.205810546875,25273100,41.67474548273595,-3.308191059138835,-1.377790153375818,539.1923261623709,489.82865467259,514.5104904174805,510.75580978027887,510.7817214643479,505.8325714111328,514.5104904174805,511.8272454833984,508.2372898558234,511.54548091496224,-3.308191059138835,-7.154064272959785,16.603283403471316,23.90167215178459,11.643732551713368,12.340917872445221,-0.015357852274828332,-0.015477005621992168,23606280.0,-0.04898607332482907
2025-11-14,496.166765720741,509.4813936811572,495.3800287197931,508.0672607421875,28505700,47.44016681979351,-3.076703445589544,-1.7175728118185631,539.1574084274342,489.5249737747141,514.3411911010742,510.4997574909368,510.6752720242632,505.07273254394534,514.3411911010742,512.1295874023438,508.21113153064863,511.2878349762382,-3.076703445589544,-5.792635863328388,27.997332262977263,24.728520615516818,11.870641099068694,12.408108663180027,0.013689885573804128,0.013597025625161638,24038175.0,0.12790674669905955
2025-11-17,506.34444359286346,509.9992285471841,502.8190947602184,505.3883972167969,19092800,45.54714790745503,-3.0739748735169314,-1.9888532241582368,539.013669678924,488.74256811404473,513.8781188964844,510.01296127435205,510.467943600441,504.1226806640625,513.8781188964844,512.3146173095703,507.77686471313297,510.8508395866499,-3.0739748735169314,-3.4749742958460685,26.857743193246456,23.819452953231718,10.804364465149368,12.567775391219822,-0.005272655280872285,-0.005286604783278475,24259535.0,-0.33021115075230567
2025-11-18,493.31862192366924,500.89712400975867,484.76419755903834,491.74517822265625,33815100,37.36874962931376,-4.12515400463343,-2.4161133802532753,539.6786864187616,485.7004395578011,512.6895629882813,508.2731724122858,509.73371750719457,502.0771850585937,512.6895629882813,512.2226000976563,505.3104514069058,509.43560541153926,-4.12515400463343,-4.638755988223466,14.54662288691637,23.1338994477134,11.598912099997014,13.49456171524011,-0.02699551289518043,-0.02736658518824587,25170980.0,0.7710917204391183
2025-11-19,488.0704229659532,493.13934080841636,480.8305097576304,485.1027526855469,23245300,34.15335035099761,-5.431597195737652,-3.0192101433501506,540.5236635117025,481.5272977920084,511.02548065185545,506.066465771644,508.7677973181104,500.08148193359375,511.02548065185545,511.95869689941406,502.2015746805429,507.6331718762805,-5.431597195737652,-5.784968835719552,9.227807927297432,16.877391335820125,11.096003588539588,14.749091429923512,-0.013507861045262248,-0.013599922172871235,25385110.0,-0.3125763342412118
2025-11-20,491.5879641710541,492.4460215630244,474.41716428973194,477.3404846191406,26802500,30.8163644566705,-7.012477522319159,-3.817863619143952,541.8327556704384,476.1118244076866,508.9722900390625,503.33065804283416,507.5353536828567,498.31138610839844,508.9722900390625,511.52680114746096,498.37679159417326,505.3892691164924,-7.012477522319159,-6.805864997943847,6.043800941813211,9.939410585342376,11.37226882773392,16.43023281568795,-0.016001286373730217,-0.01613068922111437,26024060.0,0.15302878431338818
2025-11-21,477.4103368698009,477.8293938228302,467.20362215472323,471.04486083984375,31769200,28.393265170287663,-8.673359703347444,-4.788962835984651,542.8280108224569,470.0768903005899,506.45245056152345,500.2558202139779,506.10435396352284,495.9396118164062,506.45245056152345,510.79192932128905,494.17187917043026,502.8452388737777,-8.673359703347444,-6.734831039337698,8.312312811749687,7.861307226953481,11.393606009485694,18.18778013046676,-0.01318895836861611,-0.013276705058988399,26835900.0,0.18530734073314048
2025-11-24,473.9183160323131,475.8139832068258,466.9542001322548,472.92059326171875,34421000,30.15540122114635,-9.726147888979597,-5.77639984658364,541.2667280783281,465.9983353982344,503.6325317382813,497.6524652661437,504.80303001443247,492.8412139892578,503.6325317382813,509.98582458496094,490.90245056909004,500.62859845806963,-9.726147888979597,-4.468484392151216,13.043054164202125,9.133055972588378,11.372738601836756,18.81709817002344,0.003982067479795237,0.00397416003412538,27620215.0,0.08347078302255007
2025-11-25,472.9904142849383,478.0588322743821,463.8313270788984,475.90374755859375,28019800,32.980141900937795,-10.202170222826965,-6.661553921832306,535.9247929459601,464.9481196516962,500.43645629882815,495.5811588178056,503.6697248200859,489.7742401123047,500.43645629882815,509.3652593994141,488.5949577982445,498.79712802107144,-10.202170222826965,-3.811697985632092,25.3930656184283,15.582810864793409,11.802141401511026,17.744168323566,0.006307939090366643,0.006288127313256544,27521870.0,-0.1859678684523982
2025-11-26,485.2025316262965,487.1979770584782,480.10418316215106,484.3943786621094,25709100,40.37186852695396,-9.781542843961688,-7.2855517062581825,528.735368503107,466.64624465607267,497.69080657958983,494.5157511839298,502.91382889232216,487.31134643554685,497.69080657958983,508.8949884033203,487.9487148542237,497.73025769818537,-9.781542843961688,-3.871803109809292,43.25221433811254,27.22944470691436,11.801514401726523,15.522280961758575,0.01784106796189966,0.017683784095154906,27006175.0,-0.08246668427326387
2025-11-28,486.48962635446395,491.5081706450152,485.54177754838196,490.88958740234375,14386700,45.33849817111973,-8.822384595271217,-7.59291828406079,524.7112800164793,467.4010155157472,496.05614776611327,494.1704022523502,502.4422900103622,486.27972412109375,496.05614776611327,508.58589111328126,488.4011567847037,497.2235413799749,-8.822384595271217,-3.0960757617745216,56.914202174235605,41.853160710258855,11.873598140128248,14.327566125183036,0.013408926747197292,0.013319822731352777,25674355.0,-0.44040437043692704
2025-12-01,487.32770213243884,488.7444513856018,483.5463243869077,485.6315612792969,23964000,42.26913520610947,-8.389811018844796,-7.752296831017591,522.0052260973061,467.1036606214439,494.554443359375,493.3571793025356,501.7830457463989,484.03615417480466,494.554443359375,507.9828192138672,487.9750651684873,496.3648761873321,-8.389811018844796,-4.595418999745558,45.854497735469316,48.67363808260586,11.684655936720374,13.725391368965552,-0.01071121950431042,-0.010768997568688727,25172235.0,0.6657051304329693
2025-12-02,485.6116258193264,492.3761849539621,485.2125428025972,488.8841552734375,19562700,44.76041949957657,-7.695823527595337,-7.74100217033314,519.0639954113446,467.4444152331866,493.25420532226565,492.93117701405004,501.277206904322,482.38572998046874,493.25420532226565,507.51411071777346,488.1149251846335,495.8107487122288,-7.695823527595337,-2.4584023197961558,52.6959868024077,51.821562237370905,11.680632029014813,12.904895044539526,0.006697657758429676,0.006675328097538651,25031635.0,-0.18366299449173762
2025-12-03,475.23529714339696,483.13724409881166,474.1178525596479,476.64208984375,34615100,38.0967600601315,-8.040974461576127,-7.800996628581738,516.6827577317842,466.26984846938757,491.47630310058594,491.37983537878335,500.3111238823388,480.87542114257815,491.47630310058594,506.90452758789064,486.3498735937283,494.39084805530445,-8.040974461576127,-6.185238319141335,26.946090890151286,41.8321918093428,11.842650293938798,12.603227315599177,-0.02504083083412756,-0.025359686639780894,25714455.0,0.7694438906694883
2025-12-04,478.6674679630734,480.2239129901724,475.40489514051177,479.7449951171875,22318200,40.51406501335771,-7.972231616397096,-7.835243626144811,515.0852226961731,465.33590462316283,490.21056365966797,490.2717553538695,499.50460902880343,480.3396453857422,490.21056365966797,506.3386798095703,485.33373844349126,493.30597005988835,-7.972231616397096,-5.073998976001244,34.4691171402294,38.03706494426283,11.3183352772407,12.43732951825256,0.006509927133071081,0.006488829072488685,25679150.0,-0.3552466986950782
2025-12-05,481.4211657314621,482.299166614698,477.78947078944657,482.0597229003906,22608700,42.32345987399604,-7.64287097018763,-7.796769094953375,514.5824318430482,464.5405234792175,489.5614776611328,489.48965702496673,498.820495847297,480.8115692138672,489.5614776611328,505.88126770019534,484.8300437445527,492.47291471474034,-7.64287097018763,-1.969608600387774,39.48283383426885,33.63268062154989,10.633216053232648,12.510477090957671,0.004824912832363637,0.004813310246453404,25439260.0,0.013016282675126112
2025-12-08,483.7858099301447,491.17890888246444,483.2769615726175,489.9018249511719,21965900,48.08488747073612,-6.672145844802401,-7.5718444449231805,514.2208227489414,464.41605469246485,489.3184387207031,489.5289111131767,498.470744047449,482.697265625,489.3184387207031,505.4924645996094,485.61031777634025,492.28246362114265,-6.672145844802401,0.9892898440705927,70.33572735776706,48.0958927774218,10.771719781454655,12.451192014119123,0.01626790556904023,0.016137000980794174,25336565.0,-0.02843153299393597
2025-12-09,487.9862027558801,490.99931449735556,487.3875630167038,490.8995361328125,14696100,48.78582310428378,-5.755980870597,-7.2086717300579455,512.6282393194482,464.70813458191896,488.6681869506836,489.65944682933247,498.1738339331495,484.4951599121094,488.6681869506836,505.06107666015623,486.424043677336,492.180024547933,-5.755980870597,2.840540861412654,92.35770565595165,67.39208894932922,9.556544911661316,11.980026184382316,0.0020365533068591457,0.0020344823434482223,24766295.0,-0.3309584401276524
2025-12-10,482.92772884397027,483.14722906115725,473.99809828560024,477.4701843261719,35756200,40.80061954211368,-6.043879899648516,-6.975713363976061,510.1056542107933,464.3203894903786,487.21302185058596,488.4985646861743,497.36192610542497,484.6518035888672,487.21302185058596,504.2943780517578,485.04652685407996,491.0904067537285,-6.043879899648516,1.3640576557553716,47.66382270773371,70.11908524048417,9.884588254263194,11.446316180103667,-0.027356619467261645,-0.027737779361902727,25655105.0,1.4330400582467457
2025-12-11,475.5445986070271,484.92318635563356,474.7763326037194,482.3690185546875,24669200,44.377196740700874,-5.809775497916689,-6.742525790764187,506.40806901796924,465.35254499570266,485.88030700683595,487.9147983879374,496.77396894657255,484.449267578125,485.88030700683595,503.5906011962891,484.6346025003273,490.44437799824397,-5.809775497916689,1.9978883194329204,64.94231485378427,68.32128107248991,9.321588002736174,10.263881005566642,0.010259979343901993,0.010207703021102152,25559820.0,-0.3100720993841627
2025-12-12,478.72734800157895,481.3513637649093,475.2552617920193,477.4402770996094,21248100,41.650725097564795,-5.953328057102681,-6.584686244031887,504.2110943203877,465.17296634855757,484.69203033447263,486.9172249319062,496.01578495257405,483.1043365478516,484.69203033447263,502.86732177734376,483.5277832079091,489.4811112650118,-5.953328057102681,0.3228656107244556,47.675662216554656,53.42726659269092,9.070729795204832,9.759531992957548,-0.010217781958397731,-0.010270341829200724,25358570.0,-0.1386790005350802
2025-12-15,479.0066832317436,479.6252664455081,471.44392797474177,473.73870849609375,23727700,39.67904358275644,-6.293235642419404,-6.526396123709391,499.67336316087665,466.27784228345934,482.975602722168,485.6621281284955,495.14217411114345,481.91505126953126,482.975602722168,502.03794555664064,482.02177171378366,488.31500735620307,-6.293235642419404,-2.199792284015855,34.708112615443284,49.10869656192744,9.02226946636164,8.348880219354317,-0.007752945826024926,-0.007783156157861534,25119670.0,0.11669749295231102
2025-12-16,470.8353364785088,476.80172935648005,469.8076832860371,475.3051452636719,20705600,40.9529116022071,-6.362869300254772,-6.493690759018468,494.7349609366432,468.2079193123803,481.47144012451173,484.67574880803613,494.3642514112426,480.55715026855466,481.47144012451173,501.01642517089846,480.98844456761265,487.3513138678674,-6.362869300254772,-3.174734713999653,24.359002908234384,35.58092591341081,8.505593814573018,6.631760406065732,0.003306541643073313,0.003301087054829448,25200310.0,-0.12736590567143047
2025-12-17,475.8239455574328,478.9069051052783,473.9182915104317,475.0357360839844,24527200,40.79334948637761,-6.3664055843998995,-6.4682337240947545,493.2645320876742,468.0074039474821,480.63596801757814,483.75765235812645,493.60627041801683,480.3965148925781,480.63596801757814,500.0809375,480.0726432624391,486.439048846839,-6.3664055843998995,-2.181865026935228,23.16526313918985,27.410792887622538,8.055192678498887,6.314282035048023,-0.0005668130933824678,-0.0005669737926510515,24735915.0,0.18456842593308087
2025-12-18,477.10104539067044,488.4850656489584,476.8017407441929,482.87786865234375,28573500,47.23764764730666,-5.671041321973348,-6.308795243670474,493.02617166876223,468.02327596307373,480.524723815918,483.67386343376614,493.1855487801473,480.7098022460938,480.524723815918,499.2849645996094,480.5042163993475,486.17525772132086,-5.671041321973348,-1.2285705225472847,57.91339433438056,35.14588679393497,8.507731077218049,6.250723926422129,0.01650851077648796,0.016373726679337935,25002325.0,0.16497194950911642
2025-12-19,486.2501387748106,486.73904362092316,481.39123391446003,484.8134460449219,70836100,48.72120383431123,-4.9072079759693565,-6.028477790130251,493.44572173491986,468.3510220394942,480.898371887207,483.78239511101907,492.8572310258248,480.98517456054685,480.898371887207,498.57649963378907,481.16717480635896,486.0743827823283,-4.9072079759693565,1.7143589236633636,66.48984934702779,49.189502273532774,8.365198698005697,6.273674923856426,0.004008420178750471,0.004000407866591435,27204005.0,1.479083766426934
2025-12-22,485.01298390813173,487.6170561484318,481.5908021440126,483.81573486328125,16963000,47.97243018794272,-4.332429944718513,-5.689268221047904,493.2446324277955,469.8291987489623,481.5369155883789,483.78557032552027,492.5026625488623,480.37656555175784,481.5369155883789,498.07593322753905,481.574645584347,485.90707552906554,-4.332429944718513,0.8485215661498227,65.54631840855161,63.316520696653356,8.283956687509576,5.853858419708305,-0.0020579280335145667,-0.002060048477056384,26463695.0,-0.7605317062910013
2025-12-23,483.8755963136496,486.71908182827985,483.63612214595605,485.7413330078125,14683600,49.582911914732456,-3.6791238865426408,-5.287239354146852,493.2879580859375,471.06794706542973,482.1779525756836,483.9718334381196,492.23751237078193,479.8607452392578,482.1779525756836,497.5523352050781,482.21567441872634,485.894798305269,-3.6791238865426408,0.7637248939344838,74.55655572902216,68.86424116153388,7.449432185262018,5.555002755126925,0.003980023810253641,0.003972124468264389,25476825.0,-0.13437481577551136
2025-12-24,484.5739628623746,488.04604888584674,483.7258924615979,486.90863037109375,5855900,50.58155853076529,-3.0322293346440574,-4.836237350246293,493.61770251053235,471.8386909220849,482.7281967163086,484.25152838411714,492.02853660608827,480.80458984375,482.7281967163086,497.06164306640625,482.93766764216747,485.9698969768115,-3.0322293346440574,-0.6109784507082524,80.01856050743032,73.37381154833473,7.413799226304036,5.444752897111875,0.0024031254578502637,0.0024002425695715777,24368630.0,-0.6011945299517829
2025-12-26,485.601642461088,487.00843522519267,484.85335038112265,486.599365234375,8842200,50.29730040012353,-2.5155185218732754,-4.372093584571689,493.8430195748217,471.833872515022,482.83844604492185,484.4751318936655,491.8156279248446,481.2276245117188,482.83844604492185,496.56755432128904,483.5010057332763,486.0165242551496,-2.5155185218732754,-0.87597778810573,78.5714505355509,77.71552225733448,7.245612727648222,5.5022867649499165,-0.000635160515604416,-0.0006353623154994487,23525285.0,0.5099643094998207
2025-12-29,483.7558335295542,487.23790659993216,483.0773893732932,485.9907531738281,10893400,49.705305845457566,-2.1305714851093285,-3.9237891646792176,493.04785892827925,472.1391497387129,482.59350433349607,484.61947677749055,491.58720146402044,482.0826721191406,482.59350433349607,496.09754272460935,483.8840438010535,486.01461528616284,-2.1305714851093285,1.7845237519240855,76.3653808733121,78.3184639720978,6.891422102260017,5.227177297391604,-0.001250745693541444,-0.0012515285287563304,23350620.0,0.23197846689737855
2025-12-30,484.82341501264875,488.56487537463653,484.39440153201394,486.3699035644531,13944500,50.09934098569992,-1.7744491717530764,-3.4939211660939895,493.1350410946481,472.12580180085973,482.6304214477539,484.78618409053456,491.3826015463904,483.3457916259766,482.6304214477539,495.5958758544922,484.26648376465346,486.04093293640653,-1.7744491717530764,0.8294241246573828,88.29797232008141,81.07826790964816,6.931330842400789,5.252309823447103,0.0007801596803003186,0.0007798555139255491,22849645.0,0.28008702517120465
2025-12-31,486.7290680267604,487.0284031238816,482.1993981667827,482.5186767578125,15601600,46.144701527225365,-1.7824346923399048,-3.1516238713431726,492.39627517961975,472.2280198643255,482.31214752197263,484.5702310112277,491.0349966527207,484.0671447753906,482.31214752197263,494.95325256347655,483.9975903789856,485.7800250713255,-1.7824346923399048,1.0636722333217832,67.76597164295772,77.47644161211711,6.069014207392692,5.0420638288235535,-0.007918308222643278,-0.007949824505874468,22651590.0,0.11883538312596365
2026-01-02,483.2869444224563,483.5563186075122,469.0893385249197,471.8630065917969,25571600,37.35801667132761,-2.6184034787798964,-3.0449797928305173,492.9206403613929,471.22574635735714,482.073193359375,483.3600191617581,490.28315390523346,483.7498718261719,482.073193359375,494.08018676757814,482.1307313348027,484.7491348135826,-2.6184034787798964,-0.39593596019446686,14.241805441771463,56.768583134936904,6.377594659584004,5.4237235010089275,-0.022083435687120456,-0.0223309251501613,22199415.0,0.6390370218439134
2026-01-05,472.98042932285466,474.9858617296903,468.4308161640092,471.773193359375,25250300,37.293558011763274,-3.250690011155143,-3.086121836495443,493.4301015816756,469.91910496129316,481.6746032714844,482.25651194248354,489.55727309951357,482.639404296875,481.6746032714844,493.14796264648436,480.5372639539677,483.7879539651228,-3.250690011155143,-0.7430914517741128,16.60061272493736,32.86946326988888,6.337686716942073,5.877749155095611,-0.0001903375156925291,-0.00019035563217633658,22346020.0,-0.012564720236512339
2026-01-06,472.72102257015473,477.64977534720424,468.68025764779384,477.4203186035156,23037700,43.853390782826835,-3.2585433716184298,-3.1206061435200407,493.34827245254627,469.53699366073494,481.4426330566406,481.7959221006771,489.0813140996705,481.90009155273435,481.4426330566406,492.3282830810547,480.05773390005197,483.3162772716704,-3.2585433716184298,0.5019796066689319,44.648236828277156,25.163551664995357,6.393985233273794,5.952819697952824,0.011970000253572977,0.01189892640767269,22367470.0,-0.08762668166318821
2026-01-07,478.6674756822987,488.5848422406915,476.86159994291296,482.3690185546875,25564200,48.89841616685041,-2.832793804690027,-3.0630436757540385,492.30266473656803,469.82932073706473,481.0659927368164,481.85050271534476,488.8180868233967,481.755419921875,481.0659927368164,491.5468304443359,480.41331615461127,483.2461099593013,-2.832793804690027,-0.10537863312650707,69.15840208624348,43.46908387981936,6.7317849637977645,5.6183359998758124,0.010365499243197629,0.010312145829044314,22547385.0,0.10966806582254307
2026-01-08,480.14408679814625,481.5608665012806,474.7763335277468,477.0212097167969,18162600,44.26916651240762,-2.893552611917528,-3.0291454629867367,490.7317104828626,470.0124423491686,480.3720764160156,481.3905700488164,488.3554641917653,480.88340759277344,480.3720764160156,490.5008752441406,479.89145362571674,482.78500623763426,-2.893552611917528,-1.607264895743627,42.62370962557481,52.14344951336518,6.917790066090199,5.179817033423478,-0.011086551233978836,-0.01114846507572145,22720710.0,-0.2895298894547844
2026-01-09,472.9804540365218,478.72734693664125,471.1247042989064,478.1885681152344,18491000,45.48245785648458,-2.815058100190072,-2.9863279904274043,490.7301793047713,470.08581190616616,480.4079956054687,481.08561748371335,487.95676238484253,480.0114013671875,480.4079956054687,489.2681414794922,479.6294712394887,482.44452933967875,-2.815058100190072,-1.1630805578568097,48.41589424415135,53.399335318656576,6.500169571287399,5.1610918496512745,0.0024471834263524173,0.002444193949197288,21857450.0,0.018081111735104072
2026-01-12,475.5845048686955,479.89464390147504,474.59673866594744,476.09332275390625,23519900,43.645803581698765,-2.8886211970315685,-2.966786631748237,490.5461266352777,469.64229499558166,480.0942108154297,480.61016084277935,487.49152945813915,478.96079711914064,480.0942108154297,488.0038604736328,479.08544839555293,481.9740695925845,-2.8886211970315685,-1.986244447052455,38.01973144592878,43.019778438551675,6.496604966220575,5.225957909924014,-0.00438162996992264,-0.0043912574434964635,21799985.0,0.27196473960305023
2026-01-13,473.5990225282599,474.6965236309785,464.888922501957,469.5981750488281,28545800,38.460888706688266,-3.431468782745128,-3.0597230619476155,491.11724395228885,468.2869674734924,479.7021057128906,479.56140029097446,486.78982928522504,477.3215393066406,479.7021057128906,486.9241687011719,477.6258678806722,481.05733666341735,-3.431468782745128,-3.555175292143126,19.873685422613775,35.436437037564666,6.866472555329868,5.707569119699125,-0.013642593572847694,-0.013736508896486622,22164870.0,0.21368713302352482
2026-01-14,465.39775666549855,467.13381499707015,456.1289340170423,458.3338928222656,28184300,31.47707454795193,-4.716246883269378,-3.391027826211968,493.6440049813592,464.2197248770392,478.9318649291992,477.5397329130022,485.67391020824624,474.5179382324219,478.9318649291992,485.77753356933596,474.6578717178404,479.3741186011098,-4.716246883269378,-5.808777082661227,6.793705448109045,21.56237410555056,7.608349794577156,7.356070026079995,-0.023987065591537404,-0.024279440189170654,22387700.0,-0.012663859481955364
2026-01-15,463.0630900555096,463.1927988881192,454.8618076165624,455.6200866699219,23225800,30.06084227504573,-5.885578969812741,-3.8899380549321227,495.94781312019325,459.94741087883017,477.9476119995117,475.45214755651836,484.49532889301787,471.8280792236328,477.9476119995117,484.5921569824219,471.7289817104683,477.61456068028104,-5.885578969812741,-6.249227234379774,2.2485492833345027,9.638646718019137,7.894837997956297,9.00010056034078,-0.005921024377300688,-0.005938623145013116,22513710.0,-0.17593128089042476
2026-01-16,456.78739866953146,462.13520850615447,455.4404972994736,458.8127746582031,34246700,33.832622549207244,-6.479962856560007,-4.4079430152576995,497.0496341095689,457.22329374687644,477.13646392822267,473.86744537572645,483.4881699034173,470.52305603027344,477.13646392822267,483.52440979003904,469.74187293319676,476.22183578975677,-6.479962856560007,-5.665878728163977,11.715929736684492,6.919394822709375,8.219097023857074,9.956585090673123,0.007007346870100184,0.006982909509314685,22999685.0,0.4745111040308623
2026-01-20,450.1924514863621,455.7597309230742,448.2568669541529,453.48492431640625,26130000,30.843335960745335,-7.296816209835129,-4.985717654173186,497.98873176629536,453.3449016565562,475.6668167114258,471.92625289388644,482.3115720372601,468.69422912597656,475.6668167114258,482.49291259765624,467.240803915229,474.5376201250641,-7.296816209835129,-6.01712510622236,12.96384786269813,8.976108960905735,8.675910629386452,11.160957527434778,-0.011612253703628728,-0.01168020245933228,22877510.0,-0.2370067772953306
2026-01-21,451.56931960591265,451.65911099901973,437.68100562513575,443.0986328125,37980500,26.017330606491726,-8.682182504480977,-5.725010624234745,499.76581237427206,447.39633972533727,473.58107604980466,469.18076526708774,480.77380971472047,465.262060546875,473.58107604980466,481.45405639648436,463.5266237455784,472.20880625005935,-8.682182504480977,-6.09591626753241,10.642866132625981,11.77421457733623,9.506870975718446,13.092368162233699,-0.022903278470751354,-0.023169633344756864,21234730.0,0.4535208572522005
2026-01-22,446.600636936346,451.8087507279656,443.6873036586902,450.1126403808594,25349400,33.5759458660786,-9.109119225551183,-6.4018323444980325,499.601198347821,444.1906443035462,471.8959213256836,467.3647533731612,479.57141091731415,462.0364227294922,471.8959213256836,480.56105712890627,461.46293399716006,470.57205322271125,-9.109119225551183,-4.591306433558979,24.4218031140007,16.0095057031083,9.784093329887497,13.852638511068717,0.015829449808587803,0.0157054707038651,21654050.0,-0.3325680283303274
2026-01-23,450.8409629929935,470.0271819611143,449.50401819491054,464.888916015625,38000200,46.07520291040735,-8.1610719424134,-6.753680264081106,497.92699256071137,443.779608391437,470.8533004760742,467.12895933911017,478.99562680352244,460.823193359375,470.8533004760742,479.7807440185547,461.990008153847,470.1510800962604,-8.1610719424134,-2.624815513622412,53.44962619610239,29.504765147576382,10.216677878716874,13.536846042318587,0.032827950848620446,0.03230062336052797,22819880.0,0.4990571768957057
2026-01-26,464.25036221183507,473.1700058760031,460.94790240319116,469.20904541015625,29291200,49.09144401003166,-6.980670478939317,-6.799078307052749,495.96809453064105,443.9685479254136,469.9683212280273,467.3270627744479,478.61183929790025,459.9252410888672,469.9683212280273,479.0334552001953,463.10062927020226,470.0812997491416,-6.980670478939317,-2.728196181413601,61.93647057122963,46.60263329377759,10.621467729226213,12.999886651306875,0.009292820813103786,0.009249908201714471,23991645.0,-0.2291830042999774
2026-01-27,472.62128861771004,481.7703893732875,472.0825097961169,479.485595703125,29213900,55.47183910654836,-5.156520927445683,-6.470566831131336,494.8375185791165,444.3877469238132,469.61263275146484,468.48501829146477,478.6461042549679,460.26446838378905,469.61263275146484,478.44270080566406,465.62139333680574,470.7779142642514,-5.156520927445683,0.5166197930258087,82.12463511093023,65.83691062608744,10.878026748063418,12.61244291382583,0.02190185886971885,0.021665458667270262,25010230.0,-0.002639017862020032
2026-01-28,482.10959164059926,482.63838346935967,476.9114647448887,480.533203125,36875400,56.07619484251532,-3.585010334331571,-5.893455531771384,493.92870182401896,444.7508086740279,469.3397552490234,469.6324644660872,478.7201081322241,461.35797119140625,469.3397552490234,478.02924865722656,467.9155179196049,471.50052825393647,-3.585010334331571,0.4903159895701673,95.31738627716666,79.79283065310887,10.449717921398591,12.294473287497752,0.0021848569201308177,0.002182473591107379,26309330.0,0.2622552962801954
2026-01-29,438.98802836564175,441.49232224197124,420.06122635013605,432.5128173828125,128855300,33.57871957939453,-6.143601064638062,-5.94348463834472,494.9054646509013,438.3883372289815,466.6469009399414,466.0972599819658,476.9080575146001,458.77586364746094,466.6469009399414,476.5181597900391,462.4689486062522,468.61254967089025,-6.143601064638062,-9.153773701132248,19.897981317613,65.78000090190332,14.226810189107393,14.129281855479952,-0.09993146244609463,-0.10528436571963382,32054870.0,2.4943431122103084
2026-01-30,438.1699022937122,438.5989157576861,425.47886802078926,429.31011962890625,58566800,32.63822399741673,-8.333668254624115,-6.4215213616005995,495.754248721707,432.2186974452852,463.9864730834961,462.59372280548394,475.04147171516115,456.1448669433594,463.9864730834961,474.99659423828126,457.3675903020451,465.7012585566692,-8.333668254624115,-8.579261496434219,14.779983151278296,43.33178358201935,14.620910553333248,15.883887819105437,-0.007404862064634643,-0.0074324141529379046,34203130.0,-0.5454839653471762
2026-02-02,429.2602343395754,429.7590957240154,421.28843915961005,422.4058837890625,42219900,30.645514928588554,-10.505327535944048,-7.23828259646929,498.04266876708573,424.984565119633,461.51361694335935,458.76630956582477,472.97733101217693,452.5041778564453,461.51361694335935,473.60980834960935,451.98886622312466,462.4941937590687,-10.505327535944048,-7.8388287656342746,3.7468263929908883,12.808263620627423,14.84753564825309,18.264525911863203,-0.01608216420757036,-0.016212885627165805,35035545.0,-0.27911547156409433
2026-02-03,421.0489834358989,421.0888704228976,407.6296003977664,410.2735595703125,61424100,27.471474710384342,-13.054871895899055,-8.401600456355244,501.1603530206345,415.71691748717797,458.4386352539062,454.14795242339505,470.5183595830842,448.18304138183595,458.4386352539062,472.1132244873047,445.5711267380766,458.62599863397566,-13.054871895899055,-9.952705867522711,3.5248661080430055,7.350558550770759,15.102670158206434,21.360858883364145,-0.028721958392058156,-0.02914250604864986,36844235.0,0.45486133316279753
2026-02-04,410.0640575889883,418.84400576689177,408.3080557741746,413.2467956542969,45012400,29.40127527452715,-14.666423465848993,-9.654565058253993,501.44575855503035,409.0141596578603,455.22995910644534,450.2526041596714,468.2724158996024,445.19785766601564,455.22995910644534,470.8313507080078,440.59815272518745,455.26457619103644,-14.666423465848993,-9.931279493656438,7.488716689576271,4.920136396870084,14.893149369701531,23.107899724292523,0.00724696002125591,0.0072208269872281825,37942970.0,-0.26718665800557106
2026-02-05,406.51216038211834,407.37018733348754,391.4265972483441,392.7735290527344,66289200,24.556138080111026,-17.395091422306564,-11.202670331064509,502.88045684293076,398.6199124197646,450.7501846313477,444.7784065304393,465.3116752389409,439.4639465332031,450.7501846313477,469.26592407226565,433.2405183140408,450.63560973634736,-17.395091422306564,-13.387742791050805,1.4767080661336238,4.163430287917662,15.856664165015527,26.06513610579154,-0.04954246909318927,-0.05081179884428329,39979220.0,0.47268752610391807
2026-02-06,398.2609865133262,400.87501513504304,392.0252195920243,400.22650146484375,53515300,29.13441782054379,-18.740162917456246,-12.710168848342857,502.1154061375842,391.70549229991576,446.91044921875,440.5353679527636,462.759315483094,432.997705078125,446.91044921875,467.8120422363281,428.1614387987797,446.901601716236,-18.740162917456246,-9.67552778836893,9.64777095273257,6.20439856948085,16.01059876046823,27.602478459417117,0.018975241101618856,0.01879745669478541,41746855.0,-0.1926995649366714
2026-02-09,403.9280678877113,413.94521298339265,399.9571203178888,412.65814208984375,45480500,36.100079084055345,-18.588732923143823,-13.885881663303051,498.80109494575436,388.4667608892066,443.6339279174805,437.88039406105696,460.7945635853195,427.3426147460938,443.6339279174805,466.5471301269531,425.7763162281742,444.36504915131803,-18.588732923143823,-8.321138961866032,23.27719445166159,11.467224490175957,16.255754829143488,27.583583514136922,0.03106151286708836,0.030588866559683087,43096330.0,-0.15014024026773654
2026-02-10,418.66440278178237,422.7151545880433,411.76017861216997,412.328857421875,44857900,35.99914289612522,-18.28452150027954,-14.76560963069835,495.0819703855292,385.8094389162286,440.4457046508789,435.4469143811349,458.8939476573413,420.62694091796874,440.4457046508789,465.10581970214844,423.7074764118205,441.99199791210003,-18.28452150027954,-11.305939286361356,22.916183356921206,18.613716253771816,15.909401778043689,27.31813286732515,-0.0007979599440377516,-0.0007982784835396777,44163230.0,-0.013689383362100238
2026-02-11,415.2322299614449,415.51159110220135,400.096793508188,403.4491271972656,42491000,33.29556964934504,-18.54616314985293,-15.521720334529267,492.34965968023096,381.9268448363706,437.1382522583008,432.3995060779092,456.7196409726325,412.9185333251953,437.1382522583008,463.35701049804686,420.59080730188896,439.1369704517419,-18.54616314985293,-14.015057649923818,13.180895196800238,19.791424335127704,16.388307469368527,27.605703710965088,-0.02153555363583015,-0.021770827640910106,44860490.0,-0.05276439601497174
2026-02-12,404.07770370563327,405.2749831551046,397.1036315998776,400.9248962402344,40802400,32.54727167632764,-18.741163912901754,-16.165609050203766,490.7931297769715,377.7424750814269,434.2678024291992,429.4019241886068,454.5316117674404,409.7597412109375,434.2678024291992,461.66287719726563,417.56528252317287,436.3064464360746,-18.741163912901754,-16.3843711191549,10.413455744496588,15.503511432739373,15.506035168584475,28.26266367388614,-0.006256627631262779,-0.006276282350313641,45491395.0,-0.039740180273469705
2026-02-13,403.528974460687,404.61648859375555,397.1435245648219,400.4060974121094,34091600,32.38616917606008,-18.721753432486764,-16.676837926660365,489.0260715442812,373.988134388336,431.5071029663086,426.6404168765594,452.4090425770353,406.8693389892578,431.5071029663086,459.89331604003905,414.92540789070154,433.6471613231883,-18.721753432486764,-16.674624186592855,9.84467088716697,11.14634060948796,15.16681092259317,28.75948428898629,-0.001294005019369382,-0.0012948429668145959,46034685.0,-0.16447071740877983
2026-02-17,398.31087932693146,399.60790672873594,393.6315571718042,395.95623779296875,32078800,30.970169103493348,-18.84816703217865,-17.111103747764023,486.4672118066356,370.26134043945814,428.36427612304686,423.71811410669363,450.1952070953072,404.22437438964846,428.36427612304686,458.27959899902345,412.0070740295119,430.85524106169055,-18.84816703217865,-8.452137860573023,4.966069334119696,8.408065321927781,14.753467799534162,29.051467841794366,-0.011113366274641656,-0.011175581103172197,45926290.0,-0.05904093677034816
2026-02-18,397.2233488345012,401.6432531481791,395.41747315874426,398.69000244140625,23223400,32.91085586415821,-18.51433700833337,-17.391750399877893,483.90725162020806,367.34180843838567,425.62453002929686,421.3344844242853,448.1753951480954,403.06601867675784,425.62453002929686,456.6584991455078,409.95829378518795,428.4726307935213,-18.51433700833337,-7.132400515964518,14.507739963791046,9.772826728359265,14.789100747031581,29.141360795455604,0.006904209070364153,0.006880484157494272,45780960.0,-0.276051473247129
2026-02-19,400.69000244140625,404.42999267578125,396.6700134277344,398.4599914550781,28234000,32.82723299742507,-18.060148128066714,-17.525429945515658,482.2735603819924,364.5116355408592,423.3925979614258,419.1559612843608,446.2257714738594,401.58733825683595,423.3925979614258,454.98650451660154,408.1893241959403,426.249472324007,-18.060148128066714,-5.668929636866108,14.910003215850312,11.461270837920381,11.023958066544647,29.44048121028331,-0.0005769168650320289,-0.0005770833455999856,45293635.0,0.21575652143958246
2026-02-20,396.1099853515625,400.1199951171875,395.1600036621094,397.2300109863281,34015200,32.353814003617146,-17.596606585443965,-17.53966527350132,479.325969645469,362.17096333792944,420.7484664916992,417.067775541691,444.30436910179935,402.0329864501953,420.7484664916992,453.1330682373047,406.5032760098461,424.09988259529007,-17.596606585443965,-3.179232070827362,15.139669911334694,14.85247103032538,10.441096903557597,29.288751576884895,-0.0030868355547025716,-0.003091609658687483,45726925.0,0.20476021817666634
2026-02-23,395.0,395.3599853515625,383.1000061035156,384.4700012207031,43238300,27.86432063636424,-18.050794399901122,-17.641891098781283,473.56186188127947,359.8931796226268,416.72752075195314,413.96322560635883,441.95792330254073,400.45733642578125,416.72752075195314,451.0044775390625,403.113541426901,421.16433582680213,-18.050794399901122,-6.963585619104736,3.45826071489439,11.16931128069316,10.845336069158106,28.417170564663174,-0.032122471647954565,-0.032649720007401746,45988830.0,0.2711464286554246
2026-02-24,384.1400146484375,389.3599853515625,381.7099914550781,389.0,33884700,31.49847882215893,-17.839565071000266,-17.681425893225082,465.1043037757158,360.32983318717487,412.7170684814453,411.58577554861034,439.88114199655877,398.0915222167969,412.7170684814453,449.2350738525391,400.94222736122396,418.7817924322242,-17.839565071000266,-0.9607391470181624,17.77826982734582,12.125400151191664,10.33631539095727,26.193617647135234,0.01178245055508631,0.011713577948725896,46218505.0,-0.21632672884919157
2026-02-25,390.5299987792969,401.4700012207031,390.1600036621094,400.6000061035156,43625500,39.85453589161149,-16.54541550795136,-17.454223816170337,450.85953316893654,366.68604483399315,408.77278900146484,410.5395117919347,438.3407052948708,396.91863708496095,408.77278900146484,447.5996936035156,400.88957793696113,417.4349934449125,-16.54541550795136,0.09332331499909033,46.067405187936714,22.43464524339234,10.47446190724198,21.043372083735832,0.029820067104153303,0.029384094849206652,46939085.0,0.2874689756733866
2026-02-26,404.7099914550781,407.489990234375,398.739990234375,401.7200012207031,34405900,40.60784438615361,-15.253584581593827,-17.014095969255035,429.97699509783456,379.6872627146654,404.83212890625,409.69955840419834,436.9045992527466,396.7457244873047,404.83212890625,446.0852880859375,401.0173353652291,416.2709199468229,-15.253584581593827,-2.6506543197587455,48.79875663642566,37.54814388390276,9.54087630681678,12.572433095792277,0.002795794059219592,0.0027918930961768774,46815610.0,-0.211335113637666
2026-02-27,390.8800048828125,396.82000732421875,389.8800048828125,392.739990234375,51367200,36.644809670710345,-14.783990463481246,-16.56807486810028,424.8681666213196,380.8188084763367,402.84348754882814,408.08436143564376,435.1726538010458,395.92723388671874,402.84348754882814,444.46531372070314,399.74389765279,414.52788811627124,-14.783990463481246,-4.75078734725996,26.899048647923955,40.58840349076214,9.754462077879058,11.012339536245712,-0.022353905603506474,-0.02260754110711472,42941205.0,0.49297649531039744
2026-03-02,392.8599853515625,401.19000244140625,390.6300048828125,398.54998779296875,35474900,40.67859806321165,-13.784120731357234,-16.011284040751672,419.5136518246319,383.0973100894306,401.30548095703125,407.1763258506271,433.73647082033693,395.7416229248047,401.30548095703125,442.9302105712891,399.5602192128175,413.34433994417475,-13.784120731357234,-1.2143140421026246,41.06799010476927,38.921931796372995,9.509598141671193,9.104085433800314,0.014793496213936663,0.014685139788609984,41786610.0,-0.3093861452444361
2026-03-03,393.1400146484375,406.70001220703125,392.6700134277344,403.92999267578125,38199200,44.2201963313992,-12.414488833983285,-15.291924999397995,415.73298461219326,385.0303881905411,400.3816864013672,406.8671512625466,432.567589324472,396.53899841308595,400.3816864013672,441.508095703125,400.23249205327346,412.64698088725675,-12.414488833983285,0.7495409897783499,65.73653747950422,44.56785874406585,9.729242627630018,7.675649105413031,0.013498946299321357,0.013408647244178758,41585575.0,0.07679514248102182
2026-03-04,401.2699890136719,411.0299987792969,400.30999755859375,405.20001220703125,35808000,45.05413728257852,-11.098627654528059,-14.453265530424009,414.9495883171624,385.3064297492438,400.1280090332031,406.70837611440226,431.494351006141,397.18999938964845,400.1280090332031,439.95453857421876,400.99672592308235,412.0953535776104,-11.098627654528059,1.1972631850278348,80.11601256507882,62.3068467164508,9.39390002953643,7.410789641979642,0.0031441575378865494,0.0031392250109650473,40304770.0,-0.06259816959517472
2026-03-05,404.4200134277344,411.6099853515625,404.3999938964844,410.67999267578125,39001300,48.6233881500682,-9.504052759675346,-13.463422976274277,414.380860048929,385.61847771962573,399.99966888427736,407.08662531072406,430.6781016598524,398.41199951171876,399.99966888427736,438.47186950683596,402.48645926965145,411.9905120293268,-9.504052759675346,3.718530857066841,96.88965596782079,80.91406867080131,9.325231450954366,7.190595582325803,0.013524136978431578,0.013433502095925965,40004215.0,0.08917839588918675
2026-03-06,409.20001220703125,413.04998779296875,408.510009765625,408.9599914550781,31123900,47.57869433213838,-8.283641725648295,-12.427466726149081,415.2993433291491,386.31864067964,400.80899200439455,407.26504113399585,429.82641106358676,399.5849975585937,400.80899200439455,436.97475463867187,403.4823872981786,411.7660290238269,-8.283641725648295,2.5759334196450565,86.94959535478392,87.9850879625612,9.115732450840804,7.2451756623772825,-0.004188178755669236,-0.004196973741552476,38245950.0,-0.20197788278852247
2026-03-09,404.9200134277344,410.2099914550781,403.5,409.4100036621094,30131900,47.894129914640864,-7.197180349417749,-11.381409450802815,416.2543369340582,386.2819972944575,401.26816711425784,407.4693232795305,429.02576763607783,402.07899780273436,401.26816711425784,435.4481280517578,404.3943282772449,411.59150862666263,-7.197180349417749,2.748083230902177,88.38549918253,90.7415835017116,9.111121823324586,7.493084909900186,0.0011003819846291396,0.0010997770081359087,37076780.0,-0.03187261236541694
2026-03-10,410.0299987792969,410.20001220703125,402.92999267578125,405.760009765625,31706400,45.50251749228465,-6.555112626456207,-10.416150085933493,415.10142025432845,386.7451007417653,400.9232604980469,407.3065315163014,428.11338497449145,403.7549987792969,400.9232604980469,433.8251556396484,404.60443312161107,411.1595457480673,-6.555112626456207,2.1473701743019764,76.73905909641083,84.02471787790829,9.18571036202567,7.089079878140768,-0.008915253325116002,-0.008955231986681241,36388075.0,0.05225359170845523
2026-03-11,405.57000732421875,409.010009765625,401.5899963378906,404.8800048828125,25512100,44.92011000330597,-6.047565795682715,-9.542433227883338,413.83032270955295,387.2713130326345,400.5508178710937,407.0754337416834,427.2022720297197,404.18299865722656,400.5508178710937,432.1907684326172,404.6468287771805,410.6943945728632,-6.047565795682715,5.308607588968459,73.93112997821703,79.68522941905265,9.161427089146205,6.639752419229612,-0.002168781697636457,-0.002171136910573758,35420785.0,-0.19536434284560844
2026-03-12,404.6300048828125,406.1199951171875,401.7099914550781,401.8599853515625,27263900,42.89117193180661,-5.821910255026182,-8.798328633311908,413.6967541012741,387.2459674563431,400.4713607788086,406.57872437119573,426.20845686587046,404.1969970703125,400.4713607788086,430.5081530761719,404.2180836347777,410.0399938898039,-5.821910255026182,3.305908830735861,64.29481892479568,71.65500266647454,9.122142246791295,6.612696661232752,-0.007459048347235875,-0.007487006160910448,34659430.0,0.06866545678325187
2026-03-13,401.0,404.79998779296875,394.25,395.54998779296875,26848000,38.93419678251149,-6.082129676507634,-8.255088841951054,413.60644137069454,386.79878934219613,400.20261535644534,405.5283685066027,425.0061639610508,404.4779968261719,400.20261535644534,428.6917547607422,402.88453042834556,408.9666601048532,-6.082129676507634,-1.2606136379443644,44.16081032261582,60.79558640854288,8.866426740373884,6.701913007124604,-0.015701980263283843,-0.015826562198313323,33961710.0,-0.015254604073518419
2026-03-16,398.07000732421875,400.6300048828125,394.7900085449219,399.95001220703125,27733700,42.89071109403134,-5.86569417396521,-7.7772099083538855,413.5837313700646,386.7758908223183,400.17981109619143,404.9970964780721,424.02356977461864,404.6179992675781,400.17981109619143,427.0403814697266,402.4330660866049,408.29876026057013,-5.86569417396521,-0.44060266063263587,43.46143613168009,50.639021793030565,8.73714120047433,6.70196013693659,0.011123813803188609,0.011062399209724537,33643815.0,0.03298942193087018
2026-03-17,400.2699890136719,404.3999938964844,397.75,399.4100036621094,26228300,42.52654043651489,-5.672354286109851,-7.356238783905079,413.61556032847665,387.0894384508202,400.3524993896484,404.4649924003614,423.05833188785357,404.16600036621094,400.3524993896484,425.5913214111328,401.96797955975944,407.6403338458693,-5.672354286109851,1.698328052550472,41.13079761970618,42.91768135800073,8.321426391601562,6.6315304694141135,-0.001350190094862036,-0.0013511024228114073,33351290.0,-0.05428053234873098
2026-03-18,397.1300048828125,398.0,391.0,391.7900085449219,25908500,37.66654130687716,-6.064097810259682,-7.0978105891759995,413.80100379939324,386.2139955902552,400.0074996948242,403.2578510807957,421.83212312930726,402.825,400.0074996948242,423.99165771484377,400.40213786516904,406.4662356754287,-6.064097810259682,-1.6961433835392368,8.243440098836459,30.945224616740944,8.297140938895089,6.896752052284504,-0.019078127856892224,-0.0192624636248771,33485545.0,-0.012192936637143825
2026-03-19,390.1000061035156,392.489990234375,387.05999755859375,389.0199890136719,25138800,36.05353234541385,-6.522883066029408,-6.982825084546682,414.1722486758256,384.8987504696822,399.5354995727539,401.9018642172601,420.54537277183135,400.65899963378905,399.5354995727539,422.22365112304686,398.65103804186174,405.17392110789115,-6.522883066029408,-3.691234603140017,7.541332018223662,18.971856578922132,7.839283534458706,7.318374551535847,-0.007070163788856276,-0.007095275831026389,33330785.0,-0.029708396858173947
2026-03-20,386.7900085449219,387.0,380.1199951171875,381.8699951171875,50853200,32.2183039322247,-7.37836523746563,-7.061933115130472,415.39070248044754,382.14429507814623,398.7674987792969,399.9940671601103,419.0286912951787,397.95,398.7674987792969,420.2136706542969,396.0693391303734,403.44770436783904,-7.37836523746563,-5.75765458711872,5.3143042491080115,7.033025455389411,7.720711844308036,8.311601850575334,-0.018379502592174246,-0.01855050417363923,34172685.0,1.022896876541442
2026-03-23,383.8999938964844,387.2099914550781,381.67999267578125,383.0,29680100,33.42367990954679,-7.874388027996588,-7.224424097703695,415.59407232299054,381.79392511353285,398.6939987182617,398.3755845734332,417.6158014404658,395.3089996337891,398.6939987182617,418.33324645996095,394.0586715718544,401.933059599851,-7.874388027996588,-6.740039244530162,8.745841249247023,7.200492505526266,7.113568987165179,8.45003680236442,0.002959135038786531,0.002954765416776362,33494775.0,-0.41635727938458145
2026-03-24,382.3599853515625,382.4700012207031,371.8500061035156,372.739990234375,42733600,28.47270266329447,-8.99173557421176,-7.577886393005309,418.0020888492551,377.7599076107059,397.8809982299805,395.93409939828473,415.85596570689364,392.0069976806641,397.8809982299805,416.2242749023437,390.77887444301143,399.7706100172232,-8.99173557421176,-8.856612377125815,2.1601566174656917,5.406767371940275,7.144282749720982,10.060545309637291,-0.02678853724706265,-0.02715388972769002,33937220.0,0.4398064696547519
2026-03-25,376.9200134277344,377.05999755859375,369.6300048828125,371.0400085449219,31181200,27.73951247626016,-9.900291472265906,-8.042367408857428,419.7648337039408,373.04116300016074,396.40299835205076,393.56323360272637,414.0984771907379,388.622998046875,396.40299835205076,414.1232086181641,387.74212584330536,397.64241731557127,-9.900291472265906,-9.372021878794804,3.247361163238885,4.717786343317234,7.159997122628348,11.680917675945018,-0.004560770869753483,-0.0045712029160832725,33315005.0,-0.27033528651927285
2026-03-26,370.82000732421875,374.7200012207031,365.19000244140625,365.9700012207031,36836600,25.620540266610192,-10.903744210596301,-8.614642769205204,421.47351327726045,367.75748342684113,394.6154983520508,390.93530670920035,412.21108597622674,385.03399963378905,394.6154983520508,412.05064514160154,384.3925682090588,395.2963124196551,-10.903744210596301,-9.806291302069264,1.732561016529794,2.380026265744823,7.516427176339286,13.429007462604833,-0.013664314379738696,-0.013758530372588954,33436540.0,0.1813721088348108
2026-03-27,361.8999938964844,362.45001220703125,356.510009765625,356.7699890136719,37883400,22.292759096088247,-12.299570045340829,-9.35162822443233,424.5743002583931,361.05969632363815,392.81699829101564,387.68146692867384,410.03692531102854,381.1559997558594,392.81699829101564,410.01936706542966,380.14294064053774,392.4425106858786,-12.299570045340829,-11.882536872391482,0.4842228277612751,1.8213816691766844,7.712855747767857,15.878650983688756,-0.02513870584021738,-0.025460080504767918,32762350.0,0.028417389227018752
2026-03-30,361.8999938964844,365.3599853515625,356.2799987792969,358.9599914550781,44797000,24.7968125951391,-13.07829869495339,-10.096962318536542,425.857976504258,355.81702044398423,390.8374984741211,384.9460883121409,408.03390829706973,377.05699768066404,390.8374984741211,408.08616516113284,376.88402538123626,389.96232407618965,-13.07829869495339,-10.675358448279896,5.082480784000065,2.433088209430411,7.842139107840402,17.51023901506845,0.0061384155305796995,0.006119652203548736,33228455.0,0.18249681918729577
2026-03-31,364.54998779296875,372.8999938964844,363.07000732421875,370.1700134277344,45244400,36.1404983605276,-12.645126525806006,-10.606595159990436,424.76234657481444,353.5366524486231,389.1494995117188,383.53884308505457,406.54904967474283,374.13299865722655,389.1494995117188,406.3133099365234,375.8511004653129,388.49622699111893,-12.645126525806006,-6.416375969784703,27.869212819098227,11.14530547695322,8.307852608816964,17.806423531547832,0.031229168262500107,0.03075145798999422,33580715.0,0.009987275933656337
2026-04-01,373.489990234375,373.989990234375,368.20001220703125,369.3699951171875,29417200,35.7263228610297,-12.225461739699313,-10.93036847593221,423.17544806769746,351.5405492467557,387.3579986572266,382.18942899287674,405.09104753523087,371.8909973144531,387.3579986572266,404.6310113525391,374.8540073348321,387.0794690745314,-12.225461739699313,-7.645959784097775,26.97856410108038,19.97675256805959,8.406422206333705,17.908724705235446,-0.0021612185793732364,-0.0021635573826314564,33261175.0,-0.34981566779535145
2026-04-02,367.2099914550781,373.6400146484375,364.1499938964844,373.4599914550781,24047500,39.541009221306055,-11.431075527166342,-11.030509886179036,420.05800115668706,350.9359960356958,385.4969985961914,381.35805398927687,403.85061396346015,370.3349975585937,385.4969985961914,403.2382385253906,374.6395433533315,386.0706188804978,-11.431075527166342,-6.497086194411969,35.702399042108176,30.183391987428962,8.330710274832589,17.280501280247826,0.011072898156205158,0.011012042440085764,32513485.0,-0.18253606733475658
