Date,Open,High,Low,Close,Volume,RSI,MACD,MACD_Signal,BB_Upper,BB_Lower,BB_Middle,EMA_20,EMA_50,SMA_10,SMA_20,SMA_50,EMA_12,EMA_26,EMA_Diff,ROC,Stoch_K,Stoch_D,ATR,Volatility_20,Daily_Return,Log_Return,Volume_SMA_20,Volume_Change_Pct
2021-06-14,17.865076259269316,17.998270294606797,17.622382309836595,17.977567672729492,321376000,77.22896975528249,0.8174642145810331,0.6531204449025877,18.825252895762823,13.47869674641857,16.151974821090697,16.50383448406789,15.556677697496955,17.287446975708008,16.151974821090697,15.330933437347412,17.037390338095058,16.219926123514025,0.8174642145810331,14.795410874224343,99.19668238573946,94.0151362083226,0.4756122846993095,1.3366390373360635,0.01085518586191836,0.010796691264295643,444965600.0,-0.22803309088463353
2021-06-15,17.874054743695652,17.975073024219547,17.687481873167364,17.74784278869629,243032000,72.20486832879857,0.8135855793608862,0.6852134717942475,18.91821406176227,13.747531005834162,16.332872533798216,16.62231146546107,15.642605740289087,17.439870262145995,16.332872533798216,15.406843624114991,17.146690715110633,16.333105135749747,0.8135855793608862,14.879762126182436,90.28273675742602,95.11967372550448,0.4723930723285216,1.2926707639820274,-0.012778418538881509,-0.012860764784394269,446268200.0,-0.2437767599322912
2021-06-16,17.75009034027756,17.91371508228744,17.54431057593765,17.76954460144043,307124000,72.38761719735585,0.8030063307963609,0.7087720435946702,18.93114805141388,14.113500023689877,16.52232403755188,16.73157176412577,15.72601510739306,17.543217658996582,16.52232403755188,15.485701503753662,17.2425143899306,16.43950805913424,0.8030063307963609,9.663738685477188,91.12482567457246,93.53474827257931,0.48399497805403285,1.204412006931001,0.0012227859465807622,0.0012220389527255666,452311600.0,0.26371835807630273
2021-06-17,17.733876709616816,18.791952156008932,17.715668906709517,18.614608764648438,809656000,78.35540940599122,0.8529792022818157,0.7376134753320993,19.030902894037006,14.472167365057233,16.75153512954712,16.910908621318406,15.839293290030527,17.711969947814943,16.75153512954712,15.57583480834961,17.453605832194885,16.60062662991307,0.8529792022818157,14.737773229793538,94.67424023437714,92.02726755545854,0.540210150533901,1.1396838822449427,0.04755688354216492,0.04646067543727376,475594400.0,1.6362511558849193
2021-06-18,18.741067781626178,19.330716599231298,18.541524139406174,18.596149444580078,968856000,77.95905192910018,0.8809386378586197,0.7662785078374035,19.130875995049138,14.774232838263849,16.952554416656493,17.071407747343326,15.947405296091295,17.818179321289062,16.952554416656493,15.66213768005371,17.62938177256184,16.74844313470322,0.8809386378586197,11.114190734742103,78.81533998018756,88.20480196304572,0.5403293774098029,1.0891607891963222,-0.0009916576975507185,-0.0009921497153476593,507957600.0,0.19662671554339117
2021-06-21,18.393111064126522,18.49413123103555,17.782011843653176,18.385129928588867,672384000,73.38880671018342,0.8759715261333589,0.7882171114965946,19.17651766737775,15.071698198711118,17.124107933044435,17.196524145557188,16.043002340502966,17.899222373962402,17.124107933044435,15.742564353942871,17.74565071964292,16.869679193509562,0.8759715261333589,8.61367433688787,69.84766135086522,81.1124138551433,0.5639262563814208,1.0262048671666588,-0.01134748441445299,-0.01141235835330826,507927200.0,-0.30600213034754387
2021-06-22,18.42928050020568,18.920405816851837,18.34397521012506,18.84358024597168,580144000,76.59854844623774,0.8986688681781985,0.8103074628329154,19.340826160216025,15.234472721314738,17.28764944076538,17.35338663131095,16.15282892503115,18.042269134521483,17.28764944076538,15.816020698547364,17.91456295446273,17.015894086284533,0.8986688681781985,7.46846341658422,82.53620798226736,77.06640310444006,0.5564189573490894,1.0265883597253223,0.024935930241641868,0.024630103555397475,509193600.0,-0.13718351418237196
2021-06-23,18.96430647751163,19.108975530104733,18.864534651482277,19.01369285583496,332356000,77.67460194535964,0.9197806820408445,0.8322021066745012,19.489421969729367,15.426405113858277,17.457913541793822,17.51151103364657,16.265019667415615,18.21178092956543,17.457913541793822,15.883492984771728,18.08365986236615,17.163879180325306,0.9197806820408445,8.187869511028842,86.0844461890943,79.48943850740896,0.5272114015800445,1.015754213967773,0.009027616177114117,0.008987110845402253,504041000.0,-0.4271146473978874
2021-06-24,19.183806109567367,19.375616025449478,19.044623366172903,19.161605834960938,320924000,78.59618954749891,0.9376387717832699,0.853289439696255,19.615123183642,15.650811665143396,17.6329674243927,17.66866291948603,16.37861128182916,18.38942356109619,17.6329674243927,15.961953239440918,18.24949770430381,17.31185893252054,0.9376387717832699,10.0412443811185,90.44113503750812,86.35392973628991,0.5038123279312737,0.9910778796246517,0.007779287287718262,0.007749184649622954,501565200.0,-0.03439685156879968
2021-06-25,19.236435003149623,19.30128697907614,18.851317522351227,18.987504959106445,278364000,74.68806859183852,0.9270564215499597,0.8680428360669961,19.592953893185964,16.026825502871162,17.809889698028563,17.794266923259404,16.480920837800817,18.50972270965576,17.809889698028563,16.01976978302002,18.363037281965752,17.435980860415793,0.9270564215499597,9.636647719732364,82.66483822497962,86.39680648386069,0.4917965168397819,0.891532097578701,-0.00908592303557565,-0.009127451776971631,486409600.0,-0.13261706821552766
2021-06-28,19.317000214420624,20.03286106908621,19.274847095565143,19.9393253326416,495436000,80.42017286867795,0.9841293516315126,0.8912601391798994,19.852448335098334,16.14089711625665,17.99667272567749,17.99855820034342,16.61654454348085,18.705898475646972,17.99667272567749,16.101106357574462,18.605543135915884,17.62141378428437,0.9841293516315126,14.691512446569282,96.77029883553915,89.95875736600897,0.5400670174916884,0.9278878047104216,0.05012877550710848,0.04891279998945573,478954600.0,0.7798134816283715
2021-06-29,19.837056837882255,20.052812050401002,19.612072127487256,19.98097801208496,367632000,80.62692970705615,1.0209521818033487,0.9171985477045894,20.045291675253267,16.323790584878566,18.184541130065917,18.18736008717595,16.74848311087709,18.92921199798584,18.184541130065917,16.194263343811034,18.817148501480357,17.79619631967701,1.0209521818033487,12.35043366154355,97.5366081246579,92.32391506172557,0.5487969823359943,0.9303752725936756,0.0020889713542699972,0.002086792487476419,473696000.0,-0.25796268337383643
2021-06-30,19.953542508047825,20.116419372850345,19.81835223637548,19.956785202026367,326568000,80.0978756097558,1.036237284049509,0.9410062949735735,20.23574515857281,16.455408558468207,18.34557685852051,18.355876764780753,16.87429887915745,19.147936058044433,18.34557685852051,16.290736846923828,18.992477224641284,17.956239940591775,1.036237284049509,11.009373266324493,94.11494364657929,96.14061686892545,0.5475676449701528,0.9450841500261514,-0.0012107920865516153,-0.0012115256875086526,460316000.0,-0.11169865517691602
2021-07-01,20.079008558061602,20.409251503208573,19.973249900488703,20.165809631347656,480136000,81.24306483036762,1.0530781330594543,0.9634206625907498,20.440449784688777,16.57457630784052,18.50751304626465,18.528251323501408,17.003377732184518,19.303056144714354,18.50751304626465,16.38761541366577,19.17298990259611,18.119911769536657,1.0530781330594543,13.624004175827977,91.50272630253448,94.3847593579239,0.5432385420345286,0.9664683692120641,0.010473852737567402,0.010419381957801805,455322400.0,0.470248156586071
2021-07-02,20.39353374130317,20.458385715167392,20.241382131269432,20.440176010131836,342764000,82.65396582948301,1.0761584166818317,0.9859682134089662,20.710536307014692,16.5951018155439,18.652819061279295,18.71033938889478,17.138154135241276,19.487458801269533,18.652819061279295,16.50016059875488,19.367941611447762,18.29178319476593,1.0761584166818317,15.029261968114369,99.37511202815554,94.9975939924231,0.5372876919666381,1.0288586228676988,0.013605522604839049,0.013513798515117947,441604600.0,-0.28611060199610105
2021-07-06,20.690100221574788,20.79436118669734,20.303736350858006,20.65118980407715,446708000,83.67127195091774,1.0988103555989142,1.008536641846956,20.981638086744425,16.63164907603634,18.806643581390382,18.895182285578816,17.275920239901506,19.71406478881836,18.806643581390382,16.608646965026857,19.565364410313823,18.46655405471491,1.0988103555989142,10.940767357391056,95.59479528884239,95.49087787317747,0.5516119088435814,1.0874972526770224,0.010323482236195947,0.010270559016434512,435152200.0,0.3032523835642016
2021-07-07,20.80584097500275,20.827291472702445,20.28553319651976,20.325191497802734,418428000,76.2328189900445,1.0780299829610733,1.0224353100697794,21.124338650794108,16.780156397728838,18.952247524261473,19.031373639123952,17.39549950491724,19.862225914001463,18.952247524261473,16.706369094848633,19.682260885312115,18.60423090235104,1.0780299829610733,9.297849849913915,83.86372497785608,92.94454409828467,0.5639228924030739,1.0860455632663182,-0.015785933370776162,-0.01591185820246253,439881200.0,-0.06330757452295455
2021-07-08,19.811117972492724,20.086984820406965,19.65572366995776,19.857261657714844,503300000,67.02245744452864,1.0121360857254302,1.0203754652009096,21.143328030667288,17.015035693087594,19.07918186187744,19.110029640894513,17.492039197183814,19.946582794189453,19.07918186187744,16.796652698516844,19.709184081066383,18.697047995340952,1.0121360857254302,8.007186975800549,68.14644521526442,82.53498849398763,0.5348646480134711,1.0320730843949228,-0.02302216144622682,-0.023291310355502134,445963400.0,0.20283537430573473
2021-07-09,19.91687041859039,20.034351439483817,19.70909637948442,20.004419326782227,296624000,68.31880971013825,0.960714571911133,1.0084432865429542,21.150394609319125,17.26989309514865,19.210143852233887,19.195209610979056,17.590563908148457,20.03086414337158,19.210143852233887,16.89197422027588,19.75460488809959,18.793890316188456,0.960714571911133,6.160395559961103,72.97876562563425,74.99631193958491,0.5017262623116334,0.9701253785426197,0.007410773529803905,0.007383448663536713,446406000.0,-0.41064176435525535
2021-07-12,20.193745606159336,20.485825995284976,20.141615103636564,20.46562385559082,321984000,72.02984407096908,0.9462699913415165,0.9960086275026667,21.23968498720483,17.44871375547095,19.34419937133789,19.316201443799226,17.70331135706777,20.178676033020018,19.34419937133789,16.995562267303466,19.86399242155978,18.917722430218262,0.9462699913415165,7.636238845155678,85.43610322366847,75.52043802152237,0.4779597671384797,0.9477428079334698,0.02305513203230669,0.022793378022039193,441689800.0,0.08549544204110249
2021-07-13,20.35387740282785,20.41448952793503,20.068033125156855,20.20372200012207,290708000,67.21492595843772,0.9032768529508175,0.977462272592297,21.27293273753463,17.63808143788041,19.45550708770752,19.40072721106807,17.801366676403234,20.205115699768065,19.45550708770752,17.10020143508911,19.91625851056936,19.012981657618543,0.9032768529508175,5.438563835081921,68.44242443228876,75.6190977605305,0.46518549026042166,0.9087128249135558,-0.012797159632991217,-0.012879748640046661,440156400.0,-0.09713526137944739
2021-07-14,20.311222848316984,20.371085187091623,19.7076060162833,19.796152114868164,380100000,60.44358277423168,0.8267863194569252,0.9473270819652228,21.19174687535307,17.924098232679157,19.557922554016113,19.4383867257157,17.879593556343035,20.186633110046387,19.557922554016113,17.200135517120362,19.897780603538404,19.07099428408148,0.8267863194569252,4.2588384177031635,47.81614617687638,67.23155794427787,0.4936200535943695,0.8169121606684774,-0.02017300996575999,-0.020379263684065247,447009800.0,0.3074975576867509
2021-07-15,19.76647364963509,19.801642801831328,18.815401275503216,18.92290496826172,550564000,49.04345051119711,0.6877750314408928,0.8954166718603569,21.053279046986074,18.177902097728282,19.615590572357178,19.389293225005797,17.920507729359457,20.083245086669923,19.615590572357178,17.29229019165039,19.74779973657276,19.060024705131866,0.6877750314408928,-5.0975664794232305,5.343417494064009,40.53399603440972,0.5382142219310548,0.7188442373144478,-0.04411196385738936,-0.0451144897951052,459181800.0,0.4484714548802946
2021-07-16,18.987011406001077,19.113221502742984,18.031699053764743,18.119497299194336,688224000,41.32161630404297,0.5069356608880149,0.8177204696658885,21.115514599412055,18.066155398756887,19.59083499908447,19.26836027969042,17.928311241902005,19.87861385345459,19.59083499908447,17.366237182617187,19.49729166928377,18.990356008395754,0.5069356608880149,-9.316264257759345,3.1405953469767587,18.76671967263905,0.5833251499491497,0.7623398001637924,-0.04245688864447039,-0.0433845340265358,453110200.0,0.25003451006604127
2021-07-19,17.8743037047261,18.998477447310524,17.824666134451522,18.736827850341797,749060000,48.08547905303186,0.4087210907641854,0.7359205938855479,21.10441720737769,18.091320631367427,19.59786891937256,19.217738143561977,17.96001777556631,19.708279037475585,19.59786891937256,17.451243953704832,19.380297235600388,18.971576144836202,0.4087210907641854,-6.112995351379031,30.37880564951281,12.954272830184527,0.5925005215833811,0.7532741440025652,0.034069960162465884,0.033502433529012755,442120400.0,0.08839563862928346
2021-07-20,18.687190244742556,18.794943201970906,18.122483909884977,18.569459915161133,434687000,46.51983169365883,0.31376327500302637,0.6514891301090435,21.084366500704384,18.12980433669796,19.60708541870117,19.155997359904756,17.98391746731513,19.500106048583984,19.60708541870117,17.527132930755617,19.25555303245589,18.941789757452863,0.31376327500302637,-7.91612013288574,24.804752401891896,19.441384466127158,0.6090519050956799,0.7386405410016058,-0.008932565134156967,-0.008972699675794747,430235550.0,-0.4196900114810562
2021-07-21,18.838843731264284,19.482369991726237,18.699164320803426,19.365636825561523,371017000,54.16518393636121,0.29930316405396695,0.5810519368980281,21.071603841541275,18.194772653820053,19.633188247680664,19.17596302330064,18.038102540187538,19.404150581359865,19.633188247680664,17.629847946166993,19.27248900062599,18.97318583657202,0.29930316405396695,-5.256995752080033,51.32077823627643,35.50144542922705,0.6529692579592682,0.7192077969303056,0.04287560941663937,0.04198190660204456,419779200.0,-0.14647320945875997
2021-07-22,19.597107853695302,19.841546833620864,19.23194323043398,19.549217224121094,323826000,55.73645928867812,0.2992077452290616,0.5246830985642349,21.06947162318512,18.25045730900482,19.65996446609497,19.211511042426398,18.09736193955748,19.37334613800049,19.65996446609497,17.735426635742186,19.315062573471387,19.015854828242325,0.2992077452290616,-5.336121503945952,57.43477441891402,44.52010168569412,0.6641933509596024,0.7047535785450754,0.009479698509953227,0.009435048127678891,419352700.0,-0.1271936326367794
2021-07-23,19.611075532676935,19.654975593030052,19.20600332552339,19.5132999420166,195672000,55.33676091566519,0.29285801572282466,0.4783180819959529,21.069544274518403,18.285554068377106,19.677549171447755,19.24025284238737,18.152888920046074,19.324234199523925,19.677549171447755,17.851214427947998,19.345560630170652,19.052702614447828,0.29285801572282466,-3.9945087645245696,56.238578488408265,54.998043714532905,0.6753645069372399,0.6959975515353247,-0.0018372746945680696,-0.001838964553860744,413090100.0,-0.3957495692130959
2021-07-26,19.266867886400917,19.39756711649879,18.870773917905094,19.249906539916992,203943000,52.37078126932435,0.26353430365474395,0.4353613263277111,21.060042039603708,18.321296461372853,19.69066925048828,19.241172242152096,18.195909218864543,19.202662467956543,19.69066925048828,17.963594665527342,19.33084461628547,19.067310312630728,0.26353430365474395,-3.0586045964796207,47.46647499803273,53.713275968451676,0.6862145918138237,0.6846863945577144,-0.013498147565110918,-0.013590075736243653,409369050.0,0.04226971666871093
2021-07-27,19.220969582862597,19.577154015985894,18.698167007898192,19.164100646972656,248863000,51.40417472825213,0.23071173090322716,0.39443140724281434,21.03545872669079,18.26835730571888,19.651908016204835,19.233832090230244,18.2338775101629,19.098700332641602,19.651908016204835,18.062732830047608,19.305191697929654,19.074479967026427,0.23071173090322716,-4.200665193438225,50.33273394186976,51.34592914277025,0.7103023583784679,0.6917753552429783,-0.0044574706254498775,-0.004467434768580127,397040400.0,0.22025762100194668
2021-07-28,19.27484982328238,19.601102183245256,18.95159086611591,19.45842933654785,202191000,54.50598418839997,0.2258460581904842,0.3607143374323483,21.002886914116385,18.248674250739572,19.62578058242798,19.255222304165255,18.281899150413288,19.06492805480957,19.62578058242798,18.169303646087645,19.328766719255533,19.10292066106505,0.2258460581904842,-4.921396611947514,61.39289962026737,53.064036186723285,0.7088768933273515,0.6885531658442026,0.015358335619140684,0.015241590208644445,388768350.0,-0.18754093617773637
2021-07-29,19.4743887933179,19.80762698019667,19.283825335460097,19.617063522338867,190781000,56.131235149321135,0.23211475612034604,0.3349944211699479,20.97706233692415,18.24052665996306,19.608794498443604,19.28968337256274,18.334258537547623,19.134343910217286,19.608794498443604,18.28203462600708,19.373120073576047,19.1410053174557,0.23211475612034604,-2.903714858973305,67.35399155336653,59.69320837183455,0.7230587922371498,0.6841339192402718,0.008152466113647838,0.008119414276258447,381979000.0,-0.05643178974336149
2021-07-30,19.373617296753032,19.585132640892724,19.218972784196303,19.45443344116211,183497000,54.001334113129545,0.22140760692741424,0.31227705832144115,20.917296790058685,18.229154587809965,19.573225688934325,19.30537385528649,18.378186965140348,19.267837524414062,19.573225688934325,18.390515556335448,19.38562982243544,19.164222215508026,0.22140760692741424,-1.7261873505680043,62.92966967598621,63.89218694987338,0.7171076543542794,0.6720355505621798,-0.008290235742549501,-0.00832479085945215,367147050.0,-0.03817990261084703
2021-08-02,19.654977627712686,19.915380808627756,19.316751690978577,19.704862594604492,217444000,56.724449930766816,0.2304729056186403,0.295916227780881,20.819523372849712,18.25339666346621,19.53646001815796,19.343420401888203,18.43021346041345,19.364640998840333,19.53646001815796,18.493097534179686,19.434742556615294,19.204269650996654,0.2304729056186403,4.132333950069005,73.83688314001586,68.04018145645621,0.731467539155366,0.641531677345876,0.012872600695352121,0.01279045298967947,360881050.0,0.18500029973242071
2021-08-03,19.694886903097746,20.175785713093944,19.176074829948746,19.769716262817383,301811000,57.42733776974184,0.2401223877484817,0.28475745977440114,20.670487504438242,18.3142851777517,19.49238634109497,19.38402000769098,18.48274298207635,19.484666633605958,19.49238634109497,18.589410667419433,19.486276972954077,19.246154585205595,0.2401223877484817,9.107421339423263,82.7286772665543,73.16507669418546,0.7554840900365714,0.589050581671636,0.003291251989275379,0.0032858476741755376,353636200.0,0.3879941502179871
2021-08-04,19.944315500211438,20.271566923364023,19.782685073295433,20.2276668548584,231309000,62.10754361589917,0.28147775701303956,0.28410151922212884,20.651824103463362,18.323196114432143,19.487510108947752,19.46436732646883,18.551171369244276,19.570869636535644,19.487510108947752,18.682509002685546,19.600336954785508,19.31885919777247,0.28147775701303956,7.956731077557537,98.20589094970475,84.9238171187583,0.7208847424807521,0.5821569972578052,0.023164247071280508,0.02290002840390103,344280250.0,-0.23359652232688666
2021-08-05,20.453150082936443,20.685617395724258,20.295510226219236,20.58983612060547,211435000,65.35164499335221,0.33956195918004894,0.29519360721371285,20.7799297785434,18.268347885641166,19.524138832092284,19.571554830672323,18.63111900655256,19.674931526184082,19.524138832092284,18.782137508392335,19.752567595680887,19.413005636500838,0.33956195918004894,10.880102139076158,96.6521179016458,92.52889537263495,0.6763438919012962,0.6278954732255596,0.017904648536372525,0.017746248256546245,329687000.0,-0.08591970048722708
2021-08-06,20.477090195052455,20.52298458479839,20.163806797419902,20.31945037841797,178497000,61.14297293085749,0.3596306400289322,0.30808101377675673,20.828520065227103,18.251260704121044,19.539890384674074,19.64278297807667,18.697328079959046,19.75554656982422,19.539890384674074,18.875315952301026,19.839780331486594,19.48014969145766,0.3596306400289322,4.925288858032628,85.71408709966622,93.52403198367226,0.622930892638908,0.644314840276514,-0.013132000692172019,-0.013218987795665991,323780650.0,-0.1557831011894909
2021-08-09,20.399271142893213,20.461129719952012,20.096964132095703,20.24861717224121,146443000,60.051901650205394,0.36560509843456046,0.3195858307083175,20.7881665029012,18.269913598111984,19.52904005050659,19.70048147275901,18.758162946323054,19.85541763305664,19.52904005050659,18.971307106018067,19.9026783069873,19.53707320855274,0.36560509843456046,3.577636588216699,78.01201850572728,86.7927411690131,0.6009099137653637,0.6295632261973036,-0.0034859804206117673,-0.0034920706079934263,315003600.0,-0.17957724779688178
2021-08-10,20.27555363193905,20.383306595035517,19.78966527712816,19.89043617248535,179238000,54.73317643458837,0.33754665876119105,0.3231779963188922,20.744648210326837,18.282103307922675,19.513375759124756,19.71857239654247,18.80256581793726,19.92805118560791,19.513375759124756,19.04504253387451,19.90079490167931,19.563248242918117,0.33754665876119105,1.9327137469797682,59.98988311307234,74.57199623948861,0.5781050024326674,0.615636225601041,-0.017689158558782392,-0.017847481569774226,309430100.0,0.22394378700245143
2021-08-11,19.997190075674563,20.00317688001312,19.38559215044887,19.653976440429688,185925000,51.49089603695138,0.2928539805766306,0.3171131931704399,20.73229579547015,18.28023815533551,19.50626697540283,19.712420400722205,18.83595446979971,19.947605895996094,19.50626697540283,19.113649864196777,19.86282283071783,19.569968850141198,0.2928539805766306,2.0990746094003514,48.09224111385187,62.031380910883826,0.5786750828881938,0.6130144100336599,-0.0118881119551697,-0.011959340637290117,299721350.0,0.03730793693301648
2021-08-12,19.82459056189546,19.98322568110956,19.57516190406229,19.85951042175293,151652000,54.039463488612014,0.2708968553743283,0.30786992561121757,20.756649436481414,18.34954505967337,19.553097248077393,19.726428974153702,18.87609391889591,19.9718505859375,19.553097248077393,19.176118659973145,19.862313229338614,19.591416373964286,0.2708968553743283,3.628710721106169,58.43383165529233,55.50531862740551,0.57575304785538,0.6017760942020115,0.010457628355575066,0.01040332561730291,279775750.0,-0.1843377706064273
2021-08-13,19.859508704764945,20.167802514416586,19.80563126679169,20.141860961914062,183063000,57.354127799256744,0.2731305256660086,0.3009220456221758,20.67685299540824,18.63157786701852,19.65421543121338,19.765993925368974,18.925731842151524,20.040593338012695,19.65421543121338,19.24041416168213,19.90532057281176,19.632190047145752,0.2731305256660086,3.5122651142379384,72.6405027697334,59.72219184629254,0.5557277066777649,0.5113187820974293,0.014217396812152172,0.01411727746786472,254517700.0,0.20712552422651864
2021-08-16,20.088984173742237,20.24063722279305,19.408541689128278,19.904407501220703,210876000,53.837594961632746,0.25282579725613274,0.2913027959489672,20.64395731186742,18.781231515647224,19.712594413757323,19.779176170688185,18.964111279762083,20.060547828674316,19.712594413757323,19.287821197509764,19.90518010025929,19.652354303003158,0.25282579725613274,1.4647655014963066,54.94821554546797,62.007516656831235,0.5523783156475558,0.46568144905504993,-0.011789052716745352,-0.011859094628149755,227608500.0,0.15193130233853913
2021-08-17,19.640010842343834,19.7248175706279,19.22296688145729,19.413530349731445,204585000,47.37144689649211,0.19487803730331166,0.2720178442198361,20.531753548316946,18.977842322654734,19.75479793548584,19.744352759168496,18.981735557015785,20.024929237365722,19.75479793548584,19.324597816467286,19.829541677101158,19.634663639797846,0.19487803730331166,-0.21025074595141086,15.73029639351104,47.77300490290414,0.5546589801214178,0.3884778064155527,-0.024661731400904663,-0.024970926001883595,216103400.0,-0.029832697888806714
2021-08-18,19.455432507309833,19.589127025061778,18.95657526353266,18.996484756469727,285913000,42.68123587612278,0.11398794400540169,0.24041186417694924,20.567846759636577,18.904833904425924,19.73634033203125,19.673127235101948,18.98231395699437,19.901811027526854,19.73634033203125,19.356265258789062,19.701379073927093,19.58739112992169,0.11398794400540169,-3.5949392427061673,2.3081851039963253,24.328899014325117,0.5624268456065996,0.41575321380266256,-0.0214822129591431,-0.021716314446268117,211848200.0,0.3975267003934795
2021-08-19,19.449446238959755,20.44815982346293,18.719118863786036,19.75275230407715,766555000,51.96833329840798,0.10964254201127233,0.21425799974381388,20.57334958734215,18.919684584715952,19.74651708602905,19.680710575004348,19.012527225507423,19.818102645874024,19.74651708602905,19.404948806762697,19.709282647796332,19.59964010578506,0.10964254201127233,-0.08580780075301314,52.56212621081094,23.53353590277277,0.6574947185733375,0.4134162506565491,0.0398109206678281,0.03903888957421085,233984650.0,1.6810778103828787
2021-08-20,19.945313428755227,20.8173166087668,19.887447316911796,20.768428802490234,675741000,61.087190139940155,0.18601116377519133,0.20860863255008938,20.74494022938111,18.87360682872436,19.809273529052735,19.78430278714586,19.081386110879297,19.86300048828125,19.809273529052735,19.472613792419434,19.87222821005693,19.68621704628174,0.18601116377519133,2.6733777628038826,97.67000958829966,50.84677363436898,0.6907758033619427,0.46783335016418803,0.05141949247262323,0.050141148771609634,257988100.0,-0.11847029893484484
2021-08-23,20.923070353137504,21.946724447846748,20.90211844107872,21.907814025878906,575807000,68.34703038891821,0.3346154731337698,0.23381000066682547,21.231497574451392,18.652840232250266,19.94216890335083,19.986541952739486,19.19222642127144,20.02892017364502,19.94216890335083,19.555079803466796,20.185395258644927,19.850779785511158,0.3346154731337698,6.401109253873366,98.79444929206971,83.00886169706011,0.703531857805608,0.6446643355502809,0.05486140690874275,0.053409390439505246,276581300.0,-0.14788802218601504
2021-08-24,21.703281272193063,21.9088098112893,21.485779125252666,21.743188858032227,297299000,66.41889964266723,0.43409757706928787,0.27386751594731795,21.53665342245876,18.605593205348857,20.071123313903808,20.15384165800546,19.29226416388951,20.214195442199706,20.071123313903808,19.63039222717285,20.42505581239682,19.990958235327533,0.43409757706928787,7.006776527412682,93.69391381587432,96.71945756541459,0.6979018596263218,0.7327650542774762,-0.007514449759899122,-0.007542825478813563,279003100.0,-0.4836829006941562
2021-08-25,21.687317646197013,22.41864211092378,21.67235253900136,22.162229537963867,347701000,68.82939706639954,0.540520162003979,0.32719804515865014,21.91287973976182,18.499746908187397,20.20631332397461,20.345116694191976,19.40481182561792,20.465020751953126,20.20631332397461,19.718679962158202,20.692313308637907,20.151793146633928,0.540520162003979,9.450582967937306,93.0690373912829,95.18580016640898,0.7184975047017905,0.8532832078936059,0.019272273384906002,0.019088915198503656,286278600.0,0.16953302903810652
2021-08-26,22.14926114072246,22.288940552177326,21.74019837604241,22.017562866210938,237940000,67.0402567364238,0.6061995449097957,0.38299834510887926,22.18893648470088,18.463740097635547,20.326338291168213,20.504397282003303,19.507272650739214,20.680825996398926,20.326338291168213,19.803640327453614,20.896197855956835,20.28999831104704,0.6061995449097957,10.694218443877377,89.15862347876443,91.97385822864055,0.7272627084838869,0.9312990967663327,-0.006527622661118837,-0.00654902075989578,288636550.0,-0.3156764001253951
2021-08-27,22.133300012367442,22.670070557019205,22.11633866678472,22.584266662597656,304722000,70.29740244064485,0.6959566344205896,0.4455900029712213,22.55150722138718,18.414152683092798,20.48282995223999,20.702480080155148,19.6279390825768,20.925066566467287,20.48282995223999,19.883033485412597,21.155900749286193,20.459944114865603,0.6959566344205896,14.909401316570953,97.82827275341013,93.35197787448583,0.7478585729804552,1.0343386345735952,0.025738715943734336,0.025413051493623818,294697800.0,0.2806673951416323
2021-08-30,22.777820284558313,22.990332802808872,22.499458629372022,22.636144638061523,262580000,70.58398436522586,0.7624864247076992,0.508969287318517,22.873881196122433,18.38490691270325,20.629394054412842,20.886638609479565,19.745907927889927,21.198240280151367,20.629394054412842,19.963833389282225,21.383630578328553,20.621144153620854,0.7624864247076992,13.981383011674012,91.70755270506586,92.8981496457468,0.7405180626611335,1.1222435708547964,0.0022970847908816427,0.0022944505249302854,296954600.0,-0.1382965457039531
2021-08-31,22.64712359993544,22.64712359993544,22.073337729589888,22.337778091430664,259850000,66.60378292743349,0.7821202803329363,0.5635994859214009,23.08742169426867,18.42817259741834,20.757797145843504,21.024842369665382,19.847549895087603,21.49066505432129,20.757797145843504,20.042886352539064,21.530422503421185,20.74830222308825,0.7821202803329363,10.902255425498309,84.72203170587379,91.41928572144992,0.7373895727169406,1.1648122742125826,-0.013180978978600932,-0.013268619055267421,294856550.0,-0.010396831441846333
2021-09-01,22.43756548471316,22.64911813568257,22.309835259034962,22.393657684326172,201767000,66.97933698665506,0.7930475104659394,0.6094890908303086,23.291375436841204,18.440817937792584,20.866096687316894,21.155205732966408,19.947397259371467,21.830382347106934,20.866096687316894,20.113887901306153,21.663227915868106,20.870180405402166,0.7930475104659394,12.506025024622346,86.03031533889386,87.48663324994452,0.7324766512598221,1.2126393747621553,0.0025015734629820763,0.0024984497364897145,293379450.0,-0.2235251106407543
2021-09-02,22.47049726134416,22.545339807951134,22.24796811279879,22.3487548828125,187834000,66.33380909847206,0.7889891623244232,0.6453891051291315,23.463253299160737,18.444831951693754,20.954042625427245,21.268877080570796,20.041568146565233,22.08998260498047,20.954042625427245,20.180589141845704,21.76869360309032,20.979704440765897,0.7889891623244232,15.119478426661633,84.97902635747738,85.24379113408169,0.7278481117974968,1.2546053368667458,-0.0020051570916483907,-0.0020071701105256654,292199400.0,-0.06905489995886349
2021-09-03,22.27790622612633,22.937511147751092,22.153169913333517,22.79481315612793,280532000,69.48050223094228,0.8124012115113715,0.6787915264055795,23.69701169739235,18.458609831233137,21.077810764312744,21.414204325861952,20.1495385390971,22.292621040344237,21.077810764312744,20.253253288269043,21.926558149711493,21.11415693820012,0.8124012115113715,19.994901416508586,95.42238694965316,88.81057621534147,0.7244370904226969,1.3096004665398038,0.019958976491279756,0.019762407361172653,297301150.0,0.4935102271154317
2021-09-07,22.78483174949806,22.850692500855242,22.474487011995723,22.614192962646484,198107000,66.75947606637268,0.80707740314352,0.7044487017531676,23.870692330537224,18.521486777128793,21.19608955383301,21.52848895793667,20.2461916537461,22.363258934020998,21.19608955383301,20.325787048339844,22.03234812093226,21.22527071778874,0.80707740314352,14.486288363868708,91.19360805774949,90.53167378829335,0.7026345810724186,1.337301388352107,-0.007923740907386567,-0.007955300566629532,299884350.0,-0.29381674817846093
2021-09-08,22.46550856729171,22.5623040643883,21.930638074162353,22.2918758392334,254434000,62.08674867347069,0.7679969576469396,0.7171583529319221,23.959397045321914,18.672926029018903,21.31616153717041,21.60119247044112,20.326414562980897,22.418127632141115,21.31616153717041,20.37283805847168,22.072275462209358,21.30427850456242,0.7679969576469396,7.335398605408685,83.6473430376736,90.08777934835875,0.7062776615692054,1.3216177540757532,-0.01425286871592013,-0.014355416414706744,303644150.0,0.28432614698117686
2021-09-09,22.264932037922602,22.490455112570046,22.084314109745772,22.130216598510742,196856000,59.82501140128709,0.7157303790646594,0.7168727581584696,23.985559377799884,18.89438771234904,21.439973545074462,21.651575720733465,20.39715189770756,22.4149263381958,21.439973545074462,20.415822830200195,22.081189483178804,21.365459104114144,0.7157303790646594,1.0151746421122612,72.2801177095499,82.37368960165766,0.6117848075083039,1.2727929163627105,-0.007251935274022014,-0.007278358379900695,304190700.0,-0.2262983720729148
2021-09-10,22.30085143025267,22.57826480477666,22.223016871977077,22.430578231811523,248376000,62.55444255144804,0.6905847810761543,0.7116151627420066,24.03655187906343,19.100501992091353,21.568526935577392,21.725766436074235,20.476894106888107,22.45622787475586,21.568526935577392,20.465298690795898,22.134941598353066,21.444356817276912,0.6905847810761543,3.161400925445975,73.19458283326937,76.37401452683095,0.5677479433351801,1.2340124717430205,0.013572466946437212,0.013481186027635204,309026900.0,0.261714146381111
2021-09-13,22.636147711099213,22.915557731283194,21.81188995971526,22.105270385742188,297500000,57.961502463340814,0.6370634185089621,0.6967048138953977,24.050542939142524,19.28285187439507,21.666697406768797,21.761909669375942,20.5407520001765,22.408328247070312,21.666697406768797,20.50408790588379,22.130376796412932,21.49331337790397,0.6370634185089621,-0.2570100274618523,41.174420675754114,62.21637373952447,0.5624173809217101,1.1919227661868632,-0.014502873831757856,-0.014609068509045645,314748750.0,0.1977807839726866
2021-09-14,22.228011138976065,22.36272658870624,22.039410651348902,22.19508171081543,199755000,58.85959772550857,0.5950351812498091,0.6763708873662801,24.024540823223518,19.53792141127355,21.781231117248534,21.803164149513037,20.605627675103516,22.3642219543457,21.781231117248534,20.53918601989746,22.140331398628703,21.545296217378894,0.5950351812498091,0.8062601918440299,39.66138083919089,51.3434614494048,0.5552948988731892,1.1216548529874912,0.004062891948662717,0.0040546606907781385,314192700.0,-0.3285546218487395
2021-09-15,22.261936936889985,22.31981514344312,21.919660118755335,22.293869018554688,166538000,59.87501564795813,0.5632065164219817,0.6537380131774205,23.87978693702183,19.97070916435756,21.925248050689696,21.849897946564624,20.671833217983956,22.359831047058105,21.925248050689696,20.57203960418701,22.16395257092501,21.600746054503027,0.5632065164219817,-1.2858404852432213,44.28888851132393,41.70823000875632,0.5305710026421436,0.9772694431660666,0.0044508647918659605,0.0044409889862419985,312290350.0,-0.1662887036619859
2021-09-16,22.13620615441447,22.230007727042683,21.880745661445022,22.19508171081543,156033000,58.32472309936763,0.5239707514361172,0.6277845608291599,23.471552221150752,20.698803575663213,22.085177898406982,21.882772590778984,20.731568452996957,22.33997344970703,22.085177898406982,20.609437408447267,22.16874166936969,21.644770917933574,0.5239707514361172,-1.9484896138385197,32.516787160777945,38.822352170430925,0.52088394414034,0.6931871613718856,-0.004431142376275732,-0.004440988986242081,305796350.0,-0.06307869675389399
2021-09-17,22.252955607329,22.273911214791905,21.78394779506993,21.85379981994629,294503000,53.19993514505226,0.46003453684582496,0.5942345560324929,23.051351575275632,21.329108973125244,22.190230274200438,21.880013279271108,20.775577526210654,22.29047794342041,22.190230274200438,20.649368171691894,22.12028907715071,21.660254540304884,0.46003453684582496,-2.1666356855341906,5.790193381736198,27.531956351279362,0.5092736390627477,0.43056065053759707,-0.015376464719336291,-0.015495908550803789,282193750.0,0.8874404773349227
2021-09-20,21.10139179807724,21.38778701785786,20.61841355645307,21.068462371826172,349440000,43.68720420149468,0.342051500643322,0.5437979449546587,22.966755328503535,21.44370857683094,22.205231952667237,21.802722716657303,20.78706320643087,22.117842864990234,22.205231952667237,20.670649032592774,21.958469584023856,21.616418083380534,0.342051500643322,-5.9177260418137685,19.4062042521119,19.237728264875354,0.5624530740667739,0.38076168791814796,-0.03593596786785458,-0.0365975632039312,265878700.0,0.18654139346628051
2021-09-21,21.371820211672656,21.379802756895952,20.905806301905702,21.201181411743164,204688000,45.46202586078395,0.25630389995789216,0.4862991359553054,23.046412954916644,21.293387689004252,22.169900321960448,21.745433068570243,20.80330313605096,21.9765417098999,22.169900321960448,20.68536018371582,21.84196371136529,21.585659811407396,0.25630389995789216,-5.134842979337015,25.129078546621777,16.775158726823296,0.5553252586842523,0.43825631647809804,0.0062994174693293825,0.006279659073279644,247322750.0,-0.4142399267399267
2021-09-22,21.320928442562238,21.91367528465587,21.15128697509486,21.894716262817383,268726000,53.67792947707052,0.24152660662955938,0.4373446300901562,23.040982270149534,21.31397111424988,22.177476692199708,21.759650515641397,20.846103650826116,21.9368257522583,22.177476692199708,20.719180068969727,21.850079488511767,21.608552881882208,0.24152660662955938,-3.9486916920333424,55.034454399564666,33.189912399432785,0.5855470753209239,0.43175278897491404,0.03271208512418444,0.03218843408068865,245894100.0,0.31285664035019156
2021-09-23,22.093292745342225,22.48745990832766,21.843820146489403,22.434572219848633,248555000,58.87179160470665,0.27026194766962774,0.40392809360605053,23.06214353214143,21.320044120446457,22.191093826293944,21.823928773184946,20.908396535885824,21.96726131439209,22.191093826293944,20.771948471069337,21.940001447178975,21.669739499509348,0.27026194766962774,-0.7942832321920321,78.3131624218988,52.82556512269508,0.6102805086556321,0.4355248529237428,0.024656905828373654,0.024357830536013817,240936800.0,-0.07506158689520182
2021-09-24,22.023441631035194,22.102275447550486,21.81488289522603,22.0344181060791,217655000,54.035467081597226,0.257774357384136,0.3746973463616676,23.062311720359144,21.321561456215566,22.191936588287355,21.843975376317722,20.952554244520858,21.92764530181885,22.191936588287355,20.834178733825684,21.95452708700976,21.696752729625626,0.257774357384136,-1.1549397413257378,61.64195374157333,64.99652352101226,0.5985196579559913,0.4351875660358941,-0.017836494043577122,-0.01799748147714503,239922550.0,-0.1243185612842228
2021-09-27,21.664203077429683,21.753016037420434,21.280016887936462,21.614309310913086,245215000,49.44313434216072,0.21154008096620203,0.34206589328257453,23.029716051204936,21.25716139020131,22.143438720703124,21.822102417707757,20.978505423595063,21.87854919433594,22.143438720703124,20.90407497406006,21.902185890687196,21.690645809720994,0.21154008096620203,-2.3312346957886274,43.35364603458828,61.10292073268681,0.6255336386190713,0.4431386652509069,-0.01906602630228349,-0.019250126781031468,236947200.0,0.12662240702028438
2021-09-28,21.169247409834707,21.37381486341932,20.607433491656852,20.655332565307617,343069000,40.89851105047948,0.09640636240281353,0.29293398710662233,23.121097326541882,20.96769890758898,22.04439811706543,21.710981479383936,20.965831978172027,21.724574279785156,22.04439811706543,20.942445068359376,21.710362302167262,21.61395593976445,0.09640636240281353,-7.914399923878087,2.0752381015035413,35.690279292555054,0.6486279908170786,0.5383496047382265,-0.04436767938364239,-0.04538204177473677,240971650.0,0.3990538914829844
2021-09-29,20.895828586899057,20.972665824032045,20.423824881192512,20.47372055053711,218394000,39.50608511037128,-0.009384334087549462,0.232470322867788,23.225541827955784,20.67684865208572,21.951195240020752,21.593147105208047,20.946533490813795,21.5425594329834,21.951195240020752,20.980530281066894,21.520109724993393,21.529494059080942,-0.009384334087549462,-7.380818269734539,2.0024485908584073,15.810444242316748,0.6588208436753114,0.6371732939675158,-0.008792500154441552,-0.008831382265685936,238898850.0,-0.36341085904001824
2021-09-30,20.72418878114169,21.02156047404019,20.64435762025099,20.672298431396484,221009000,41.83780498728382,-0.07632086837369556,0.17071208461949128,23.242038884289048,20.488215670459486,21.865127277374267,21.50544723151171,20.935779174758213,21.390281105041502,21.865127277374267,21.006663513183593,21.389677218286174,21.46599808665987,-0.07632086837369556,-6.860904137500468,9.971917743707124,4.683201478689695,0.6659488234779659,0.6884558034573905,0.009699159484433117,0.00965242458690158,239860950.0,0.011973772173228259
2021-10-01,20.706228547845832,20.814997869776846,20.16038154346578,20.698246002197266,240978000,42.15157162630367,-0.1258243768431342,0.11140479232696619,23.233334043703522,20.33186962298349,21.782601833343506,21.428570923957952,20.926464148383275,21.274725723266602,21.782601833343506,21.029644088745115,21.283303185041728,21.409127561884862,-0.1258243768431342,-7.157227913330883,23.11329377012238,11.695886701562642,0.6338737202453325,0.7253661051800081,0.0012551855753675234,0.001254398488511085,242518150.0,0.09035378649738246
2021-10-04,20.460747131129327,20.498667077843145,19.51374961230619,19.69037628173828,345635000,34.39086228758002,-0.24357514463394736,0.04040880493478349,23.27329508149298,19.98146489775507,21.627379989624025,21.26302857707989,20.877990114397196,21.136917114257812,21.627379989624025,21.03318561553955,21.03823750761043,21.281812652244376,-0.24357514463394736,-11.28495700854587,5.9396058072099835,13.0082724403465,0.6953866097120281,0.8229575459344761,-0.04869348447940913,-0.04991895972286527,245773300.0,0.4343010565279819
2021-10-05,19.907915325430285,20.60444281688041,19.812117171843163,20.40785789489746,279282000,42.506087409882305,-0.2758192340797656,-0.02283680286812633,23.180158758387403,19.853967714085744,21.517063236236574,21.18158375020537,20.859553556769757,21.057584762573242,21.517063236236574,21.05634464263916,20.94125602873151,21.217075262811274,-0.2758192340797656,-6.61643255160183,30.067094423673343,19.706664667001906,0.7320945747444814,0.8315477610754155,0.03643818700532431,0.035790014844592336,249832050.0,-0.19197419242842884
2021-10-06,20.077555660834182,20.676288377439814,20.0376391312872,20.65633201599121,297202000,45.04137466849554,-0.27811716077679094,-0.07389287444985926,23.098810229569295,19.77176186057963,21.435286045074463,21.13155977551831,20.851584084582363,20.933746337890625,21.435286045074463,21.08618927001953,20.897421565233,21.17553872600979,-0.27811716077679094,-1.956148239778916,38.42278803061897,24.809829420500765,0.7482035668189777,0.8317620922474162,0.01217541411614187,0.012101889951512755,251970450.0,0.06416453620355056
2021-10-07,21.047506715120413,21.277022990094792,20.927760913966573,21.03054428100586,256919000,48.70965460964669,-0.2468964137060361,-0.10849358230109463,23.019632128229567,19.74097273016887,21.38030242919922,21.121939252231407,20.858602131500934,20.793343544006348,21.38030242919922,21.117631568908692,20.917901983044207,21.164798396750243,-0.2468964137060361,-0.8048472744202365,51.00680690815748,39.832229787483264,0.7575412492748068,0.8196648495151739,0.01811610428826138,0.017953962988683212,254973600.0,-0.13554081062711554
2021-10-08,21.056484923625863,21.161262957637216,20.73117244375026,20.78705406188965,151258000,46.533256967045965,-0.23904580127290842,-0.13460402609545738,22.879528970695112,19.716723470711138,21.298126220703125,21.090045424579813,20.85579632484951,20.6686071395874,21.298126220703125,21.141031379699708,20.89777153363581,21.13681733490872,-0.23904580127290842,-5.059038845864458,42.818712074508866,44.082769004428435,0.7000201243029309,0.7907013749959931,-0.011577932356992005,-0.0116454784849791,250117700.0,-0.41126191523398425
2021-10-11,20.531590915926863,21.018560281268954,20.467724864248336,20.651336669921875,163388000,45.31782426832786,-0.2409973264891292,-0.15588268617419176,22.784114775838187,19.66674429398603,21.22542953491211,21.048263638421915,20.847778299166077,20.57230987548828,21.22542953491211,21.164969444274902,20.859858477679822,21.10085580416895,-0.2409973264891292,-7.948605092407639,38.25480441513298,44.02677446593311,0.7055086215908144,0.7793426204630386,-0.006528938230674686,-0.006550344974294594,243412100.0,0.08019410543574557
2021-10-12,20.78406211740241,21.01257912959574,20.484695733535407,20.62739372253418,162134000,45.09404828210052,-0.2416898696667964,-0.1730441228727127,22.65733703412706,19.636753236869033,21.147045135498047,21.00818078928975,20.83913576674914,20.569515991210938,21.147045135498047,21.183420066833495,20.824094669195876,21.065784538862673,-0.2416898696667964,-6.385575406489796,37.44965041544012,39.507722301693995,0.6887582706264802,0.7551459493145076,-0.0011593897174979606,-0.0011600623296865104,241531050.0,-0.0076749822508385135
2021-10-13,20.87386937593445,20.94571798280508,20.669301932615472,20.894824981689453,180652000,48.1724436885831,-0.21814461222760428,-0.18206422074369102,22.490204950441605,19.663980916867967,21.077092933654786,20.99738499808972,20.841319657531116,20.611626434326173,21.077092933654786,21.20592224121094,20.83497625573335,21.053120867960953,-0.21814461222760428,-3.3287407840525556,53.35374098180182,43.01939860412497,0.6655214490859545,0.7065560083934093,0.012964859388082672,0.012881535018333962,242236750.0,0.11421416852726751
2021-10-14,21.243092625799367,21.70910653549275,21.077442440829326,21.70012664794922,243589000,56.14589493612324,-0.13297090595990824,-0.17224555778693448,22.3987813767067,19.705908984316245,21.052345180511473,21.064312774266813,20.874998363037708,20.714409255981444,21.052345180511473,21.235371437072754,20.96807631607425,21.101047222034158,-0.13297090595990824,5.058229294242504,97.63809304341638,62.8138281468861,0.6794208940274328,0.6732180980976147,0.0385407232156989,0.03781657706129999,246614550.0,0.348388061023404
2021-10-15,21.763989474383635,21.88473450421562,21.616302880257262,21.815879821777344,226994000,57.16597323409567,-0.055490160334141336,-0.14889447829637587,22.39223222507432,19.708666136131736,21.050449180603028,21.135890588315434,20.911895675145146,20.826172637939454,21.050449180603028,21.25989231109619,21.098507624643958,21.1539977849781,-0.055490160334141336,6.555522079766904,97.09594596434464,82.6959266631876,0.6447087801571268,0.6708915222356456,0.005334216509702561,0.005320039968297524,243239100.0,-0.06812705007204756
2021-10-18,21.70311955926144,22.243975990824204,21.59833961734775,22.175121307373047,189494000,60.25580754758251,0.034503934495209165,-0.11221479573805887,22.538860630040748,19.672703624719997,21.105782127380373,21.234864942511397,20.961433935232513,21.07464714050293,21.105782127380373,21.29700572967529,21.26414049890997,21.22963656441476,0.034503934495209165,7.269742554094124,97.47805954872754,97.40403285216286,0.6189059626014283,0.7165392513301876,0.016466972156543358,0.016332861828483505,235241800.0,-0.16520260447412705
2021-10-19,22.22901055326152,22.331793926781998,21.990516278315962,22.242982864379883,161473000,60.83060543905652,0.11003237875812033,-0.06776536083882304,22.67860598789774,19.637138412126674,21.157872200012207,21.33087617316554,21.01169075598339,21.258159637451172,21.157872200012207,21.336893043518067,21.414731632059187,21.304699253301067,0.11003237875812033,7.463129300997933,96.84848595368398,97.14083048891871,0.6040800130033214,0.7603668939427661,0.0030602564047428338,0.0030555833515114672,233081050.0,-0.1478727558656211
2021-10-20,22.257949059996356,22.38567930946501,21.93563045748002,22.05637550354004,146276000,58.332329287421246,0.15306709828448462,-0.023598869014161503,22.70479004479724,19.627120279299444,21.16595516204834,21.399971347486918,21.05265878529934,21.398163986206054,21.16595516204834,21.38021183013916,21.513446073825474,21.36037897554099,0.15306709828448462,12.016018322595944,88.53370936444753,94.28675162228633,0.5970949364663151,0.769417441374449,-0.008389493530504777,-0.008424883405777775,226958550.0,-0.0941148055712101
2021-10-21,22.050380971315885,22.663085904442518,22.03641056872528,22.64412498474121,187590000,63.42711261634847,0.23192540298603248,0.0275059853858773,22.75400334755508,19.598862253030855,21.176432800292968,21.518462170082564,21.115069224493137,21.55952205657959,21.176432800292968,21.44001480102539,21.687396675504818,21.455471272518785,0.23192540298603248,10.9578727045276,99.39793918646761,94.92671150153303,0.5950991514238986,0.7887852736310559,0.026647600423144624,0.026298737128512373,223910300.0,0.2824386775684322
2021-10-22,22.774852206054973,23.08120376239796,22.51340579315989,22.678056716918945,249384000,63.70304025531551,0.29377275535628655,0.08075933937995916,22.88316001202041,19.534069449649508,21.20861473083496,21.628899745971744,21.17636285164709,21.748622322082518,21.20861473083496,21.49638572692871,21.839805912645453,21.546033157289166,0.29377275535628655,9.787433215938849,87.66789944800466,91.86651599963993,0.5510492642343979,0.8372726405927265,0.001498478400052905,0.001497356801616076,225496750.0,0.32940988325603704
2021-10-25,22.9245366329956,23.30573075031013,22.72196575698433,23.117130279541016,230235000,67.15611817283192,0.37390663180589456,0.13938879786514624,23.15792388851421,19.409587670018507,21.283755779266357,21.770635987264058,21.252471378231167,21.995201683044435,21.283755779266357,21.55589111328125,22.03631735370631,21.662410721900415,0.37390663180589456,9.921692803831505,94.2290335536707,93.76495739604765,0.5305926569664733,0.9370840546239251,0.019361163441067752,0.01917612073002528,224747750.0,-0.07678519872966993
2021-10-26,23.93839301304731,25.205714271899417,23.873529604420657,24.66485595703125,485898000,75.8703415146211,0.5558938354131442,0.22268980537474586,23.864745505474023,19.103718392231055,21.48423194885254,22.046275984384742,21.38629038132137,22.39894790649414,21.48423194885254,21.651100082397463,22.44070790806399,21.884814072650848,0.5558938354131442,18.65488916128354,88.58464491299264,90.160525971556,0.6341594245526009,1.1902567783107414,0.0669514623473828,0.06480548145116688,231889200.0,1.1104436771125155
2021-10-27,24.422368162428235,25.037067811462226,24.230771884641264,24.399415969848633,245990000,72.32607675286758,0.6709667300263291,0.3123451903050625,24.341111158022287,19.019922281613944,21.680516719818115,22.270384554428922,21.504452169106756,22.749407005310058,21.680516719818115,21.750817794799804,22.742047609877012,22.071080879850683,0.6709667300263291,18.149330282265634,82.98226879214327,88.59864908626888,0.6474169211752709,1.3302972191020865,-0.010761870559675701,-0.010820198343489393,233269000.0,-0.49374148483838176
2021-10-28,24.82551514318421,24.897363747264627,24.471264543468838,24.888381958007812,234204000,74.67317789452831,0.7924830456017666,0.40837276136440337,24.865216104934063,18.9174256873633,21.89132089614868,22.519717640484057,21.637155298083268,23.068232536315918,21.89132089614868,21.868655738830565,23.07225289420483,22.279769848603063,0.7924830456017666,20.656939469860223,93.30238448023619,88.2897660617907,0.6522638685702022,1.486947604392692,0.020040069350980128,0.01984191020202776,233928750.0,-0.047912516768974345
2021-10-29,24.94825747657164,25.654764066294884,24.94726013432384,25.513063430786133,292503000,77.31969453887082,0.9284891306121139,0.5123960352139455,25.457995536804038,18.806127998352213,22.132061767578126,22.804798191941394,21.789151695444165,23.437950897216798,22.132061767578126,21.983861961364745,23.44776220752503,22.519273076912917,0.9284891306121139,22.102307404554637,97.25921155411267,91.18128827549737,0.6676600608035204,1.662966884612956,0.025099320391028135,0.02478950583853559,236505000.0,0.2489240149613159
2021-11-01,25.59489225344684,25.839374347203503,25.173781601491516,25.77251625061035,265740000,78.3324134562821,1.0451626229496433,0.6189493527610851,25.930078590070856,18.942258941972604,22.43616876602173,23.08743800705272,21.945362070156566,23.797690391540527,22.43616876602173,22.083943710327148,23.805416675692,22.760254052742358,1.0451626229496433,18.766662834412518,98.70682475540377,96.42280692991754,0.6774964429214957,1.7469549120245629,0.010169410683592783,0.010118050137594413,232510250.0,-0.09149649747182076
2021-11-02,25.767525492097906,26.621718639071563,25.745570640273353,26.34530258178711,294112000,80.41187902804266,1.1703551505108152,0.7292305123110311,26.49964766971265,18.96643433101977,22.73304100036621,23.39771082369409,22.117908756887175,24.20792236328125,22.73304100036621,22.17269348144531,24.196168353552785,23.02581320304197,1.1703551505108152,20.76204488204204,95.01438876057277,96.99347502336308,0.7173409956734466,1.8833033346732213,0.022224695703245256,0.021981326425544196,233251750.0,0.10676601189132229
2021-11-03,26.61373971651481,26.72749955329643,26.179657881858056,26.54189109802246,239910000,81.08291468761414,1.2707853582939208,0.837541481507609,27.023433544591867,19.03120436434368,23.027318954467773,23.697156564106315,22.291398260461108,24.656473922729493,23.027318954467773,22.268667526245117,24.557048775778892,23.28626341748497,1.2707853582939208,19.69220249179651,96.3813088772472,96.70084079774125,0.6983095755045233,1.9980572950620472,0.007461995003665622,0.007434292046476504,230387150.0,-0.18429033837449682
2021-11-04,27.171559601999014,31.298834251427845,27.060793699318,29.738134384155273,1153631000,88.17547352801877,1.5899590839887807,0.9880250020038435,28.342501184222613,18.582895735027876,23.462698459625244,24.27248778506336,22.583427128056957,25.3658748626709,23.462698459625244,22.420185623168944,25.35413886937526,23.764179785386478,1.5899590839887807,33.696701406798255,83.91113106965216,91.76894290249072,1.0189175418935967,2.439901362298685,0.12042259062584093,0.1137059272011179,275222750.0,3.808599057980076
2021-11-05,30.123317473930538,31.333757862133087,29.347956214634998,29.68923568725586,851260000,87.6341409067652,1.8180040262023098,1.154020806843537,29.351442269282465,18.464172812504643,23.907807540893554,24.78836853765312,22.86208628724123,26.06699275970459,23.907807540893554,22.573619079589843,26.02107684135689,24.20307281515458,1.8180040262023098,34.60613999109123,82.50159734945693,87.59801243211876,1.1146436328951421,2.7218173641944556,-0.001644309500647978,-0.001645662861280901,310222850.0,-0.2621037402774371
2021-11-08,30.08539670658741,31.034390654499887,29.843906660251005,30.739015579223633,503101000,89.17117462881053,2.0596968466553243,1.3351560148058945,30.42498911802779,18.3993938546895,24.412191486358644,25.355096827326502,23.17098547516211,26.829181289672853,24.412191486358644,22.736714057922363,26.746913570259466,24.68721672360414,2.0596968466553243,35.74830380920959,93.67169376087631,86.69480739332846,1.1863491556649988,3.0063988158345722,0.035358939617916585,0.03474816815877452,327208500.0,-0.40899255221671404
2021-11-09,32.21390501957323,32.24184583384759,29.900793876001483,30.592330932617188,646746000,87.53395572736214,2.2138836504529777,1.5109015419353113,31.245548095245997,18.57532859847959,24.910438346862794,25.853881027830376,23.462018630356425,27.421928787231444,24.910438346862794,22.895837783813477,27.33851624139142,25.124632590938443,2.2138836504529777,34.89837914460195,83.83689810009652,86.67006307014326,1.3214208060836499,3.1675548741916018,-0.004771937026688322,-0.0047833590695143665,351439100.0,0.28551920986044554
2021-11-10,29.29407294809422,30.784920762665642,28.717291247821386,29.396854400634766,636206000,75.3857388273265,2.214090184775017,1.6515392705032526,31.67710241515546,18.993977220464657,25.33553981781006,26.191307063335557,23.6947572880144,27.92167263031006,25.33553981781006,23.037019309997557,27.655183650505784,25.441093465730766,2.214090184775017,27.16480828354112,70.75593392862486,82.75484192986589,1.4243461045927226,3.1707812986727015,-0.03907765428582688,-0.03986167898525839,374216800.0,-0.01629696975319528
2021-11-11,30.40372797344251,30.525470354822794,29.714185657516225,30.325891494750977,332172000,77.94713990356935,2.263131423620358,1.7738577011266738,32.23928658304905,19.29436953725124,25.766828060150146,26.585077009184644,23.954801766709952,28.465423583984375,25.766828060150146,23.195663986206053,28.06606178038966,25.802930356769302,2.263131423620358,22.95182890012348,79.87417568680225,78.15566923850787,1.4644045320891483,3.236229261449454,0.031603282495971774,0.031114176966453806,378645950.0,-0.4778860934980179
2021-11-12,29.946693944604604,30.615280651522603,29.567494491133164,30.325891494750977,413054000,77.94713990356935,2.2757633751530832,1.874238835931956,32.690011944391074,19.69464534320658,26.192328643798827,26.941345055429057,24.20464842271156,28.94670639038086,26.192328643798827,23.355206718444823,28.413727890291398,26.137964515138314,2.2757633751530832,24.289415501690428,77.10466136115627,75.9115903255278,1.4944125411604523,3.2488416502961233,0.0,0.0,387948950.0,0.24349433426056377
2021-11-15,30.48755296035948,30.579357949412763,29.185305452578653,29.9616641998291,384909000,74.42568273045039,2.2306704090934737,1.9455251505642597,32.99845762413873,20.16485395270453,26.58165578842163,27.228994497752872,24.430413747304407,29.365621185302736,26.58165578842163,23.498543739318848,28.651871937912585,26.42120152881911,2.2306704090934737,20.384138472243933,71.53712912306356,76.17198872367403,1.4448031486230029,3.2084009178585506,-0.012010439824495123,-0.01208314791407932,397719700.0,-0.06813879056975602
2021-11-16,29.69622243740179,30.325889920627386,29.6433328431333,30.139284133911133,264484000,75.01839839397049,2.184089528328599,1.9932380261171276,33.23910777021158,20.7138339335848,26.976470851898192,27.506164939291754,24.654291017367413,29.745019340515135,26.976470851898192,23.649045562744142,28.88070458345082,26.696615055122223,2.184089528328599,18.13275271970134,72.94202812677898,73.86127287033294,1.435964659385369,3.131318459156696,0.005928239930111934,0.005910737055870312,402870250.0,-0.31286615797500184
2021-11-17,30.353830996008032,30.444640534447622,28.739244216455628,29.19927215576172,428508000,66.26542319232178,2.0477179166139585,2.004134004216494,33.21812540036067,21.449105968657882,27.333615684509276,27.667413245622228,24.832525571814248,30.010757446289062,27.333615684509276,23.787193489074706,28.92971497919096,26.881997062577,2.0477179166139585,13.2961635248565,58.289972817996826,67.58971002261313,1.522210983712226,2.9422548579256973,-0.031188928508483094,-0.031685658761984294,416981850.0,0.6201660591945071
2021-11-18,32.2987206204707,32.690889311922675,31.25492578342417,31.608179092407227,781711000,74.48221383794935,2.1097017608820323,2.0252475555496017,33.52625762931875,22.037379150466403,27.781818389892578,28.04272427864937,25.098237474582604,30.197761917114256,27.781818389892578,23.976752738952637,29.34178638122423,27.2320846203422,2.1097017608820323,19.976527103007808,85.5967180300873,72.27623965828771,1.716870629988932,2.8722196197130874,0.08249886927986916,0.07927213634880681,446687900.0,0.8242623241573086
2021-11-19,32.17499262033019,33.01821155202265,31.837706189648575,32.915428161621094,533867000,77.66197647383518,2.2385043935549085,2.067898923150663,33.946979299620075,22.6403946246353,28.293686962127687,28.506791315122868,25.404793972113527,30.52038116455078,28.293686962127687,24.186449737548827,29.89157742436221,27.653073030807303,2.2385043935549085,24.01312340579041,98.58671159969546,80.82446748259319,1.7700448952677488,2.826646168746194,0.04135793667177401,0.04052556979569021,460912050.0,-0.3170532332281367
2021-11-22,33.446291928728265,34.573909183585116,31.832704423703742,31.888586044311523,754335000,70.25626509817738,2.2319947842277053,2.1007180953660716,34.04536730004887,23.41915220068355,28.73225975036621,28.828867003617024,25.659060327886,30.63533821105957,28.73225975036621,24.382116050720214,30.198809519739026,27.96681473551132,2.2319947842277053,7.2312931012310875,68.00997441283292,84.06446801420523,1.9032632353451178,2.6565537748413313,-0.03119637734218672,-0.03169334742550048,487117050.0,0.4129642776197069
2021-11-23,31.46847793452382,32.29173838894415,30.814858947539943,31.679033279418945,532163000,68.81411560674576,2.18474236508559,2.1175229493099756,34.18751865391292,23.978418579058275,29.082968616485594,29.100311410836255,25.895137698534352,30.744008445739745,29.082968616485594,24.571795082092287,30.426536251997476,28.241793886911886,2.18474236508559,6.702084260852861,61.46903491330324,76.0219069752772,1.9696230760569626,2.5522750187136602,-0.006571403467102277,-0.006593090199255117,489430300.0,-0.2945269674614064
2021-11-24,31.394627899499515,32.7856861116592,30.862751413189365,32.60506820678711,435162000,71.58949774780136,2.196695622184979,2.1333574838849763,34.324529393097706,24.66197306356733,29.493251228332518,29.434097772355383,26.158272228269755,31.06482982635498,29.493251228332518,24.778019065856935,30.761695014272807,28.564999392087827,2.196695622184979,6.070632362165604,66.3826290464471,65.28721279086109,1.7671939007044237,2.4156390823825937,0.0292317924982195,0.028812691444094294,498888900.0,-0.18227685878198974
2021-11-26,32.531232453731455,32.641001030200556,31.283871091090816,31.436548233032227,283069000,63.86577988916514,2.0878118727503754,2.124248361658056,34.20480777055595,25.436511313611526,29.82065954208374,29.624807340038892,26.365263444142794,31.175895500183106,29.82065954208374,24.96284839630127,30.86551858638964,28.777706713639265,2.0878118727503754,2.7595716791718687,46.430499906875646,58.09405462220866,1.7222887786766845,2.192074114236106,-0.035838599273705585,-0.03649657024680853,501332150.0,-0.3495089185177015
2021-11-29,32.297720190128416,33.34151112072589,31.96841454748494,33.30558776855469,454964000,69.52864133334732,2.127808534884597,2.1249603963033645,34.36142404881454,26.059147469129798,30.21028575897217,29.975357857040393,26.63743302549228,31.473865127563478,30.21028575897217,25.19188415527344,31.240913845184263,29.113105310299666,2.127808534884597,13.29643408321783,78.34379109339949,63.71897334890741,1.7622750587088014,2.075569144921187,0.05945434981180764,0.0577540112588501,509455200.0,0.6072547682720468
2021-11-30,33.09901938706232,33.28263310586556,31.796774250371328,32.607059478759766,622066000,65.40323550260422,2.0791733663179706,2.115802990306286,34.26732788837715,26.836697952382124,30.55201292037964,30.22599610672795,26.871536023659637,31.73840465545654,30.55201292037964,25.42265609741211,31.45109009650357,29.3719167301856,2.0791733663179706,7.522179469657569,66.41662941994758,63.730306806740906,1.7028294558757477,1.8576574839987563,-0.020973306180605333,-0.021196370409258012,527271500.0,0.3672862028644024
2021-12-01,33.15298499754876,33.222845580609224,31.31763707417919,31.372528076171875,484368000,58.76675982952353,1.9188934686155363,2.076421085968136,33.95832414611634,27.648424244081408,30.803374195098876,30.335189627627372,27.04804551591502,31.861729049682616,30.803374195098876,25.626083030700684,31.439003631837156,29.52011016322162,1.9188934686155363,3.451296993534577,45.13170635419977,63.29737562251561,1.691227955274732,1.5774749755087334,-0.03786086271876388,-0.0385962054263466,536784300.0,-0.22135593329325187
2021-12-02,31.151959189582207,32.41344677940804,30.963333768179716,32.0621452331543,472890000,61.138918606793546,1.8264625132106254,2.026429371416634,33.55795714857037,28.60081665514057,31.079386901855468,30.49966159005851,27.244676877375383,32.148016357421874,31.079386901855468,25.82943161010742,31.534871570501334,29.70840905729071,1.8264625132106254,7.010561961164949,56.95101664652143,56.1664508068896,1.7141920307776104,1.239285123357449,0.02198156155309028,0.021743450085582507,548433300.0,-0.02369685858685955
2021-12-03,31.936405556758363,32.06515080587632,30.070121019469727,30.632003784179688,544325000,54.17788177851691,1.6191453526394497,1.9449725676611973,33.53204819534585,28.716112548367526,31.12408037185669,30.512265608546237,27.377513226661826,32.05039882659912,31.12408037185669,25.993380241394043,31.395968834144156,29.776823481504707,1.6191453526394497,1.634808736927406,32.43990149198319,44.84087483090146,1.7818522897788358,1.2039839117445814,-0.044605295078501195,-0.045630720305085096,517968000.0,0.15106050032777185
2021-12-06,29.82061499149107,30.18089759304379,27.982276767077416,29.977304458618164,658938000,51.29844239565886,1.3860388521170748,1.8331858245523729,33.51353547658686,28.76343214426275,31.138483810424805,30.461316927600706,27.479465823993447,31.756586456298827,31.138483810424805,26.152237968444823,31.177712776370928,29.791673924253853,1.3860388521170748,2.664560605161937,30.266064086712685,39.88566074173911,1.8715433269408472,1.1875258330810279,-0.021373049251830256,-0.021604760399887908,508351900.0,0.2105598677260827
2021-12-07,30.89547671326527,32.38451208748878,30.590083198512986,32.362552642822266,593053000,59.70172131565003,1.377886447859506,1.7421259492137997,33.64761672361315,28.79170460359632,31.219660663604735,30.642386995717047,27.670959424731834,31.8039831161499,31.219660663604735,26.367202835083006,31.359995832748055,29.98210938488855,1.377886447859506,2.3866403319520906,66.45206526952477,43.05267694940688,1.9947326520391708,1.2139780300042076,0.07956846778858284,0.07656139442559577,512849500.0,-0.0999866451775433
2021-12-08,31.93540523035622,32.225827257844415,31.358552936375865,31.76274871826172,475551000,57.036582492911855,1.3079492203667265,1.655290603444385,33.69888256676954,28.857480539004385,31.278181552886963,30.749088112149874,27.8314217499683,31.81235466003418,31.278181552886963,26.58935115814209,31.42195781513477,30.114008594768045,1.3079492203667265,-3.501942729407914,57.35259056188736,51.356906639374934,1.9446328940716284,1.210350506941288,-0.01853388795316735,-0.018707792558744437,504289750.0,-0.19813068983716464
2021-12-09,31.67092845038367,32.14099491923516,30.367524347573724,30.429401397705078,488507000,51.52966036085656,1.1318858032226657,1.5506096434000414,33.6222103958375,29.037407409643453,31.329808902740478,30.718641758393225,27.933303304781507,31.594787979125975,31.329808902740478,26.788464775085448,31.269256827837896,30.13737102461523,1.1318858032226657,-4.575883811777674,37.124713212151,53.643123014521045,1.8219081380359488,1.1462007465485118,-0.0419783354514921,-0.042884886915716236,496904800.0,0.027244186217671773
2021-12-10,31.0880909467893,31.24278357928564,29.80165319511943,30.137983322143555,488825000,50.384644467098006,0.9577983700510693,1.4320473887302472,33.63160272796732,29.00922426025289,31.320413494110106,30.663340954940878,28.01976134467806,31.46493148803711,31.320413494110106,26.97777847290039,31.095214750038767,30.137416379987698,0.9577983700510693,-4.864573813483668,32.70368277313998,42.39366218239278,1.8241294183610048,1.155594616928608,-0.00957685863592117,-0.009623011650223964,504737450.0,0.0006509630363535912
2021-12-13,30.188887610303645,30.23379825928453,28.060125132879463,28.10503578186035,598344000,43.17689031638418,0.6483175474575553,1.275301420475709,33.90344019044231,28.515301226488845,31.209370708465578,30.41969284321892,28.023105440253836,30.944876289367677,31.209370708465578,27.125914268493652,30.635187216472858,29.986869669015302,0.6483175474575553,-13.801634753182407,2.290607327133657,24.03966777080822,1.7835914445412686,1.3470347409883663,-0.06745466405476164,-0.06983751101032103,514001950.0,0.2240454150258273
2021-12-14,27.643945385119483,28.620999634166335,27.195838403139206,28.280677795410156,667035000,43.923289600248566,0.4124699120625337,1.102735118793074,34.07595857751525,28.17468419897401,31.12532138824463,30.215977124379993,28.03320631692663,30.512238121032716,31.12532138824463,27.29772029876709,30.272954997847826,29.860485085785292,0.4124699120625337,-10.038858001292942,17.652085330976607,17.54879181041675,1.7798972866571918,1.4753185946353096,0.006249485498366347,0.006230038444534025,528108250.0,0.11480185311459623
2021-12-15,28.343559883214983,30.439386903160617,27.78267647993618,30.398468017578125,698297000,52.09424951811001,0.3919290198654508,0.9605738990075494,34.072916638015954,28.20364452684,31.138280582427978,30.23335720944648,28.125961677736495,30.41483211517334,31.138280582427978,27.497532501220704,30.29226469319095,29.9003356733255,0.3919290198654508,-8.72862467156729,52.11194545511927,24.018212704409848,1.8323098384253775,1.4673180277939872,0.07488470529202362,0.07221340493669721,549798900.0,0.046867105923976915
2021-12-16,31.090091873375695,31.098075396246916,28.03717102685846,28.330585479736328,707366000,45.17282602710352,0.206410009913224,0.8097411211886844,34.172544944013666,28.017147553239756,31.09484624862671,30.05214085423599,28.13398614056002,30.041676139831544,31.09484624862671,27.651017570495604,29.99046789112101,29.784057881207787,0.206410009913224,-13.115178330659138,18.46416379039984,29.40939819216524,1.9540080120167145,1.538849347693477,-0.0680258800096778,-0.07045023293281813,563741800.0,0.012987310556969334
2021-12-17,27.929386691044225,28.86452488757024,27.70483344742643,27.745752334594727,713758000,43.415932022060005,0.01205475110843679,0.6502038471726349,34.31069423781444,27.492755583657733,30.901724910736085,29.832484804746347,28.118761285424124,29.753050994873046,30.901724910736085,27.785321731567382,29.64512703627081,29.633072285162374,0.01205475110843679,-11.56035539364698,9.034540481695686,26.536883242404937,1.900774337191725,1.704484663539177,-0.02064317186667064,-0.020859220598343844,560344150.0,0.009036340451760383
2021-12-20,27.250736913132904,28.08806836031616,27.09105503438404,27.66391372680664,461847000,43.16294959605378,-0.14688369958619774,0.49078633782086845,34.20062705148492,27.0776713265058,30.63914918899536,29.625954225894947,28.100924126262655,29.521711921691896,30.63914918899536,27.92285892486572,29.34032498866094,29.487208688247136,-0.14688369958619774,-13.717832897218635,9.342437386013769,12.2803805527031,1.8642171806023506,1.7807389312447803,-0.002949590510329947,-0.002953949125282133,556743150.0,-0.35293614922704897
2021-12-21,28.31761243890149,29.062130190371207,27.346544620384616,29.01721954345703,524385000,48.50634533389379,-0.1617782188923762,0.3602734264782196,34.076433973840146,26.91472775406513,30.495580863952636,29.567979494234194,28.136857279878118,29.18717861175537,30.495580863952636,28.090176582336426,29.290616458629568,29.452394677521944,-0.1617782188923762,-5.271559288447964,36.18982971093393,18.188935859547797,1.8506726851421045,1.7904265549437537,0.04891953575386632,0.047760620803746975,545245650.0,0.13540847943150003
2021-12-22,28.833580742440954,29.49626062055205,28.392457864198384,29.341567993164062,395184000,49.72625482091985,-0.1457301372451738,0.2590727137335409,33.94949305391971,26.80792214536007,30.378707599639892,29.546416494132277,28.18410083726188,28.945060539245606,30.378707599639892,28.264460067749024,29.29845515625026,29.444185293495433,-0.1457301372451738,-2.1207259189421013,42.51499419382352,29.34908709692374,1.8259362383653432,1.7853927271399102,0.011177792180304458,0.01111578232228199,538396700.0,-0.24638576618324326
2021-12-23,29.695864054966595,29.999260737951445,29.37250856669955,29.581092834472656,343022000,50.65593219062865,-0.1123887168502975,0.18478042761677324,33.65455921292143,26.800458449126914,30.22750883102417,29.549719002736122,28.2388848371525,28.860229682922363,30.22750883102417,28.438185424804686,29.341937875976782,29.45432659282708,-0.1123887168502975,-8.594686083783051,47.03991692212084,41.91491360895943,1.730412163963971,1.7135251909486284,0.00816332792318386,0.008130188193288954,533789700.0,-0.1319942102919146
2021-12-27,29.60105129762086,31.025215214480056,29.58109059029503,30.88349723815918,403686000,55.477121980329606,0.018909769700172774,0.15160629603345316,33.59460312913503,26.805109433426008,30.199856281280518,29.676745501347842,28.34259512738806,28.934781074523926,30.199856281280518,28.621852836608888,29.579100854774076,29.560191085073903,0.018909769700172774,-2.7681844789365506,71.64395905603467,53.732956723993006,1.6442977073270248,1.6973734239272553,0.044028272078195485,0.043086569628445925,539820550.0,0.17685163050766417
2021-12-28,31.24977595388918,31.267739833394167,29.95235821799751,30.261743545532227,420591000,52.82370596111342,0.07196487320166511,0.13567801146709554,33.11310700522531,26.982221135033477,30.047664070129393,29.732459600793973,28.41785584966822,29.150451850891113,30.047664070129393,28.790770111083983,29.684122807198406,29.61215793399674,0.07196487320166511,-0.5509732182424594,61.74935076304956,60.14440891373503,1.5663101349360278,1.5327214675479583,-0.020132230745510404,-0.02033764575345418,538101900.0,0.041876607065887805
2021-12-29,30.212834501373155,30.487287570635146,29.307635630343704,29.941373825073242,343139000,51.45798500819217,0.08715559057275613,0.12597352728822767,32.73315016523402,27.095609409656117,29.914379787445068,29.752356193582475,28.47760165262528,29.316521453857423,29.914379787445068,28.946095161437988,29.723699886871458,29.636544296298702,0.08715559057275613,-0.6523644763113788,56.44262814374537,63.27864598760988,1.5788567230678165,1.4093851888944757,-0.010586624659512767,-0.010643061641854227,524155550.0,-0.18415039789248933
2021-12-30,29.76772287739856,30.39647191079737,29.481294496536442,29.527202606201172,308864000,49.67009326689733,0.06502462415207333,0.1137837466609968,32.55955042640699,27.084676601486073,29.822113513946533,29.730912994784255,28.518762474334142,29.229394912719727,29.822113513946533,29.091779556274414,29.693469535999107,29.628444911847033,0.06502462415207333,5.060185069249121,58.327302371356765,58.83976042605057,1.51755006896778,1.3687184562302306,-0.013832739315563392,-0.013929303183397216,515380350.0,-0.09988663486225702
2021-12-31,29.61503025561197,29.97032369459482,29.272711469744927,29.35255241394043,266530000,48.89855354515816,0.03301231746945987,0.09762946082268942,32.21770665978532,27.15556108618636,29.68663387298584,29.694878653751513,28.551460119024586,29.331591606140137,29.68663387298584,29.237703094482423,29.64102074799008,29.60800843052062,0.03301231746945987,3.7901305841553574,54.14575167588331,56.30522739699515,1.464441629016615,1.26553639339974,-0.005914891247573273,-0.005932453503608129,505062350.0,-0.13706356195607128
2022-01-03,29.75574653768631,30.64996574600368,29.725805474067663,30.061138153076172,391547000,52.14633321299515,0.06408059977203706,0.09091968861255896,32.156945053431485,27.159236129429843,29.658090591430664,29.72976051083005,28.610663179183472,29.563130187988282,29.658090591430664,29.386043357849122,29.705654194926403,29.641573595154366,0.06408059977203706,-1.1096936342544952,71.1110189448828,61.194690997374295,1.401851643706485,1.2494272310004109,0.024140515248657346,0.023853739125766174,497423450.0,0.4690541402468764
2022-01-04,30.216826539242714,30.40744692192532,28.292658836690123,29.231788635253906,527154000,48.2787533944422,0.0215326474503712,0.07704228038012141,32.12186072372107,27.11976887680383,29.62081480026245,29.682334617918038,28.635021040205842,29.719917678833006,29.62081480026245,29.51711799621582,29.63275180113063,29.61121915368026,0.0215326474503712,3.181025525089027,51.254372879112616,58.83704783329291,1.4511107047213472,1.2505229617293108,-0.027588759733549795,-0.027976477303757935,490834250.0,0.3463364551382082
2022-01-05,28.891469242287545,29.35754213554747,27.47828478816745,27.549142837524414,498064000,41.54610924334206,-0.14627618393049602,0.03237858751799793,31.68932956183154,27.070959058163577,29.380144309997558,29.479173495975786,28.59243758127716,29.573110008239745,29.380144309997558,29.605758247375487,29.312196575960442,29.458472759890938,-0.14627618393049602,-0.7086111585634332,10.967736977636896,44.44437626721077,1.3955783421610313,1.1545926259169896,-0.05756219089858228,-0.059285346875363215,486084800.0,-0.055183115370461056
2022-01-06,27.585066961351565,28.381481331155296,27.01121087291353,28.121997833251953,454186000,44.38941621727184,-0.23038554009472634,-0.020174238004546922,31.2791982781864,27.11701525330774,29.19810676574707,29.349918670954466,28.573988963707546,29.451152992248534,29.19810676574707,29.6749010848999,29.129089077082213,29.35947461717694,-0.23038554009472634,1.6558904534228063,26.09607430494249,29.439394720564007,1.2748187770791248,1.0405457562196645,0.020793931742488114,0.020580688981087572,485016550.0,-0.08809711201773263
2022-01-07,28.085074417160133,28.36551610574402,27.003227178529944,27.19285011291504,409939000,40.91326094838034,-0.3677777536395084,-0.08969494113153922,31.215278416841976,26.85727998617316,29.03627920150757,29.144483570188804,28.51982665583333,29.212328720092774,29.03627920150757,29.73076976776123,28.831206159518032,29.19898391315754,-0.3677777536395084,-6.2871958762615545,4.446532341012196,13.836781207863865,1.2892900261555726,1.089499607667204,-0.03303989019010145,-0.0335980358689554,481088150.0,-0.0974204400840184
2022-01-10,26.528172253329963,27.414407928007527,25.59303417452998,27.345544815063477,594681000,41.72097180691494,-0.45904925235774385,-0.16356580337678017,31.13545975973454,26.65785479257259,28.896657276153565,28.973156069700675,28.473776387567845,28.858533477783205,28.896657276153565,29.779913024902342,28.60264287575579,29.061692128113535,-0.45904925235774385,-6.802714764819711,30.882846545458865,20.47515106380452,1.348172913837389,1.1194012417904886,0.005615251859014014,0.0055995451031222625,486380950.0,0.45065729291431156
2022-01-11,27.268697246348502,28.009223147677293,26.785659911463362,27.761714935302734,404089000,43.969120084962114,-0.4921281747833426,-0.22927827765809267,31.14890617020603,26.610076297445335,28.879491233825682,28.85778072356754,28.445852409047646,28.608530616760255,28.879491233825682,29.824886054992675,28.473269346455318,28.96539752123866,-0.4921281747833426,-6.150475607343653,38.21662111029781,24.515333332256294,1.313028461425056,1.134707468190174,0.015218936870842859,0.015104290584143207,476668200.0,-0.3204945172285646
2022-01-12,28.01121930597054,28.538169841179762,27.553131884370423,27.943355560302734,383413000,44.966964642206094,-0.49794656073179056,-0.2830119342728323,31.155669197652163,26.569581046488462,28.862625122070312,28.770692612780415,28.426146650273335,28.408728790283202,28.862625122070312,29.868302841186523,28.39174414858569,28.88969070931748,-0.49794656073179056,-9.520106013847586,41.41750298716252,36.8389902143064,1.3045452614576043,1.1465220377909255,0.006542845981356127,0.006521534472692428,462487100.0,-0.05116694589558246
2022-01-13,28.322602041435534,28.42340115632872,26.4453396404375,26.522188186645508,540171000,39.09981603396121,-0.6101999976414731,-0.3484495469465605,31.06807844246876,26.269543818578605,28.668811130523682,28.5565493341009,28.351481612484008,28.108227348327638,28.668811130523682,29.87184055328369,28.104120154441045,28.714320152082518,-0.6101999976414731,-12.357369142528531,16.37360716082501,32.00257708609512,1.3988573165364497,1.1996336559725387,-0.0508588659150222,-0.052197772688988446,454580800.0,0.40884894356738033
2022-01-14,26.247733885046436,27.142952562616813,26.157912587583745,26.888458251953125,395832000,41.228168831803046,-0.6619758760773209,-0.4111548127727126,31.122136279803414,26.07127325846563,28.596704769134522,28.397683516753492,28.29410814736515,27.861817932128908,28.596704769134522,29.878771896362306,27.91709524636598,28.579071122443302,-0.6619758760773209,-10.196310934014562,22.8280399953366,26.873050047774715,1.3660655558827384,1.262715755334445,0.013809948965373797,0.013715460546501397,439004100.0,-0.26720982799891146
2022-01-18,26.20781332431235,26.585062377950432,25.718787337317245,25.85152244567871,424270000,37.25824200340613,-0.7777156642289853,-0.4844669830639672,31.29020421197029,25.713782337407153,28.501993274688722,28.15519198617494,28.198320472789213,27.44085636138916,28.501993274688722,29.801039657592774,27.599314815491017,28.377030479720002,-0.7777156642289853,-12.448453751424832,5.111563553813377,14.771070236658334,1.35565764868554,1.394105468640785,-0.03856434595684166,-0.039327638664725384,424529700.0,0.0718436104205824
2022-01-19,26.02717118789245,26.490247833386153,25.00221181655367,25.017181396484375,488315000,34.38889482915624,-0.9260892495914703,-0.5727914363694678,31.549141819828943,25.190171496516275,28.36965665817261,27.85633383477584,28.07356992077726,27.019395637512208,28.36965665817261,29.707598571777343,27.202063520259227,28.128152769850697,-0.9260892495914703,-14.76999668143699,0.2650536853711865,9.40155241150706,1.3776850827241858,1.5897425808281664,-0.032274348675112696,-0.03280664992884894,425853100.0,0.15095340231456378
2022-01-20,25.253710832650285,25.528163907695127,24.03014569021503,24.10200309753418,435181000,31.52133718134175,-1.1047883132579202,-0.6791908117471583,31.811825210139823,24.435966461613106,28.123895835876464,27.49877852646711,27.91782220221871,26.674681663513184,28.123895835876464,29.574858322143555,26.725131147532295,27.829919460790215,-1.1047883132579202,-19.82338468090301,1.0854888307170119,2.154035356633863,1.4193165686684122,1.8439646871316784,-0.03658199077050317,-0.03726789155249786,421392900.0,-0.10881091098983242
2022-01-21,23.460278334152008,24.77366268646621,23.216763817208136,23.327543258666992,718958000,29.295122090861128,-1.2939847940086935,-0.8021496081994653,32.03640084086592,23.609988357437302,27.823194599151613,27.101518024771863,27.737811263255896,26.195236206054688,27.823194599151613,29.42956256866455,26.202425318476095,27.49641011248479,-1.2939847940086935,-20.198029789618552,1.4903327330541993,0.946958416380804,1.4806941861261393,2.1066031208571547,-0.03213259228841525,-0.03266017659212242,437581600.0,0.6520895903084003
2022-01-24,22.285621139528853,23.33353360141309,20.846487542973147,23.325550079345703,913982000,29.289388787084462,-1.4276283895967978,-0.9272453644789319,32.08724161265839,22.93359331013214,27.510417461395264,26.74190202996937,27.564781412906477,25.808506202697753,27.510417461395264,29.30813648223877,25.75982912784065,27.187457517437448,-1.4276283895967978,-15.331122217079644,25.9290144232811,9.501611995684108,1.5656679522959032,2.288412075631563,-8.544317329894913e-05,-8.544682377482114e-05,466129600.0,0.27125923906542515
2022-01-25,22.501191486192454,22.89740375021859,21.956277081612978,22.279632568359375,664616000,26.372640204632404,-1.5995006560810126,-1.061696422799348,31.931309527723133,22.229138928087412,27.080224227905273,26.31692398600651,27.35752067390463,25.301914978027344,27.080224227905273,29.147211303710936,25.22441427253584,26.82391492861685,-1.5995006560810126,-20.775071883351266,16.838630392955185,14.752659183096833,1.5124168746171551,2.4255426499089308,-0.04483999337329525,-0.04587640632973124,479176100.0,-0.27283469477517064
2022-01-26,23.19381403507695,24.009189816429384,22.25568159985635,22.726743698120117,755959000,29.600118601914588,-1.6802635023076036,-1.1854098387009993,31.68288029193129,21.724068179138044,26.703474235534667,25.975002053826856,27.175921576815043,24.798417854309083,26.703474235534667,28.99522834777832,24.840157261087267,26.52042076339487,-1.6802635023076036,-16.423826102265675,24.445317451363906,22.404320755866735,1.5034347938452277,2.4897030281983112,0.02006815545044982,0.01986944413295361,495944500.0,0.13743725700253973
2022-01-27,23.521161726766028,23.947313152254385,21.631922323422884,21.900388717651367,573353000,27.224785932733766,-1.7903109899321237,-1.306390068947224,31.47476894339529,21.12808101693186,26.301424980163574,25.58694364085776,26.969037935279214,24.194121170043946,26.301424980163574,28.834002838134765,24.387885177481746,26.17819616741387,-1.7903109899321237,-19.91240669819315,13.70182924643087,18.328592363583326,1.5709433917444944,2.586671981615858,-0.036360465513460394,-0.03703798118086319,507455200.0,-0.24155542827058085
2022-01-28,21.968257252029776,22.8125767649664,21.25368047125006,22.794612884521484,543774000,33.44854776022912,-1.784794005500931,-1.4020708562579656,31.130517911230772,20.799073076928405,25.96479549407959,25.32100737834954,26.805334992112247,23.821363639831542,25.96479549407959,28.687109413146974,24.14276636318017,25.9275603686811,-1.784794005500931,-17.891913602444333,25.32768861244516,21.158278436746652,1.5849867750660847,2.582861208575592,0.040831428994198005,0.04001984471853889,519200700.0,-0.051589509429618374
2022-01-31,23.135926717655092,24.460290972976274,23.00618592049365,24.437335968017578,564680000,43.078961176798266,-1.6290886121149697,-1.4474744074293664,30.669325177936237,20.768744165630658,25.719034671783447,25.236848196413163,26.712472285285003,23.576251411437987,25.719034671783447,28.59187068939209,24.188084763924387,25.817173376039356,-1.6290886121149697,-12.546881081332712,46.68482505942386,28.571447639433302,1.5738656561358877,2.475145253076394,0.07206628565346573,0.06958789436895432,534108200.0,0.03844611915979801
2022-02-01,25.054106568459677,25.095025447548608,23.842518660207173,24.589033126831055,518925000,43.8864800419576,-1.4764308967976625,-1.4532657053030256,29.971991509230868,20.918867331711517,25.445429420471193,25.175151523119627,26.629200161424066,23.450002479553223,25.445429420471193,28.451487770080565,24.249769127448488,25.72620002424615,-1.4764308967976625,-7.288821895879007,48.65704846819422,40.22318738002108,1.575933052644995,2.263281044379838,0.006207598038182605,0.006188410267185585,540477100.0,-0.08102819295884389
2022-02-02,25.74273842128798,25.765691523974446,24.50420361965189,25.191835403442383,543419000,47.098163458634566,-1.2919150590638537,-1.4209955760551913,29.40435557703937,21.082507940721857,25.243431758880615,25.176740464102746,26.57283291601302,23.467467880249025,25.243431758880615,28.297015914916994,24.394702400678316,25.68661745974217,-1.2919150590638537,-6.309855450293446,57.349840346732165,50.897237958116754,1.5956794774673677,2.0804619090793786,0.02451508660393653,0.02421941440970788,541290350.0,0.04720142602495536
2022-02-03,24.409394490116693,25.0271638258228,23.73274239062806,23.900407791137695,410178000,41.60423918809514,-1.2356485563045325,-1.3839261721050597,29.114839439878175,21.00715057324438,25.060995006561278,25.05518497143941,26.468031930723793,23.447308349609376,25.060995006561278,28.137252349853515,24.318657076133604,25.554305632438137,-1.2356485563045325,-7.5473878130034855,48.50213951220169,51.503009442376026,1.5586102986761607,2.0269222166584493,-0.05126373650917937,-0.05262442891116176,536896050.0,-0.2451901755367405
2022-02-04,23.924361305059936,24.586043852193274,23.585036824296264,24.270671844482422,354829000,43.634348367068064,-1.147946915342466,-1.336730320752541,28.667960439412415,21.06889697483319,24.868428707122803,24.980469435538744,26.381860946949622,23.541621208190918,24.868428707122803,27.989085121154787,24.311274732802655,25.45922164814512,-1.147946915342466,-2.9839874451518305,59.66959393190223,55.1738579302787,1.5597508024521567,1.8997658661448062,0.015491955475421593,0.015373180269280282,531928200.0,-0.13493897771211527
2022-02-07,24.32356251647183,25.131952179111504,24.153900300504695,24.678855895996094,376868000,45.86852299394814,-1.0335910966293014,-1.2761024759278932,28.38141271461838,21.10404527793533,24.742728996276856,24.951744336534684,26.315076435147525,23.676951789855956,24.742728996276856,27.830560874938964,24.36782568098626,25.401416777615562,-1.0335910966293014,2.393381148145859,67.9045203165866,58.69208458689684,1.5460637284500802,1.8193418591707633,0.016817995568032318,0.016678138974135247,530274650.0,0.062111608690383235
2022-02-08,24.310591474393373,25.179860856231137,23.9323449370335,25.058103561401367,410359000,47.93348772066271,-0.9019638910339012,-1.2012747589490949,28.06050472716777,21.19620914001973,24.62835693359375,24.961873786521988,26.265783381275128,23.954798889160156,24.62835693359375,27.702991981506347,24.4740222779732,25.375986169007103,-0.9019638910339012,7.418527890164395,85.61580358720863,71.0633059452325,1.5288837214761628,1.7160738967870104,0.015367311475196876,0.015250430256603748,521058550.0,0.08886665888321632
2022-02-09,25.571078226959134,26.671886749229056,25.302613739727306,26.651926040649414,524282000,55.599241484233026,-0.6614158382651958,-1.093302974812315,27.822761438873766,21.322973538848405,24.572867488861085,25.122831144057933,26.280926230662356,24.347317123413085,24.572867488861085,27.569918746948243,24.809084395308002,25.470500233573198,-0.6614158382651958,14.260653875207637,99.65735037423347,84.39255809267624,1.537152647929562,1.6249469750063397,0.06360507192184794,0.06166414901192035,527068200.0,0.2776178906762128
2022-02-10,25.94333997182691,26.871490147981913,25.549124513702214,25.77267837524414,513200000,51.12721398799916,-0.535554176632413,-0.9817532151763347,27.366687125120258,21.561980134096054,24.464333629608156,25.184721356551858,26.260994942214584,24.734546089172362,24.464333629608156,27.43323112487793,24.957329622990486,25.4928837996229,-0.535554176632413,15.67820203572588,81.76246808882212,89.01187401675475,1.5204002740025353,1.451176747756052,-0.032990023462628915,-0.03354646658374709,533557550.0,-0.021137479448083307
2022-02-11,25.864497256375,26.10002831228232,23.725756410566216,23.901405334472656,605472000,43.16895985753946,-0.5801167734587835,-0.9014259268328245,27.07674843224373,21.589840541755297,24.333294486999513,25.062500783020507,26.168462016420786,24.84522533416748,24.333294486999513,27.283808670043946,24.79487973244928,25.374996505908065,-0.5801167734587835,5.168631511648117,47.13091072111406,76.18357639472322,1.5123449770936896,1.3717269726221075,-0.07260685185785465,-0.07537769529646775,536822600.0,0.1797973499610288
2022-02-14,23.886432615759617,24.825562419077983,23.707787514804277,24.21877098083496,440424000,44.739988430209095,-0.5831025539011563,-0.8377612522464909,26.66553111856279,21.73408912832442,24.199810123443605,24.98214556376474,26.09200354443703,24.82336883544922,24.199810123443605,27.12694118499756,24.70624761681631,25.289350170717466,-0.5831025539011563,10.586032481309404,52.78018801288111,60.55785560760577,1.4943808275609025,1.2328604975595925,0.013278116576039611,0.01319073504436107,539052200.0,-0.2725939432376724
2022-02-15,24.8994139589256,26.492242623139074,24.734742881710144,26.44234275817871,699869000,54.27694203056241,-0.4014178520220142,-0.7504925722015956,26.790695387814004,21.668006890323205,24.229351139068605,25.121211963232735,26.105742337132785,25.008699798583983,24.229351139068605,27.04314796447754,24.973339177025913,25.374757029047927,-0.4014178520220142,16.00259628069486,92.36094822541484,64.09068231980335,1.5315210722559793,1.2806721243727006,0.09181191643057884,0.08783862478716195,552832150.0,0.5890800682978221
2022-02-16,26.206811119026813,26.52916911213145,25.50121554773695,26.458309173583984,732676000,54.33788108531691,-0.2532240512921078,-0.6510388680196981,27.03159108274742,21.571223973099748,24.301407527923583,25.24855455469476,26.11956848758185,25.135347175598145,24.301407527923583,26.972768058776854,25.201796099573308,25.455020150865415,-0.2532240512921078,8.27002259252547,92.64515891114533,79.2620983831471,1.4395612676533365,1.3650917774119185,0.0006038200000388905,0.000603637774093424,565050200.0,0.046875915349872566
2022-02-17,25.57906520835988,25.73375786543632,24.116978322985712,24.458297729492188,810595000,46.05717320751662,-0.2937771254478818,-0.5795865195053348,27.048576945914597,21.589867573128373,24.319222259521485,25.173291999913562,26.054420614715593,25.191136169433594,24.319222259521485,26.814682960510254,25.087411734945444,25.381188860393326,-0.2937771254478818,-0.5316817325208748,37.56785296928991,74.19132003528337,1.49544945028776,1.3646773431965564,-0.07559105273773925,-0.07860072163452846,583820900.0,0.10634850875421065
2022-02-18,24.61897260173139,24.9363413812796,23.054090050944854,23.595012664794922,761255000,43.010370198570996,-0.39106763457201055,-0.54188274251867,27.04405352657598,21.62113793307978,24.33259572982788,25.022979682283214,25.95797324413047,25.123570251464844,24.33259572982788,26.651328239440918,24.85781187799921,25.24887951257122,-0.39106763457201055,-6.338651841259887,14.169921939015884,48.12764460648372,1.5109189675648997,1.3557288983740496,-0.03529620394048538,-0.03593417184963666,585935750.0,-0.060868867930347514
2022-02-22,22.98922136037415,24.01617571252817,22.9542910697266,23.343515396118164,633422000,42.13586432200124,-0.4828982413919434,-0.5300858422933247,27.04355862486632,21.623429366466688,24.333493995666505,24.863030702648445,25.85544548538489,24.99003620147705,24.333493995666505,26.50961051940918,24.62484318847905,25.107741429870995,-0.4828982413919434,-2.3300539467198034,9.936291687399263,20.558022198568356,1.4973031000977666,1.3550323145999077,-0.010658916451950273,-0.010716129618676653,571907750.0,-0.16792402020347974
2022-02-23,23.754695100866613,24.106994175655707,22.256678790095112,22.342506408691406,566511000,38.75801362267189,-0.6291947529528059,-0.5499076244252209,27.036798542599506,21.636476832766704,24.336637687683105,24.62298076989063,25.717683168651813,24.718476486206054,24.336637687683105,26.353700981140136,24.273714453127106,24.90290920607991,-0.6291947529528059,-7.944425470155888,1.8598294045023802,8.655347676972514,1.5393622059004834,1.3500804274582003,-0.0428816727232616,-0.04382825120513434,567002500.0,-0.10563415858621894
2022-02-24,20.973233676940158,23.752698549006187,20.8484821049316,23.700801849365234,735801000,45.17998866590558,-0.6282901641452874,-0.5655841323692342,26.996922698636116,21.773758491854604,24.38534059524536,24.535154206031073,25.63858978358175,24.423364067077635,24.38534059524536,26.265616302490233,24.185574052548354,24.81386421669364,-0.6282901641452874,-3.963125562840777,47.3570635145474,19.717728202149686,1.6425853081333597,1.305791051695378,0.0607942285358567,0.05901789976333386,565994600.0,0.29882914894856416
2022-02-25,23.673857307735503,24.168869937955396,23.33453287499,24.108989715576172,528866000,46.97933613485706,-0.5878594438246161,-0.5700391946603106,26.83779870014014,22.15374259014306,24.4957706451416,24.494567111702032,25.578605467189377,24.25699520111084,24.4957706451416,26.182182540893553,24.173791846860325,24.76165129068494,-0.5878594438246161,-3.787652339689335,54.1342064851919,34.45036646808057,1.6306803106382444,1.1710140274992704,0.017222534022487856,0.01707590731149557,563770250.0,-0.2812377259612313
2022-02-28,23.944321576419384,24.61598446694235,23.659888105648218,24.33654022216797,477319000,48.00392325407275,-0.5313315234597908,-0.5622976604202067,26.776535857369872,22.369198166677982,24.572867012023927,24.479516931746407,25.529897026208147,24.30050868988037,24.572867012023927,26.06094398498535,24.198830058446116,24.730161581905907,-0.5313315234597908,-8.687499038343525,57.912227450220456,53.134499149986596,1.6291120594016246,1.1018344226729717,0.009438409044771445,0.009394145562059182,560447500.0,-0.09746703323715267
2022-03-01,24.24272507991095,24.328554607429982,23.086028049660978,23.430341720581055,412056000,44.32998751352691,-0.5532775458252246,-0.5604936375012103,26.7844697079063,22.2605648913979,24.5225172996521,24.37959548306399,25.447561524026693,24.22166576385498,24.5225172996521,25.962939109802246,24.080601083389954,24.63387862921518,-0.5532775458252246,-9.0884487074227,42.866614110345594,51.63768268191932,1.62932607749515,1.1309762041270994,-0.037236126964401706,-0.037947096590265586,552816300.0,-0.13672826767842894
2022-03-02,23.712827876260754,24.364641033795944,23.372447983953073,24.175983428955078,389642000,47.86564635725789,-0.5046851758329787,-0.549331945167564,26.768797227437428,22.23493240207917,24.5018648147583,24.36020385886314,25.397695716376827,23.995029830932616,24.5018648147583,25.891543731689453,24.09527529039997,24.59996046623295,-0.5046851758329787,1.1487947701819934,55.246503080183295,52.00844821358313,1.5849267819248056,1.133466206339564,0.031823765836033635,0.031327882937865995,546352150.0,-0.05439551905566231
2022-03-03,24.217906685184186,24.281791456450637,23.426348571587415,23.6709041595459,365095000,45.74622022410771,-0.5011540564376986,-0.539696367421591,26.69733255304749,22.154303952079463,24.425818252563477,24.294556268451974,25.329978400422675,23.71628932952881,24.425818252563477,25.811683540344237,24.02998742411473,24.531141480552428,-0.5011540564376986,-2.262157818506174,49.68451968990879,49.2658789601459,1.551575156966486,1.1357571502420074,-0.02089177761448402,-0.021113098755712878,537435950.0,-0.0629988553595352
2022-03-04,23.341501454950432,23.63696301668851,22.44114037112084,22.894315719604492,431415000,42.62131222929069,-0.5546264275456956,-0.542682379446412,26.738730661310885,22.01229663666275,24.375513648986818,24.161200025704595,25.23446221686118,23.559891128540038,24.375513648986818,25.68922546386719,23.855268700343924,24.40989512788962,-0.5546264275456956,-13.417975370116558,36.01384149628296,46.981621422125016,1.469824577445697,1.1816085061620345,-0.03280772186423753,-0.03335796344402553,538497800.0,0.18165135101822805
2022-03-07,22.775533982357196,22.991142952296123,21.291236802671158,21.313196182250977,450821000,37.069250445661474,-0.716329400167961,-0.5774117835907218,26.959796828435813,21.495482903314674,24.227639865875243,23.8899615644233,25.080687078249014,23.331709480285646,24.227639865875243,25.528658027648927,23.464180620637315,24.180510020805276,-0.716329400167961,-19.4461141019166,8.180596409032704,31.292985865074822,1.5114053806850727,1.366078481280284,-0.0690616638958812,-0.07156223794362637,543297400.0,0.044982209705272114
2022-03-08,21.270275724010467,22.332341322019484,20.61247291155514,21.474903106689453,557467000,37.95937793390533,-0.8219567676499366,-0.6263207804025648,27.052243586601346,21.08264086621848,24.067442226409913,23.659955997020077,24.93928378524668,23.144848251342772,24.067442226409913,25.36653423309326,23.158137926183798,23.980094693833735,-0.8219567676499366,-12.197883335132158,14.576212228883888,19.590216711399854,1.4718622926965177,1.4924006800957172,0.0075871738361392715,0.007558535995031616,552327350.0,0.2365595214065006
2022-03-09,22.34631240982393,23.177798676510015,22.206567458744647,22.9721736907959,492742000,45.62805633117243,-0.7759058349774683,-0.6562377913175456,26.94796994959422,20.978321516165057,23.96314573287964,23.594452920236826,24.862142212915277,23.207814979553223,23.96314573287964,25.208307762145996,23.12952804381643,23.905433878793897,-0.7759058349774683,-2.639706038082929,46.076342177610165,22.94438360517559,1.5200724359412365,1.4924121083572914,0.0697218784488971,0.06739868800374588,556446500.0,-0.11610552732269352
2022-03-10,22.49005319391326,22.746586101874037,21.842232493155823,22.616823196411133,428066000,44.230692695381634,-0.7593308606695892,-0.6768564051879543,26.5177240134303,21.005057167905147,23.761390590667723,23.501345327491524,24.774090486777858,23.09941711425781,23.761390590667723,25.055409355163576,23.050650374984844,23.809981235654433,-0.7593308606695892,-3.11303669295617,46.355486964748486,35.66934712374752,1.4335446035870798,1.3781667113812888,-0.015468736183513299,-0.015589625372139366,551635700.0,-0.13125733142293528
2022-03-11,22.98015875370695,23.102936307878903,22.005932721614773,22.05983543395996,367209000,42.05656675607132,-0.7821234987644274,-0.697909823903249,26.26092323812683,20.890573649080203,23.575748443603516,23.36405867096471,24.667649112157548,22.89450168609619,23.575748443603516,24.897778587341307,22.89821730713486,23.680340805899288,-0.7821234987644274,-1.265171281864259,36.15232533692124,42.86138482642664,1.377455479010607,1.3425873972616573,-0.024627144034072623,-0.02493546471148533,544336150.0,-0.14216732933706488
2022-03-14,21.82926082118848,22.22154634156977,21.12055189231949,21.291240692138672,385354000,39.193623059267296,-0.8523802915052165,-0.7288039174236425,26.31139673379875,20.57908368917488,23.445240211486816,23.166647434886038,24.535240938823478,22.58997173309326,23.445240211486816,24.73305934906006,22.650990135596988,23.503370427102205,-0.8523802915052165,-10.166580744993219,16.954310514482383,33.15404093871737,1.3802490366140865,1.4330782611559685,-0.034841363351155286,-0.035462800844073786,533330250.0,0.04941327690770114
2022-03-15,21.47889393725402,22.996132023942444,21.28325099056678,22.931249618530273,491996000,47.418762672718756,-0.7668841288235413,-0.7364199597036223,26.23166287410462,20.530065412638542,23.380864143371582,23.14422859523311,24.472339318419824,22.540062522888185,23.380864143371582,24.604633293151856,22.694106979125184,23.460991107948725,-0.7668841288235413,-4.885066155571804,57.918571606342375,37.00840248591533,1.3704322971723055,1.4253993653665205,0.07702740061536861,0.07420483946191783,535908850.0,0.2767377528194854
2022-03-16,23.457292552284873,24.552299054127236,23.12988952261609,24.45148277282715,671422000,53.67430244553437,-0.5698883750541199,-0.7031136427737219,25.801926770231454,20.760715517976557,23.281321144104005,23.26872899309921,24.47152141467109,22.56761245727539,23.281321144104005,24.492440185546876,22.96447248584856,23.53436086090268,-0.5698883750541199,0.4723044015701106,95.89106483547312,56.9213156520993,1.278777510852475,1.2603028130637237,0.06629525994381069,0.06419026670135636,534486500.0,0.36468995682891725
2022-03-17,24.076167120982394,24.79685323515595,23.862555326463934,24.720993041992188,471941000,54.70315176422707,-0.3875531234204175,-0.6400015389030611,25.346927076993673,21.041983598055154,23.194455337524413,23.407039854898542,24.48130461574251,22.67262134552002,23.194455337524413,24.40222427368164,23.234706417562965,23.622259540983382,-0.3875531234204175,5.508461365193976,98.1870626640725,83.99889970196267,1.2859175712615194,1.0762358697346295,0.01102224644897798,0.010961944196812784,521449750.0,-0.2971022695115739
2022-03-18,24.753930982548006,26.520714705600792,24.57924978276127,26.404924392700195,730719000,60.59220747715991,-0.10595060344100915,-0.5331913518106507,25.826918162882393,20.756655178487236,23.291786670684814,23.69255266802251,24.556740685427126,23.02368221282959,23.291786670684814,24.379339904785155,23.722432259891768,23.828382863332777,-0.10595060344100915,9.219649617543832,98.04019001021099,97.3727725032522,1.3563010399433328,1.26756574609879,0.06811746388373674,0.0658977193999722,517455950.0,0.5483270154532027
2022-03-21,26.45883040449885,27.10265874201125,25.919810799916604,26.68541717529297,591727000,61.49031763089676,0.13826105844132286,-0.39890086976025596,26.401230975361045,20.491382817058387,23.446306896209716,23.97758738300065,24.640218194833633,23.56090431213379,23.446306896209716,24.350608291625978,24.178276093030412,24.04001503458909,0.13826105844132286,12.735098733148268,93.5711922952912,96.5994816565249,1.3514678806281655,1.4774620395756641,0.01062274515242767,0.010566720205053386,508979550.0,-0.1902126535645029
2022-03-22,26.678431698352043,27.188504706921723,26.02462316522588,26.475801467895508,547007000,60.382807730123076,0.31129787603889625,-0.25686112060042554,26.852267626550468,20.3535747730467,23.602921199798583,24.215512533943016,24.712201852600767,24.060994148254395,23.602921199798583,24.336267318725586,24.531741535317348,24.22044365927845,0.31129787603889625,15.6435588298635,89.16210776948525,93.59116335832914,1.3637313443319492,1.624673213375943,-0.00785506578445161,-0.007886079329406596,504658800.0,-0.0755753920304465
2022-03-23,26.078520250553925,26.56363709584055,25.52852290161085,25.58741569519043,502120000,55.796040345454635,0.3724520974048069,-0.13099847699937905,27.073045586927904,20.457287741319163,23.765166664123534,24.34616997787134,24.74652396407487,24.322518348693848,23.765166664123534,24.301104736328124,24.69415294452859,24.321700847123783,0.3724520974048069,20.054333833322012,75.65265708022568,86.12865238166738,1.3765650092866977,1.6539394614021847,-0.03355463190726571,-0.034130507443293275,501439250.0,-0.0820592789488983
2022-03-24,26.118448890609304,28.268533755984528,25.859918794556325,28.09884262084961,877379000,64.09854452090178,0.6164622296112547,0.01849366432274771,27.8180080841737,20.152129321221803,23.985068702697752,24.7035673724407,24.877987440811136,24.870720291137694,23.985068702697752,24.307847290039064,25.217951356270284,24.60148912665903,0.6164622296112547,30.8450263139804,97.78357123091065,87.53277869354054,1.4802331715987722,1.9164696907379746,0.09815086273567064,0.09362773140475167,508518150.0,0.7473492392256831
2022-03-25,27.835319803468362,28.306462114881743,27.22143772985282,27.641672134399414,579016000,61.822216605211956,0.7641436080093271,0.1676236530600636,28.32964224689089,19.99376340038694,24.161702823638915,24.983386873579626,24.986367232716557,25.42890396118164,24.161702823638915,24.301813621520996,25.59083147598246,24.82668786797313,0.7641436080093271,20.326759262987864,91.35961901018918,88.26528244044182,1.4363130455561977,2.083969711625988,-0.01627008245923167,-0.016403893648712663,511025650.0,-0.3400617065145165
2022-03-28,27.705560928979263,28.198662689661013,27.15655927410769,28.1677188873291,425494000,63.43147201129703,0.9131040459280264,0.3167197316336562,28.890809564594456,19.81571394919949,24.353261756896973,25.286656589174815,25.111126121132735,26.116551780700682,24.353261756896973,24.33472423553467,25.98727569311271,25.074171647184684,0.9131040459280264,24.5432156528455,98.06923238315701,95.73747420808563,1.3879012602054106,2.2687739038487402,0.019030930920963973,0.018852107971237344,508434400.0,-0.2651429321469527
2022-03-29,28.64285439143604,28.893397719357992,27.929153555811936,28.603925704956055,488984000,64.75803292354128,1.0542023226729995,0.4642162498415249,29.503984540563373,19.719897371668075,24.611940956115724,25.60258698115398,25.24809865383169,26.683819389343263,24.611940956115724,24.369033584594728,26.389837233396303,25.335634910723304,1.0542023226729995,29.665181730783946,96.27585544801384,95.23490228045335,1.3351404454715172,2.446021792223825,0.015486054066776944,0.015367368873374528,512280800.0,0.14921479503823787
2022-03-30,28.25256539037633,28.444215914701186,27.45302041414032,27.639680862426758,463487000,59.61025005521154,1.0758158874119026,0.5865361773556005,29.854221450064223,19.716030205514393,24.785125827789308,25.796595922227578,25.341886191423654,27.00263919830322,24.785125827789308,24.404796752929688,26.58212086863176,25.506304981219856,1.0758158874119026,29.817145285629643,83.87055545897907,92.73854776338332,1.33663788069835,2.5345478111374584,-0.033710227486789535,-0.034291518206321245,515973050.0,-0.052142810398704276
2022-03-31,27.73151289162019,28.19666565950048,27.220444189167058,27.236413955688477,523440000,57.549808054053045,1.0483201420126989,0.6788929702870201,30.1175800022136,19.80922263297927,24.963401317596436,25.933721449223853,25.41618139786541,27.25418128967285,24.963401317596436,24.44918140411377,26.682781343563562,25.634461201550863,1.0483201420126989,18.774224731648676,78.68240538226607,86.27627209641967,1.3280105867032996,2.5770893423085823,-0.014590143379205278,-0.014697626262675359,523890300.0,0.1293520638119301
2022-04-01,27.325253149263812,27.44603355303061,26.219266845372278,26.6634578704834,517235000,54.6590296365209,0.9691253245238798,0.7369394411343921,30.26294349955594,20.040773350724823,25.151858425140382,26.003220156010475,25.465094200713178,27.280034637451173,25.151858425140382,24.500410499572755,26.67980850155123,25.71068317702735,0.9691253245238798,9.046384295820337,70.69780743598362,77.75025609240959,1.3369943194467317,2.555542537207779,-0.02103639951049474,-0.02126081743955702,528181300.0,-0.011854271740791678
2022-04-04,26.679426533913535,27.507918058034864,26.56463575752181,27.310277938842773,397120000,57.26857659759573,0.9476321216935162,0.779077977246217,30.312086183518655,20.591338842421283,25.45171251296997,26.12770184961355,25.537454347306497,27.342520713806152,25.45171251296997,24.58006519317627,26.77680379959608,25.829171677902565,0.9476321216935162,10.474032707554711,72.5320112946113,73.97074137095366,1.282022981385117,2.430186835274343,0.024258671605958737,0.023969103707231244,525496250.0,-0.23222519744410186
2022-04-05,27.204466526965444,27.269348924845236,25.773072756151578,25.88387107849121,436615000,50.382126333157885,0.8062060494571384,0.7845035916884012,30.15863534679379,21.185686476326328,25.67216091156006,26.104479871411424,25.551039317156878,27.283327674865724,25.67216091156006,24.63123161315918,26.639429534810716,25.833223485353578,0.8062060494571384,-1.9733187130542693,40.1784749783125,61.13609790296915,1.2760341061775622,2.243237217616865,-0.052229672050419396,-0.05364307617463478,519453650.0,0.09945356567284458
2022-04-06,24.88868689300515,25.254020976141952,23.959379064062016,24.36264419555664,703833000,44.26837386103279,0.5648631811238047,0.740575509575482,30.09305164363514,21.390317229961052,25.741684436798096,25.938590759425253,25.504435586898044,27.160850524902344,25.741684436798096,24.672891845703123,26.289154867233165,25.72429168610936,0.5648631811238047,-8.704278312301959,8.17315781856187,40.29454803049523,1.3467622565873607,2.175683603418522,-0.05877122777816135,-0.060569052874713515,530008200.0,0.612022033141326
2022-04-07,24.396583559935085,24.67707303806538,23.435334266714467,24.16400718688965,557992000,43.52564982161524,0.35349401371970757,0.6631592104043271,29.987673412959758,21.650413859684285,25.81904363632202,25.76958280013615,25.45186976728987,26.76736698150635,25.81904363632202,24.701637115478515,25.962209070257238,25.60871505653753,0.35349401371970757,-8.731725397658446,13.350392982739342,20.56734192653791,1.2967818171953172,2.084314888318869,-0.008153343580957428,-0.00818676386875761,536504500.0,-0.20720966479264258
2022-04-08,23.873540423070956,23.879530038373876,23.020094493834147,23.076990127563477,524781000,39.60921401059711,0.09714935630621113,0.5499572395847039,29.866702288376498,21.873100453627895,25.869901371002197,25.513145402748275,25.358737232398642,26.310898780822754,25.869901371002197,24.72516914367676,25.518329232919736,25.421179876613525,0.09714935630621113,-9.811172794987765,0.9687160962859159,7.497422299195715,1.2940007279782353,1.9984004586871507,-0.04498496672836372,-0.046028196979612766,544383100.0,-0.05951877446271636
2022-04-11,22.173629781756052,22.279436135946174,21.62063574834751,21.877168655395508,575207000,35.782059179456866,-0.20050984436227992,0.39986382279530713,29.760997153949777,22.0373983843803,25.89919776916504,25.166861903000395,25.222205131339695,25.681843757629395,25.89919776916504,24.70682025909424,24.958150682531393,25.158660526893673,-0.20050984436227992,-22.142100475119072,3.5273106430617136,5.948806574028995,1.3148916449439585,1.9308996923923691,-0.05199211272941895,-0.05339245685604926,553875750.0,0.09608960690268886
2022-04-12,22.496039697929614,22.6836977341084,21.24331959200071,21.464916229248047,662258000,34.54690759480148,-0.46431984076830446,0.22702709008258487,29.97026801238184,21.681494187020018,25.82588109970093,24.814295648357316,25.074860468512572,24.967942810058595,25.82588109970093,24.64737186431885,24.420729997410877,24.88504983817918,-0.46431984076830446,-22.345811335575966,2.8966584858119346,2.4642284083865262,1.343839069792386,2.072193456340456,-0.018843957033068293,-0.019023766860459722,562388850.0,0.15133856159608627
2022-04-13,21.688517637984596,22.45911415966956,21.416013003654044,22.16265296936035,516943000,38.42125716838015,-0.6100572793023176,0.05961021620560439,30.132776896392322,21.290102322662854,25.711439609527588,24.561758250357606,24.960656252859543,24.420240020751955,25.711439609527588,24.598844261169432,24.07333353155695,24.68339081085927,-0.6100572793023176,-21.318964244101622,12.017307039937716,6.147092056270459,1.2268378623082017,2.2106686434323666,0.03250591489202126,0.031988774545621206,554664900.0,-0.21942354792241092
2022-04-14,22.464099572114247,22.735606515539892,21.124539407798157,21.2193660736084,569097000,35.37283316947625,-0.792534770928242,-0.1108187812211649,30.37999177863967,20.692724743577124,25.536358261108397,24.2434351859053,24.813938990928126,23.818535232543944,25.536358261108397,24.519394874572754,23.63426161494948,24.426796385877722,-0.792534770928242,-25.816594923081386,1.2205997587720525,5.378188428173906,1.264412342501974,2.4218167587656367,-0.042562002710417324,-0.04349431481296545,559522700.0,0.10088926632143203
2022-04-18,21.161471392693215,22.047856104528115,21.040691011493315,21.743412017822266,525701000,38.30162029047431,-0.8846654964992595,-0.2655881242767838,30.412289777264412,20.19427550746459,25.3032826423645,24.005337741325963,24.69352616845339,23.32653064727783,25.3032826423645,24.476254959106445,23.34336167692991,24.22802717342917,-0.8846654964992595,-21.332622738853146,8.948774384062478,7.39556039425742,1.261916748036365,2.5545035674499554,0.02469658812595954,0.024396557185865014,549271800.0,-0.07625413593816166
2022-04-19,21.680525694021107,22.332338819215018,21.275263415595177,22.157657623291016,512781000,40.593439352566705,-0.913720797333756,-0.39521465888817825,30.327336482998597,19.82645284653021,25.076894664764403,23.829368206275014,24.594080343152907,22.811268615722657,25.076894664764403,24.433994674682616,23.160945668677773,24.07466646601153,-0.913720797333756,-18.646934727384455,15.086956907698523,8.418777016844357,1.2685475508987785,2.6252209091170977,0.01905154559593547,0.018872337451849366,545324500.0,-0.02457670805267631
2022-04-20,22.47607766412993,22.62879947914328,21.161471751554885,21.44295883178711,468974000,37.9726772073791,-0.9830851583088567,-0.512788758772314,30.272144176842808,19.37836088907516,24.825252532958984,23.60209112299045,24.470506950550327,22.367177391052245,24.825252532958984,24.369276733398436,22.896640001463826,23.879725159772683,-0.9830851583088567,-19.57922736073708,5.621426012259836,9.885719101340284,1.291149153525397,2.723445821941912,-0.0322551599837273,-0.032786821477346455,541422850.0,-0.08543023239940639
2022-04-21,21.66954608901935,22.351305380675164,19.963652360371036,20.146320343017578,656209000,33.71932649835833,-1.1296627546634568,-0.6361635579505426,30.370725248408288,18.735670282292393,24.55319776535034,23.272970096326368,24.300931005156887,21.94554500579834,24.55319776535034,24.271041069030762,22.473513900164402,23.60317665482786,-1.1296627546634568,-26.231727160989692,2.4212824675979743,7.709888462518783,1.3919656928090187,2.908763741528974,-0.06046919638941761,-0.06237467342759442,549127300.0,0.3992438813239114
2022-04-22,20.26610219786414,20.448770189585975,19.46456201839812,19.479534149169922,624713000,31.749836229622986,-1.284820023628118,-0.7658948510860577,30.108410539106316,18.136054144426396,24.122232341766356,22.911690482311467,24.111856618647597,21.477097702026366,24.122232341766356,24.12759323120117,22.012901630780636,23.297721654408754,-1.284820023628118,-24.742577761651415,0.18614283264375622,2.742950437500527,1.3746400830611276,2.993089098669979,-0.03309717022735392,-0.03365727485233608,536494000.0,-0.04799690342558549
2022-04-25,19.167106444428228,19.90875632059273,19.061300069268512,19.865835189819336,641566000,34.14954047697411,-1.3609241254303583,-0.8849007059549179,29.767036663196244,17.699844325878466,23.733440494537355,22.621609025883643,23.945345974379823,21.155982208251952,23.733440494537355,24.009456367492675,21.68258371678659,23.043507842216947,-1.3609241254303583,-18.457803552200016,9.801782795240133,4.136402698493959,1.367795365261925,3.0167980843294453,0.019831123151673236,0.019637048051117826,539621500.0,0.026977187924694945
2022-04-26,19.682168875562095,19.75204136699031,18.636072965338734,18.75385856628418,653143000,30.793218834382472,-1.4937454272904063,-1.0066696502220156,29.30858494968635,17.216910007283865,23.262747478485107,22.253251839255125,23.74175823288588,20.84365119934082,23.262747478485107,23.906505432128906,21.232010616709296,22.725756043999702,-1.4937454272904063,-22.389285761927695,1.779790363314599,3.9225719970661665,1.3458351539611684,3.022918735600622,-0.055974320380197895,-0.0576019102195524,551003950.0,0.01804490886362431
2022-04-27,18.564200662650713,19.13216683922804,18.25676174406092,18.381534576416016,499460000,29.73927109888659,-1.6104860199361646,-1.1274329241648455,28.622087538028556,16.881168306087655,22.751627922058105,21.884516861841877,23.53155338361255,20.535313034057616,22.751627922058105,23.78976070404053,20.793475841279562,22.403961861215727,-1.6104860199361646,-20.346914936446343,1.9434078293308452,4.5083269959618635,1.2709003740138773,2.935229807985225,-0.019853193866862684,-0.020052916360074356,551527750.0,-0.23529763007488402
2022-04-28,18.932530442416695,20.000587537213033,18.45639800746317,19.746049880981445,570327000,38.100891632074365,-1.5747461064604025,-1.216895560623957,27.895725904094945,16.81816684187673,22.35694637298584,21.680853339855172,23.38310226586231,20.293652725219726,22.35694637298584,23.65583484649658,20.632333385849083,22.207079492309486,-1.5747461064604025,-9.741291517119928,26.486742098671176,10.069980097105544,1.297851387545742,2.769389765554553,0.07423293734768688,0.07160686023073304,556869750.0,0.14188723821727467
2022-04-29,19.3667459020317,20.091426551687096,18.483353768304838,18.5132999420166,500435000,34.1471072291816,-1.6271379516437072,-1.2989440388279072,27.209918585464003,16.63166275914049,21.920790672302246,21.379181587680073,23.192129625711498,20.02304611206055,21.920790672302246,23.496934661865236,20.306328240644085,21.933466192287792,-1.6271379516437072,-13.750886589576247,5.727776045941617,11.385975324647882,1.331005679711939,2.6445639565808783,-0.062430204845789206,-0.06446407574420672,555719500.0,-0.12254724044276355
2022-05-02,18.507307291350344,19.538429143635206,18.357580255112094,19.49750518798828,572049000,39.54136335580213,-1.5711307115628692,-1.3533813733748996,26.454861496606167,16.670124579748812,21.56249303817749,21.19997431151895,23.047242392859605,19.798455429077148,21.56249303817749,23.397718811035155,20.181893924850886,21.753024636413755,-1.5711307115628692,-12.025400501720668,27.702309573851373,19.972275906154724,1.3113267160910207,2.4461842292143388,0.053162064518708085,0.05179712873447964,558460200.0,0.14310349995503913
2022-05-03,19.364746946118334,19.788975800506215,19.09823192665675,19.56637954711914,475751000,39.912299258789595,-1.5038515208957897,-1.3834754028790779,25.321103051461044,17.02949318572157,21.175298118591307,21.044393857766586,22.910737967536452,19.53932762145996,21.175298118591307,23.31714614868164,20.087199405199847,21.591050926095637,-1.5038515208957897,-7.789990147467981,29.240080196522808,20.890055272105272,1.257781411215433,2.0729024664348685,0.003532470357966222,0.0035262458388637644,562391750.0,-0.16833872622799795
2022-05-04,19.886796140998648,20.362928617902014,18.716925022967168,20.297048568725586,648855000,43.848266684287005,-1.375715007727667,-1.3819233238487958,24.410785782436058,17.381128203769997,20.895956993103027,20.97321811595316,22.808240344053672,19.42473659515381,20.895956993103027,23.25621681213379,20.119483891896113,21.49519889962378,-1.375715007727667,-6.651961743222036,45.55386330102564,34.16541769046661,1.3008458711382425,1.7574143946665155,0.037343087403925335,0.03666272062817694,573003750.0,0.3638542010421417
2022-05-05,19.83089295751336,19.888786204081587,18.46637685642343,18.809751510620117,626331000,38.3426081990117,-1.3782902683396543,-1.3811967127469675,23.84563662237478,17.390988095337622,20.6183123588562,20.767173677350012,22.651436860389612,19.291079711914062,20.6183123588562,23.185561714172362,19.91798660246904,21.296276870808693,-1.3782902683396543,-15.109476685621082,12.648330139556304,29.147424545701593,1.3165319143211296,1.6136621317592899,-0.07327651865587737,-0.07610005204198442,569128650.0,-0.03471345678156135
2022-05-06,18.701949838466604,19.47653863115754,17.957305306226015,18.64105987548828,633297000,37.763434494280084,-1.3780577936348948,-1.380568928924553,23.2180770135062,17.466252973066066,20.342164993286133,20.564686648601274,22.494167174707208,19.2072322845459,20.342164993286133,23.084366874694823,19.721536336779693,21.099594130414587,-1.3780577936348948,-13.066755284467945,14.636742420151062,24.279645286911006,1.3531082165994668,1.437956010110034,-0.008968307477990378,-0.009008764818393734,572893900.0,0.011121914770305219
2022-05-09,18.001226735376935,18.221823872571708,16.796419517005482,16.91919708251953,644455000,32.38601014859712,-1.4995278690901017,-1.4043607169576628,22.99465057674494,17.07390010532293,20.034275341033936,20.217497166117298,22.2755408965822,18.912568473815917,20.034275341033936,22.94057102203369,19.290407220739667,20.78993508982977,-1.4995278690901017,-16.018425228786363,2.105102313482441,9.796724957729941,1.4093628562325353,1.4801876178555033,-0.0923693612095996,-0.09691776861362603,578877600.0,0.01761890550563172
2022-05-10,17.656849725721745,18.16492540380209,16.994056975947228,17.563020706176758,761474000,36.05273121520998,-1.5262489454759098,-1.4287383626613124,22.841581510504575,16.79555437664142,19.818567943572997,19.9646898842182,22.090736183232966,18.793484687805176,19.818567943572997,22.805100631713866,19.02465544926845,20.55090439474436,-1.5262489454759098,-9.838599980456063,13.800484978188944,10.180776570607486,1.39353432721069,1.5115067834657891,0.03805284733767933,0.0373466961044154,588190950.0,0.18157823277032525
2022-05-11,17.315471187551733,17.720733401801667,16.537887724428106,16.599773406982422,670167000,33.155688273057166,-1.6066313517483728,-1.4643169604787245,22.81568431016353,16.334937294755907,19.575310802459718,19.64422164829098,21.875404309654517,18.615308570861817,19.575310802459718,22.668489265441895,18.65159667353214,20.258228025280513,-1.6066313517483728,-16.440596388873075,1.5823968913833715,5.8293280610182565,1.3074766598585066,1.6201867538519052,-0.05484519521494213,-0.05640655031717584,588586400.0,-0.1199082306158844
2022-05-12,16.189523839856356,16.75748999654894,15.53870929454901,16.14560317993164,708728000,31.855901233214254,-1.6875299348690476,-1.5089595553567892,22.61900321031988,15.929913415656678,19.27445831298828,19.311019889399617,21.650706226135974,18.255263900756837,19.27445831298828,22.507881660461425,18.266059212978217,19.953589147847264,-1.6875299348690476,-13.90783329805888,12.580147060163464,9.321009643245263,1.3242318406307976,1.672272448665801,-0.02736002570129914,-0.02774128140599213,598175650.0,0.05753938943576742
2022-05-13,16.757489599664027,17.895417154710085,16.562844297235856,17.67382049560547,670437000,40.332183980448825,-1.6097718316777119,-1.5291220106209737,22.383011483043738,15.811350585132528,19.097181034088134,19.155096137609696,21.494749922977913,18.171315956115723,19.097181034088134,22.387939987182616,18.174945564151642,19.784717395829354,-1.6097718316777119,-3.8501360039795713,44.2581702436464,19.47357139839775,1.3886859637346711,1.6429152244778027,0.09465222814179786,0.09043671295243975,603242650.0,-0.05402777934553171
2022-05-16,17.47717962452616,17.755671895048422,17.074912165379693,17.232624053955078,521446000,38.83048939299064,-1.565700420458004,-1.5364376925883798,22.008549673462223,15.734733598327328,18.871641635894775,18.972003558214016,21.32760773203584,17.944827842712403,18.871641635894775,22.27470615386963,18.029973024121404,19.595673444579408,-1.565700420458004,-12.728752546336835,35.11272282348758,30.650346709099153,1.3494714998195374,1.5684540187837241,-0.024963275017990116,-0.02528014204544499,603029900.0,-0.22222968004450827
2022-05-17,18.04115321874996,18.337614359005986,17.601954209019933,18.143966674804688,585830000,43.509357010347586,-1.440629100939372,-1.5172759742585784,21.411185131220982,15.930729045719934,18.67095708847046,18.893142902651224,21.202759063124816,17.802586555480957,18.67095708847046,22.211321563720702,18.04751050884191,19.488139609781282,-1.440629100939372,-1.9949618294343026,54.0037093181935,44.45820079510916,1.365870443382665,1.3701140213752625,0.05288472713129533,0.05153375624901022,606682350.0,0.12347203737299739
2022-05-18,17.672825290748634,18.085074867941106,16.833354004544034,16.90721893310547,545161000,39.13462860325226,-1.424879264746199,-1.4987966323561026,20.960021649450447,15.928318537622308,18.44417009353638,18.70400728650401,21.03430650900641,17.463603591918947,18.44417009353638,22.119967880249025,17.87208103565169,19.29696030039789,-1.424879264746199,-13.285218954467034,28.36748387312739,39.1613053382695,1.3438389940586386,1.257925777957035,-0.06816302983055011,-0.07059740430854818,610491700.0,-0.06942116313606339
2022-05-19,16.906219819291394,17.654856806883604,16.703587720835515,17.092880249023438,621310000,40.108184497930665,-1.38149111985215,-1.4753355298553124,20.742176274062416,15.840819903610921,18.29149808883667,18.550566616267762,20.8797407733208,17.29191646575928,18.29149808883667,22.002382011413573,17.752203991555035,19.133695111407185,-1.38149111985215,-12.641578847732662,32.216009478487464,38.195734223269454,1.2969244442490553,1.2253390926128733,0.010981186004188404,0.01092133057159712,608746750.0,0.1396816720198253
2022-05-20,17.300504976295468,17.378362351094147,15.72637008787695,16.663663864135742,739105000,38.5721396493959,-1.365993554187149,-1.4534671347216799,20.637284142677803,15.664125006492117,18.15070457458496,18.37086159225519,20.714404423940994,17.094176864624025,18.15070457458496,21.883318824768068,17.584736279644375,18.950729833831524,-1.365993554187149,-17.90104946680914,23.318893569806622,27.967462307140497,1.33057754244149,1.2432897840464217,-0.025110828522432183,-0.025431484724663327,614466350.0,0.18959134731454497
2022-05-23,16.244423998494888,16.884259799237338,16.149597335733432,16.867290496826172,639889000,39.75100357985104,-1.3220409886886983,-1.4271819055150836,20.41239550858869,15.589159171281917,18.000777339935304,18.22766434507147,20.563537211112962,17.088986206054688,18.000777339935304,21.77946792602539,17.47436000536465,18.79640099405335,-1.3220409886886983,-10.326882908034262,27.539817600037114,27.691573549443735,1.3337145845596645,1.205809084326693,0.012219799580132085,0.01214574054323223,614382500.0,-0.13423803113224775
2022-05-24,16.479997280187,16.566839072025044,15.751323384344335,16.124643325805664,588550000,36.964761572154785,-1.331781733195097,-1.4081018710510862,20.392165605478482,15.346467550344272,17.869316577911377,18.02737662895092,20.38946294110091,16.945148468017578,17.869316577911377,21.67613597869873,17.2667112854325,18.598493018627597,-1.331781733195097,-13.499321210761911,13.46950969930354,21.44274028971576,1.2958548358130209,1.2614245137835525,-0.044028836235449176,-0.04502752981186312,611152850.0,-0.08023110258185406
2022-05-25,15.990886566703573,17.079903445712347,15.97092245670094,16.944150924682617,781132000,41.81163861743592,-1.2588625452689577,-1.3782540058946604,20.340669756417267,15.254225034232146,17.797447395324706,17.92421227616346,20.254352665947252,16.9795862197876,17.797447395324706,21.556394004821776,17.217086614547902,18.47594915981686,-1.2588625452689577,0.14748833553613244,35.690770472649525,25.566699257330068,1.2443054984351103,1.2716111805462806,0.05082330085189701,0.04957395297614508,625236450.0,0.3272143403279246
2022-05-26,16.006854041805614,18.059117040216766,15.992879547579298,17.81855583190918,996575000,46.535412573532,-1.1176330174538336,-1.3261298082064952,20.07374771658955,15.328397669152636,17.701072692871094,17.914149757663054,20.15883122147517,17.14688148498535,17.701072692871094,21.423735466003418,17.30962034029579,18.427253357749624,-1.1176330174538336,1.4549611368535962,81.4549434459825,43.538407872645195,1.2833772246998205,1.186337511859229,0.05160511796155065,0.05031768069471553,646548850.0,0.2758086981457679
2022-05-27,18.152953076810967,18.846689812592366,18.067108915002834,18.776817321777344,738379000,51.20996703536969,-0.9178040318832252,-1.2444646529418413,20.108741299294103,15.319755824424156,17.71424856185913,17.99630857329299,20.10463459795761,17.25718116760254,17.71424856185913,21.304851951599122,17.535342952831414,18.45314698471464,-0.9178040318832252,13.11490139907081,97.88775990566137,71.6778246080978,1.2250553405712767,1.197246368717487,0.05377885272565841,0.052382610956141606,658446050.0,-0.2590833605097459
2022-05-31,18.945506160051778,19.165107560608973,18.316651930915967,18.6380672454834,664100000,50.52118562586459,-0.7618519377999782,-1.1479421099134686,19.95951126659417,15.383042062873605,17.671276664733888,18.057428446834933,20.04712215276254,17.39772548675537,17.671276664733888,21.149514808654786,17.704992844008643,18.46684478180862,-0.7618519377999782,15.437416848258689,85.46656278605059,88.26975537923148,1.1966787197434516,1.1441173009301417,-0.007389435276287326,-0.007416872399932699,663048600.0,-0.10059738968740983
2022-06-01,18.68997787141501,19.018378619465658,18.08907056721627,18.286710739135742,544514000,48.73364758905989,-0.6590136145909788,-1.0501564108489707,19.738591327402638,15.475995121266799,17.607293224334718,18.07926485562549,19.978086411051684,17.411999893188476,17.607293224334718,20.98154067993164,17.79448790479743,18.453501519388407,-0.6590136145909788,3.467785834322955,75.77770677605143,86.37734315592114,1.1785688893774393,1.0656490515339596,-0.018851552670130056,-0.019031508408317722,666486750.0,-0.18007227827134464
2022-06-02,18.258756043613012,19.583344026505568,18.164927015741718,19.556392669677734,648656000,54.938343889121654,-0.4696469838331012,-0.9340545254457969,19.52303585758899,15.617485001175655,17.570260429382323,18.219943695059037,19.96154940158604,17.676917266845702,17.570260429382323,20.843152503967286,18.065550176317476,18.535197160150577,-0.4696469838331012,13.484705570358715,99.30123051758508,86.84850002656236,1.1928286257177192,0.9763877141033339,0.06943194698348454,0.06712761683182648,666476800.0,0.19125679045901478
2022-06-03,19.047323404464223,19.296869084599603,18.488339710165604,18.68597984313965,598779000,50.43214289464757,-0.38536535348927714,-0.824316691054493,19.501028335222628,15.62711535679397,17.5640718460083,18.264328090114333,19.91152706596069,17.836227226257325,17.5640718460083,20.70512378692627,18.16100089429012,18.546366247779396,-0.38536535348927714,2.9872914674585376,76.73398374879906,83.93764034747852,1.1441314103415539,0.9684782446071649,-0.044507841565672,-0.045528722102279366,665099200.0,-0.07689283688118198
2022-06-06,19.104220743979752,19.3018608947112,18.5302648665471,18.751861572265625,422406000,50.76134723113878,-0.30968558661168544,-0.7213904701659315,19.520124924780003,15.61909893691433,17.569611930847167,18.31075985031922,19.86604998777657,18.045046997070312,17.569611930847167,20.51818416595459,18.25190253705558,18.561588123667267,-0.30968558661168544,10.910384767942066,78.44210338285086,84.82577254974501,1.1506197173769375,0.9752564969664184,0.0035257305037801334,0.00351952968665331,654554650.0,-0.2945544182411207
2022-06-07,18.43843370634058,18.965474128700176,18.154949381251356,18.89160919189453,388914000,51.49720901098337,-0.2357151832287947,-0.6242554127785042,19.678809634378766,15.657655438253073,17.66823253631592,18.366078835231153,19.827836623232177,18.247478866577147,17.66823253631592,20.34318290710449,18.350318945492344,18.58603412872114,-0.2357151832287947,10.523264170026932,82.06534849294344,79.08047854153112,1.1295864632625026,1.0052885490314234,0.00745246647061415,0.007424834043932246,641777600.0,-0.07928864646808997
2022-06-08,18.768804244012014,19.14919278784211,18.505228350019344,18.6180477142334,363252000,49.92432221148952,-0.19689751858863147,-0.5387838339405296,19.7748337512197,15.667134022217798,17.72098388671875,18.390075871326605,19.7803939209185,18.496819305419923,17.72098388671875,20.152189483642577,18.39150798683712,18.58840550542575,-0.19689751858863147,11.728416187654659,74.97270327381602,78.49338504987011,1.0819687323740823,1.0269249322504754,-0.014480581028454953,-0.014586447893953577,621866500.0,-0.06598373933568857
2022-06-09,18.451315596651252,18.902589231705353,18.01202181811601,18.019010543823242,395574000,46.570009012793534,-0.21202741295069316,-0.4734325497425624,19.7796933055817,15.804198181539885,17.79194574356079,18.354736316326285,19.711320062993195,18.604305267333984,17.79194574356079,19.940491180419922,18.33420068791191,18.546228100862603,-0.21202741295069316,6.828127180318519,59.44142979512746,72.15982718729565,1.0776328986270287,0.993873781010453,-0.032175079772311266,-0.03270407559744427,608136850.0,0.0889795513858147
2022-06-10,17.571729282063977,17.66857359163236,16.841902597628902,16.946735382080078,465248000,41.23000069092944,-0.3070026717158605,-0.440146574137222,19.709277133044548,15.954727574291876,17.832002353668212,18.22064098925522,19.60290497746719,18.517123222351074,17.832002353668212,19.72663227081299,18.120744487014704,18.427747158730565,-0.3070026717158605,5.098358082493204,31.19534338054972,55.20315881649774,1.0437125902682534,0.9386373896881679,-0.059507993468083664,-0.06135212944578645,595962850.0,0.17613392184521737
2022-06-13,15.974298882999761,16.28579798543527,15.580931719685918,15.621866226196289,604153000,35.772036262024756,-0.4836024490329649,-0.44883774911637064,19.851415465242845,15.60739381515266,17.729404640197753,17.973138630868654,19.446785810750686,18.201628112792967,17.729404640197753,19.494341316223146,17.736301677658027,18.21990412669099,-0.4836024490329649,-7.803782581753037,1.0227458685509176,30.553173014742708,1.0887941044747,1.0610054125225463,-0.07817842941506836,-0.08140359846514303,592648650.0,0.2985611974688769
2022-06-14,15.705730306415653,16.040192214090787,15.387242491326816,15.810562133789062,469680000,37.050198259124784,-0.6014002939146579,-0.4793502580760281,19.93971245717311,15.376890631205796,17.658301544189452,17.76717896448012,19.304188803811016,17.918877601623535,17.658301544189452,19.277283401489257,17.44003405552434,18.041434349438997,-0.6014002939146579,-11.269115842285236,10.088403221735032,14.102164156945227,1.0557214337805667,1.1407054564918282,0.012078960660689253,0.012006592189801116,590060350.0,-0.22258103493651438
2022-06-15,16.069148593941897,16.84090776866959,15.900420358059693,16.500455856323242,563936000,41.62422600182009,-0.631804231053831,-0.5098410526715886,19.9018471459028,15.250404860627961,17.57612600326538,17.64653866846518,19.19423849214483,17.740252113342287,17.57612600326538,19.061086959838867,17.295483563339555,17.927287794393386,-0.631804231053831,-12.12325510998064,26.529705148066768,12.546951412784244,1.0501046227712183,1.1628605713187092,0.04363499012219152,0.04270980200717565,588965650.0,0.20068131493782992
2022-06-16,15.834523928335084,15.916392943958204,15.376261580184906,15.575940132141113,545749000,37.67366237106339,-0.7221754734075532,-0.5523079368187815,19.98713902665994,15.031985099774387,17.509562063217164,17.449338807862887,19.052344438811353,17.34220685958862,17.509562063217164,18.854928340911865,17.030938420078257,17.75311389348581,-0.7221754734075532,-16.429424108255304,4.7462476550902375,13.788118674964016,0.982815821592709,1.2387884817213886,-0.05602970804154117,-0.05766058371482778,588995050.0,-0.0322501134880554
2022-06-17,15.62286261751567,15.969305314173598,15.303376974273872,15.854490280151367,630334000,39.53568852603477,-0.7625287087618453,-0.5943520912073943,20.02880099640181,14.86648413314531,17.44764256477356,17.297448471890362,18.926938393373707,17.059057903289794,17.44764256477356,18.68476526260376,16.849946398551044,17.61247510731289,-0.7625287087618453,-13.300480844699605,12.876578234174229,14.71751034577708,0.956943990108176,1.2905792158141254,0.017883360211141452,0.01772533416810445,589446250.0,0.1549888318622663
2022-06-21,16.448535233491057,16.98067807199888,16.380643675300785,16.53938865661621,483089000,43.96825959851773,-0.7308189376688752,-0.6216454604996905,20.031118071504668,14.851739537290495,17.44142880439758,17.22525229900711,18.83330899193224,16.837810611724855,17.44142880439758,18.53227289199829,16.802168284407223,17.5329872220761,-0.7308189376688752,-15.427201038662924,28.878999937577724,15.500608608947402,0.9767820016906408,1.2948446335535433,0.04319901582217911,0.042291968767815546,576645450.0,-0.23359837800277317
2022-06-22,16.199937522982893,16.63523803952557,16.15401188075244,16.333723068237305,437135000,42.95004252911686,-0.7140530506984106,-0.6401269785394346,20.040091408014185,14.789409457922098,17.41475043296814,17.14034475321951,18.735286014532438,16.58202199935913,17.41475043296814,18.397407550811767,16.73009978961185,17.44415284031026,-0.7140530506984106,-12.58835123792531,24.07369218943358,21.943090120395183,0.9447761521566227,1.3126704875230215,-0.012434896636680404,-0.012512856923453195,566507750.0,-0.09512532887314762
2022-06-23,16.49246095779145,16.55835491207933,15.827531488223839,16.19893455505371,463680000,42.25932639276457,-0.703532387591487,-0.6528080603498452,20.036319813659656,14.800610175201431,17.418464994430543,17.05068663910848,18.635821251415628,16.34011068344116,17.418464994430543,18.283842868804932,16.64838206121829,17.351914448809776,-0.703532387591487,-13.614259082350221,22.397428590431552,25.116706905814286,0.8956623245203115,1.308927409614556,-0.008252161042555217,-0.008286398609537409,560264250.0,0.06072494767062797
2022-06-24,16.473492185505755,17.112463394239207,16.283796893806354,17.098485946655273,472153000,48.24170315932726,-0.6155131543447254,-0.6453490791488213,20.039054739742294,14.813308751316054,17.426181745529174,17.055238954112937,18.57553359240542,16.248058223724364,17.426181745529174,18.196514263153077,16.71762881282398,17.333141967168704,-0.6155131543447254,-9.4916384677733,44.894740309098545,30.455287029654567,0.8846248873541233,1.3064364971065605,0.05553151588731642,0.05404444658839233,544815300.0,0.018273378191856482
2022-06-27,17.28419095345656,17.302161688571072,16.599292094417013,16.841901779174805,427968000,46.753724552263805,-0.5600060743709783,-0.6282804781932527,19.995845320769007,14.758852765015902,17.377349042892455,17.034921127928353,18.50754803110226,16.23757486343384,17.377349042892455,18.090099239349364,16.736747730724105,17.296753805095083,-0.5600060743709783,-9.53991504544668,40.00516091989992,35.76577660647668,0.879715856353406,1.3092481389382762,-0.015006250745298377,-0.01511998376449677,516384950.0,-0.0935819533075084
2022-06-28,16.8728500479027,17.174364935586908,15.919384315821686,15.95632553100586,461149000,41.94494892552262,-0.5807800449079146,-0.6187803915361851,19.841239676041145,14.631409230666616,17.23632445335388,16.93219773774526,18.40750008992201,16.271020793914794,17.23632445335388,17.984838428497316,16.616682776921298,17.197462821829212,-0.5807800449079146,-11.447271246114305,16.97815465910641,33.95935196270163,0.9114627043760061,1.3024576113436324,-0.052581725020150016,-0.05401459906500665,502523450.0,0.0775314976820698
2022-06-29,15.788598896697644,15.79458882502246,15.14563326818601,15.517035484313965,482352000,39.760317243958596,-0.6254804523876878,-0.6201204037064857,19.70547663678102,14.455069093809795,17.08027286529541,16.79742038027561,18.29414853676091,16.241668128967284,17.08027286529541,17.860310897827148,16.447506270366322,17.07298672275401,-0.6254804523876878,-8.436432537194834,9.885721837954206,22.289679138986852,0.9233718347329406,1.3126018857428068,-0.02753077742355403,-0.027916851726638214,493436050.0,0.04597863163532834
2022-06-30,15.336326385518298,15.541995824627715,14.838128310223647,15.134651184082031,686070000,37.90943315825451,-0.6838777476978883,-0.6328718725047663,19.620377604912633,14.224962170172816,16.922669887542725,16.639061409209557,18.170246679793113,16.105087661743163,16.922669887542725,17.719850769042967,16.245528564784124,16.929406312482012,-0.6838777476978883,-3.1188017811677806,10.47619170757489,12.446689401545171,0.9100361276482782,1.3488538586849548,-0.02464287077376881,-0.024951588664893446,500513850.0,0.42234301920589123
2022-07-01,14.875069361400836,15.038805502450325,14.368883736371131,14.499672889709473,577610000,34.996085213141825,-0.772490674939899,-0.6607956329917929,19.274470489880777,14.065197307207846,16.66983389854431,16.43531012163812,18.026302609593753,15.9974609375,16.66983389854431,17.580985050201416,15.976935384003408,16.749426058943307,-0.772490674939899,-8.291224771053919,4.458805318474852,8.273572954667987,0.8806546634708896,1.3023182956682329,-0.04195526455478549,-0.04286080539462928,496961550.0,-0.15808882475549146
2022-07-05,14.152229332482921,14.94695015807397,14.032422215907793,14.939961433410645,651397000,38.52396749878141,-0.7979907121711243,-0.6882346488276592,19.01445995384152,13.950606002274203,16.48253297805786,16.29289596085455,17.905269622292455,15.906008052825928,16.48253297805786,17.476857872009276,15.81740093006606,16.615391642237185,-0.7979907121711243,-9.45728067454931,27.755704241587157,14.23023375587897,0.848420683454605,1.2659634878918298,0.030365412175170414,0.029913508427973617,499592450.0,0.1277453645193123
2022-07-06,14.985888603236944,15.29439224990289,14.765242940869179,15.105695724487305,529066000,39.84736080352096,-0.7956544934809724,-0.7097186177583218,18.663616974895547,13.936832396442341,16.300224685668944,16.17982927167672,17.795482410613822,15.762638759613036,16.300224685668944,17.389381103515625,15.707907821515482,16.503562314996454,-0.7956544934809724,-3.0190434969858058,32.82443502158614,21.679648193882723,0.8395777967595864,1.1816961446133019,0.011093354679351686,0.011032274726247737,504925450.0,-0.18779791739906693
2022-07-07,15.431171558205026,15.919385388443493,15.36427879961872,15.832525253295898,492903000,45.39862100528285,-0.7267761318845132,-0.7131301205835602,18.17690769554541,14.11763328193262,16.147270488739014,16.146752698497593,17.718503698562138,15.712518978118897,16.147270488739014,17.308714904785155,15.727079734097085,16.4538558659816,-0.7267761318845132,-0.1385413625247058,55.053408763539174,38.54451600890416,0.8241023702649907,1.0148186034031974,0.048116256415145164,0.04699451144022587,510124900.0,-0.06835253068615255
2022-07-08,15.405216379233813,16.011241756015696,15.364281868500495,15.81256103515625,467972000,45.27502625190683,-0.6661218416889181,-0.7037284648046318,17.672815485572823,14.34117682399749,16.006996154785156,16.11492492103651,17.64376084901681,15.67388162612915,16.006996154785156,17.249888954162596,15.740230703490804,16.406352545179722,-0.6661218416889181,-4.39452531499228,54.44283356919847,47.440225784774604,0.7900141996490524,0.8329096653938329,-0.001260962343040739,-0.0012617580250096894,515360900.0,-0.050579931548398016
2022-07-11,15.501056634674255,15.502055431826559,15.013840717782003,15.127657890319824,437321000,41.13736111390308,-0.6656456903637764,-0.6961119099164608,17.275753796752674,14.449103247467296,15.862428522109985,16.020899489539683,17.545090144754187,15.476798820495606,15.862428522109985,17.184811420440674,15.64598873223373,16.311634422597507,-0.6656456903637764,-7.383896328344179,33.49611440204244,47.66411891159336,0.7994993408972325,0.7066626373213444,-0.043313865686505304,-0.04427990964701267,517448250.0,-0.06549750839793833
2022-07-12,15.243472758265565,15.406211017689797,14.85310107596107,15.057771682739258,458483000,40.72834502703349,-0.6632618995842527,-0.6895419078500191,17.127656122524737,14.408304551761152,15.767980337142944,15.929173031749166,17.447548244283013,15.29838581085205,15.767980337142944,17.09104585647583,15.555493801542273,16.218755701126526,-0.6632618995842527,-7.044678577076141,31.35875122173858,39.76589973099316,0.7585652087458906,0.6798378926908967,-0.004619763884618711,-0.00463046797342509,517110000.0,0.04839008417158097
2022-07-13,14.56656344936429,15.350302309232742,14.44176424359817,15.139640808105469,521918000,41.46260643334773,-0.6473048466698383,-0.6810944956139829,17.13127450609407,14.356463626382736,15.743869066238403,15.853979486640242,17.357042070315266,15.216717338562011,15.743869066238403,17.023572673797606,15.49151641793661,16.13882126460645,-0.6473048466698383,-11.45624907761488,33.862593685356224,32.905819769712416,0.789087487807422,0.6937027199278335,0.005437001376509043,0.005422274241378136,512998250.0,0.138358456038719
2022-07-14,15.083730400494847,15.44814383814876,14.704340715980594,15.347306251525879,456235000,43.37868095866936,-0.6108602844079698,-0.6670476533727803,17.118850125065993,14.322562419184496,15.720706272125245,15.805724892819827,17.278228900950978,15.199744415283202,15.720706272125245,16.94056869506836,15.469330238488805,16.080190522896775,-0.6108602844079698,-8.874268163094321,40.21372487353196,35.14502326020892,0.7900146091154701,0.6990719264703743,0.013716669110751312,0.01362344710129513,512326000.0,-0.12584927134147506
2022-07-15,15.633847697054403,15.75664931750774,15.420190739657972,15.736681938171387,385935000,46.889046885150165,-0.5442841733375445,-0.6424949573657331,17.03185721097449,14.333177941460812,15.682517576217652,15.799149373329499,17.21777607888119,15.259947490692138,15.682517576217652,16.863974742889404,15.510461269209202,16.054745442546746,-0.5442841733375445,-1.3765299060091731,52.12218699722379,42.066168518703996,0.7540013396009247,0.6746698173784196,0.025370946553359808,0.02505444619714446,503425950.0,-0.1540872576632656
2022-07-18,16.275815455198785,16.86985906904583,15.976298082766748,16.075138092041016,670517000,49.802276387847016,-0.45892138260800763,-0.605780242414188,17.066946416568896,14.348008531856395,15.707477474212647,15.825434013206786,17.172966746063928,15.417494010925292,15.707477474212647,16.779536533355714,15.597334626567942,16.05625600917595,-0.45892138260800763,3.596708973767778,65.01442127951474,52.450111050090165,0.7847375922238093,0.6797344711781255,0.021507466135453734,0.021279444240952232,509664350.0,0.7373832381100445
2022-07-19,16.459518688005346,17.08251690860308,16.146023887163786,16.964706420898438,702366000,56.548449257105105,-0.31584911426310214,-0.5477940167839709,17.233836439012208,14.292140123487789,15.76298828125,15.933936147272657,17.164799674488812,15.619968509674072,15.76298828125,16.742635631561278,15.807699518003403,16.123548632266505,-0.31584911426310214,12.091823026229893,96.13748097766317,71.09136308480056,0.7670517491378694,0.735424078881105,0.05533814538724591,0.05386123252817919,513265950.0,0.04749916855202785
2022-07-20,16.919779281556753,17.90419557403467,16.774013886344825,17.778396606445312,760538000,61.628279132663906,-0.1352462782311541,-0.4652844690734076,17.520657068940118,14.129220288542795,15.824938678741455,16.109599048146244,17.18886229927142,15.887238597869873,15.824938678741455,16.72538236618042,16.110883685456002,16.246129963687157,-0.1352462782311541,22.612397822179663,96.75086953823616,85.96759059847136,0.7898724223428691,0.8478591950993302,0.04796370566981989,0.04684895330470239,527138400.0,0.08282291568783218
2022-07-21,17.856275439067566,18.114858336306213,17.516821354849537,18.02100944519043,557049000,63.0166007877749,0.02714666908102359,-0.3667982414425214,17.860278870538195,13.958327124640027,15.909302997589112,16.291638133579024,17.22149552068001,16.106087017059327,15.909302997589112,16.747418613433837,16.40474918695361,16.377602517872585,0.02714666908102359,20.622864560343196,97.70115469420685,96.86316840336872,0.7823130985609126,0.9754879364745425,0.013646497156957427,0.013554222252990234,533134100.0,-0.267559280404135
2022-07-22,17.86425701094861,17.93813754600972,17.109470902798687,17.291179656982422,536671000,56.405241303914245,0.09584820687219064,-0.274268951779579,18.00795687675973,13.919873628611361,15.963915252685547,16.386832564379347,17.224228231907553,16.253948879241943,15.963915252685547,16.741981792449952,16.54112310541958,16.44527489854739,0.09584820687219064,14.467946212846769,79.823844022735,91.42528941839267,0.7927253196095442,1.0220208120370928,-0.04049882945945571,-0.041341743586669796,536783650.0,-0.03658206010602294
2022-07-25,16.991659568811933,17.096492342767927,16.622255007793466,16.996652603149414,480748000,53.94555482146036,0.12508687512791283,-0.19439778639808064,17.99144085284334,13.92620631817717,15.958823585510254,16.444910663309827,17.215303697446448,16.440848350524902,15.958823585510254,16.749919376373292,16.611204566608784,16.48611769148087,0.12508687512791283,7.352758522277905,69.55684485794413,82.36061452496199,0.7751822272540284,1.016308633666542,-0.017033369595120362,-0.01718010610000286,537213400.0,-0.10420350643131449
2022-07-26,16.861874051522257,16.891826553239582,16.451534870706404,16.506446838378906,397865000,50.034718348828505,0.10746443882089807,-0.1340253413542849,17.949364789659395,13.934736887281524,15.94205083847046,16.450771251411645,17.187505389247722,16.58571586608887,15.94205083847046,16.757136249542235,16.59508799303496,16.48762355421406,0.10746443882089807,4.388193675141756,56.21099113359544,68.53056000475819,0.7763228289261213,1.0036569755944682,-0.02884131224048636,-0.02926539689680354,535708250.0,-0.17240425337182885
2022-07-27,17.00464126060537,17.9071904085924,16.885832927058424,17.761425018310547,569776000,58.35789499071426,0.19254524024076503,-0.06871122503527491,18.198370330512024,13.866241295159366,16.032305812835695,16.57559541968773,17.210012041367833,16.847894287109376,16.032305812835695,16.75888833999634,16.774524458461972,16.581979218221207,0.19254524024076503,17.410276905297202,90.37777663530824,72.0485375422826,0.8182552508016431,1.083032258838164,0.07602957754746509,0.07327794978880495,541139600.0,0.4320837469996104
2022-07-28,17.946122321677514,18.110856247735352,17.41198198788179,17.955106735229492,474646000,59.47973313748212,0.27246013341236264,-0.00047695334574739817,18.46758780732101,13.840830943441928,16.15420937538147,16.706977449739327,17.239231441127114,17.108674335479737,16.15420937538147,16.773337993621826,16.95615250104159,16.683692367629227,0.27246013341236264,19.241459583368854,95.65076208110581,80.74650995000316,0.821963420254383,1.1566892159697708,0.01090462711856044,0.010845600394187832,540754300.0,-0.16696034933026316
2022-07-29,17.784387118127725,18.214694569102246,17.663581188162542,18.133825302124023,435460000,60.5362148810024,0.34622330994109873,0.06886309931162184,18.725576846832865,13.882759315734276,16.30416808128357,16.842867721395013,17.27431355332307,17.348388671875,16.30416808128357,16.773135166168213,17.137332931977348,16.79110962203625,0.34622330994109873,19.7771171190239,97.85659262161386,94.62837711267598,0.8042772105090584,1.2107043827746475,0.009953634335343242,0.009904423200757876,528223800.0,-0.08255836981666331
2022-08-01,18.15279410603998,18.815729008879483,17.96110307249906,18.411378860473633,476469000,62.1851875597189,0.42221043227565147,0.13953256590442775,18.939311542507905,14.060195217135647,16.499753379821776,16.992249734640595,17.318904349681915,17.582012748718263,16.499753379821776,16.803218364715576,17.333339997899856,16.911129565624204,0.42221043227565147,19.964888682944697,90.75552341858327,94.75429270710099,0.8258140672698939,1.2197790813430651,0.015305847151681817,0.015189894346851151,523166750.0,0.09417397694392138
2022-08-02,18.09289210018399,18.90758142194784,18.062939600781153,18.49624252319336,489527000,62.69840543636176,0.4837027384552819,0.2083666004145986,19.15653242896387,14.198602439657954,16.677567434310912,17.13548714307419,17.365074474133348,17.735166358947755,16.677567434310912,16.831285610198975,17.51224807871424,17.028545340258958,0.4837027384552819,17.535847746457254,90.21376772045173,92.94196125354961,0.8212500498079021,1.239482497326479,0.004609305113041584,0.004598714796426756,515073250.0,0.02740577036491354
2022-08-03,18.154792892998703,18.937534029090394,18.107867500762456,18.862653732299805,418146000,64.9126330665441,0.5555975734996075,0.2778127950316004,19.411334883035053,14.319495786368023,16.865415334701538,17.299979199190915,17.423803072492817,17.8435920715332,16.865415334701538,16.875265407562257,17.72000279465048,17.164405221150872,0.5555975734996075,17.34053931168977,97.87111206871502,92.94680106925,0.8273831502478858,1.2729597741667575,0.01981003485691679,0.019616369614938605,509527250.0,-0.14581626753989052
2022-08-04,18.818722242281332,19.243038768382238,18.729864509468054,19.184133529663086,409652000,66.7760732130684,0.6312389514749981,0.34849802632027993,19.729427440951333,14.336564056088461,17.032995748519898,17.479422468759694,17.49283563944067,17.95990447998047,17.032995748519898,16.921602268218994,17.94525367696011,17.314014725485112,0.6312389514749981,13.082614303484712,98.1968192645798,95.42723301791551,0.8347996640287659,1.3482158462157183,0.017043190312760137,0.016899584515464614,505364700.0,-0.020313479024072878
2022-08-05,18.779786567763914,19.19811418839831,18.636018761507295,18.958499908447266,386068000,64.19899437092829,0.6653092698319476,0.41186027502261346,19.95317799572024,14.427407388648659,17.19029269218445,17.620286986825178,17.550312669597794,18.126636505126953,17.19029269218445,16.978279399871827,18.101137712573518,17.43582844274157,0.6653092698319476,6.6378500160926945,90.81248005424415,95.62680379584633,0.7940081137442354,1.3814426517678955,-0.011761470533289353,-0.011831183787238056,501269500.0,-0.05757081620497395
2022-08-08,17.47388850828178,18.209704226677722,17.214305900483794,17.764419555664062,981859000,52.62434258219012,0.5891663940225591,0.44732149882260264,19.917139179367123,14.7271223715362,17.32213077545166,17.634013898143166,17.55870901807098,18.203413200378417,17.32213077545166,16.994684772491453,18.04933491920283,17.460168525180272,0.5891663940225591,-1.423837495378749,47.031447315934166,78.6802488782527,0.8466377702729074,1.2975042019577303,-0.06298390476828608,-0.06505481948279884,528496400.0,1.5432281359760456
2022-08-09,17.224289326765735,17.41897579817991,16.69713756258524,17.058555603027344,668263000,47.206194893281996,0.4664879122632968,0.45115478151074145,19.794325060202954,15.050014882729176,17.422169971466065,17.579208346227375,17.539095158657506,18.25862407684326,17.422169971466065,16.979484767913817,17.89690733209891,17.430419419835612,0.4664879122632968,-1.3453336242512595,21.74529409850858,53.196407156228965,0.8421449349435487,1.1860775443684446,-0.03973470399215262,-0.04054568268971086,538985400.0,-0.3193900549875287
2022-08-10,17.6695709828763,18.08889639705217,17.289182479721063,18.067930221557617,597422000,54.431338552698975,0.44557610367639455,0.4500390459438721,19.696451763804173,15.440717120473169,17.568584442138672,17.62575328673502,17.55983378857516,18.289274597167967,17.568584442138672,16.965307025909425,17.923218545861786,17.47764244218539,0.44557610367639455,6.30287412128256,57.90410510252201,42.22694883898825,0.8730237786984166,1.0639336608327514,0.059171165602739606,0.057486683022978186,542760600.0,-0.10600766464700273
2022-08-11,18.101878818020555,18.67695387002045,17.84728732822926,17.91318130493164,509327000,53.22860743626884,0.4117697747828615,0.44238519171167,19.552885585712858,15.84087080390506,17.69687819480896,17.653127383706128,17.57369055392247,18.285082054138183,17.69687819480896,16.95080930709839,17.921674354949456,17.509904580166594,0.4117697747828615,8.522333608962747,52.360537108408934,44.003312103146506,0.8671757786555201,0.9280036954519494,-0.00856483917794515,-0.008601728196383976,545415200.0,-0.1474585803669768
2022-08-12,18.130829518331936,18.687933769017686,17.92416129028976,18.67894744873047,478094000,58.15588621059142,0.4416775596304774,0.44224366529543147,19.50162901912088,16.186353921552946,17.843991470336913,17.750824532756063,17.617033961562,18.339594268798827,17.843991470336913,16.958654041290284,18.038177907838843,17.596500348208366,0.4416775596304774,5.165815408808881,79.79256557293638,63.35240259462245,0.8747349082910265,0.8288187743919827,0.042748751925377304,0.04186025718734662,550023150.0,-0.061322097591527625
2022-08-15,18.67096091199568,19.13321654286925,18.583102920928454,19.001428604125977,457666000,60.06391609682965,0.4858012147462816,0.45095517518560146,19.50058866670304,16.480023325179285,17.990305995941164,17.86992968241034,17.671323947544902,18.398599243164064,17.990305995941164,16.947554759979248,18.186370322652248,17.700569107905967,0.4858012147462816,5.8274332997615055,90.50983739250694,74.22098002461742,0.8750917575408683,0.7551413353809386,0.017264417937929766,0.017117081245206445,539380600.0,-0.042727999096412006
2022-08-16,18.889613105345994,19.111256678196828,18.471285426870224,18.848678588867188,451240000,58.69857869134217,0.5026496474260966,0.4612940696337005,19.5600606461933,16.6089485624859,18.0845046043396,17.96314386397766,17.717494717792835,18.433842849731445,18.0845046043396,16.950808734893798,18.288263902069932,17.785614254643836,0.5026496474260966,3.9420986737940664,84.50999675018436,84.9374665718759,0.8207508776203761,0.7377780209268499,-0.008038870047151092,-0.008071355980231527,526824300.0,-0.014040807051430515
2022-08-17,18.49324543441833,18.65797938877472,18.115852393296763,18.305545806884766,446799000,53.99837706014975,0.4667949536988516,0.4623942464467308,19.58222194720277,16.639502181520378,18.110862064361573,17.995753572825954,17.740555544816047,18.37813205718994,18.110862064361573,16.941882419586182,18.29092265665683,17.824127702957977,0.4667949536988516,-0.5748241584234318,63.17638094664443,79.39873836311192,0.8231760158858664,0.735679941420597,-0.028815430186348356,-0.02923874655676851,511137350.0,-0.009841769346689122
2022-08-18,18.271601730397578,18.83469489391409,18.15379125601455,18.742843627929688,415447000,56.98489977892742,0.4682682254922135,0.46356904225582735,19.644217911649267,16.6496896353478,18.146953773498534,18.06690500664536,17.77986095984011,18.334003067016603,18.146953773498534,16.938907108306886,18.360448959929577,17.892180734437364,0.4682682254922135,1.333249736680857,80.35292417028555,76.01310062237144,0.8324467485258548,0.7486320690753673,0.023888816299618476,0.02360794288991265,504057250.0,-0.07017025552877243
2022-08-19,18.37643021818228,18.490247392890844,17.741452295596194,17.82032585144043,441588000,49.660296740128686,0.3904949465734262,0.44895422311934713,19.625008112871836,16.721814053571034,18.173411083221435,18.043421277578226,17.781447818334243,18.220185661315917,18.173411083221435,16.922952671051025,18.277353097085093,17.886858150511667,0.3904949465734262,-5.525881435624968,44.11751274156664,62.548939286165535,0.8429299910939313,0.7257985148252006,-0.04921973393165202,-0.05047229879315808,499303100.0,0.06292258699665654
2022-08-22,17.46190444615827,17.529796005514974,16.93874601388548,17.006637573242188,409593000,44.25682862233075,0.26020177483977847,0.4112037334634334,19.623809138831216,16.72401152462093,18.173910331726074,17.944679972403364,17.751063102840437,18.14440746307373,18.173910331726074,16.902705211639404,18.081858401109262,17.821656626269483,0.26020177483977847,-11.350504587835507,12.156795792084077,45.54241090131209,0.8455684208359501,0.724949403552572,-0.045660684601481094,-0.04673599425338537,495745350.0,-0.07245441452213375
2022-08-23,16.961709411115542,17.436944603324772,16.942738927006292,17.153400421142578,369986000,45.41058594391887,0.16686254525316713,0.3623354958213802,19.522197510797728,16.890318510930786,18.206258010864257,17.86932001514043,17.72762535061699,18.153891944885252,18.206258010864257,16.906838512420656,17.93901871188362,17.772156166630452,0.16686254525316713,-9.521320231145483,17.921467554138815,24.731925362596513,0.821606931406703,0.6579697499667352,0.00862973925729471,0.008592715906236644,494351400.0,-0.09669842990480793
2022-08-24,16.98467227619529,17.37804038834426,16.867861541977685,17.1943359375,522661000,45.747879728491505,0.09509746303287159,0.3088878892636785,19.557116912752868,16.79869020089459,18.17790355682373,17.805035817269914,17.706712040298676,18.06653251647949,18.17790355682373,16.93828790664673,17.824452131209217,17.729354668176345,0.09509746303287159,-3.2091316937079166,19.880168802182226,16.65281071613504,0.8213929733675881,0.6896066779645684,0.0023864374032198654,0.0023835943837071543,491995650.0,0.4126507489472575
2022-08-25,16.816944566179142,17.91817353704041,16.80596255460198,17.884227752685547,770691000,51.21831751945921,0.09282163215675254,0.26567463784229334,19.55634489958937,16.7923743158037,18.174359607696534,17.812577906357117,17.713673440784437,18.06363716125488,18.174359607696534,16.97976121902466,17.833648380667114,17.74082674851036,0.09282163215675254,4.840223104889801,48.7295444732219,28.84372694318098,0.8606869416209749,0.6909926459464186,0.04012320206451969,0.039339169660608825,506797900.0,0.47455233889653137
2022-08-26,17.828313684831375,17.895205487932916,16.210915322065308,16.23387908935547,769127000,40.656961497998445,-0.04167096782273916,0.20420551670928683,19.711621160032376,16.447103434083832,18.079362297058104,17.66222563807125,17.65564228974801,17.81913032531738,18.079362297058104,16.9744296836853,17.58753002815763,17.62920099598037,-0.04167096782273916,-10.15086459662028,0.7858110973188305,23.13184145757432,0.8564080957569846,0.8161294314871351,-0.09227955974125057,-0.09681883296480451,523481250.0,-0.0020293476892814244
2022-08-29,15.994265655507672,16.31175370277601,15.741671820044607,15.775616645812988,496132000,38.295579415247445,-0.183124328341993,0.12673954769903087,19.86727397834232,16.02787439430783,17.947574186325074,17.48254859118951,17.58191579390742,17.496549129486084,17.947574186325074,16.97842321395874,17.308774123181532,17.491898451523525,-0.183124328341993,-11.932914777846657,1.000866228887902,16.838740599809544,0.8208938021607404,0.9598498960086219,-0.028228770278507453,-0.02863486259213107,524464400.0,-0.35494138159237676
2022-08-30,15.934363667656111,16.013236290955273,15.157613482274343,15.443154335021973,530181000,36.633240695837294,-0.31838393384505537,0.03771485139021362,19.995873594455805,15.593965959377202,17.794919776916505,17.288320566792603,17.498042795519755,17.15599670410156,17.794919776916505,16.970196495056154,17.02175569423391,17.340139628078965,-0.31838393384505537,-17.32320904371097,7.182328024088548,2.9896684500984265,0.8084139460647478,1.1004769087696509,-0.02107444154198912,-0.021299677689970396,526497100.0,0.06862891327308063
2022-08-31,15.359289711852172,15.51503927839252,14.934972165599781,15.069755554199219,573710000,34.80582253270164,-0.450515049631381,-0.05993112881410531,20.05807560958261,15.152474126440339,17.605274868011474,17.077028660831328,17.402815844879736,16.832417678833007,17.605274868011474,16.940803833007813,16.72144798038242,17.1719630300138,-0.450515049631381,-20.691460267745516,3.210470293944645,3.7978881823070316,0.7905854154220011,1.2264003707855675,-0.024178919197612392,-0.024476028224011456,534275300.0,0.08210215002046461
2022-09-01,14.186175206862451,14.356901003294752,13.248684378970617,13.914612770080566,1178865000,29.845705689976242,-0.6410506467767831,-0.17615503240664088,20.181995232271728,14.501602427792973,17.34179883003235,16.77584619504554,17.266023567436633,16.349594593048096,17.34179883003235,16.892421627044676,16.289627178797517,16.9306778255743,-0.6410506467767831,-26.17725054583341,11.316590215878042,7.236462844637079,0.865322466217898,1.4200982011196885,-0.07665305385771637,-0.07975022546315459,572735950.0,1.054809921388855
2022-09-02,14.07735157024542,14.148236669923433,13.56916839929729,13.625079154968262,743157000,28.74015877888185,-0.8061219511956512,-0.302148416164443,20.257146781848935,13.89310880286786,17.075127792358398,16.475773143609608,17.123241433614346,15.930069923400879,17.075127792358398,16.840944519042967,15.879696713593015,16.685818664788666,-0.8061219511956512,-25.568571957882664,6.420300796074172,6.982453768632286,0.8673906554097085,1.5910094947452684,-0.020807881605937606,-0.02102741628214057,590590400.0,-0.3695995724701302
2022-09-06,13.708942355163417,13.75686558272209,13.329552676036796,13.44336986541748,535751000,28.038205260813342,-0.940760073753566,-0.42987074768226763,20.409490613981102,13.308660001711036,16.85907530784607,16.186972831400833,16.97893274466545,15.573743152618409,16.85907530784607,16.76784219741821,15.504877198489087,16.445637272242653,-0.940760073753566,-28.274651742893404,3.4852330822874062,7.074041364746541,0.8522007736496151,1.775207653067517,-0.013336384140162805,-0.013426112370869821,568285000.0,-0.27908772977984464
2022-09-07,13.545236934215922,13.819877351748058,13.328521120783083,13.696039199829102,512657000,30.577310580182242,-1.0153689114882862,-0.5469703804434713,20.509892885870492,12.872006089501825,16.690949487686158,15.94974105696543,16.850191821338537,15.22800703048706,16.690949487686158,16.704924945831298,15.226594429464475,16.24196334095276,-1.0153689114882862,-23.143721871269594,8.008485119419992,5.971339665927189,0.8349529190349401,1.9094716990921665,0.01879508909902139,0.01862064383182743,560504700.0,-0.04310584581270027
2022-09-08,13.441374901641682,13.989656718202694,13.351493557830084,13.9716796875,624873000,33.34053225842868,-1.0402635584293378,-0.6456290160406447,20.43141928977487,12.540854632191685,16.486136960983277,15.761354259873485,16.737308992560557,14.90574140548706,16.486136960983277,16.66523202896118,15.033530623008403,16.07379418143774,-1.0402635584293378,-17.845725662533745,13.793505994477131,8.42907473206151,0.8319000277830165,1.9726411643957955,0.020125562116844575,0.019925719834535865,561877250.0,0.21889099339324347
2022-09-09,14.138461876921085,14.45504717371251,14.107503284770672,14.36816120147705,486612000,37.21183135478453,-1.0162849011179862,-0.719760193056113,20.302458620598514,12.315313291022575,16.308885955810545,15.628669206692873,16.64440123604748,14.554134750366211,16.308885955810545,16.642254543304443,14.931166096618963,15.947450997736949,-1.0162849011179862,-16.237242478363388,23.974288934192256,15.258760016029791,0.7948983244886605,1.9967863323939854,0.028377512428356733,0.027982329609218343,560741500.0,-0.2212625605523042
2022-09-12,14.350182305946856,14.527948688246315,14.179405773307693,14.486003875732422,484159000,38.357708323667,-0.9765160542682878,-0.771111365298548,20.00827355625499,12.190203998066297,16.099238777160643,15.519843937077592,16.559758202309634,14.379347229003907,16.099238777160643,16.62928159713745,14.862679601097955,15.839195655366243,-0.9765160542682878,-15.751303636337822,26.497962729466327,21.42191921937857,0.7568242585874944,1.9545173895471735,0.008201653127559272,0.008168202347214654,561044750.0,-0.00504097720565877
2022-09-13,13.783926637848186,13.903769386262226,13.081847131926162,13.113804817199707,714956000,31.214199479213505,-1.043692910502406,-0.8256276743393196,19.68027351087903,11.929441664749632,15.80485758781433,15.29069735423208,16.42462277544258,14.113166046142577,15.80485758781433,16.601564235687256,14.593621942036687,15.637314852539093,-1.043692910502406,-26.67391067399877,0.6607842936273008,17.044345319095296,0.8218207634080501,1.9377079615323496,-0.0947258519536559,-0.09951745513697355,573909250.0,0.4766967050080655
2022-09-14,13.23664185667735,13.272594961389391,12.896088837173366,13.110807418823242,588507000,31.20053059866727,-1.0846695229722467,-0.8774360440659051,19.29285147937138,11.74307657925289,15.517964029312134,15.083088788955047,16.29466923204574,13.879931354522705,15.517964029312134,16.564981155395508,14.36549663077308,15.450166153745327,-1.0846695229722467,-19.237987749828815,4.275487063281923,10.478078028791849,0.8122727118258679,1.8874437250296228,-0.00022856817058414247,-0.0002285942962695205,580772600.0,-0.1768626321060317
2022-09-15,12.997956185221906,13.21567015624059,12.77325045930142,12.912068367004395,523625000,30.254523293329996,-1.12026662778206,-0.9260021608091361,18.954672492791666,11.541907821844564,15.248290157318115,14.876324939245462,16.162018217730395,13.664162635803223,15.248290157318115,16.52110860824585,14.141892282500976,15.262158910283036,-1.12026662778206,-18.15173595492135,2.710252372912093,2.548841243273771,0.7644304771473494,1.8531911677367754,-0.015158414388233399,-0.01527447753414782,584613900.0,-0.11024847622882994
2022-09-16,12.725312420987274,13.194697165247513,12.600476123758247,13.180715560913086,670751000,33.20284099878795,-1.1139589807225931,-0.9635935247918276,18.396648247640496,11.543719260294075,14.970183753967286,14.714838331785236,16.045104388051286,13.590772914886475,14.970183753967286,16.468072414398193,13.994018940718224,15.107977921440817,-1.1139589807225931,-14.650107905598858,15.634493103811627,7.540077513335213,0.6865683968346107,1.713232246836605,0.020805899277546835,0.020592412664521536,597379100.0,0.2809758892337073
2022-09-19,12.99495805230326,13.445367583490736,12.992960816504965,13.364473342895508,569685000,35.220032249871025,-1.0816636623187428,-0.9872075522972106,17.96675343119876,11.528028825881318,14.74739112854004,14.586232142367166,15.939981601966746,13.5647123336792,14.74739112854004,16.419110660552978,13.897165771822422,14.978829434141165,-1.0816636623187428,-11.31592483481612,22.386490163612883,13.577078546778866,0.6781630314242084,1.609681151329361,0.01394141168840246,0.013845124099700014,603783950.0,-0.1506758841954764
2022-09-20,13.19769329297533,13.46534195963584,13.039900223317943,13.158743858337402,524818000,33.98271068096662,-1.0604458798608896,-1.0018552178099465,17.663886450130057,11.44610643545954,14.554996442794799,14.450280877221475,15.830913455157754,13.536249732971191,14.554996442794799,16.37973237991333,13.783562400517035,14.844008280377924,-1.0604458798608896,-5.432195090390485,19.154422291089745,19.05846851950475,0.647435811969706,1.5544450036676294,-0.015393759206192015,-0.015513473272875626,609545200.0,-0.07875755900190451
2022-09-21,13.195696747526322,14.012625346801554,13.092830994775037,13.243633270263672,807679000,34.99747394956725,-1.0249656028543672,-1.0064772948188307,17.26552153456194,11.45349463593977,14.359508085250855,14.335362057511208,15.729451487122692,13.491009140014649,14.359508085250855,16.343449611663818,13.700496380478056,14.725461983332423,-1.0249656028543672,-2.799586559212752,33.367901486901104,24.96960464720124,0.6717020433435473,1.4530067246555434,0.006451178990955375,0.00643045919941597,631429850.0,0.5389696999721809
2022-09-22,13.052882186314475,13.131779194049958,12.411723754768438,12.544548988342285,759162000,30.798890255146333,-1.0412545524429362,-1.0134327463436519,16.813834263708394,11.440203211877545,14.12701873779297,14.164808431876073,15.604553349915617,13.348296070098877,14.12701873779297,16.291547775268555,13.522658320149477,14.563912872592413,-1.0412545524429362,-6.685978932911571,6.276517749725088,19.59961384257198,0.6010476390768782,1.3434077629577124,-0.05278644218358586,-0.05423070138176166,643254900.0,-0.06006965638576711
2022-09-23,12.403734995875771,12.594484849369591,12.240948352013458,12.499608993530273,663309000,30.545203784512523,-1.04573535808915,-1.0198932686927515,15.978973211666313,11.736602388004096,13.857787799835204,14.006218009176473,15.4827908261358,13.1614408493042,13.857787799835204,16.234593830108643,13.365266116054215,14.411001474143365,-1.04573535808915,-8.735592742124725,11.310039505410868,16.98481958067902,0.5849382267004489,1.0605927059155544,-0.0035824320869386472,-0.0035888643634916194,637885800.0,-0.1262615884356698
2022-09-26,12.474643592604306,12.642423822702893,12.198005888949607,12.211987495422363,547343000,28.904247845209326,-1.0602729138366556,-1.0279691977215324,15.58303958977954,11.73034685049756,13.65669322013855,13.835338912628462,15.35452402885292,12.934039211273193,13.65669322013855,16.164099941253664,13.187838635957007,14.248111549793663,-1.0602729138366556,-12.594707518609772,0.6000836791777101,6.062213644771223,0.5861600143481626,0.9631731848204953,-0.023010439627094037,-0.023279312387532596,626796600.0,-0.17482952892241777
2022-09-27,12.490620532839431,12.719320720938102,12.241947032432883,12.396743774414062,553854000,31.45174011079527,-1.0448414618806723,-1.0313436505533604,15.213904178600067,11.76159497453714,13.487749576568604,13.69832985184614,15.238532646325906,12.86233310699463,13.487749576568604,16.09053205490112,13.06613173418117,14.110973196061842,-1.0448414618806723,-13.720735725461697,8.529732383320482,6.813285189303021,0.5873012282446457,0.863077301015732,0.01512909172736654,0.015015788374404324,629682700.0,0.0118956486152193
2022-09-28,12.393747960630728,12.806207210789621,12.337821540927935,12.719321250915527,542414000,35.77855962122878,-0.9951115915745206,-1.0240972387575926,14.841810964234005,11.861304880492556,13.35155792236328,13.605090937471797,15.139740042584323,12.823184490203857,13.35155792236328,16.005624351501464,13.012776275217224,14.007887866791744,-0.9951115915745206,-12.195790087951842,22.374599158540658,10.501471740346283,0.5751742646367226,0.7451265209353624,0.026021145743710505,0.025688356422854407,630294350.0,-0.02065526293933062
2022-09-29,12.431696780132437,12.483628721329582,11.930354395452484,12.203995704650879,532763000,32.27382528162512,-0.9859177300215869,-1.0164613370103914,14.546227845794993,11.870312013976735,13.208269929885864,13.471653296250757,15.024612813645758,12.752377223968505,13.208269929885864,15.894136333465577,12.888348495130092,13.874266225151679,-0.9859177300215869,-6.937796659559455,10.53441293575067,13.812914825870601,0.5970027910117607,0.6689789579545649,-0.04051517656475223,-0.041358780819195966,628247000.0,-0.01779268234226994
2022-09-30,12.071171193395665,12.61645665148019,12.059186824350094,12.123103141784668,565638000,31.748096743641455,-0.9739320004293113,-1.0079554696941755,14.496817923973603,11.740570972968536,13.11869444847107,13.343219948206368,14.910828120631598,12.646615982055664,13.11869444847107,15.77617820739746,12.770618440769256,13.744550441198568,-0.9739320004293113,-7.533512204751959,9.256660196277757,14.055224096856362,0.6119118561682945,0.689061737751267,-0.006628367038459593,-0.0066504322213943225,597585650.0,0.061706612508751535
2022-10-03,12.330830178093539,12.661397019747188,12.089146528346182,12.495614051818848,547478000,36.849644903101414,-0.9237265613394232,-0.9911096880232251,14.445530317268448,11.67891206935875,13.062221193313599,13.262495577121841,14.816113843423256,12.559730052947998,13.062221193313599,15.680266895294189,12.728310073238426,13.652036634577849,-0.9237265613394232,-3.2253106423271243,27.146306584171505,15.64579323873331,0.5524899809964906,0.6916545619774246,0.03072735632762602,0.030264724211860033,587801700.0,-0.03210533945739147
2022-10-04,12.862132554319986,13.20268651528483,12.862132554319986,13.149755477905273,584182000,44.67061155785861,-0.8216827951699166,-0.9572243094525634,14.420007488154527,11.675073459721451,13.047540473937989,13.2517584248155,14.750766456540198,12.558831214904785,13.047540473937989,15.603328952789306,12.793147827802557,13.614830622972473,-0.8216827951699166,-0.234889243036421,58.56111480894255,31.654693863130603,0.5761018623714875,0.6862335071082688,0.05234968232643267,0.05102545673235889,590223250.0,0.06704196333003343
2022-10-05,12.894090885519283,13.30355376155447,12.604470732780348,13.191699981689453,507131000,45.13978158609357,-0.729024068721909,-0.9115842613064326,14.362781059670581,11.681865966391431,13.022323513031006,13.24603857308921,14.689626594781345,12.553637886047364,13.022323513031006,15.537034015655518,12.854463543785155,13.583487612507064,-0.729024068721909,-1.2927809182836238,60.57547820180477,48.76096653163961,0.5944349575025555,0.6702287733197879,0.00318975541824007,0.003184678940709162,589946950.0,-0.13189553940381593
2022-10-06,13.20268765696208,13.638116551801618,13.085840298412162,13.112805366516113,644157000,44.377536617897455,-0.6544138213622617,-0.8601501733175985,14.244702899299083,11.71405669466454,12.979379796981812,13.233349696272725,14.627790468182708,12.610463523864746,12.979379796981812,15.444061622619628,12.894208439589917,13.548622260952179,-0.6544138213622617,-0.34911000864404207,56.786604562558864,58.64106585776873,0.591438901209712,0.6326615511586358,-0.005980625338875889,-0.005998580904733149,590911150.0,0.2701984299914617
2022-10-07,12.488622525605487,12.653406389776919,12.006255300705963,12.060184478759766,672478000,35.71259202159915,-0.672470549418744,-0.8226142485378276,14.011501908382188,11.716460013309705,12.863980960845947,13.121619675557204,14.527100037224946,12.566521072387696,12.863980960845947,15.326163177490235,12.765897061000663,13.438367610419407,-0.672470549418744,-8.935982802854708,6.2350235075395135,41.199035423967715,0.6381634225543105,0.5737604737681204,-0.08027427070977822,-0.08367977372246796,600204450.0,0.04396598965780085
2022-10-10,12.021234494107956,12.108120441007816,11.393058603226073,11.654715538024902,698699000,33.03669449259844,-0.7112991772205497,-0.800351234274372,13.715590656831482,11.729242431089661,12.722416543960572,12.981914519601748,14.414457507844553,12.510793876647949,12.722416543960572,15.196580982208252,12.59494605746593,13.30624523468648,-0.7112991772205497,-7.093387344130981,9.988557666665516,24.3367285789213,0.6588505726588709,0.49658705643545525,-0.03362045924330348,-0.03419862260029672,610931450.0,0.038991610134457844
2022-10-11,11.545858700912863,11.830485290733634,11.26822291287926,11.570826530456543,667482000,32.49421134116491,-0.7403064938830237,-0.7883422861961025,13.744483720334408,11.546051538912419,12.645267629623413,12.847525187302205,14.302942567554828,12.428202152252197,12.645267629623413,15.05976993560791,12.437389207156794,13.177695701039818,-0.7403064938830237,-7.430492134229663,12.768658162856772,9.664079779020602,0.6333125745037178,0.5496080453554975,-0.007197859724217381,-0.00722388929653853,608557750.0,-0.04467875293939161
2022-10-12,11.563837549253588,11.719632448977713,11.330143771029212,11.484940528869629,492590000,31.916374495834518,-0.7614477877607513,-0.7829633865090323,13.754884648546865,11.3730639217046,12.563974285125733,12.717755219832435,14.192432683684821,12.304764080047608,12.563974285125733,14.919543895721436,12.29085864126646,13.052306429027212,-0.7614477877607513,-5.953551515060643,9.144613599153555,10.63394314289195,0.6017110861075227,0.5954551817105661,-0.007422633237206155,-0.0074503180605629896,603761900.0,-0.2620175525332519
2022-10-13,10.956629168485874,12.062179496336531,10.798836135073119,11.944334030151367,850103000,38.24247726588134,-0.7326872368474842,-0.7729081565767227,13.725435724349545,11.305739412216617,12.515587568283081,12.64409605891043,14.104271952173704,12.278797912597657,12.515587568283081,14.781177501678467,12.23754716263337,12.970234399480853,-0.7326872368474842,-3.649424014041773,40.344655227753954,20.75264232992143,0.6666972906723283,0.6049240780332322,0.03999964128041955,0.0392203682305483,620085800.0,0.7257820905824317
2022-10-14,12.041210401485747,12.095139584430672,11.189327796407529,11.212297439575195,713432000,32.9832739932274,-0.7602004108862115,-0.7703666074386205,13.716167580451707,11.118165743980665,12.417166662216186,12.507734285640407,13.990861186973763,12.18771734237671,12.417166662216186,14.62174077987671,12.079816436009036,12.840016846895248,-0.7602004108862115,-11.848303707494278,14.562186322493597,21.35048504980037,0.6996539945487468,0.6495004591177609,-0.06128735086680215,-0.06324586456944119,622219850.0,-0.1607699302319836
2022-10-17,11.502913626203627,11.932350726428501,11.501915484578577,11.872428894042969,580774000,40.87909562928602,-0.7204330048805367,-0.7603798869270039,13.582530953619923,11.102597925927196,12.34256443977356,12.447229010250174,13.907785410780399,12.12539882659912,12.34256443977356,14.480019359588622,12.04791066032195,12.768343665202487,-0.7204330048805367,-2.7168709218862785,37.812142564166834,30.906328038138128,0.7148482846442873,0.6199832569231817,0.058875663799085265,0.057207650660265896,622774300.0,-0.18594343959900872
2022-10-18,12.327836389031258,12.475642358749578,11.602787195186425,11.951330184936523,659362000,41.76229097027562,-0.6747720224984786,-0.7432583140412989,13.471375566679374,11.093011945527657,12.282193756103515,12.400000550696493,13.83106167643358,12.005556297302245,12.282193756103515,14.363757572174073,12.03305212564727,12.707824148145749,-0.6747720224984786,-1.416905843653966,40.59106113905233,30.988463341904254,0.7437389627658206,0.5945909052879293,0.006645758134053326,0.00662377243745784,629501500.0,0.13531597488868297
2022-10-19,11.863443550233667,12.333827422065536,11.818502403849406,12.035218238830566,523131000,42.74167946983109,-0.6246161143671607,-0.7195298741064713,13.324959410568601,11.118586598495119,12.22177300453186,12.365259378137834,13.760636443586403,11.889908123016358,12.22177300453186,14.263290824890136,12.033385373829315,12.658001488196476,-0.6246161143671607,-3.68445929170857,43.545614461781234,40.64960605500013,0.724193117248184,0.5515932030183703,0.007019139509656824,0.006994620020210668,615274100.0,-0.2066103293790058
2022-10-20,12.09713671776913,12.752277756580911,12.089146821227374,12.178030967712402,652398000,44.45426747550161,-0.5668095741897439,-0.6889858141231259,13.29618470168338,11.110709505317352,12.203447103500366,12.34742810095446,13.698573483748207,11.796430683135986,12.203447103500366,14.145492839813233,12.055638542119022,12.622448116308766,-0.5668095741897439,-7.3896774113070025,48.57550612166839,44.23739390750065,0.7356066665782018,0.546368799091507,0.011866235081725574,0.011796383355891489,609935900.0,0.24710254219306438
2022-10-21,12.082154643546934,12.481631329078258,11.871431503871706,12.44967269897461,609494000,47.660938996904434,-0.49339075561170986,-0.6498668024208427,13.291063650804071,11.110836926741095,12.200950288772583,12.357165681718282,13.649596982384537,11.835379505157471,12.200950288772583,14.036222667694092,12.116259181635266,12.609649937246976,-0.49339075561170986,-5.62495572022411,58.142779916174405,50.087966833208014,0.7383173332785979,0.5450566810157441,0.022305882780427444,0.02206074522033187,607245150.0,-0.0657635369820263
2022-10-24,12.491620026626292,12.69335515427323,12.048201240588062,12.582500457763672,517457000,49.20512879279756,-0.41965025596071115,-0.6038234931288164,13.322891079802199,11.116060793977097,12.219475936889648,12.378626136579749,13.607750059850385,11.928157997131347,12.219475936889648,13.914293727874757,12.187988608731946,12.607638864692657,-0.41965025596071115,-4.04417585657596,62.82099901727012,56.51309501837097,0.7338945797228255,0.5517075714562757,0.01066917677281598,0.0106126627231952,605750850.0,-0.15100558824205002
2022-10-25,12.677376368924335,13.282582706939756,12.647414970734918,13.243633270263672,505482000,56.14123452964163,-0.30435408166479405,-0.543929610836012,13.455210709157589,11.068430114206668,12.261820411682129,12.46100776835917,13.59347097006267,12.09543867111206,12.261820411682129,13.79913782119751,12.350395479736827,12.654749561401621,-0.30435408166479405,9.812858116624836,86.10622328059866,69.02333407134773,0.7339659526086798,0.59669514873773,0.052543833772886295,0.05120993299732837,603332250.0,-0.02314201953012518
2022-10-26,12.852148126630082,13.370467582837385,12.691358709095725,12.879112243652344,532953000,51.93068797307803,-0.23963249900690542,-0.4830701884701907,13.478142648155243,11.061477274482696,12.26980996131897,12.500827242196616,13.565456902360305,12.234855842590331,12.26980996131897,13.679746494293212,12.431736520339214,12.67136901934612,-0.23963249900690542,10.5055906481175,80.89324426281155,76.60682218689344,0.7430254254909802,0.6041663434181366,-0.027524246494336158,-0.02791013592819845,602859200.0,0.05434614882429045
2022-10-27,13.61214975532052,13.819877533588544,13.104814677814026,13.158743858337402,583113000,54.73524976311641,-0.16388705616323485,-0.4192335620087996,13.588735557059517,11.046359180947077,12.317547369003297,12.563485967543357,13.549507371222152,12.356296825408936,12.317547369003297,13.576810455322265,12.543583803108167,12.707470859271401,-0.16388705616323485,13.723456346883856,78.11570289715227,81.70505681352083,0.731183655785698,0.6355940940281102,0.021712025595776563,0.02147967672878246,605376700.0,0.09411711726925254
2022-10-28,13.086839145065817,13.831862475965329,13.043895236732384,13.815882682800293,521040000,60.55897455475321,-0.05025334650049196,-0.3454375189071381,13.834118586530737,10.970254105577416,12.402186346054076,12.682761845186874,13.559953461872274,12.616655349731445,12.402186346054076,13.478271236419678,12.73932209229157,12.789575438792061,-0.05025334650049196,20.29563973858975,99.47314031040248,86.16069582345544,0.7363911844607838,0.7159661202383305,0.049939327912863485,0.04873237955980359,603146800.0,-0.1064510652309244
2022-10-31,13.75995453895472,13.819876374747915,13.279584568203138,13.47932243347168,486341000,56.5462883723393,0.012500489858641828,-0.27384991715398216,13.962220360906283,10.940523169367154,12.451371765136718,12.758624758356856,13.556791460758525,12.777344703674316,12.451371765136718,13.391451168060303,12.85316829862697,12.840667808768329,0.012500489858641828,12.851184498403216,88.376624438087,88.65515588188059,0.7348218579386697,0.7554242978847825,-0.024360387031051256,-0.024662009765470262,600089950.0,-0.06659565484415786
2022-11-01,13.792910507603896,13.906761512770693,13.501293146045306,13.525261878967285,432817000,56.96545004128126,0.06518883035210088,-0.20604216765276556,14.026194807385913,10.914099362993724,12.470147085189819,12.83163781746261,13.555555006570634,12.934737873077392,12.470147085189819,13.321823654174805,12.956567310987019,12.891378480634918,0.06518883035210088,20.628818062105584,87.7249422865477,91.85823567834574,0.7375326008922778,0.778023861098047,0.0034081420429212805,0.0034023474888719794,592521700.0,-0.11005446795561136
2022-11-02,13.83186295115386,14.191391166061656,13.193699822047904,13.201688766479492,672628000,53.08153670141334,0.07991387640519143,-0.1488509588411742,14.027675483396493,10.91361756546215,12.470646524429322,12.866880764988027,13.54167789911608,13.051384925842285,12.470646524429322,13.242789421081543,12.994278304139707,12.914364427734515,0.07991387640519143,11.196191481117095,67.03259466184456,81.04472046215976,0.7185574568030163,0.778514479483586,-0.023923611637492348,-0.024214428866863605,600796550.0,0.5540701959488652
2022-11-03,13.02591996046557,13.762953440077196,12.939033996652151,13.403424263000488,500065000,55.13533145620476,0.10663275407347328,-0.0977542162582447,14.072568209099105,10.897786729407974,12.48517746925354,12.917980145751118,13.53625618789586,13.173924255371094,12.48517746925354,13.166971187591553,13.057223836272135,12.950591082198661,0.10663275407347328,12.150062424801773,70.70183945196884,75.15312546678703,0.7127080036174378,0.7936953699227828,0.01528103715285467,0.015165458062917525,593591950.0,-0.2565504260899041
2022-11-04,13.967682330980322,14.21036409974022,13.679060329272222,14.137459754943848,612576000,61.70411295151729,0.1849066974264577,-0.04122203352130421,14.32429541104574,10.853787055079748,12.589041233062744,13.03412106091233,13.559832798368332,13.342702960968017,12.589041233062744,13.09203582763672,13.223413977606244,13.038507280179786,0.1849066974264577,17.467415001504378,97.20413443342537,78.31285618241292,0.7189141857521825,0.8676270889914987,0.054764773354942564,0.053317778423336876,590596850.0,0.22499275094237747
2022-11-07,14.209367030009965,14.393126083132001,13.93572663883021,14.282271385192871,410061000,62.859426907702264,0.25567716260975715,0.01815780570490806,14.55296800675322,10.887870044089064,12.720419025421142,13.15299252036762,13.588163723341843,13.512680053710938,12.720419025421142,13.053003673553468,13.386315117234957,13.1306379546252,0.25567716260975715,17.27898724399239,95.69433393970728,87.86676927503383,0.6892387772335137,0.9162744906660387,0.010243115295050398,0.01019101010051546,576164950.0,-0.3305957138379564
2022-11-08,14.781616917016805,14.87149920944687,14.197382968646812,14.582878112792969,595292000,65.20599035919366,0.3321904322615268,0.08096433101623181,14.798397137475147,10.94364607160078,12.871021604537964,13.289172100598606,13.6271721307713,13.646604537963867,12.871021604537964,13.029148902893066,13.57040173193619,13.238211299674663,0.3321904322615268,17.134630487065387,90.3795138983849,94.42599409050585,0.70058100741808,0.9636877664685916,0.02104754345389015,0.020829103675163503,572555450.0,0.4517157203440463
2022-11-09,14.143451590437952,14.192388153732095,13.740979525460897,13.757957458496094,454414000,54.94657738660352,0.32254544395633467,0.1292805536042524,14.83441168021808,11.134933221820495,12.984672451019287,13.333818325160271,13.632300967152664,13.734489059448242,12.984672451019287,12.995444965362548,13.599256459099252,13.276711015142917,0.32254544395633467,9.341998473817975,62.88277931589908,82.98554238466376,0.7094980838167748,0.9248696145993964,-0.05656775349258425,-0.05823072755500228,570646650.0,-0.2366536086492007
2022-11-10,14.78061823441489,15.75234357507586,14.527949302036653,15.729373931884766,700819000,67.93203596652968,0.4685770898114061,0.19713986084568313,15.325401202706859,11.022447689505055,13.173924446105957,13.56196647818165,13.714539122632354,13.991552066802978,13.173924446105957,13.00863733291626,13.926966839527793,13.458389749716387,0.4685770898114061,18.769325689517558,99.37989307329707,84.21406209586036,0.8083685332005759,1.075738378300451,0.14329281649081138,0.13391253441022327,563182450.0,0.5422478180689856
2022-11-11,15.786297912123384,16.367535452388744,15.461723751407225,16.30561637878418,655487000,70.59948420058512,0.6236174965466841,0.2824353879858833,15.797221668721178,11.059959117411633,13.428590393066406,13.823266468715225,13.816149995422624,14.240525436401366,13.428590393066406,13.056457405090333,14.292912922490315,13.66929542594363,0.6236174965466841,26.605126737835818,98.33556268110335,86.8660783567665,0.8269869465788867,1.1843156378273865,0.03663479865090635,0.03597969619930769,560285200.0,-0.06468431934636476
2022-11-14,16.196759933471668,16.518338717650273,15.901147120330615,16.273658752441406,527852000,70.25048223413197,0.7354318222686693,0.3730346748424406,16.217850049460626,11.079453722512033,13.648651885986329,14.056637162403431,13.912522887854733,14.51995906829834,13.648651885986329,13.109428997039794,14.597643050175098,13.862211227906428,0.7354318222686693,23.671825575739806,93.60644778227407,97.10730117889149,0.8210661857319991,1.284599081737148,-0.0019599152586684543,-0.001961838405793468,557639100.0,-0.19471782049071906
2022-11-15,16.700097166882006,16.97573472460198,16.360542356241957,16.6441707611084,545876000,71.97993213577186,0.8442111628018516,0.46726997243432283,16.64943490735358,11.117152922236267,13.883293914794923,14.303068933708667,14.019646333864682,14.831849956512452,13.883293914794923,13.173445014953613,14.91249346724176,14.068282304439908,0.8442111628018516,20.47128036074818,91.78626344039186,94.57609130125643,0.8227066927619217,1.3830704962793279,0.02276759113013882,0.02251227751337265,551964800.0,0.03414593484537343
2022-11-16,16.140835725955686,16.340572673265275,15.852213675087597,15.889164924621582,649547000,63.83612839336054,0.8595881160035237,0.545733601148163,16.83700881539527,11.314973682773676,14.075991249084472,14.454125694747994,14.092960788404168,15.10059757232666,14.075991249084472,13.217307529449464,15.062750614530962,14.203162498527439,0.8595881160035237,17.87806844924054,73.08272588906414,86.15847903724337,0.8120775353393931,1.3805087831553982,-0.04536157717457456,-0.04642262503658925,558285600.0,0.18991675765192095
2022-11-17,15.69441777474664,16.244696708857624,15.514653221034854,15.65646743774414,710894000,61.52566931696563,0.8432769480088709,0.6052422705203047,16.944975272687216,11.554850872484904,14.24991307258606,14.568634432176198,14.154274774652794,15.325901889801026,14.24991307258606,13.251003284454345,15.154091664256066,14.310814716247195,0.8432769480088709,15.757222136238463,67.31817947951089,77.3957229363223,0.8079401245243807,1.3475311000505779,-0.01464504195037064,-0.014753339223218287,561210400.0,0.09444582147250324
2022-11-18,15.94508842788451,15.981042481409775,15.100196742798564,15.388818740844727,492072000,58.88569518591094,0.7995366559754018,0.6441011476113241,16.997488640930722,11.796252108428408,14.396870374679565,14.646747223477963,14.202688263523067,15.451037788391114,14.396870374679565,13.271416435241699,15.190203522192784,14.390666866217382,0.7995366559754018,16.56704693659036,60.68779702271311,67.02956746376272,0.8322654053862688,1.3003091331255783,-0.017095088528985447,-0.017242896503720156,555339300.0,-0.30781241647840607
2022-11-21,15.127163364237928,15.456731110524126,15.060250720781186,15.296940803527832,404739000,57.96620107924401,0.7488263734170566,0.6650461927724707,17.015165431293934,12.050019352641613,14.532592391967773,14.708670421577951,14.24560012783698,15.552504730224609,14.532592391967773,13.287635173797607,15.206624642398175,14.457798268981119,0.7488263734170566,14.127110381444133,58.41173190149325,62.13923613457242,0.8300540704179779,1.2412865196630798,-0.005970434694446913,-0.005988328999738058,549703400.0,-0.1774801248597766
2022-11-22,15.3079225316065,16.036966828930023,15.102192035171068,16.016992568969727,472866000,62.860717790667564,0.7580024880471417,0.6836374518274049,17.16050054671039,12.182020167095763,14.671260356903076,14.833272530853357,14.31506649807748,15.695916175842285,14.671260356903076,13.345698928833007,15.331296631101491,14.57329414305435,0.7580024880471417,13.294699660372927,76.24936253029628,65.11629715150089,0.8255600311140637,1.244620094903657,0.047071618743260935,0.04599733331521618,548072600.0,0.16832328982381228
2022-11-23,16.07691590341239,16.50535489230616,16.026982150723164,16.497364044189453,427241000,65.72786814422848,0.7948737782956812,0.7058847171210602,17.318825353240975,12.38552054061889,14.852172946929931,14.991757436885365,14.40064679400344,15.96985683441162,14.852172946929931,13.413430061340332,15.510691617730409,14.715817839434727,0.7948737782956812,15.50938642219806,85.48929548243488,73.38346330474148,0.8015916653934486,1.2333262031555208,0.02999136530476809,0.029550419007150913,542787000.0,-0.09648610811519542
2022-11-25,16.296629028257563,16.465406408074,16.15082033660223,16.24869155883789,167934000,63.01579385635556,0.7948660293364842,0.723680979564145,17.41306314497496,12.600277518934952,15.006670331954956,15.111465448499892,14.47311913772244,16.021788597106934,15.006670331954956,13.480162525177002,15.624230070208483,14.829364040871999,0.7948660293364842,11.423077345641195,77.52401276123953,79.75422359132357,0.7687062275968408,1.2031964065100018,-0.015073467778578098,-0.015188227169001891,522028050.0,-0.606933791466643
2022-11-28,16.005011300506297,16.33557910048079,15.704406802903588,15.806272506713867,303741000,58.39892383063875,0.7505089679672601,0.7290465772447681,17.46947282467186,12.742906821629406,15.106189823150634,15.177637549282176,14.525399661996614,15.971854209899902,15.106189823150634,13.532673664093018,15.65223659890162,14.90172763093436,0.7505089679672601,14.8882205399818,63.84696380738059,75.620090683685,0.7811185742593701,1.181641500760614,-0.027227980205174473,-0.02760553073032204,511163100.0,0.808692700703848
2022-11-29,15.806272346937764,15.9111353323506,15.499675191959904,15.618518829345703,298384000,56.50684759696523,0.6922259744780455,0.7216824566914236,17.457029344009964,12.969269941878707,15.213149642944336,15.21962624262156,14.568267080324029,15.906340217590332,15.213149642944336,13.577754573822022,15.64704924973917,14.954823275261125,0.6922259744780455,-0.704764875061873,58.04270148119227,66.47122601660412,0.76235742423013,1.1219398505328138,-0.011878428471254976,-0.011949540698049243,501765250.0,-0.017636736561741695
2022-11-30,15.680450741353981,16.912151586236597,15.580556739527186,16.90515899658203,565298000,64.89951855813925,0.7413120074557398,0.7256083668442869,17.599728620948184,13.164560376701965,15.382144498825074,15.380153171570177,14.659909900569442,15.932439041137695,15.382144498825074,13.652682876586914,15.840604595407303,15.099292587951563,0.7413120074557398,3.6769086422144577,97.11675184559334,73.00213904472207,0.7973357284713686,1.1087920610615543,0.08237914115254341,0.07916152676538377,508389300.0,0.8945318783848999
2022-12-01,16.981079427481237,17.24679783970152,16.61746285278934,17.11693572998047,470977000,66.06041029780053,0.7882155959862249,0.7381298126726745,17.67289496828309,13.482918725717155,15.577906847000122,15.545561034275918,14.756263854663992,16.055216121673585,15.577906847000122,13.73014892578125,16.036963231495484,15.24874763550926,0.7882155959862249,5.181852405578755,94.06085930655931,83.07343754444831,0.6998320763522552,1.0474940606414833,0.012527343483800246,0.012449525543830301,498306750.0,-0.1668518197481682
2022-12-02,16.641441188481675,16.91515254992387,16.427666051305167,16.858211517333984,371389000,63.305766602899794,0.7953419393133956,0.7495722380008187,17.651430542378083,13.849861877055508,15.750646209716797,15.670575365995733,14.838693174768697,16.17539052963257,15.750646209716797,13.816422176361083,16.163309121624486,15.36796718231109,0.7953419393133956,1.285980294829252,82.22831243813252,91.1353078634284,0.6843647890446684,0.950392166330644,-0.015115101016201504,-0.015230498461542957,491872950.0,-0.21144981602073987
2022-12-05,16.661416742045997,16.977083578578082,16.454634243569135,16.59248924255371,352255000,60.51475884679288,0.7706643124298331,0.7537906528866216,17.64846659552177,14.098328772672808,15.87339768409729,15.758376687572683,14.907469491152423,16.295757579803468,15.87339768409729,13.898279781341552,16.229336832536674,15.458672520106841,0.7706643124298331,4.426439786286499,70.07571474284568,82.12162882917916,0.6775974845939032,0.8875344557122408,-0.01576218654671946,-0.015887730791172335,478856900.0,-0.05152010425726128
2022-12-06,16.512574928841648,16.555528867031303,15.802324015737545,15.970147132873535,352694000,54.458940135272194,0.6929019656670299,0.7416129154427034,17.567097442928574,14.348485500034073,15.957791471481324,15.778545301410858,14.949143124161093,16.36307821273804,15.957791471481324,13.973442974090576,16.18946149412696,15.49655952845993,0.6929019656670299,2.003515137604955,41.61339146176893,64.63913954758237,0.6838895742121597,0.8046529857236256,-0.03750745898235053,-0.038228962442278504,475988550.0,0.0012462562632185037
2022-12-07,15.7553764476407,16.16894059762961,15.650486623430005,16.103010177612305,372388000,55.48316550696276,0.63467949281873,0.7202262309179087,17.50757044700772,14.560025702436864,16.03379807472229,15.80944671819195,14.994392812531729,16.371679973602294,16.03379807472229,14.047568302154541,16.176161291586244,15.541481798767514,0.63467949281873,4.640976339996676,47.6897775404908,53.126294581701806,0.6643536376535029,0.736886186142714,0.008319462784740272,0.008285046804121553,464843350.0,0.0558387724202849
2022-12-08,16.255846411030678,17.16089148149892,15.942176334261013,17.150901794433594,515456000,62.623076482119224,0.6654232742045938,0.7092656395752458,17.30939955173457,15.097491031303763,16.203445291519166,15.937204344500678,15.078961792214155,16.43703374862671,16.203445291519166,14.136199913024903,16.326121368947373,15.660698094742779,0.6654232742045938,12.119815423997686,95.61427035172794,61.639146451329225,0.6992587561831554,0.5529771301077014,0.06507426905052527,0.06304453292760916,467895450.0,0.38419068283618163
2022-12-09,17.141910790847255,17.564465224613613,16.957106340396344,16.983078002929688,465338000,60.937399772094174,0.6685394583133846,0.7011204033228736,17.400696049560644,15.13156494058218,16.266130495071412,16.036811359589155,15.153633016163784,16.51047239303589,16.266130495071412,14.231781558990479,16.427191620329268,15.758652162015883,0.6685394583133846,6.031628158656898,76.78364929225609,73.36256572815829,0.6797239808693024,0.5672827772446154,-0.009785129290307837,-0.009833318282616861,456121400.0,-0.09723041345915073
2022-12-12,17.019039641707874,17.519510920881718,16.77929288691793,17.51651382446289,457328000,64.2330083983664,0.7059155147224843,0.7020794256027958,17.591833642622785,15.061517092087907,16.326675367355346,16.177735403862844,15.246295008646102,16.68149652481079,16.326675367355346,14.339649772644043,16.59477965173444,15.888864137011957,0.7059155147224843,6.177652245192424,98.0525556483203,90.1501584307681,0.7042766697422201,0.6325791376337192,0.03140984345954134,0.030926646373881605,446213450.0,-0.01721329442254882
2022-12-13,18.511469596335157,18.7701974035508,17.692334131047183,18.052953720092773,656589000,67.22740227209795,0.7699470546975533,0.7156529514217473,17.896884443470977,14.934395788004853,16.415640115737915,16.35632762445617,15.356360056153814,16.924940013885497,16.415640115737915,14.450796566009522,16.81911412378957,16.049167069092018,0.7699470546975533,11.104045853301459,78.06944466189289,84.30188320082308,0.7270558686942883,0.7406221638665316,0.030624809308842593,0.03016522930693547,452650300.0,0.43570697617464926
2022-12-14,17.9680385827717,18.232760529632582,17.401636847702704,17.65536880493164,496888000,63.01650780416221,0.7796237146686096,0.7284471040711198,18.0460386169699,14.886361418888253,16.466200017929076,16.480045832120503,15.44651726198824,16.99996099472046,16.466200017929076,14.540908832550048,16.94776869011912,16.16814497545051,0.7796237146686096,11.698496893763863,65.91282594968627,80.67827541996648,0.7515388228795344,0.7899192995204117,-0.022023261197342103,-0.022269393685534385,450200900.0,-0.24322825999217168
2022-12-15,17.127921595408722,17.301737920767152,16.682392700233958,16.934125900268555,478542000,56.14607963486764,0.7207854961580686,0.7269147824885096,18.087011972814555,14.949884160608297,16.518448066711425,16.52329155289651,15.504854855646292,16.98168001174927,16.518448066711425,14.615757350921632,16.94566979937288,16.22488430321481,0.7207854961580686,8.423379228835397,43.859989796885806,62.614086802821646,0.7962839941017101,0.7842819530515642,-0.040851194479813,-0.04170904875302672,441650650.0,-0.03692180129123668
2022-12-16,16.846225910038616,17.023039400348072,16.39270394689365,16.55353355407715,478232000,52.87037282137735,0.636112454082884,0.7087543168073844,18.078477197768756,15.048125547287398,16.563301372528077,16.526171743485143,15.545979510486719,16.951212215423585,16.563301372528077,14.684571914672851,16.88534114625046,16.249228692167577,0.636112454082884,-2.0799889700888126,32.222938538142856,47.33191809490497,0.7962242195215116,0.7575879126203394,-0.022474874016696123,-0.02273128312222121,430017550.0,-0.0006478010289587832
2022-12-19,16.55452963419861,16.59148937740911,16.127979749041472,16.23686408996582,354039000,50.243745748740764,0.5372626495754069,0.6744559833609889,18.027047871280168,15.184359408688096,16.60570363998413,16.49861863362616,15.573073023407467,16.915649700164796,16.60570363998413,14.768105506896973,16.785575445283595,16.248312795708188,0.5372626495754069,-5.141525643945691,20.576215930565894,32.219714755198176,0.7999420400912932,0.7106721156480177,-0.019130022183893924,-0.01931536865352719,423115900.0,-0.25969194867762924
2022-12-20,16.047066889019305,16.292807881891594,15.835291407365762,16.068044662475586,403260000,48.85041188444769,0.44022649342844034,0.6276100853744793,17.953539810308452,15.334977855554587,16.64425883293152,16.457611588754677,15.592483675919944,16.925439453125,16.64425883293152,14.856372089385987,16.675186094082363,16.234959600653923,0.44022649342844034,-4.68713335365339,13.384511208741374,22.06122189248337,0.737507870649609,0.6546404886884659,-0.010397292639442779,-0.010451722094588686,423041950.0,0.13902705634125057
2022-12-21,16.097011404935554,16.60947103919092,16.08502301997595,16.48360252380371,325025000,52.35310095457683,0.3923341036935639,0.5805548890382962,17.94607449189338,15.389104169453052,16.667589330673216,16.460086915902206,15.627429513091858,16.963498687744142,16.667589330673216,14.95462760925293,16.64571169865488,16.253377594961314,0.3923341036935639,-0.6562410085567215,26.704908214005904,20.221878451104384,0.7312286842069772,0.6392425806100818,0.025862379029764293,0.02553360425262039,415649900.0,-0.1940063482616674
2022-12-22,16.077035434762546,16.120989680017022,14.866313091281313,15.322831153869629,565045000,43.41066644568085,0.25774338588724177,0.5159925884080854,18.021170390130454,15.196554982184,16.608862686157227,16.351776843327674,15.61548447939687,16.780691623687744,16.608862686157227,15.03138542175293,16.442191614841764,16.184448228954523,0.25774338588724177,-4.053287509615033,11.693944442808638,17.261121288518634,0.7975158094817697,0.7061538519866136,-0.07041976220051593,-0.0730221519320155,422540100.0,0.7384662718252442
2022-12-23,15.17998128298212,15.322830189395079,14.867311505326436,15.189970970153809,349326000,42.515520796649966,0.13875903806863477,0.4405458783401953,18.098439847821002,15.013413465625046,16.555926656723024,16.241128664930162,15.598797675112827,16.601380920410158,16.555926656723024,15.096298160552978,16.24954228488977,16.110783246821136,0.13875903806863477,-5.669990873680725,8.290662657581164,15.56317177146523,0.7927351175913587,0.7712565955489887,-0.008670733390041208,-0.008708542914997714,431609700.0,-0.38177313311329186
2022-12-27,15.05810983428577,15.084082448789612,14.04118237491811,14.106114387512207,464902000,35.99476102697636,-0.0425051104110139,0.3439356805899535,18.34016965141885,14.601667850107031,16.47091875076294,16.03779397184274,15.540261075599078,16.26034097671509,16.47091875076294,15.154174499511718,15.919784146831683,15.962289257242697,-0.0425051104110139,-17.75292893292402,1.373055746301382,7.119220948897056,0.8183510724784683,0.9346254503279554,-0.07135343344442391,-0.07402705759831087,439667750.0,0.3308542736584166
2022-12-28,13.912319639203043,14.246966554872388,13.86936474434743,14.021204948425293,351066000,35.53495432756162,-0.19081019498278629,0.23698650547540553,18.530601037568374,14.251505075865468,16.39105305671692,15.845737874374409,15.48069024708246,15.85716609954834,16.39105305671692,15.197150020599365,15.627695039384546,15.818505234367333,-0.19081019498278629,-17.440142793864887,3.0982531875010766,4.253990530461203,0.8082902036445648,1.0697739904257262,-0.00601933578265057,-0.00603752501240169,442301850.0,-0.24486020709740974
2022-12-29,14.38681998720955,14.667522983450695,14.2120042555653,14.587607383728027,354923000,40.9535142270373,-0.25964606190253114,0.1376599919998182,18.544581636532186,14.005769315616249,16.275175476074217,15.725915922884278,15.445667389696013,15.550389957427978,16.275175476074217,15.249875564575195,15.467681553898927,15.727327615801459,-0.25964606190253114,-16.720829670139416,14.655522629033147,6.375610520945197,0.7674046956293861,1.1347030802289844,0.04039613124450803,0.03960153605844456,431783100.0,0.010986538143824776
2022-12-30,14.318889147477543,14.613578243254633,14.217995786415349,14.598594665527344,310490000,41.05701451258189,-0.3097418888681691,0.048179615826220754,18.500013344315317,13.798503501387811,16.149258422851563,15.61855199361219,15.41244885149332,15.316836833953857,16.149258422851563,15.30114309310913,15.333975878764837,15.643717767633007,-0.3097418888681691,-19.134592090161732,14.879714772763727,10.877830196432646,0.7522778079595299,1.175377460731876,0.0007531928650323927,0.0007529093576346594,423758750.0,-0.12519053428490123
2023-01-03,14.835345814456593,14.980193431350457,14.081141524221861,14.299910545349121,401277000,39.05296670530828,-0.3692875875150854,-0.03531382484204048,18.48535632779898,13.557330420705657,16.021343374252318,15.492967093777612,15.368819898311195,15.091474533081055,16.021343374252318,15.343580684661866,15.174888904393189,15.544176491908274,-0.3692875875150854,-19.00531388868663,8.785156134502165,12.773464512099673,0.7636230846141591,1.2320064767733299,-0.02045978582332486,-0.020671986619303005,425253150.0,0.2923991110824826
2023-01-04,14.5516444923479,14.837342302451898,14.225987933937839,14.733451843261719,431324000,43.37355636318294,-0.3771473038577895,-0.10368052064519029,18.441456950795057,13.415326057780382,15.92839150428772,15.420632308014195,15.343903503995529,14.941133308410645,15.92839150428772,15.389256267547607,15.106975510372962,15.484122814230751,-0.3771473038577895,-12.995498379824468,19.803087811293267,14.489319572853049,0.717742426716027,1.2565327232536694,0.030317762935489156,0.029867262367186332,429206600.0,0.07487845054662978
2023-01-05,14.475724399761354,14.548647400640538,14.13308556373845,14.24996280670166,389168000,39.9704875026337,-0.41757615229794354,-0.16645964697574095,18.464797521152335,13.219967054805917,15.842382287979126,15.309139974555858,15.301003868807534,14.759325122833252,15.842382287979126,15.422605514526367,14.975127402115838,15.392703554413782,-0.41757615229794354,-13.915885329559242,11.088481432290758,13.225575126028724,0.7012597551155549,1.3112076165866042,-0.03281573399794835,-0.03336624738826084,431030300.0,-0.09773627250048689
2023-01-06,14.458742666001996,14.994177909991919,14.019206897315305,14.843337059020996,405044000,45.61058771166031,-0.3971577752236115,-0.21259927262531508,18.435746283538602,13.123050980560516,15.77939863204956,15.264777792123967,15.28305615077669,14.595298576354981,15.77939863204956,15.454599590301514,14.954851964716632,15.352009739940243,-0.3971577752236115,-8.582488731959065,30.883728377635393,20.5917658737398,0.7014022485426213,1.328173825744522,0.04164040709216987,0.0407967850109812,432663100.0,0.04079472104592363
2023-01-09,15.267889243337127,16.03907482336761,15.125039380250245,15.611526489257812,504231000,51.91001360421835,-0.315354388206611,-0.23315029574157425,18.27947610871605,13.125383624865492,15.702429866790771,15.297801477565287,15.295937340521048,14.624168109893798,15.702429866790771,15.509247875213623,15.055878814646043,15.371233202852654,-0.315354388206611,-2.841155739900951,63.580078925729794,35.18409624521865,0.7417881278920637,1.288523120962639,0.051753148714625,0.05045843727020152,432101850.0,0.24487956863945648
2023-01-10,15.490655231753736,15.945175574984253,15.455692274992794,15.892231941223145,384101000,54.00630711514775,-0.2252771755640719,-0.2315756717060738,18.15606420292267,13.139710924488217,15.647887563705444,15.354413902675558,15.319321442509366,14.694394207000732,15.647887563705444,15.563917636871338,15.184548526427136,15.409825701991208,-0.2252771755640719,-3.58762947436143,73.82440603426502,56.0960711125434,0.743643390150908,1.2540883196086132,0.01798065372777513,0.01782091375106442,428040000.0,-0.23824397944592857
2023-01-11,15.823302234215715,16.011103777484436,15.546593810156406,15.984131813049316,353285000,54.70248552318841,-0.14480555564929354,-0.21422164849471775,17.928157541898308,13.214379384371226,15.571268463134766,15.41438703699687,15.345392437432503,14.882195949554443,15.571268463134766,15.607282619476319,15.307561339753626,15.45236689540292,-0.14480555564929354,4.3157863748481144,77.17828584539187,71.52759026846223,0.7441429253510651,1.1784445393817702,0.005782691327817391,0.0057660357468631625,422837850.0,-0.08022889812835687
2023-01-12,16.083027207439695,16.619459833672344,15.475667427433098,16.493593215942383,551409000,58.45658302621616,-0.03946698875423138,-0.1792707165466205,17.593738492064332,13.39286238379016,15.493300437927246,15.517168577848823,15.390419918942696,15.129434776306152,15.493300437927246,15.667568035125733,15.490027782244203,15.529494770998435,-0.03946698875423138,8.58212466863835,95.4231903391799,82.14196073961226,0.7871690703170586,1.0502190270685428,0.0318729480494615,0.03137554712524998,417578850.0,0.5608050157804605
2023-01-13,16.260841726815173,16.904163911762296,16.147961873227626,16.881187438964844,447287000,61.09809586883384,0.07443219100584741,-0.12853013503612692,17.41084788903673,13.498334850221081,15.454591369628906,15.647075136050349,15.448881390316114,15.358792781829834,15.454591369628906,15.734686546325683,15.70405234481661,15.629620153810762,0.07443219100584741,19.672838141092488,99.24289972647432,90.61479197034869,0.7256628278893639,0.978128259703912,0.02349968366188504,0.023227817044303555,415098800.0,-0.18882898175401563
2023-01-17,16.881187014032182,17.709313641691512,16.881187014032182,17.683340072631836,511102000,65.92677312452524,0.22681059389095992,-0.057461989250709555,17.59108419686372,13.393019959630424,15.49205207824707,15.84100513001049,15.536507220995162,15.667267322540283,15.49205207824707,15.824319572448731,16.008558149095876,15.781747555204916,0.22681059389095992,26.118547854318564,99.32359597083072,97.99656201216165,0.7522776121119451,1.0495160593083233,0.04751754795491925,0.046423124898105385,416726800.0,0.14267126028701926
2023-01-18,17.64837787383118,17.85416011409162,17.263783455353824,17.358684539794922,439624000,62.54310887558212,0.31771219929953,0.017572848459338354,17.744874494671695,13.319744760394222,15.532309627532959,15.985546026180437,15.607965155065742,15.973144721984863,15.532309627532959,15.903424777984618,16.21626990151111,15.898557702211582,0.31771219929953,18.9961045918876,87.56584646582476,95.37744738770994,0.7123910452192377,1.106282433569368,-0.018359401080533244,-0.01853002649832716,414796400.0,-0.13985075386126444
2023-01-19,17.01804012030735,17.178871599912767,16.71336324869982,16.747325897216797,452932000,56.647064005565994,0.3365414035672565,0.08136655948092197,17.815926679666592,13.299738756124423,15.557832717895508,16.058096490088662,15.652645968483432,16.17453212738037,15.557832717895508,15.955622100830078,16.297970823927372,15.961429420360115,0.3365414035672565,14.718753968581638,71.13826025222716,86.00923422962755,0.7315138652599622,1.1290469808855421,-0.03521918041523142,-0.03585433340503817,419741050.0,0.03027132276672795
2023-01-20,16.99306612778277,17.83717652058434,16.807263297293154,17.820194244384766,564967000,63.20292417896422,0.43304333883807544,0.15170191535235267,18.11311144764371,13.17776894633822,15.645440196990966,16.22591532383115,15.737647861656033,16.531555271148683,15.645440196990966,16.026380558013916,16.532159042459277,16.0991157036212,0.43304333883807544,24.617522521359938,99.114308107899,85.93947160865031,0.763194764427258,1.2338356253263727,0.06406206899850608,0.06209372474291381,427826400.0,0.24735501134828186
2023-01-23,18.044956208931275,19.224712866778543,17.799217156484602,19.172767639160156,655163000,69.4708634549868,0.61161289410256,0.24368411110239413,18.69275919178188,12.867037713735698,15.77989845275879,16.506567925291055,15.872358441166,16.9644983291626,15.77989845275879,16.11817834854126,16.938406518874796,16.326793624772236,0.61161289410256,30.13086032468854,99.00210992124282,89.75155942712298,0.8367599968168763,1.4564303695115464,0.07590115888897198,0.07315859775161233,444333300.0,0.15964826264188892
2023-01-24,18.80715382585874,19.474450850170054,18.800161235154988,19.244691848754883,496204000,69.76578675538346,0.7502854125925218,0.3450043714004197,19.26326942714585,12.688713547860251,15.975991487503052,16.76734163228761,16.004606810091055,17.327814865112305,15.975991487503052,16.227913036346436,17.293219646548657,16.542934233956135,0.7502854125925218,35.05082160427981,95.78829098385347,97.96823633766509,0.8207055473801956,1.6436389698214002,0.0037513733514311642,0.0037443544985022634,440891250.0,-0.2426251177187967
2023-01-25,18.893061849004603,19.349580807071824,18.560412717739826,19.302629470825195,449537000,70.0170558596529,0.8550035161604335,0.44700420035242244,19.763227294529578,12.600021530543664,16.18162441253662,17.008797616910236,16.133941032080628,17.66885461807251,16.18162441253662,16.299378147125243,17.602359619514278,16.747356103353845,0.8550035161604335,30.042384634081166,96.8503447173074,97.21358187413456,0.8334065274386199,1.7908014409964783,0.003010576761927286,0.0030060540507466657,445901800.0,-0.09404801251098338
2023-01-26,19.680232657858443,20.14474263652142,19.25767822252368,19.781126022338867,489535000,72.08075736858368,0.9654746496616227,0.5506982902142625,20.24818398517481,12.682566003381103,16.465374994277955,17.272828893617724,16.276967894443697,18.048554039001466,16.465374994277955,16.36888833999634,17.93755445071806,16.972079801056438,0.9654746496616227,26.708467848740664,94.06392143212473,95.56751904442854,0.8538849656153679,1.8914044954484261,0.024789190106813797,0.024486923249294953,447133450.0,0.08897599085281072
2023-01-27,19.441484557009698,20.60625581574819,19.384545434625117,20.34353256225586,542142000,74.31821132760115,1.0858878867894184,0.6577362095292938,20.756104389666344,12.806878360272625,16.781491374969484,17.565276862059452,16.436441018671626,18.433547973632812,16.781491374969484,16.450285816192626,18.307704929416182,17.221817042626764,1.0858878867894184,28.009285527015287,95.20684401749108,95.37370338897439,0.8715092062186864,1.9873065073484295,0.028431472469356178,0.02803479927597693,456687250.0,0.10746320487809857
2023-01-30,19.92897130354372,20.118769651142287,19.12981344690093,19.141801834106445,488611000,62.74686270769585,1.0719893918458325,0.7405868459926015,20.97641568632001,13.041986508656798,17.009201097488404,17.7154220974925,16.54253359966907,18.659609413146974,17.009201097488404,16.500238437652587,18.43602753013776,17.364038138291928,1.0719893918458325,19.75502991334964,71.56711163635184,86.94595902865588,0.8727935884335662,1.983607294415803,-0.05907188068108837,-0.06088852986075595,463371650.0,-0.09873981355438244
2023-01-31,19.14979328260832,19.66624851924581,18.930025867048208,19.516407012939453,498017000,64.59730824587191,1.0787668885137975,0.8082228544968407,21.202777893640466,13.307405536077553,17.25509171485901,17.88694447039221,16.659156086463987,18.842916107177736,17.25509171485901,16.572783279418946,18.6022397582611,17.5234728697473,1.0787668885137975,18.327199885560887,78.75782034491664,81.84392533291985,0.8904178278768621,1.9738430893907277,0.019570006109119076,0.019380975775551656,472748000.0,0.019250487606705446
2023-02-01,19.670240457303972,21.16965745715704,19.590324874698545,20.920921325683594,660477000,70.51158859431688,1.1838242810678459,0.8833431398110418,21.6002855679324,13.571998939819064,17.58614225387573,18.175894647086626,16.82628413506084,19.1991397857666,17.58614225387573,16.678072357177733,18.95895999940302,17.775135718335175,1.1838242810678459,23.930389383594612,95.63160226528345,81.98551141551731,0.9753278619404018,2.007071657028334,0.07196582402759599,0.06949418156914164,485708000.0,0.32621376378718003
2023-02-02,20.97786301741522,21.925862042165335,20.67818002215878,21.686115264892578,564276000,73.14390738998259,1.3136844409708175,0.9694114000429971,22.108722150668846,13.758828699245704,17.933775424957275,18.510201372591958,17.016865747995418,19.69301872253418,17.933775424957275,16.804018287658693,19.378522347939874,18.064837906969057,1.3136844409708175,22.63585485445569,95.85062444377894,90.08001568465967,0.9827485486380666,2.087473362855786,0.03657553734354879,0.035922527559594845,492355600.0,-0.1456538229188904
2023-02-03,20.97786002176547,21.72207541802909,20.767082033794136,21.077754974365234,429366000,67.95048451928973,1.3519258030069103,1.0459142806357797,22.295548635840742,14.254781430840165,18.275165033340453,18.754730287046556,17.176116305892272,20.018774795532227,18.275165033340453,16.919634571075438,19.639942752005314,18.288016948998404,1.3519258030069103,21.42484026392849,83.7293570434337,91.73719458416535,0.996947930473801,2.010191801250144,-0.028052986120211787,-0.028453988476910323,494365500.0,-0.2390851285541118
2023-02-06,20.784069803716758,21.547264471015012,20.764090426847382,21.0667724609375,452197000,67.85681580192315,1.3656043242944307,1.10985228936751,22.448586539231947,14.72408706764061,18.58633680343628,18.974924779798073,17.328691057070515,20.208175277709962,18.58633680343628,17.020630168914796,19.859455014917955,18.493850690623525,1.3656043242944307,25.791858295649117,83.51866129341256,87.69954759354174,0.9937370316529653,1.9311248678978337,-0.0005210475897974298,-0.0005211833822644539,496723150.0,0.053173749202312326
2023-02-07,21.35946479466182,22.23554130412732,21.127708956312546,22.14963150024414,664150000,71.9609386591177,1.4471405897003535,1.1773099494340786,22.821825151331545,15.004658956639645,18.913242053985595,19.277277800792938,17.51774754503811,20.498669242858888,18.913242053985595,17.13367551803589,20.211789858814292,18.76464926911394,1.4471405897003535,24.295118204020717,98.4442768230057,88.56409838661732,1.0350507591138243,1.9542915486729755,0.05140127854489829,0.050123825442891914,504719100.0,0.4687182798647491
2023-02-08,22.363398373809797,22.853881881192613,21.98479821168747,22.181591033935547,559651000,72.07426978030254,1.4970801269401974,1.2412639849353024,23.12490615998712,15.330513857255312,19.227710008621216,19.553879061092236,17.700643368132127,20.786565399169923,19.227710008621216,17.25233350753784,20.514836193448332,19.017756066508134,1.4970801269401974,15.69321368413136,88.88154035302972,90.28149282314932,1.0510337861431132,1.9485980756829524,0.0014428923429743445,0.001441852374072887,513496600.0,-0.15734246781600547
2023-02-09,22.58217304827231,22.99573622959342,22.09668525553156,22.31345558166504,523876000,72.56695778099777,1.5296649120388395,1.2989441703560098,23.359427144525096,15.728925249578909,19.544176197052003,19.81669587257536,17.881537964741263,21.03979835510254,19.544176197052003,17.382477169036864,20.791546868558594,19.261881956519755,1.5296649120388395,15.946026868228097,86.87042925601723,91.39874881068421,1.0374052397641356,1.907625473736547,0.005944774093425087,0.005927173643267504,522026150.0,-0.06392376677608014
2023-02-10,21.6671393301779,22.054728961620185,20.7890660834922,21.242586135864258,550737000,62.86673876523869,1.4523367404478087,1.3296226843743697,23.38257767981426,16.180674006281933,19.781625843048097,19.95249494526954,18.01334377537354,21.129703712463378,19.781625843048097,17.494958515167237,20.860937525067158,19.40860078461935,1.4523367404478087,10.050219675879882,60.47300520370629,78.74165827091775,1.0444690817554854,1.8004759183830819,-0.04799209346492772,-0.04918193904136013,521992550.0,0.0512735838251801
2023-02-13,21.515293472026823,22.024756028474826,20.939900511928794,21.765029907226562,474919000,65.30351586381842,1.4168775707863297,1.3470736616567618,23.45698502291204,16.594650910010326,20.025817966461183,20.12511732259878,18.160468721720715,21.392026519775392,20.025817966461183,17.592155933380127,21.00002866078399,19.58315108999766,1.4168775707863297,10.029276809860411,72.25216336355757,73.19853260776036,1.0737952175791257,1.7155835282254286,0.024594169844520675,0.02429660232965362,523374150.0,-0.1376664360665799
2023-02-14,21.55525189893666,23.024701862590533,21.343475492983863,22.94678497314453,675474000,70.0854898328297,1.4672204765004366,1.371103024625497,23.77070070956605,16.80727971340758,20.288990211486816,20.39384757503171,18.34816739824714,21.7350643157959,20.288990211486816,17.70875291824341,21.299529631916382,19.832309155415945,1.4672204765004366,12.796461985754561,98.09711709715674,76.94076188814019,1.1375136661701737,1.740855249039618,0.054296046040607227,0.052873289276564046,531592750.0,0.4222930647120877
2023-02-15,22.525228183306545,22.830905348150583,22.082696315415404,22.740001678466797,420575000,68.31135230416906,1.4734469292480128,1.3915718055500004,23.915805945893556,17.200306190947263,20.55805606842041,20.61729082297791,18.52039619354987,21.916972351074218,20.55805606842041,17.826388721466063,21.52114071600106,20.047693786753047,1.4734469292480128,18.79760262667205,93.04706442136875,87.79878162736101,1.1358725407224155,1.6788749387365731,-0.009011427741173361,-0.009052276243535044,530640300.0,-0.3773631553546103
2023-02-16,22.109669887606003,22.5262301612366,21.90388764913277,21.978809356689453,412026000,62.081405453706374,1.400811891580851,1.3934198227561705,23.7099864258736,17.92927405691449,20.819630241394044,20.74695925475996,18.65602023916319,21.946241760253905,20.819630241394044,17.93411512374878,21.591551276106966,20.190739384526115,1.400811891580851,12.617088494400724,74.4572584732054,88.53381333057696,1.108329944166055,1.4451780922397777,-0.033473714406016986,-0.03404678402071575,528595000.0,-0.020326933365035993
2023-02-17,21.60819565620736,21.717079994148627,20.952887118556177,21.36545181274414,465888000,57.52859837809346,1.2790116233322415,1.3705381828713847,23.524847024030414,18.468939215593608,20.99689311981201,20.805863307901312,18.762272457734994,21.9750114440918,20.99689311981201,18.042021217346193,21.556766743281916,20.277755119949674,1.2790116233322415,2.1248131482374943,59.477867072932334,75.66072998916883,1.0949158815073654,1.2639769521092024,-0.027906768469176946,-0.028303561908678783,523641050.0,0.13072476008795553
2023-02-21,20.97786395244178,21.471342710023446,20.59626664817325,20.633228302001953,410015000,52.57196748451653,1.1105974393935583,1.3185500341758194,23.456425960269787,18.683406345638414,21.0699161529541,20.78942187876804,18.835643275157228,21.93165702819824,21.0699161529541,18.132625579833984,21.414683906161923,20.304086466768364,1.1105974393935583,-4.855120200320675,30.36659723088639,54.767240925674706,1.1048339821968367,1.1932549036578426,-0.03427137966281757,-0.03487241556618522,511383650.0,-0.11992796551960982
2023-02-22,20.6851767924116,21.08175773796776,20.39947701512826,20.732126235961914,513184000,53.158993352227895,0.9738819174852047,1.2496164108376964,23.37919388713034,18.909381857498566,21.144287872314454,20.78396515088174,18.9100151559731,21.78990650177002,21.144287872314454,18.20425006866455,21.30967503382346,20.335793116338255,0.9738819174852047,-1.639779657860498,12.67126589767034,34.17191006716302,1.035479002098402,1.1174530074079443,0.004793139130359281,0.004781688613699885,512232650.0,0.25162250161579447
2023-02-23,23.415290457504543,23.86281813728652,23.00072702935598,23.639053344726562,1117995000,66.3447827489619,1.0875618686267217,1.2172055023955015,23.683414805226157,19.038803326792888,21.361109066009522,21.055878312200296,19.09546763396343,21.93565273284912,21.361109066009522,18.33736957550049,21.668040927808555,20.580479059181833,1.0875618686267217,12.210132750798184,93.539048431345,45.52563718663391,1.1699797079068344,1.1611528696083178,0.14021365081803805,0.13121565784506103,545655550.0,1.178546096526782
2023-02-24,23.200520912956318,23.4492590122832,22.922814050705714,23.261455535888672,589716000,63.83120142579078,1.134111727435691,1.2005867474035394,23.88040430893721,19.189846774436816,21.535125541687012,21.265933285884906,19.258839708548734,22.030452728271484,21.535125541687012,18.452268409729005,21.913181636743957,20.779069909308266,1.134111727435691,5.019605114569407,82.63634507295961,62.948886467324975,1.1529258443201125,1.1726393836250972,-0.015973474205223437,-0.01610242518470718,550664600.0,-0.4725235801591241
2023-02-27,23.6450473658971,23.854825071141974,23.429275467548678,23.476224899291992,452994000,64.65152352705474,1.1747906631565392,1.1954275305541395,24.118968395873623,19.264551921204017,21.69176015853882,21.476437249066535,19.424227363087688,22.253816604614258,21.69176015853882,18.560733833312987,22.15364983098212,20.97885916782558,1.1747906631565392,5.836523914699306,88.83756394883754,88.33765248438071,1.1393683793976606,1.2136041186674018,0.009232842849062672,0.009190480704567917,546207200.0,-0.23184380277964312
2023-02-28,23.347364022615437,23.799887550278743,23.18153863236945,23.1915283203125,455963000,62.62391030953227,1.1705628581969414,1.1904545960827,24.090456952686345,19.698036013011894,21.89424648284912,21.639779255851867,19.57196465552788,22.39646644592285,21.89424648284912,18.671457023620604,22.313323444725253,21.14276058652831,1.1705628581969414,3.935171472808421,80.61727697918215,84.03039533365977,1.1000526704490514,1.098105234918612,-0.012127017022574127,-0.012201149238228367,544574800.0,0.006554170695417527
2023-03-01,23.167550984389926,23.23148459935281,22.484272025585433,22.674072265625,460026000,59.00191121398188,1.1126321820489977,1.1748901132759597,23.96421498067772,20.140044510289076,22.0521297454834,21.738283352020737,19.693615934355215,22.369195175170898,22.0521297454834,18.786255950927735,22.36882326332521,21.256191081276214,1.1126321820489977,6.738756385899442,65.67632728823646,78.37705607208538,1.0913475921820681,0.9560426175971612,-0.02231228781219574,-0.022564972629878888,542675250.0,0.008910810745608844
2023-03-02,22.464295399339527,23.355353400499368,22.40835276964801,23.2894229888916,389415000,61.829219231562014,1.1036531381247379,1.1606427182457155,24.081030345163754,20.260079312123842,22.170554828643798,21.88601093648463,19.834627975709584,22.424137306213378,22.170554828643798,18.920973739624024,22.510453990335424,21.406800852210687,1.1036531381247379,7.0038639421253475,83.44387317996575,76.5791591491281,1.0947725676670326,0.9552377582599787,0.027138959250804895,0.02677722778249068,529122150.0,-0.15349349819358038
2023-03-03,23.295419675920705,23.874808261321643,23.10561940844885,23.864818572998047,412393000,64.30784401572458,1.1299415333478464,1.1545024812661417,24.31783890589822,20.241141082199924,22.279489994049072,22.074468806628765,19.992674665799328,22.61273822784424,22.279489994049072,19.07353282928467,22.718817772283522,21.588876238935676,1.1299415333478464,4.000706856877442,99.71255435479601,82.94425160766608,1.0408296644313153,1.019174455924575,0.024706304848380878,0.024406039677038145,521528000.0,0.05900645840555696
2023-03-06,23.865815628810815,24.222437736222577,23.462240277861365,23.529170989990234,437429000,61.787376062481634,1.110885722033725,1.1457791294196584,24.430940619061726,20.37318097059892,22.402060794830323,22.213011871710812,20.131360796159754,22.829110145568848,22.402060794830323,19.222755355834963,22.843487498084553,21.732601776050828,1.110885722033725,3.4704012896829552,81.8657109813596,88.34071283870712,1.0176398031323994,1.0144399121157015,-0.014064535289934343,-0.01416437813406137,521931150.0,0.060709080900985146
2023-03-07,23.5791250368648,24.103660267777396,23.220441431129053,23.26740074157715,515154000,59.818255014233934,1.0624143318482986,1.1291061699053864,24.473636091565073,20.55054832615954,22.512092208862306,22.31342985931713,20.254342754803574,23.092527389526367,22.512092208862306,19.35843132019043,22.908704920160336,21.846290588312037,1.0624143318482986,5.862880759259603,75.01839374452034,85.53221969355864,0.9606392650639476,0.9807719413513833,-0.01112534940242682,-0.011187698973898354,525079000.0,0.1776859787531233
2023-03-08,23.466224373577802,24.17859494826269,23.403280373872484,24.159610748291016,513573000,64.02637707316106,1.0835043334426118,1.1199858026128315,24.69799392986481,20.527188412664483,22.612591171264647,22.489256610647974,20.407490519254065,23.435275840759278,22.612591171264647,19.535166912078857,23.10115197064198,22.017647637199367,1.0835043334426118,13.077930483455564,98.35658819132263,85.08023097240086,0.9640039471322629,1.0427013793000819,0.038345925126030744,0.037628990424932604,517550150.0,-0.003068985196659657
2023-03-09,24.153616530475606,24.432370990770355,23.36231723479036,23.415271759033203,501257000,58.52015915064562,1.0283027420051383,1.101649190491293,24.77889337579017,20.569657039248895,22.674275207519532,22.577448529541805,20.5254427247356,23.412897682189943,22.674275207519532,19.699672927856444,23.149478091932938,22.1211753499278,1.0283027420051383,13.483316407453893,74.77991641039324,82.71829944874541,0.9807139276069748,1.0523090841353187,-0.030809229379263336,-0.03129381276284503,514630450.0,-0.02398101146283005
2023-03-10,23.388294401646913,23.60610198543216,22.705897972493613,22.944686889648438,474866000,55.283183827422995,0.9357955483980156,1.0684784620726377,24.806600683587074,20.605072862250328,22.7058367729187,22.61242361145672,20.62031504492826,23.381220817565918,22.7058367729187,19.87644437789917,23.117971753119935,22.18217620472192,0.9357955483980156,10.672135739983192,63.11125186758583,78.7492521564339,0.97173405437878,1.050381955334186,-0.020097348184875186,-0.020302047134081343,512179950.0,-0.052649638808036636
2023-03-13,22.731876826184696,23.2773934204727,22.27727934666776,22.94568634033203,421890000,55.28884045929923,0.8527337939353075,1.0253295284451718,24.776949892763742,20.805033673520438,22.79099178314209,22.644162918968654,20.711506076120568,23.328166961669922,22.79099178314209,20.054934005737305,23.09146630499872,22.23873251106341,0.8527337939353075,-2.9331420098902083,63.13603433619597,67.00906753805835,0.9806653409469757,0.9929790548108259,4.35591336853669e-05,4.355818501385197e-05,505737600.0,-0.11155989268551547
2023-03-14,23.475219568886814,24.197579694405405,23.439250204223796,24.041717529296875,474910000,61.10023366775887,0.8653718441861074,0.993337991593359,24.90412564458498,20.90552668390623,22.904826164245605,22.777263358047534,20.84210260369611,23.41318588256836,22.904826164245605,20.24401620864868,23.23765880104459,22.37228695685848,0.8653718441861074,3.354312855463343,81.87300003958055,69.37342874778744,1.021351957463681,0.9996497401696867,0.047766328394297286,0.04666059194813641,505737150.0,0.12567256867903964
2023-03-15,23.739983668370748,24.264518937841256,23.33933927282555,24.206571578979492,524486000,61.902325667022055,0.8785624135118582,0.9703828759770589,25.05033016503245,20.88530082404226,22.967815494537355,22.913387950517247,20.974042563511144,23.56643581390381,22.967815494537355,20.436175746917726,23.386722305342268,22.50815989183041,0.8785624135118582,3.1110056357891094,89.52251462675554,78.17718300084401,0.8638153691559022,1.0412573352475472,0.00685699969154574,0.006833597387978946,498187750.0,0.10439030553157447
2023-03-16,24.005752489173542,25.565370958481,23.872868779502166,25.518413543701172,583253000,67.62337115862549,0.983533159730495,0.9730129327277461,25.47618161809299,20.73729055750515,23.10673608779907,23.161485626058575,21.152253190185263,23.789334869384767,23.10673608779907,20.660545806884766,23.71467480355133,22.731141643820834,0.983533159730495,10.033341448009054,98.57189457218516,89.98913641284041,0.9335484323671869,1.18472276514696,0.05419362921516968,0.052776142179549526,506321650.0,0.11204684205107474
2023-03-17,25.95902028263856,26.375651279421106,25.645296921004547,25.702247619628906,848547000,68.34084397235905,1.0692316688392651,0.99225667995005,25.86560080896712,20.72021519292497,23.292908000946046,23.40346295877956,21.330684344281092,23.97307777404785,23.292908000946046,20.87992172241211,24.02045523679403,22.951223567954766,1.0692316688392651,13.35523376008097,83.5689959124867,90.55446837047579,0.9523961609719463,1.2863464040105366,0.007203977457803656,0.007178152765027898,528147700.0,0.45485235395274426
2023-03-20,25.592342695819287,26.000981321988803,25.107771080019624,25.877090454101562,432747000,69.04348323850996,1.1381369756620288,1.0214327390924458,26.169575977929963,20.867403888097872,23.518489933013917,23.63904652976261,21.508974779960326,24.207869720458984,23.518489933013917,21.112464275360107,24.306091424072115,23.167954448410086,1.1381369756620288,11.110912736842838,87.83514933490666,89.99201327319285,0.9720291126905095,1.3255430224580225,0.0068026282004662875,0.006779594725026832,526490650.0,-0.4900141064667013
2023-03-21,26.15684473087792,26.368657115310835,25.35855164040249,26.175827026367188,547408000,70.25806711249633,1.2029832306393757,1.0577428374018318,26.333124134230857,21.258115604233495,23.795619869232176,23.880644672296377,21.69198859354491,24.49871234893799,23.795619869232176,21.33911407470703,24.593743055194434,23.390759824555058,1.2029832306393757,9.683746165093169,95.12430164141608,88.84281562960314,0.9908071770577216,1.2687521324993412,0.01154444209234029,0.011478313479392026,533360300.0,0.264960820063455
2023-03-22,26.40162837848802,27.56460037448036,26.213794924295495,26.444591522216797,797295000,71.3472720136046,1.261519393260464,1.0984981485735583,26.447023391864366,21.71546287522548,24.081243133544923,24.124830086574512,21.878365178983024,24.727210426330565,24.081243133544923,21.55577537536621,24.878488973197875,23.61696957993741,1.261519393260464,12.390664054704006,78.81708248142975,87.25884448591749,1.0223623711478511,1.1828901291597222,0.010267660142270874,0.010215305786061972,547565850.0,0.456491319089235
2023-03-23,27.091017232493737,27.474678371614985,26.66639389662088,27.166950225830078,564889000,74.0933756394094,1.3506288258784984,1.1489242840345464,26.983309530793456,21.53196642440674,24.257637977600098,24.414555814122664,22.085760671016246,25.102378273010252,24.257637977600098,21.78126974105835,25.23055993514129,23.87993110926279,1.3506288258784984,16.75971255906002,92.47917524662215,88.80685312315599,1.0409979423282363,1.362835776596678,0.02731593350596495,0.02694951120056108,519910550.0,-0.2914931110818455
2023-03-24,27.007091792651533,27.142971183393072,26.331689105706722,26.755313873291016,454920000,69.97756607122028,1.3722150389706655,1.1935824350217703,27.331505326655144,21.533156462285287,24.432330894470216,24.63748515309108,22.268880404438786,25.483440971374513,24.432330894470216,21.996693382263185,25.4651374640874,24.092922425116736,1.3722150389706655,10.743977425975759,84.69382704525978,85.33002825777056,1.0463596324541038,1.4495872160924645,-0.015152100221676013,-0.015268066202205154,513170750.0,-0.19467364384861452
2023-03-27,26.81326313262677,26.97611906928059,26.34168048471256,26.50753402709961,361026000,67.5453168368894,1.3537236223071432,1.225610672478845,27.58767104492588,21.58012165679531,24.583896350860595,24.8155850458538,22.435102115131368,25.839625740051268,24.583896350860595,22.19697219848633,25.625506166089277,24.271782543782134,1.3537236223071432,13.206177147499753,80.00752475931905,85.72684235040032,1.0285896144483673,1.5018873470326422,-0.009260958304015854,-0.009304107587463556,508572350.0,-0.20639672909522555
2023-03-28,26.42360465819692,26.489546257283568,25.827132661141157,26.38663673400879,356104000,66.33382754147979,1.3141647668135796,1.243321491345792,27.775357726184975,21.711945816905843,24.74365177154541,24.965209016154276,22.59006425704813,26.07411766052246,24.74365177154541,22.387081184387206,25.74260317653843,24.42843840972485,1.3141647668135796,15.001075677843298,77.72097373556107,80.80744184671329,1.0121044115392894,1.515852977319783,-0.004560865336142639,-0.00457129781529045,503579400.0,-0.013633367125913343
2023-03-29,26.80127663568218,27.054051235079495,26.573477639400732,26.960134506225586,393694000,69.15964168599447,1.3139442348879022,1.257446040054214,27.97961405253441,21.93629571461647,24.95795488357544,25.15520191997059,22.761439560937443,26.34947395324707,24.95795488357544,22.57261707305908,25.929915688797994,24.615971453910092,1.3139442348879022,17.495437296365765,88.56763443953683,82.09871097813898,0.9833444647600545,1.5108295844794846,0.021734402076246218,0.02150157745509222,500262800.0,0.10555905016512024
2023-03-30,27.204916786801245,27.474678436555607,27.078028306822056,27.358779907226562,364516000,70.98288167597914,1.330598502719564,1.272076532587284,28.257141112495365,22.06570434648901,25.161422729492188,25.365066490185445,22.941727417654665,26.533510589599608,25.161422729492188,22.772618980407714,26.14974095317162,24.819142450452055,1.330598502719564,13.797110684324302,96.10728256954454,87.46529691488081,0.9557973160023027,1.547859191501589,0.014786476710971996,0.014678222590905694,499017850.0,-0.0741133977149766
2023-03-31,27.115994254760153,27.809380660660256,27.08102536446216,27.752431869506836,433933000,72.69924574485606,1.3598856382941413,1.2896383537286555,28.59367022378374,22.11793656485151,25.355803394317626,25.592434621549387,23.13038249419789,26.738529014587403,25.355803394317626,22.992721099853515,26.39630878645396,25.03642314815982,1.3598856382941413,14.648337452324306,98.72598962263733,94.46696887723955,0.9363859747446711,1.618933414733056,0.014388505759947767,0.014285973564020641,500094850.0,0.19043608511011856
2023-04-03,27.484667727431294,27.975232636511667,27.311820418959282,27.940263748168945,398716000,73.5045644052237,1.3823178671612943,1.3081742564151835,28.89037690075187,22.262339163701252,25.576358032226562,25.816037395513153,23.319005288471264,26.94484634399414,25.576358032226562,23.1951224899292,26.633840319025495,25.2515224518642,1.3823178671612943,9.490598623304974,99.2456925645305,98.02632158557078,0.8943516078503146,1.6570094342626542,0.006768123224130562,0.0067453222999683225,498159200.0,-0.08115769024250286
2023-04-04,27.94126145071521,27.975231771386614,27.28284399228964,27.428714752197266,368592000,67.65162575260695,1.3433327377670352,1.315205952685554,29.009393417566603,22.55945404794853,25.784423732757567,25.969625715197353,23.480170365480127,27.07013511657715,25.784423732757567,23.36024143218994,26.756128693359614,25.41279595559258,1.3433327377670352,6.717183485734725,86.67797632380673,94.8832195036582,0.8777236159989769,1.612484842404518,-0.01830866739778736,-0.018478345290536834,490831100.0,-0.07555252360075848
2023-04-05,26.80527136414144,26.97412061023067,26.371655203421952,26.85722541809082,515015000,61.73720516212613,1.251891305033503,1.3025430231551438,29.083215102716935,22.755393829778185,25.91930446624756,26.054159020234827,23.612603896955054,27.11139850616455,25.91930446624756,23.512492103576662,26.77168203562595,25.519790730592447,1.251891305033503,3.787655206939638,61.010559465404675,82.3114094512473,0.8323348566987254,1.5819553182346868,-0.02083543976702973,-0.021055560451580902,490903200.0,0.3972495333593784
2023-04-06,26.560485977879456,27.056047553520614,26.403625256641565,27.013086318969727,397654000,62.69509086259838,1.1784159375199827,1.2777176060281117,29.06666923655856,23.131721151930208,26.099195194244384,26.14548542963815,23.74595614879877,27.096012115478516,26.099195194244384,23.666701240539552,26.808821156140375,25.630405218620393,1.1784159375199827,3.198597285041496,66.4460604410335,71.37819874341497,0.817705182495805,1.4837370211570873,0.005803313575866165,0.005786539218252629,485723050.0,-0.22787879964661228
2023-04-10,26.7992755400983,27.59657006024275,26.645412420852104,27.554607391357422,395279000,65.89015519278989,1.1506187871227098,1.2522978422470314,28.962791016716025,23.696591421943644,26.329691219329835,26.27968752123046,23.89531502105597,27.175941467285156,26.329691219329835,23.822170867919922,26.92355750001992,25.77293871289721,1.1506187871227098,4.19751565535838,83.92523789565159,70.46061926736326,0.8218442823116242,1.3165498986930961,0.020046619849114267,0.01984833198613021,481743700.0,-0.005972528881892258
2023-04-11,27.699483246253184,27.765424863992852,27.102010607989744,27.144973754882812,314378000,61.59273294289425,1.0830506010001208,1.2184483939976494,28.65547395513128,24.423837224983462,26.53965559005737,26.362095733959258,24.02275261846095,27.239685440063475,26.53965559005737,23.95819969177246,26.9576215392296,25.87457093822948,1.0830506010001208,-0.08089414072828317,61.34915082406028,70.5734830535818,0.7970806238183928,1.0579091825369553,-0.014866248343029964,-0.014977858544236363,476368100.0,-0.20466809519352158
2023-04-12,27.345793254176353,27.443706150535657,26.42460783917617,26.471567153930664,446259000,55.21704436818961,0.9640510613580311,1.1675689274697256,28.422367621920237,24.899928520657888,26.661148071289062,26.372521583480346,24.118784561028388,27.248178482055664,26.661148071289062,24.104794998168945,26.882843941491302,25.91879288013327,0.9640510613580311,-1.0605247268042965,30.00020949575932,58.424866071823736,0.7706752640502726,0.8806097753155873,-0.024807782355325214,-0.025120681112837804,474935550.0,0.41949818371514547
2023-04-13,26.710354492654048,26.863219050562652,26.305713912619126,26.439594268798828,353615000,54.92632943569801,0.8572809233788341,1.1055113266515475,28.111205073368932,25.434393338191125,26.77279920578003,26.37890945827258,24.20979670643115,27.196124458312987,26.77279920578003,24.243258743286134,26.814651684153997,25.957370760775163,0.8572809233788341,-0.2563035785649619,28.511783188863564,39.95371450289439,0.7369194275177967,0.6692029337944525,-0.001207819882590111,-0.001208549884891232,466392000.0,-0.2076014153215957
2023-04-14,26.480556091603322,26.85922056456347,26.196806902127364,26.734331130981445,395660000,57.16519633628118,0.7873712951831635,1.0418833203578708,28.03560151213272,25.63158865815537,26.833595085144044,26.41275914138771,24.308798056413515,27.133679580688476,26.833595085144044,24.35952693939209,26.802294675973606,26.014923380790442,0.7873712951831635,1.3176912255911926,42.23259998333237,33.58153088931842,0.724573180540136,0.6010032134943375,0.011147556168455752,0.011085880099204337,457012350.0,0.11890049913041012
2023-04-17,26.541505126599592,26.982115069024893,26.409621904454085,26.978118896484375,321471000,58.98013403259743,0.7430733592844163,0.98212132814318,27.97563674645463,25.819140551519002,26.897388648986816,26.46660292758739,24.413477305043745,27.056248283386232,26.897388648986816,24.465367012023925,26.829344556052188,26.086271196767772,0.7430733592844163,0.06670734619160057,53.5815952953816,41.44199282252584,0.7201485076831915,0.5391240487339073,0.009118902743761259,0.009077576592912213,430658550.0,-0.18750695041196985
2023-04-18,27.508651980444906,28.085141371824708,27.332807032476975,27.642532348632812,604812000,63.51709967629679,0.7529005696857354,0.9362771764516912,27.999338937331412,25.971982550095344,26.985660743713378,26.578596205782194,24.540106914596258,27.026475143432616,26.985660743713378,24.596662559509276,26.954450370295362,26.201549800609627,0.7529005696857354,1.0371531273267762,76.56087783734439,57.45835770535279,0.7506214440676116,0.5068390968090175,0.02462786433323272,0.02432948748133861,439261800.0,0.8813889899866552
2023-04-19,27.33680022607394,27.975234992237034,27.20791461166313,27.906295776367188,358660000,65.16433701645282,0.773060844780268,0.9036339101174067,28.09021568107677,26.05415268134999,27.07218418121338,26.705043783933146,24.672114320940217,27.07423324584961,27.07218418121338,24.73345302581787,27.10088812507564,26.327827280295374,0.773060844780268,0.5544159430201521,90.52892385710751,73.5571323299445,0.7577575783178399,0.5090157499316947,0.009541941541669985,0.009496704754335835,429824400.0,-0.40698927931324114
2023-04-20,27.646526498743864,28.005210147455717,26.976120423056454,27.080028533935547,427713000,56.5505471351777,0.7141330655318079,0.865733741200287,28.07824050536977,26.129671558228864,27.103956031799317,26.740756617266705,24.766542329292975,27.096513557434083,27.103956031799317,24.8320609664917,27.097678957207936,26.38354589167613,0.7141330655318079,-3.078837129050987,46.77252075739225,71.28744081728138,0.7945108493227858,0.48714223678522695,-0.029608632010966307,-0.030055816704067855,411345300.0,0.19253053030725487
2023-04-21,26.928160559616323,27.15895713906588,26.698364452495547,27.095012664794922,345103000,56.66242511168864,0.6610216242457945,0.8247913178093885,28.074195472323094,26.126522835172022,27.100359153747558,26.77449528845987,24.857854891469522,27.1047061920166,27.100359153747558,24.930329399108885,27.097268758375165,26.43624713412937,0.6610216242457945,-1.2166158364223445,47.566031181516244,61.62249193200534,0.7753849486350884,0.48691815928776755,0.0005533277352569588,0.0005531747059133078,400356000.0,-0.19314353316359334
2023-04-24,26.989109891102213,27.341796428628392,26.64741139924113,27.018083572387695,339282000,55.86707208692263,0.605740292513488,0.7809811127502084,28.07474214048933,26.15225313691545,27.11349763870239,26.797694172643475,24.942569741701607,27.05105381011963,27.11349763870239,25.02442195892334,27.085086422069402,26.479346129555914,0.605740292513488,0.5989380950294374,43.49211876601305,45.94355690164051,0.7775972923375798,0.4806222508934692,-0.0028392344140580894,-0.002843272685631431,394574100.0,-0.01686742798526819
2023-04-25,27.054046283348306,27.222897413291882,26.201802100966088,26.21778678894043,378527000,48.2754246980728,0.49168434569593344,0.7231217593393535,28.106337701504074,26.091682852084794,27.099010276794434,26.74246489800509,24.992578253358033,26.95833511352539,27.099010276794434,25.123925971984864,26.95165570928033,26.459971363584398,0.49168434569593344,-2.944126859990834,1.1110259940564848,30.723058647195263,0.8010764018539239,0.5036637123548195,-0.029620782736239804,-0.030068338251298614,395449150.0,0.11567073997441657
2023-04-26,26.978116353168147,27.305825338536614,26.6813781784844,26.93215560913086,406337000,54.25146370115863,0.4537077195071042,0.6692389513729037,28.08053990426828,26.17203253683279,27.126286220550536,26.76053068001707,25.068640110447163,27.00439395904541,27.126286220550536,25.22726848602295,26.94865569387272,26.494947974365616,0.4537077195071042,-2.258975326288976,38.94165566555351,27.848266808541013,0.8032891876268433,0.4771268418588726,0.027247487590820407,0.02688288301623049,397960800.0,0.07346899956938335
2023-04-27,27.338801338428016,27.470684568616697,26.601453148375764,27.201921463012695,377161000,56.304525938870555,0.44030327742372677,0.6234518165830684,28.089888678328375,26.18686245845141,27.138375568389893,26.802567897445225,25.152298202704635,27.080626678466796,27.138375568389893,25.312371215820313,26.987619658355793,26.547316380932067,0.44030327742372677,0.20979098614762565,53.22757048683372,31.093417382147905,0.8187755535812636,0.4757565549692408,0.010016496926461338,0.009966664310332225,397134150.0,-0.07180246937886536
2023-04-28,27.20092196442208,27.73344960649909,27.047056930698307,27.724458694458008,292216000,60.04487671229514,0.46646740220391436,0.5920549337072376,28.139541521513465,26.173777493989462,27.156659507751463,26.890367020970253,25.253167241596923,27.179639434814455,27.156659507751463,25.412060356140138,27.100979510063826,26.634512107859912,0.46646740220391436,4.7329707880226755,80.89942840345921,57.689551518615474,0.7998637704677017,0.49144100688100123,0.019209570623745176,0.019027396121093287,393519150.0,-0.22522211999650021
2023-05-01,27.815371105043905,29.032293995842597,27.755424718472614,28.884424209594727,570329000,66.83228470705063,0.5741833541399934,0.5884806177937888,28.440573422137124,25.985944827374592,27.213259124755858,27.08027722941068,25.39556947563605,27.370269966125488,27.213259124755858,25.550172653198242,27.375355617683965,26.80117226354397,0.5741833541399934,9.246851203314508,94.78503053053498,76.30400980694264,0.8458938451378076,0.6136571486906328,0.04183906809219651,0.04098748619426126,400338950.0,0.9517377556328195
2023-05-02,28.654634590232256,28.810496754933304,28.058162478439368,28.185049057006836,402730000,60.192917651054316,0.5962421834659217,0.5900329309282154,28.487724559290946,25.96327222110456,27.225498390197753,27.185493593943647,25.504960831768237,27.42452163696289,27.225498390197753,25.686564598083496,27.499923839118253,26.90368165565233,0.5962421834659217,5.426423122081428,70.11995079386352,81.93480324261924,0.8321198036946554,0.6311130845465964,-0.024212881915630313,-0.02451083307678951,400539650.0,-0.2938637172579336
2023-05-03,27.815373184826456,28.341907433104844,27.44769868321829,27.777406692504883,383387000,56.6597149542477,0.5742114801175191,0.5868686407660761,28.52643127951651,25.95943469490976,27.242932987213134,27.241866269997097,25.594076355718695,27.41163272857666,27.242932987213134,25.829448165893556,27.54261350887004,26.96840202875252,0.5742114801175191,2.9627261970613756,55.74350149153803,73.54949427197884,0.8561700616905858,0.6417491461516862,-0.014463070959268465,-0.014568680701042417,401279400.0,-0.04802969731581952
2023-05-04,27.626540615871196,27.834356814204146,27.21590486366876,27.537620544433594,321850000,54.62842779684829,0.5312789972477887,0.5757507120624187,28.553454617794202,26.000450869266345,27.276952743530273,27.270033343752953,25.670293774883987,27.457391929626464,27.276952743530273,25.96555805206299,27.541845360495202,27.010566363247413,0.5312789972477887,-0.37953036601730755,47.19386216528226,57.68577148356127,0.8530299394119629,0.6382509371319642,-0.008632416651623176,-0.008669891783410344,391621150.0,-0.16050883311119057
2023-05-05,27.801387848122303,28.72956508673925,27.7064725625765,28.654632568359375,361494000,61.54469330411779,0.5806943473667445,0.5767394391232838,28.76828991560755,25.949770196391963,27.359030055999757,27.40189993657261,25.78732666874577,27.61335391998291,27.359030055999757,26.065869636535645,27.713043392474304,27.13234904510756,0.5806943473667445,2.681605606093828,86.65739237173477,63.19825200951835,0.8972764663930235,0.7046299298038973,0.04056312788984129,0.03976203573661819,389813150.0,0.12317539226347685
2023-05-08,28.496770293145723,29.194152833187378,28.324923456766907,29.125213623046875,344979000,64.03219313569512,0.6503317075504924,0.5914578928087255,29.05271081670714,25.822409918461318,27.43756036758423,27.56602504957016,25.918224196365422,27.82406692504883,27.43756036758423,26.183144798278807,27.93030035102393,27.27996864347344,0.6503317075504924,7.552374202812928,97.69615207875958,77.18246887192554,0.8802912450416047,0.807575224561455,0.016422512260970912,0.016289121235676735,387298150.0,-0.045685405566897375
2023-05-09,28.873437666396427,28.94737161540953,28.42483542221699,28.545726776123047,314869000,58.9732942797465,0.6512528343495276,0.603416881116886,29.18943270198843,25.825763335304053,27.50759801864624,27.65932997590853,26.021263513218663,28.05686092376709,27.50759801864624,26.28453483581543,28.024981339500716,27.37372850515119,0.6512528343495276,5.354173955464011,78.33054627981429,87.56136357676955,0.8755096607741749,0.8409173416710936,-0.019896398166339258,-0.020096996748281883,387322700.0,-0.08728067505558312
2023-05-10,28.97934600141485,29.087252189450044,28.435828416964906,28.859453201293945,369350000,60.77988065999985,0.6695794395834973,0.6166493928102083,29.33793235370122,25.91605228832759,27.626992321014406,27.773627425945236,26.132565069613772,28.2495906829834,27.626992321014406,26.397893333435057,28.153361625930444,27.483782186346946,0.6695794395834973,6.815322870598112,88.81482614021728,88.28050816626371,0.8485335213517374,0.8554700163434064,0.010990311356630533,0.010930356764551969,383477250.0,0.17302751302922803
2023-05-11,28.870442464415532,28.92439555714759,28.221017746526314,28.552722930908203,322149000,58.08673838802984,0.6518388444558774,0.6236872831393421,29.395148293902757,26.070149214336986,27.73264875411987,27.84782699784647,26.227473221037084,28.38467082977295,27.73264875411987,26.515466346740723,28.214801826696252,27.562962982240375,0.6518388444558774,8.905923908698236,78.56434757555887,81.90323999853014,0.8658753159268048,0.8312497698914432,-0.010628415869362029,-0.010685300905555369,381903950.0,-0.1277947746040341
2023-05-12,28.503765785473174,28.75454513594309,28.02119319112188,28.31493377685547,274222000,56.01459068722151,0.6115422195231304,0.6212582704160998,29.4238725507482,26.19948522207895,27.811678886413574,27.89231335775209,26.30933441930447,28.443718338012694,27.811678886413574,26.6159765625,28.230206742105363,27.618664522582232,0.6115422195231304,5.134301865001119,70.61778063431606,79.33231811669741,0.8686586670292294,0.8060968321673125,-0.00832807275958014,-0.008362944904331586,375832050.0,-0.14877277284734702
2023-05-15,28.48278682439075,28.943379556146176,28.127102678492278,28.927392959594727,293926000,59.97503963696349,0.6218587904123076,0.6213783744153414,29.544673221080117,26.27361195805807,27.909142589569093,27.99089236745139,26.412003381668796,28.448015213012695,27.909142589569093,26.717228050231935,28.33746616018065,27.715607369768342,0.6218587904123076,6.343197111748921,89.71111559293324,79.63108126760272,0.8540287788383798,0.8177653157555116,0.021630253051832415,0.021399638700066174,374454800.0,0.0718541911298145
2023-05-16,28.81548790146732,29.8435789202714,28.806496990692356,29.187158584594727,449405000,61.55611392585415,0.6435769081697842,0.62581808116623,29.712276409678637,26.260471393055738,27.986373901367188,28.1048224833698,26.520832997469814,28.548226165771485,27.986373901367188,26.830387802124022,28.468188071628973,27.82461116345919,0.6435769081697842,5.275846523305091,79.75339694200473,80.02743105641801,0.8503890202657269,0.8629512541557252,0.00897991828585587,0.008939838582586027,366684450.0,0.528973278988589
2023-05-17,29.557833570142268,30.17228939441913,29.403970448812785,30.151308059692383,432535000,66.79847333348054,0.7301705265554261,0.6466885702440692,30.07626456953166,26.120984461535237,28.098624515533448,28.299725871590997,26.663204568537367,28.785616302490233,28.098624515533448,26.968065948486327,28.72712960825411,27.996959081698684,0.7301705265554261,4.3860450217208315,99.32864722959621,89.59771992151138,0.8586675480931178,0.9888200269991053,0.03303334486305709,0.032499469251624113,370378200.0,-0.03753852315839834
2023-05-18,30.383104263115214,31.799849406424173,30.29318370956392,31.649982452392578,748725000,72.96884951397897,0.9092458711293183,0.6992000304211191,30.80259844851794,25.851645974394657,28.3271222114563,28.618797926905433,26.858764485551298,29.196852493286134,28.3271222114563,27.11787338256836,29.176799276583104,28.267553405453786,0.9092458711293183,12.29351557408184,96.73061153699061,91.93755190286385,0.9273924531596184,1.2377381185308203,0.0497051202466301,0.04850928686674304,386428800.0,0.7310159871455488
2023-05-19,31.508107900453748,31.55206961057156,30.888657314495276,31.23634910583496,473908000,69.14911520219468,1.0061888983933933,0.7605978040155741,31.25625833783227,25.81211972918433,28.5341890335083,28.868088515374914,27.03043447066046,29.45502414703369,28.5341890335083,27.274294929504393,29.493653096468005,28.487464198074612,1.0061888983933933,12.452359039922172,87.70708730584923,94.58878202414535,0.8883560129105265,1.361034652161985,-0.013068991339246327,-0.013155142031540348,392869050.0,-0.36704664596480685
2023-05-22,30.87366587276824,31.492119729294387,30.652862591168056,31.14842414855957,372000000,68.33029181579425,1.0636609157732657,0.8212104263671125,31.6016427866157,25.879769338018093,28.740706062316896,29.08526333758298,27.19192426195062,29.65734519958496,28.740706062316896,27.43836967468262,29.748233258328245,28.68457234255498,1.0636609157732657,13.112257096795018,85.78898039039036,90.07555974441006,0.8892842562655959,1.4304683621494017,-0.0028148282303249728,-0.002818797309241419,394504950.0,-0.21503751783046499
2023-05-23,30.972582484687077,31.260327873842513,30.603909359902882,30.660858154296875,356253000,63.81746095075026,1.0576732043117758,0.8685029819560453,31.68560488629442,26.240114374875013,28.962859630584717,29.235319986793826,27.327960885179888,29.868858337402344,28.962859630584717,27.592673110961915,29.888637088477267,28.83096388416549,1.0576732043117758,7.001400493101373,75.15259529203097,82.88288766275686,0.8722992394122444,1.3613726278548512,-0.01565299072393822,-0.015776792393565636,393391250.0,-0.04233064516129037
2023-05-24,30.183275454027516,30.579925534957418,29.779633501418378,30.510986328125,721419000,62.45207961756899,1.0289731342206956,0.9005970124089753,31.771426282449887,26.51217605061896,29.141801166534425,29.356812019301557,27.452785412354206,30.03401165008545,29.141801166534425,27.722058486938476,29.98438312534615,28.955409991125453,1.0289731342206956,4.757982973149967,68.51345166921712,76.48500911721281,0.8910687181510382,1.3148125579577317,-0.00488805060242159,-0.0049000361951746,409145350.0,1.0250187366843226
2023-05-25,38.4889301875961,39.445084576342175,36.60259939215732,37.9464111328125,1543911000,82.47963754063335,1.5879004354153388,1.038057697010248,34.28638200286142,25.071669297187405,29.679025650024414,30.174869077731174,27.86430014648983,30.973380470275877,29.679025650024414,27.996855278015136,31.209310511110203,29.621410075694865,1.5879004354153388,32.93201966941201,86.88123518516124,76.84909404880311,1.444079697144718,2.3036781764185035,0.24369663847391032,0.21808810483070412,467482850.0,1.1401030469117117
2023-05-26,37.8564903887327,39.13535716800428,37.516790924073234,38.911556243896484,714397000,83.6953349784955,2.084702341960117,1.247386626000222,36.325354735176745,24.151406319815933,30.23838052749634,31.00693452212787,28.297525875799895,32.03304271697998,30.23838052749634,28.26471813201904,32.394271393077325,30.309569051117208,2.084702341960117,34.83123180640111,95.32971459150998,83.57480048196278,1.4976037591097595,3.043487103840204,0.02543442402776841,0.025116351120292663,488591900.0,-0.5372809702113659
2023-05-30,40.559096455146374,41.90090712766281,39.91366790954096,40.075523376464844,923401000,85.04322130586455,2.5430293922276057,1.5065151792456988,38.26248479667087,23.33338617500882,30.797935485839844,31.870609651112343,28.759408130727934,33.14785575866699,30.797935485839844,28.55218364715576,33.57600246744464,31.032973075217033,2.5430293922276057,40.35622267424189,86.84854918809022,89.6864996549205,1.6611018078909339,3.7322746554155124,0.029913147787578698,0.02947447614986811,506245500.0,0.2925600191490165
2023-05-31,39.45307752910507,40.25936306137478,37.7885504996595,37.800540924072266,1002580000,72.43850974893888,2.691657063417505,1.74354355608006,39.25570372482951,23.30171643355672,31.278710079193115,32.435365010441856,29.113962357917906,34.00919399261475,31.278710079193115,28.790652656555174,34.22593146077196,31.534274397354455,2.691657063417505,33.500368469765945,70.45784788982164,84.21203722314061,1.791058149978801,3.988496822818197,-0.056767379705104704,-0.05844234565080514,536238000.0,0.08574714560629682
2023-06-01,38.45495609590561,40.01457626339759,38.306089619716126,39.734825134277344,635873000,75.73198485902104,2.931730964298694,1.981181037723787,40.5137320281155,23.239429974447983,31.87658100128174,33.13055168890238,29.530466780520236,34.967545700073245,31.87658100128174,29.061832618713378,35.073453564388174,32.14172260008948,2.931730964298694,37.36054676540761,84.39390031171425,80.56676579654204,1.8989622591719475,4.318575513416878,0.05117080769003701,0.04990459790030903,548862300.0,-0.3657633306070338
2023-06-02,40.061540581838685,40.46418406925683,39.02345795167412,39.29222106933594,482731000,73.56574219334757,3.051105565628525,2.1951659433047346,41.45094909610789,23.477672958945817,32.464311027526854,33.71737734418176,29.913280674199285,35.73176956176758,32.464311027526854,29.31878520965576,35.72249471899552,32.671389153366995,3.051105565628525,34.62160407102719,81.06052639302592,78.63742486485394,1.9494889857977693,4.493319034290518,-0.011138945835188596,-0.011201448468059023,556906350.0,-0.24083739992105346
2023-06-05,38.87459083409057,39.53000892549244,38.672769810202105,39.13636016845703,396094000,72.77629303942243,3.0974288929179252,2.3756185332273727,42.25767503835455,23.719119776708922,32.988397407531735,34.233470946493696,30.27497006613096,36.52177066802979,32.988397407531735,29.5581734085083,36.247704788143444,33.15027589522552,3.0974288929179252,29.799874987103024,78.88757927781396,81.44733532751805,1.9524148599146576,4.634638815411407,-0.00396671139063054,-0.003974599657487679,558636350.0,-0.17947262554093268
2023-06-06,38.79565884971586,39.125365001144544,38.11425902229296,38.61981201171875,388729000,70.09172980425684,3.0572176423317217,2.5119383550482426,42.870838985638365,24.055415668292305,33.463127326965335,34.65121771461037,30.602218769879503,37.2689094543457,33.463127326965335,29.795463371276856,36.61264436100119,33.555426718669466,3.0572176423317217,22.021590595856043,73.74480482487337,77.89763683190442,1.951344803956445,4.703855829336516,-0.01319867648690043,-0.013286553110668686,560823850.0,-0.018594071104333865
2023-06-07,38.88460205575025,39.46814549212033,37.32681796379226,37.44572448730469,511998000,64.2870098220316,2.8972136105250925,2.588993406143613,43.17741648978888,24.638837935259946,33.90812721252441,34.91736121677173,30.870591543111864,37.94739608764648,33.90812721252441,30.014227180480958,36.74081053427865,33.84359692375356,2.8972136105250925,19.878684799017734,63.24492971834277,71.95910460701003,2.0339302838495636,4.634644638632233,-0.030401171400259552,-0.03087287179514723,570680300.0,0.31710780518047277
2023-06-08,37.694534053593046,38.833643027365426,37.47570715034152,38.47991943359375,417772000,66.8882655408467,2.8213375287791393,2.6354622306707185,43.553190014006574,25.22511103427223,34.3891505241394,35.25665247551669,31.16899655842488,38.74428939819336,34.3891505241394,30.256092834472657,37.008365749557896,34.18702822077876,2.8213375287791393,23.537291164610068,71.77699473212044,69.58890975844552,2.015314369087346,4.582019744933587,0.027618505462210674,0.027243994520996597,573101400.0,-0.1840358751401373
2023-06-09,39.0065091445359,39.679982507586125,38.53687882707075,38.73971939086914,427717000,67.52812637705792,2.750463244472755,2.6584624334311258,43.826021503481726,25.970979190793173,34.89850034713745,35.58837313412168,31.465887649893283,38.82362022399902,34.89850034713745,30.49168453216553,37.27472784822117,34.52426460374841,2.750463244472755,26.34910345925878,73.92033350398748,69.64741931815023,2.046652793094137,4.463760578172139,0.006751572277164941,0.006728882483657638,578379800.0,0.02380485049261316
2023-06-12,39.16938300880245,39.499123275212575,38.58783685686491,39.4511604309082,388701000,69.2788805030982,2.7203437799683243,2.6708387027385654,44.036326211125626,26.874297148554547,35.45531167984009,35.95625763857754,31.779035602089948,38.877580642700195,35.45531167984009,30.73353214263916,37.60956363017302,34.8892198502047,2.7203437799683243,29.301491622190394,79.7896923022138,75.16234017944056,2.051797741681375,4.290507265642769,0.018364641025426343,0.018198047534015466,584103750.0,-0.09121919399977085
2023-06-13,40.15460665235431,41.068892749407915,39.708955931009875,40.989952087402344,613208000,72.70657032384092,2.788497450974724,2.6943704523857974,44.39988788006154,27.716991392399397,36.05843963623047,36.435657109894194,32.14024801327867,38.96902351379394,36.05843963623047,30.99828254699707,38.12962339282369,35.341125941848965,2.788497450974724,8.020629260399478,92.48465905193238,82.06489495271121,2.1204630134356663,4.170724121915535,0.03900497829941063,0.03826350353911544,600067850.0,0.5775827692750983
2023-06-14,40.79212127354991,42.96642069321254,40.520330510838555,42.96342468261719,740465000,76.35088107902217,2.967544466327645,2.749005255174167,44.974024311948185,28.520481570315003,36.74725294113159,37.05734925967734,32.56468631403705,39.485311889648436,36.74725294113159,31.298745765686036,38.87328512971499,35.90574066338735,2.967544466327645,10.413020783141418,99.95292120168654,90.74242418527757,2.232239122685344,4.113385685408295,0.048145276945111615,0.04702219933079341,614620850.0,0.20752664674955312
2023-06-15,42.5687310811785,43.255194841743766,42.11408458461737,42.61968994140625,568622000,74.48533878365711,3.0465848612075206,2.8085211763808378,45.379678731593096,29.36166533884147,37.37067203521728,37.58709599127057,32.959000181777014,39.77379837036133,37.37067203521728,31.602565269470215,39.449655100744415,36.403070239536895,3.0465848612075206,6.348430040555675,89.2802884597123,93.90595623777706,1.6755971233217168,4.004503348187907,-0.008000636442513698,-0.008032813272584684,621425200.0,-0.23207443971018216
2023-06-16,43.416060581927226,43.6868488037051,42.62767543128522,42.658653259277344,655709000,74.56121481393377,3.0769003656164315,2.8621970142279567,45.786577204256425,30.055633946866628,37.921105575561526,38.070101445366454,33.33937873383585,40.11044158935547,37.921105575561526,31.918593826293947,39.943347125134096,36.866446759517665,3.0769003656164315,12.851965121248618,83.83348178164111,91.02223048101331,1.6362108817765595,3.9327358143474496,0.000914209322607995,0.0009137916877829414,616774400.0,0.1531544681704191
2023-06-20,42.96441594228362,43.95564168389906,42.64066770306491,43.773780822753906,451153000,76.69710074532702,3.1545434825033993,2.9206663078830455,46.16472170028951,30.93123262252544,38.54797716140747,38.61330900511764,33.74857097261695,40.57418365478516,38.54797716140747,32.25380771636963,40.532644617075604,37.378101134572205,3.1545434825033993,10.164775294285484,97.2565138428176,90.12342802805699,1.516612531567118,3.808372269441018,0.026140711866801558,0.02580488341392281,615636650.0,-0.31196155611711907
2023-06-21,43.46702437838124,43.58093756834967,42.04713658375585,43.01137924194336,551603000,72.23176774766897,3.1186074111393225,2.960254528534301,46.1554317344452,32.126818097708124,39.14112491607666,39.032172837196285,34.11181835572779,41.013340377807616,39.14112491607666,32.56294315338135,40.9139884055168,37.795380994377474,3.1186074111393225,9.465380351099297,85.75520361038524,88.94839974494799,1.4634576513730306,3.5071534091842707,-0.01741685471258736,-0.01757031257258914,624616800.0,0.22265173898876878
2023-06-22,42.21999014630877,43.39207412960286,42.20100779460612,42.991390228271484,417737000,72.11322306702282,3.0533181186820855,2.9788672465638584,45.72263518741939,33.792667852131395,39.75765151977539,39.40924116015583,34.46003686053343,41.5679069519043,39.75765151977539,32.87987148284912,41.233588685940596,38.18027056725851,3.0533181186820855,9.850251896755372,85.45365669171785,89.4884580483069,1.3903884367781316,2.982491833822,-0.0004647377978612699,-0.00046484582194152897,627691000.0,-0.24268540961524865
2023-06-23,42.430834923932906,42.77556287564385,41.98218429643555,42.17603302001953,358140000,67.2639417970475,2.9023271507860073,2.9635592274082883,44.50981080275851,36.17199690598173,40.34090385437012,39.67274514680951,34.76262494521916,41.93751831054688,40.34090385437012,33.1939608001709,41.378580121952744,38.47625297116674,2.9023271507860073,9.208281509039159,73.15347731330445,81.45411253846918,1.3595655663676476,2.084453474194196,-0.018965592969258482,-0.019147746605999855,609527050.0,-0.1426663187603684
2023-06-26,42.42782760853359,42.7305923048299,40.06867198268561,40.600257873535156,594322000,59.00570241185835,2.6252515699423355,2.8958976959150977,44.48766365007491,36.459528732737596,40.47359619140625,39.76107969221196,34.99155172672175,42.123572158813474,40.47359619140625,33.477174072265626,41.25883823758081,38.633586667638475,2.6252515699423355,8.424281889111153,49.38191220583789,69.32968207028674,1.4884713668572158,2.007033729334328,-0.03736186249988016,-0.03807770363748914,562047600.0,0.6594683643267996
2023-06-27,40.76713004512084,41.907237605323324,40.416406298926006,41.84328842163086,462175000,62.87751585000759,2.4774112973921874,2.8122004162105156,44.608107699360176,36.632257901225756,40.620182800292966,39.95938528548995,35.26024728338486,42.362784957885744,40.620182800292966,33.77935321807861,41.34875365051158,38.871342353119395,2.4774112973921874,8.740582198570873,68.13381451280821,63.55640134398352,1.5219520925881622,1.9939624495336055,0.03061632150139526,0.0301569936790698,549436500.0,-0.2223491642577593
2023-06-28,40.628240868259915,41.812316652912195,40.486353490200045,41.08488464355469,582639000,59.20349442896539,2.2728499699648665,2.704330326961386,44.65509937358528,36.68620235370964,40.67065086364746,40.06657570054374,35.48866443476407,42.37227821350098,40.67065086364746,34.06148853302002,41.308158418672065,39.0353084487072,2.2728499699648665,6.053645430478509,55.697746242996345,57.73782432054748,1.465924049952644,1.9922242549689102,-0.018124860800474596,-0.018291128203171334,532398400.0,0.26064585925244765
2023-06-29,41.52553281178783,41.56749981768069,40.568281035412234,40.79010772705078,380514000,57.79005537622032,2.063164731832437,2.576097207935596,44.56853393263587,37.071724474956895,40.820129203796384,40.13548351259203,35.696564171716496,42.15494651794434,40.820129203796384,34.32444004058838,41.22845831226879,39.165293580436355,2.063164731832437,3.3939364052104617,41.58198023264082,55.13784699614846,1.4381597815389096,1.8742023644197456,-0.00717482643705436,-0.007200689286140279,501295100.0,-0.34691292549932295
2023-06-30,41.64744701058792,42.516766447959405,41.46858596097829,42.268959045410156,501148000,62.61254570076514,1.9933406221467251,2.4595458907778225,44.712055870722374,37.18161592798368,40.946835899353026,40.33867165857471,35.954305147155466,42.119873428344725,40.946835899353026,34.61169330596924,41.3885353481367,39.395194725989974,1.9933406221467251,3.1202938595307517,68.57779496761547,55.285840481084215,1.4757737563186417,1.8826099856846743,0.03625514618042169,0.035613393612258744,494558850.0,0.3170290712036876
2023-07-03,42.483786406248804,42.86448930889797,42.169033838728204,42.37986755371094,198209000,62.9543822209582,1.9247663930306658,2.352589991228391,44.833843608411144,37.36859283873241,41.10121822357178,40.53307126763531,36.20628798662823,42.09199485778809,41.10121822357178,34.91769008636474,41.54104799514812,39.61628160211745,1.9247663930306658,-1.358264927009775,62.89402555590409,57.684600252053464,1.4603572600202206,1.866312692419683,0.0026238760264152283,0.002620439673444499,480332750.0,-0.6044900907516342
2023-07-05,42.102086134617814,43.143272032107916,42.0521259526018,42.2839469909668,323618000,62.42280376386099,1.8414537026150626,2.2503627335057255,44.906874830016434,37.6103202993781,41.25859756469727,40.699821336524025,36.444627555425825,41.94301147460938,41.25859756469727,35.22146877288819,41.65534014835099,39.813886445735925,1.8414537026150626,-0.7877648826188884,56.99234052659619,62.821387016705245,1.4227439572349638,1.8241386326595823,-0.002263352112239936,-0.0022659173650764917,476708950.0,0.6327109263454234
2023-07-06,41.81131756799603,42.14605498586675,41.31370545626282,42.07011413574219,303582000,61.18253369206202,1.7381371082531274,2.147917608455206,44.874559352569605,37.98766598922727,41.431112670898436,40.830325412640036,36.66523487230098,41.848884963989256,41.431112670898436,35.52250938415527,41.719151531026554,39.98101442277343,1.7381371082531274,-1.379647688261611,51.49106648378968,57.12581085542999,1.3173261966871064,1.7217233408355856,-0.005057069418573645,-0.0050698996680454975,472451600.0,-0.0619125017767862
2023-07-07,42.288940665727566,43.18024602401447,42.14705329030634,42.46979904174805,355881000,62.67531814490812,1.6692669244514775,2.0521874716544604,44.593484662278534,38.77114813496268,41.68231639862061,40.986465758269375,36.89286483973027,41.796725845336915,41.68231639862061,35.84754962921143,41.83463576344525,40.16536883899377,1.6692669244514775,-2.9789105635765436,61.77375291381469,56.752386641400186,1.31511345605467,1.4555841318289628,0.009500447389238165,0.009455601949694241,464645750.0,0.17227305966756923
2023-07-10,42.6236813610569,42.7775603980854,41.61646549525351,42.14705276489258,353908000,60.64712950673323,1.570539676601861,1.9558579126439406,44.35962441561047,39.371721714760625,41.86567306518555,41.09699785413825,37.09891142503076,41.793827819824216,41.86567306518555,36.15184757232666,41.88269991751407,40.312160240912206,1.570539676601861,-2.009529785568738,53.47046522019793,55.578428205934095,1.3218231732356018,1.2469756752124612,-0.007599430280755715,-0.007628453082386363,461452550.0,-0.005543988018466894
2023-07-11,42.447812790415895,42.72459682462769,42.03413855568288,42.37187194824219,298244000,61.57979998032243,1.4932256745184915,1.8633314650188508,44.06661058097008,40.02795080513832,42.0472806930542,41.2184144345291,37.305694190646896,41.97098922729492,42.0472806930542,36.45524658203125,41.957957153010696,40.464731478492205,1.4932256745184915,-1.4410287193315667,65.57590561936722,60.27337458445995,1.2772149081006492,1.0096649439579393,0.005334161432442475,0.0053199851832711215,454978900.0,-0.15728381387253187
2023-07-12,42.99938563817074,43.90068146612332,42.74358509464824,43.867706298828125,481277000,67.15714525458793,1.5349610264997153,1.7976573773150237,44.0432496580421,40.49296631485829,42.2681079864502,41.47072794541472,37.56302799881087,42.17343101501465,42.2681079864502,36.77811153411865,42.251764713905686,40.71680368740597,1.5349610264997153,4.010982441154705,99.13948106241091,72.72861730065868,1.2630838565922973,0.88757083579595,0.03530253165149566,0.034693685118241294,459607700.0,0.6137022035648663
2023-07-13,44.48322589317595,46.118944360019775,44.45724522752528,45.94108581542969,478204000,73.00649039998187,1.7155650269375542,1.78123890723953,44.8371548998992,40.19417444580393,42.515664672851564,41.89647631398758,37.891579285737095,42.65905113220215,42.515664672851564,37.119244766235354,42.819352575678614,41.10378754874106,1.7155650269375542,13.15466507264697,97.06032169301353,87.25856945826388,1.338810408463362,1.1607451135238156,0.047264370342904094,0.04618140273024016,452857500.0,-0.006385096316674166
2023-07-14,46.54661523204283,48.05044077711324,45.024806002911156,45.43348693847656,772075000,69.7321348070143,1.797021070977344,1.7843953399870929,45.29910021544954,39.97923535583952,42.63916778564453,42.23333446870081,38.18734037015825,43.123389053344724,42.63916778564453,37.46421352386474,43.221527093032144,41.4245060220548,1.797021070977344,8.580106039155739,67.21335951921249,87.80438742487898,1.482841040060944,1.3299662149025036,-0.011048909009082286,-0.011110401574258685,454438000.0,0.6145306187317547
2023-07-17,46.252842790646994,46.45967801263674,45.22664460524396,46.424705505371094,510488000,72.34090484552229,1.9194326028864026,1.811402792566955,45.98214175738817,39.676695370297374,42.82941856384277,42.63251266266941,38.510374297029344,43.53896369934082,42.82941856384277,37.83715950012207,43.714323771853515,41.79489116896711,1.9194326028864026,12.99704479675132,78.70411410392019,80.9925984387154,1.380777689007265,1.5763615967727,0.021816915972942663,0.02158233284989195,451531300.0,-0.33881034873555027
2023-07-18,46.66451794958182,47.85858412490547,45.69827430374762,47.4568977355957,569164000,74.77870054284801,2.0758053188685466,1.8642832978272734,46.83752585984836,39.30113571546902,43.06933078765869,43.09197790771002,38.86121835344371,44.0466667175293,43.06933078765869,38.235545043945315,44.29010438166,42.214299062791454,2.0758053188685466,16.344134350308927,92.15314394184163,79.3568725216581,1.4285975829187316,1.8840975360948362,0.022233683961768724,0.021990119227210326,447204050.0,0.11494099763363685
2023-07-19,47.42693241076301,47.78065603639918,46.70549615415564,47.04023361206055,427502000,72.01927739779978,2.141425490266357,1.9197117363150904,47.392232876577836,39.073073977670205,43.23265342712402,43.4680022605053,39.181964049860056,44.52229537963867,43.23265342712402,38.60325706481934,44.713201186337,42.571775696070645,2.141425490266357,11.287892284086157,86.49845499258174,85.78523767944785,1.4084707936910692,2.0797897247269064,-0.008779843256012776,-0.008818613175841091,446021500.0,-0.24889487037128144
2023-07-20,46.470672206647684,47.05022098399054,45.02680123666584,45.48444366455078,537865000,62.71353162518143,2.044324996371941,1.9446343883264607,47.6335604477196,39.07905284878919,43.356306648254396,43.660044298985824,39.42912011318126,44.86372833251953,43.356306648254396,38.93044166564941,44.83185387529297,42.78752887892103,2.044324996371941,7.3255918199961325,61.910376608969486,80.18732518113096,1.4816280054808009,2.138626899732602,-0.03307360163940343,-0.03363289980658872,445334600.0,0.2581578565714313
2023-07-21,45.7522321711593,45.83017417101583,44.06555098011311,44.27438735961914,963769000,56.58898901527009,1.848423251800611,1.925392161021291,47.71312294216747,39.127790067476084,43.42045650482178,43.71855316190328,39.61913059343373,45.04418716430664,43.42045650482178,39.245014877319335,44.74608979595854,42.89766654415793,1.848423251800611,4.707319231758486,43.94831861944931,64.11905007366686,1.484339753337522,2.146333218672847,-0.026603739816097205,-0.02696402360382425,472636200.0,0.7918418190438121
2023-07-24,44.69606643044392,45.073773397339444,44.00560798628227,44.5771598815918,382516000,57.70207078853943,1.6980271203217328,1.8799191528813792,47.82092802225533,39.260097673545445,43.54051284790039,43.80032523044505,39.81356311453797,45.28719787597656,43.54051284790039,39.559369010925295,44.720100578363656,43.02207345804192,1.6980271203217328,5.959208329600556,48.442669481588204,51.433788236668995,1.5109618919723364,2.14020758717747,0.006838547973874398,0.006815271164143123,473855000.0,-0.6031040633180773
2023-07-25,44.90589946333249,46.14692613209552,44.88791196755602,45.6433219909668,348081000,61.45040620385758,1.6458946258047007,1.8331142474660438,47.93574815088623,39.649583956657715,43.792666053771974,43.97584873144712,40.04218110969204,45.614342880249026,43.792666053771974,39.90118099212646,44.86213464184106,43.21624001603636,1.6458946258047007,7.472422805907699,64.268764149063,52.21991741670016,1.5451490470435942,2.0715410485571297,0.023917228289262793,0.023635691601487378,461542950.0,-0.09002237814888792
2023-07-26,45.98505592696078,46.01703242805517,44.5951435044959,45.416500091552734,364237000,60.22758982670786,1.5681993902520048,1.7801312760232362,48.06837912717363,39.8742741473625,43.971326637268064,44.11305362288575,40.252938716823834,45.769222259521484,43.971326637268064,40.24321231842041,44.947421634104394,43.37922224385239,1.5681993902520048,7.757238317227065,59.06200179247243,57.257811807707874,1.5774095748189718,2.0485262449527815,-0.00496944327275195,-0.004981832016453978,456646050.0,0.04641448398504955
2023-07-27,46.4826670082,47.357982253239214,45.71426663486367,45.86415100097656,455976000,61.84145577332327,1.5251658806390935,1.7291381969464077,48.15308893667937,40.26749097359895,44.21028995513916,44.27982480175154,40.47298625737884,45.76152877807617,44.21028995513916,40.58194747924804,45.0884569213155,43.563291040676404,1.5251658806390935,8.241974904956384,66.0196118206918,63.116792587409066,1.6367917372057,1.9713994907701053,0.009856569936508297,0.009808310804945262,450312900.0,0.25186622995467234
2023-07-28,46.63154522435899,46.99026595538216,46.34477066056632,46.71348190307617,331194000,64.76296364460849,1.5418222526980117,1.6916750080967287,48.25249961871105,40.76041770916981,44.50645866394043,44.511601668544365,40.71771157681795,45.88952827453613,44.50645866394043,40.93247394561767,45.33846076466329,43.79663851196528,1.5418222526980117,6.48717665989313,77.77773082484529,67.6197814793365,1.6342931694609644,1.87302047738531,0.018518404539561217,0.01834902676157765,447846900.0,-0.27365913995473445
2023-07-31,46.717483065836525,47.09318883138378,46.469675675562414,46.692501068115234,251055000,64.63132335273708,1.5356278080441825,1.6604655680862197,48.43963335791703,41.01563817223433,44.72763576507568,44.719306373265404,40.952017047064906,45.916307830810545,44.72763576507568,41.26329780578613,45.54677465750205,44.011146849457866,1.5356278080441825,1.6356062103198656,74.41159529766504,72.73631264773404,1.6295113756664326,1.8559987964206737,-0.00044913875194463326,-0.00044923964496499026,435342250.0,-0.24196996322397146
2023-08-01,46.42370843555568,46.86336718401233,45.991048000510794,46.470672607421875,237858000,63.16932284025111,1.4955788610031746,1.627488226669611,48.54907572750373,41.31527630801873,44.93217601776123,44.886103157470785,41.16843491217695,45.81768531799317,44.93217601776123,41.559711608886715,45.68891280364356,44.193333942640386,1.4955788610031746,2.2828660946711183,60.94354819135016,71.0442914379535,1.5826192089250333,1.80844985487125,-0.004750836978506534,-0.0047621580751929845,437324700.0,-0.0525661707593954
2023-08-02,45.79520486142881,45.80419670368741,43.353113509905164,44.23442459106445,530142000,50.71481182644454,1.2687676919481916,1.5557441197253272,48.44554066213592,41.61385913339631,45.029699897766115,44.824038532098754,41.28866980154508,45.53710441589355,45.029699897766115,41.81967311859131,45.4651453863237,44.19637769437551,1.2687676919481916,-4.717920965709166,18.761968903288903,51.37237079743469,1.6444992829482519,1.7079203821849023,-0.048121705387157876,-0.04931809415646338,447650900.0,1.228817193451555
2023-08-03,43.76579051634056,45.08276192345427,43.76579051634056,44.48023223876953,324176000,51.83884077715374,1.096216329776766,1.463838561735615,48.28490739931769,42.01550420651728,45.15020580291748,44.79129507559121,41.413829112808784,45.43668327331543,45.15020580291748,42.08630928039551,45.31362028669998,44.217403956923214,1.096216329776766,-6.272355840473496,25.016670292150845,34.907395795596635,1.5224518995847969,1.567350798200102,0.005556931054885528,0.005541548274565956,448680600.0,-0.38851100271248085
2023-08-04,44.94986170170467,45.60634618505477,44.35832507301121,44.64509963989258,362666000,52.61936438834871,0.961685837797269,1.3634080169479459,48.14301540375339,42.37492626189603,45.25897083282471,44.77737170076277,41.54054560406697,45.473754501342775,45.25897083282471,42.36599411010742,45.21077095642192,44.24908511862465,0.961685837797269,-5.091671082929923,28.675941769233503,24.151526988224415,1.5235224499169955,1.442022285464339,0.0037065319317137746,0.0036996796691005254,449019850.0,0.11873180000987116
2023-08-07,45.07576619174701,45.504431975857,44.528193870776704,45.381526947021484,322154000,56.045995379138915,0.9040714103159502,1.271540695621547,47.90504691720882,42.93634216665349,45.420694541931155,44.834910295644555,41.69117232339852,45.554191207885744,45.420694541931155,42.66340492248535,45.23704110882185,44.3329696985059,0.9040714103159502,-0.2262679484183888,45.81352804582853,33.16871336907095,1.4389458987685988,1.2421761876388338,0.016495143096754816,0.0163605760096794,447432150.0,-0.11170608769501411
2023-08-08,44.81797527575866,45.20667144764671,44.021596762643576,44.62912368774414,353843000,51.91491125097536,0.788608320690912,1.17495422063542,47.60560355595357,43.461510701858934,45.53355712890625,44.81531157108262,41.806386102392466,45.45277137756348,45.53355712890625,42.79705917358398,45.14351535173297,44.35490703104206,0.788608320690912,0.8012224432235522,31.861473112267323,35.45031430910978,1.4592866346353393,1.0360232135236607,-0.016579505139959316,-0.016718483403851812,450212100.0,0.09836599887010555
2023-08-09,44.239421341662016,44.27739367717081,42.10109323963413,42.52076721191406,586449000,42.468543002659835,0.5209708156969199,1.04415753964772,47.832849796734294,43.099570552386794,45.466210174560544,44.59678353687609,41.8344010478639,45.16319808959961,45.466210174560544,42.869243392944334,44.74001563791468,44.21904482221776,0.5209708156969199,-4.613108316321706,7.983314298509903,28.552771818868578,1.4953302561200041,1.1833198110868746,-0.04724171799969856,-0.04839404653406613,455470700.0,0.6573706417818073
2023-08-10,42.1270815555595,43.539978975975636,41.80233455139627,42.35490417480469,492705000,41.8238002016918,0.29211508300404887,0.8937490483189858,48.017482404949234,42.55631978010936,45.2869010925293,44.383271216678814,41.854812935194914,44.81227340698242,45.2869010925293,42.914831008911136,44.37307541282084,44.08096032981679,0.29211508300404887,-7.204597896737042,9.946088252232332,16.596958554336513,1.4934032013826217,1.3652906562099698,-0.0039007536313432345,-0.003908381413316356,456195750.0,-0.15985021715443282
2023-08-11,41.71838968414298,41.985183246912044,40.607258703595875,40.823089599609375,533085000,36.33710613670248,-0.012712822773799815,0.7124566741004287,48.436125544651965,41.67663690651991,45.05638122558594,44.04420630076744,41.8143531965445,44.22323417663574,45.05638122558594,42.975281982421876,43.82692374924985,43.83963657202365,-0.012712822773799815,-10.113968453499817,3.197152044907886,7.042184865216702,1.5419374913934532,1.6898721595330137,-0.03616616788632776,-0.036836372555646785,444246250.0,0.081955734161415
2023-08-14,40.45437607089752,43.765786651430616,40.27951352736408,43.71882247924805,690286000,49.75579823448369,-0.020394595332014376,0.5658864202139401,48.2868075278007,41.55536662075887,44.92108707427978,44.01321736538464,41.88903826645444,43.925866317749026,44.92108707427978,43.05496192932129,43.810292784634186,43.8306873799662,-0.020394595332014376,-4.677571643445087,48.5883188169169,20.57718637135237,1.6788308395050824,1.6828602267604562,0.07093370217785733,0.06853088682113422,453236150.0,0.29488918277572984
2023-08-15,44.52520013627042,45.2326473732039,43.67586169687328,43.90568161010742,676512000,50.481127284663906,-0.011274519571671249,0.45045423225681785,47.91506111348929,41.57199142252145,44.74352626800537,44.00297586488205,41.968122319146715,43.66936721801758,44.74352626800537,43.14723114013672,43.82496798855314,43.83624250812481,-0.011274519571671249,-6.010685092570355,51.22814302319357,34.33787129500612,1.688466321845894,1.5857674227419583,0.004274111704359651,0.004265003632317841,458603550.0,-0.01995404803226486
2023-08-16,44.48522285041412,44.640100549597996,43.372090845714155,43.452030181884766,527451000,48.64509294455494,-0.04018939443734837,0.35232550691798464,47.591285884128695,41.53694630886447,44.56411609649658,43.95050484745374,42.02631478435213,43.59112777709961,44.56411609649658,43.233544540405276,43.76759294137339,43.807782335810735,-0.04018939443734837,-6.940024226809472,46.56101902374292,48.79249362128446,1.6403611462885626,1.5135848938160568,-0.010332408280349314,-0.010386158175252494,463601000.0,-0.22033755498793817
2023-08-17,43.93566069220137,44.02758789498413,42.96741571162868,43.310150146484375,452395000,48.05640288277094,-0.07370356538185519,0.2671196924580167,47.49952935002721,41.411273491159314,44.45540142059326,43.889518685456665,42.07666126914163,43.47411956787109,44.45540142059326,43.327351303100585,43.69721712677507,43.77092069215693,-0.07370356538185519,-6.801111934912536,44.478735541336754,47.42263252942441,1.6356509483564092,1.5220639647169745,-0.0032652107348378756,-0.0032705531680260282,459327500.0,-0.14229947426396006
2023-08-18,42.601695871064955,43.543960081000186,41.62745897404412,43.26517868041992,583768000,47.85870181195817,-0.10270864742748387,0.19315402448091662,47.49481696827521,41.31506500499139,44.4049409866333,43.83005773259602,42.123269795074116,43.33612747192383,44.4049409866333,43.443740386962894,43.63074967348967,43.73345832091715,-0.10270864742748387,-2.1911574969154755,45.34829157450928,45.46268204652964,1.728007230580317,1.5449379908209557,-0.001038358581356813,-0.0010388980491015248,440327450.0,0.29039445617215054
2023-08-21,44.4592488124891,47.02823995825299,44.1874618900852,46.93031692504883,692573000,61.69105224437736,0.16811274253482367,0.18814576809169803,47.81280220456191,41.232395473050396,44.522598838806154,44.12532051282962,42.31178144722999,43.491006469726564,44.522598838806154,43.612748336791995,44.13837540449877,43.97026266196394,0.16811274253482367,5.508255157318563,98.549014629546,62.792013915130674,1.9344888087468546,1.6451016828778775,0.08471335046832018,0.08131575897051788,455830300.0,0.18638397445560573
2023-08-22,48.09740011660735,48.14936145105243,45.29759061646536,45.632328033447266,755293000,56.022858264915804,0.2748356550836988,0.20548374549009818,47.811467705819716,41.23263057604064,44.52204914093018,44.26884503860272,42.441998960414985,43.59132690429688,44.52204914093018,43.750600509643554,44.368214270490846,44.09337861540715,0.2748356550836988,2.211280524666028,68.01674642239453,70.63801754214994,1.915503932823309,1.644709282444768,-0.027657790883333422,-0.028047469490283704,476190900.0,0.09056085062513275
2023-08-23,45.83018449557039,47.163142412730515,45.172697380646554,47.07920837402344,779046000,60.39159798546862,0.4707390962994751,0.25853481565197356,48.06919788765642,41.141171222451,44.60518455505371,44.53649868959517,42.62385030996826,44.04717102050781,44.60518455505371,43.90316146850586,44.78529028641894,44.31455119011947,0.4707390962994751,3.740908561723432,86.40185823911773,84.32253976368608,1.9636091917497553,1.7320066663013571,0.03170735316233797,0.031215054327967767,496931350.0,0.031448722548732766
2023-08-24,50.17677640386691,50.22673658703904,47.12216498787686,47.12615966796875,1156044000,60.52862652969468,0.6226055526516348,0.3313489630519058,48.272019322449886,41.06455065435676,44.66828498840332,44.78313306848789,42.8004114612624,44.524296569824216,44.66828498840332,44.02588562011719,45.14542403742661,44.52281848477497,0.6226055526516348,5.595081807331867,68.82972362769547,74.41610942973591,2.0992882703906157,1.8018671670232833,0.0009972829953364126,0.0009967860390266263,531934750.0,0.4839226438490154
2023-08-25,46.975278705672146,47.767658540303835,44.98882881073535,45.9820556640625,925341000,55.49075615743377,0.6432264676854302,0.3937244639786107,48.162158533336445,41.10126881956882,44.631713676452634,44.89731617282833,42.925181822156524,45.04019317626953,44.631713676452634,44.086258239746094,45.27413659537059,44.63091012768516,0.6432264676854302,8.140230478199381,57.32798090972695,70.85318759218005,2.2280448149969145,1.7652224284419058,-0.02427747162016025,-0.024577027681228745,561642100.0,-0.19956247340066646
2023-08-28,46.44569122659898,46.94330333520207,44.852938347469795,46.79841613769531,685192000,58.16630881242072,0.7171750119169786,0.45841457356628434,48.18076266470031,41.093256195162965,44.63700942993164,45.07837331233947,43.07707336394236,45.348152542114256,44.63700942993164,44.16983276367188,45.50864114034363,44.79146612842665,0.7171750119169786,10.491139218617098,65.53489925000481,63.89753459580908,2.2802187295222263,1.771876617384336,0.017753892509656533,0.0175981330162426,583348950.0,-0.25952486704901223
2023-08-29,46.62954606851407,49.04266044648469,46.35475936686293,48.74589157104492,701397000,63.762541003992645,0.9222931365602633,0.5511902861650801,48.66869541788061,40.83284533834497,44.75077037811279,45.42766076554951,43.299379960299326,45.83217353820801,44.75077037811279,44.29157752990723,46.006679668143825,45.08438653158356,0.9222931365602633,19.407649075907667,85.11298070717528,69.32528695563569,2.291638060344494,1.958962519883911,0.04161413129067304,0.04077155928746628,606525900.0,0.023650305315882303
2023-08-30,49.005695501936046,49.88800530219565,48.38717945747848,49.22552490234375,735206000,65.00421429456071,1.1107491052412612,0.6631020499803164,49.387493522288324,40.6131572650652,45.00032539367676,45.78936211191086,43.53177780116382,46.409523010253906,45.00032539367676,44.400612411499026,46.5018866272515,45.39113752201024,1.1107491052412612,12.595724474760411,89.93476190602276,80.19421395440095,2.2747224474971945,2.1935840643057807,0.009839461662113358,0.009791369370068246,616779100.0,0.04820237326364385
2023-08-31,49.34143402541549,49.70514814643913,48.9197627338808,49.31645202636719,528570000,65.24732641186282,1.252995129283903,0.7810806658410337,50.02397507421631,40.46029769189697,45.24213638305664,46.12527543709718,43.75862777077964,47.010153198242186,45.24213638305664,44.5267138671875,46.934896688653915,45.68190155937001,1.252995129283903,12.323622405657323,90.84885746292292,88.63220002537366,2.205989586165017,2.390919345579834,0.0018471539755813282,0.0018454500845865964,626998800.0,-0.2810586420676654
2023-09-01,49.72313481683707,49.761103338104185,48.10439736069892,48.47111129760742,463830000,61.00431285556709,1.282727709595349,0.8814100745918969,50.41659425911035,40.45027967277442,45.433436965942384,46.348688376193394,43.943431046341516,47.53074645996094,45.433436965942384,44.63630828857422,47.17123739772369,45.88850968812834,1.282727709595349,11.550855264330366,79.58403753847206,86.78921896913926,2.075306218546355,2.4915786465839824,-0.017141150549674578,-0.017289760752225755,632057000.0,-0.12248141211192465
2023-09-05,48.18533532160486,48.81284699146263,47.82261987711322,48.51008224487305,382653000,61.12980665015696,1.294513280167152,0.9640307157069479,50.759105283828134,40.42062417784179,45.58986473083496,46.55453541130574,44.12251540706824,47.68872299194336,45.58986473083496,44.76298927307129,47.377213528054355,46.0827002478872,1.294513280167152,12.006266616027345,80.03722615523137,83.49004038554212,2.034837749833411,2.5846202764965858,0.0008040035852767691,0.0008036805475316076,635081950.0,-0.17501455274561806
2023-09-06,48.40715103407181,48.515073458793,46.547451450862816,47.028114318847656,468670000,54.011532658036714,1.1707750375969752,1.0053795800849534,50.896492709152156,40.52313581562812,45.70981426239014,46.59963816440497,44.23646046243215,47.8283016204834,45.70981426239014,44.891546401977536,47.32350595740717,46.152730919810196,1.1707750375969752,8.697376858703896,62.80359336977631,74.14161902115991,2.0848100572652926,2.593339223381009,-0.030549689001651115,-0.031026057806423635,640823300.0,0.22479112929991407
2023-09-07,45.4931913383561,46.311619313403384,45.120450870903866,46.20869064331055,433330000,50.50928173859709,0.9951198245706863,1.0033276289821,50.861081222960976,40.92733964495895,45.89421043395996,46.56240506715788,44.3138028224666,47.74124984741211,45.89421043395996,44.978854446411134,47.15199590908461,46.156876084513925,0.9951198245706863,-1.5376548231940805,53.27461067594136,65.37181006698302,2.145345147593031,2.4834353945005088,-0.017424123578110517,-0.01757771031032221,633167350.0,-0.07540486909765931
2023-09-08,45.909897697113266,46.57343135473317,45.239365149462806,45.54015350341797,473069000,47.78676770417796,0.7928272240079934,0.9612275479872788,50.73879045215632,41.368155348624924,46.053472900390624,46.46504777537313,44.36189500603332,47.58264923095703,46.053472900390624,45.0679598236084,46.90402015436666,46.11119293035867,0.7928272240079934,-0.20199392404817793,22.398246167127528,46.15881673761507,2.1037426546154805,2.3426587758828505,-0.01446777934161958,-0.014573458191828922,632185550.0,0.09170609004684649
2023-09-11,46.115746643442655,46.130735550235435,44.28103126100682,45.146427154541016,473966000,46.207115715078835,0.593892432499949,0.8877605248898129,50.29074758034077,42.24853197593364,46.269639778137204,46.3394648591034,44.392660972641465,47.49908638000488,46.269639778137204,45.1550862121582,46.63362123131657,46.03972879881662,0.593892432499949,-4.105381730566351,14.554974491339408,30.075943778136097,1.9670742982865914,2.0105539011017837,-0.00864569656857661,-0.008683287426079324,629229600.0,0.0018961293172876648
2023-09-12,44.70673820080512,45.64108624011381,44.49988211053749,44.838645935058594,349256000,44.95606651975613,0.4067114879409175,0.7915507175000338,50.22657785496294,42.42468404689252,46.32563095092773,46.19652972348009,44.41015057901077,47.303109359741214,46.32563095092773,45.206479949951174,46.35747118573842,45.9507596977975,0.4067114879409175,-4.854021097893448,9.378444498592275,15.443888385686405,1.8448909622143945,1.9504734520176055,-0.006817399269024138,-0.006840743895678412,612178100.0,-0.26312013941928325
2023-09-13,44.568836579722586,45.897909142211645,44.471904231366715,45.45322036743164,398355000,47.98448235493029,0.3044507426444625,0.6941307225289196,50.1606047876327,42.64541098995519,46.403007888793944,46.125738356237385,44.4510552765959,46.973842239379884,46.403007888793944,45.26794700622558,46.21835567522968,45.91390493258522,0.3044507426444625,-1.1500905929357421,19.714887337127188,14.549435442352959,1.8045738106973208,1.8787984494193763,0.013706355746405885,0.01361327323602965,598270250.0,0.1405816936573745
2023-09-14,45.91789786927569,45.95487076893904,45.0994698183301,45.549156188964844,370097000,48.461167498629166,0.22851540098015732,0.6010076582191671,50.028291348678756,42.98743702961715,46.50786418914795,46.070825768878095,44.494118057473116,46.60620536804199,46.50786418914795,45.33325119018555,46.11540190811201,45.886886507131855,0.22851540098015732,-2.6694492075431833,22.616921687926155,17.23675117454854,1.6408504348111304,1.760213579765401,0.0021106496032115007,0.0021084253115880133,590402550.0,-0.07093672729098421
2023-09-15,45.309314822834715,45.567133950218214,43.77738515441512,43.86932373046875,506831000,41.3205658560642,0.032414006679601925,0.4872889279112541,49.956797551864256,43.11484818483008,46.53582286834717,45.86115890807721,44.46961631915922,46.06149253845215,46.53582286834717,45.36923538208008,45.76985141924382,45.73743741256422,0.032414006679601925,-10.004059179979908,1.5045703026888708,14.612126442580738,1.570201796685031,1.710487341758544,-0.03687955165463774,-0.037576798841974283,593124350.0,0.36945449436228883
2023-09-18,42.7181249588287,44.211080299105845,41.97064663049677,43.935272216796875,500271000,41.68385572026748,-0.11633522933801288,0.3665640964614007,49.86630769452087,43.27234739581117,46.56932754516602,45.67774112795527,44.44866164847835,45.60790863037109,46.56932754516602,45.39854484558106,45.48760846502122,45.60394369435923,-0.11633522933801288,-10.746970593085525,24.814154161321323,16.31188205064545,1.580920988176231,1.6484900746774258,0.0015032938901293758,0.00150216507502162,588949500.0,-0.012943170405914417
2023-09-19,43.802366857424914,43.93527332902396,42.97194633294254,43.489585876464844,373064000,39.8866250162869,-0.26710422226334174,0.23983043271645224,49.96307679691286,42.83150518856077,46.397290992736814,45.469345389718086,44.41105083388958,45.105858993530276,46.397290992736814,45.4253955078125,45.18022037447408,45.447324596737424,-0.26710422226334174,-11.81525821603507,19.18492402520072,15.167882829736973,1.4577371250662066,1.7828929020880218,-0.01014415793608403,-0.010195960533112973,572974050.0,-0.25427618230918847
2023-09-20,43.56953710623469,43.872326816521394,42.193500252380844,42.20948791503906,367108000,35.19316772463827,-0.4843002310534672,0.09500429996246837,50.24615604286367,42.20614193076914,46.226148986816405,45.15888277308199,44.32471503315035,44.623996353149415,46.226148986816405,45.422147827148436,44.72318461148408,45.207484842537546,-0.4843002310534672,-12.918258350056519,3.0658187768254934,15.688298987782515,1.4704514621678766,2.0100035280236312,-0.029434586134298613,-0.02987647641296888,553564800.0,-0.015965089099993612
2023-09-21,41.55394101252563,42.07057801307491,40.951361762571175,40.98833465576172,450736000,31.397623876573533,-0.7463628884689584,-0.07326913772381698,50.54680449403266,41.29640610777398,45.92160530090332,44.761687714289586,44.19387658697824,44.10196075439453,45.92160530090332,45.36456039428711,44.14859231060371,44.89495519907267,-0.7463628884689584,-15.505534604419868,0.419681926802799,7.5568082429430055,1.5042186578757024,2.312599596564669,-0.02893077645801645,-0.02935752225147771,537149300.0,0.22780217265763758
2023-09-22,41.54294571690647,42.08556931771517,41.20218442357063,41.5809211730957,479236000,35.057855396234004,-0.8959052153921192,-0.23779635325747744,50.61726637475968,40.671420377559656,45.64434337615967,44.45875756750922,44.09140774721815,43.706037521362305,45.64434337615967,45.27735710144043,43.753565981756324,44.64947119714844,-0.8959052153921192,-11.582844059662538,8.008148488416134,3.8312163973481432,1.4642564210577156,2.4864614993000056,0.014457443131339343,0.014353930790103556,503308900.0,0.06322991729083105
2023-09-25,41.56193389222181,42.506273177622504,41.14822175071883,42.1924934387207,419091000,38.69330399996445,-0.954071869536854,-0.38105145651335276,50.65710171251743,40.25262881726772,45.454865264892575,44.24292288857698,44.01694051943393,43.410644149780275,45.454865264892575,45.21253723144531,43.51340097513546,44.467472844672315,-0.954071869536854,-8.691432604293567,16.409029402449207,8.278953272556047,1.4905295862401629,2.601118223812426,0.01470800185207799,0.0146008882007292,477996400.0,-0.1255018404293501
2023-09-26,41.97165495479975,42.79008299471649,41.62589602088143,41.881717681884766,402282000,37.54317535867388,-1.0135626490327567,-0.5075536950172336,50.60501447823436,39.81304620596975,45.209030342102054,44.018046202225335,43.933206290510434,43.11495132446289,45.209030342102054,45.121677474975584,43.26237277617381,44.27593542520657,-1.0135626490327567,-8.033428831676256,16.54828180374442,13.655153231536588,1.433141369519083,2.697992068066154,-0.007365664636229674,-0.007392925087379229,463850900.0,-0.04010823424984078
2023-09-27,42.30042372625329,42.84204482057062,41.59991333679484,42.438323974609375,444935000,40.92978261715661,-1.0042200210240821,-0.6068869602186033,50.154874929183734,39.63242899537681,44.89365196228027,43.867596466261915,43.874583454592745,42.81346168518066,44.89365196228027,45.02130599975586,43.135596037471586,44.13981605849567,-1.0042200210240821,-5.998488364675051,26.448662501639053,19.80199123594423,1.385603372078511,2.6306114834517316,0.013289958567419546,0.01320242178859169,451027800.0,0.10602761247085368
2023-09-28,42.430325448929366,43.41563643301945,42.085569148140415,43.05888748168945,424663000,44.54042343876421,-0.9359525538311289,-0.6727000789411084,49.48821044044034,39.68242974205478,44.58532009124756,43.7905765629693,43.842595377223994,42.56443481445312,44.58532009124756,44.941679077148436,43.12379472119741,44.05974727502854,-0.9359525538311289,-3.969251114199185,40.69074381419975,27.895896039861075,1.385317734907702,2.45144517459639,0.014622714776657109,0.014516833812972453,435500650.0,-0.04556171126119546
2023-09-29,43.796378806191775,44.11315866784139,43.276741660093485,43.46860885620117,397830000,46.850375622151546,-0.8391161943447614,-0.7059833020218391,48.67796604803453,39.907889817443994,44.29292793273926,43.75991297184853,43.82792923914467,42.524363327026364,44.29292793273926,44.901362380981446,43.17684304965953,44.01595924400429,-0.8391161943447614,-4.366272609921589,50.309634507029934,39.14968027428958,1.328501084687939,2.192519057647633,0.009515372980454906,0.009470386966301272,428963650.0,-0.06318657382442072
2023-10-02,43.9992285379224,45.14342881532186,43.83034792394179,44.75070571899414,433298000,53.39224046342161,-0.6514091407996574,-0.6950684697774028,48.03778220314562,40.176033104471564,44.10690765380859,43.854274185862394,43.86411655207995,42.6059066772461,44.10690765380859,44.910888748168944,43.4189757680187,44.070384908818355,-0.6514091407996574,-1.7529423962504558,75.9335888391051,55.644655720111594,1.3666165010839657,1.9654372746685134,0.02949477557550284,0.029068172752580862,427437050.0,0.08915365859789359
2023-10-03,44.77668570728605,45.098463094837925,43.2157769974795,43.48658752441406,470850000,47.22080386554928,-0.5977630814268409,-0.6756073921072904,47.200202211085866,40.51126362448542,43.855732917785645,43.8192564085816,43.84931149217148,42.60560684204101,43.855732917785645,44.88907730102539,43.429377576694904,44.027140658121745,-0.5977630814268409,-0.8724461047227497,50.66895569921745,58.97072634845083,1.3992365858349294,1.6722346466501123,-0.02824800579722553,-0.02865465707514205,431846900.0,0.08666552811229233
2023-10-04,43.71144012859111,44.112160944881325,43.26175375973955,44.010231018066406,361821000,49.80882717350791,-0.507148447593508,-0.6419156032045339,46.70081818082622,40.708859324666946,43.70483875274658,43.83744446662777,43.855622061814415,42.78568115234375,43.70483875274658,44.85641548156738,43.51873964459821,44.02588809219172,-0.507148447593508,0.17061189674585375,66.26993558480922,64.2908267077106,1.3988798883015607,1.4979897140398162,0.012041494250574658,0.011969572248593598,426504450.0,-0.23155782096208988
2023-10-05,44.01921794767318,44.868626271295504,43.85733240049327,44.65677261352539,393483000,52.88100847151495,-0.37879863913939715,-0.5892922103915066,46.423931562116366,40.83055414039828,43.62724285125732,43.91547571871326,43.88703973050897,43.15252494812012,43.62724285125732,44.841220932006834,43.693821639817784,44.07262027895718,-0.37879863913939715,2.6838304240836437,88.39102057117277,68.44330395173314,1.3432759650872137,1.3983443554295216,0.014690711239247367,0.014583848066900888,424512100.0,0.08750735861102599
2023-10-06,44.16211860779347,45.75700398969615,43.99523549081201,45.73002243041992,434436000,57.52837967673679,-0.1883075087847388,-0.509095270070153,46.461909755749026,40.811562839465815,43.63673629760742,44.088289691256755,43.95931356187803,43.567435073852536,43.63673629760742,44.838538360595706,44.00708329991042,44.19539080869516,-0.1883075087847388,8.340623611608677,99.43854415287232,84.69983343628478,1.3090855958211474,1.4125867290708025,0.024033304560156843,0.023749050072950893,422580450.0,0.10407819397534324
2023-10-09,44.81066115962172,45.57312842393476,44.3369933910708,45.24135971069336,409675000,54.87453618817744,-0.07589800812854008,-0.42245581768183044,46.47763388571302,40.80533196511706,43.64148292541504,44.19810588358405,44.00958988143942,43.872321701049806,43.64148292541504,44.80909591674805,44.196971978492414,44.272869986620954,-0.07589800812854008,10.376184079325101,89.27002355497277,92.3665294263393,1.3397785989116977,1.4180754801489872,-0.010685818500747124,-0.010743321873208032,419365900.0,-0.056995737001537594
2023-10-10,45.27834086872442,46.22667525132618,45.05649586993077,45.76599884033203,368582000,57.15952259519265,0.05488860253484518,-0.32698693363849535,46.63457730817922,40.74112383317821,43.68785057067871,44.347429022321954,44.07846866414109,44.26074981689453,43.68785057067871,44.79056587219238,44.438360726467735,44.38347212393289,0.05488860253484518,10.064898874689238,91.26731687176247,93.32529485986919,1.3034466572870447,1.4733633687502519,0.011596449200324654,0.011529725724796835,420332200.0,-0.100306340391774
2023-10-11,46.16371818891468,46.8262569088581,46.017820302651025,46.773292541503906,378137000,61.2197695594041,0.23708514713628404,-0.21417251748353947,46.91817783106795,40.589530527696695,43.75385417938232,44.57846364319642,44.18414803188081,44.69424667358398,43.75385417938232,44.79661827087402,44.79758100570407,44.56049585856778,0.23708514713628404,10.856905410049393,99.06720606901719,93.20151549858413,1.2893132227197717,1.582161825842813,0.02200965185281123,0.021770935819903168,419321300.0,0.025923675057382134
2023-10-12,46.74431143305413,47.575730741552675,46.297625211200135,46.912193298339844,481325000,61.75800448083087,0.3882103048806087,-0.09369595301070982,47.200594590869564,40.44341747883258,43.82200603485107,44.80072361035294,44.291130199192935,45.07957725524902,43.82200603485107,44.85017364501953,45.12290597380188,44.73469566892127,0.3882103048806087,12.011149243362878,89.67660031033654,93.33704108370542,1.302232570462564,1.689294278009245,0.0029696595917998447,0.002965258863045823,424882700.0,0.2728852241383415
2023-10-13,46.92718276252737,47.08307579073531,45.24835646569822,45.429229736328125,474115000,53.25905084083368,0.38389006962088956,0.0018212515156100645,47.35436095197901,40.44564171830907,43.90000133514404,44.86058133663629,44.335761553590395,45.275639343261716,43.90000133514404,44.869153594970705,45.17003270649822,44.78614263687733,0.38389006962088956,7.047652879760739,64.08021095966643,84.27467244634006,1.3362802774720934,1.7271798084174839,-0.03161147364355266,-0.03212190203009164,423246900.0,-0.014979483716823339
2023-10-16,45.0315095868921,46.192696327999904,44.880614130194836,46.06278991699219,375099000,56.042282865507374,0.4266708675801141,0.08679117472851088,47.59378049030968,40.418973949997934,44.00637722015381,44.97507739190828,44.40348815607674,45.40684776306152,44.00637722015381,44.897507400512694,45.30737996965114,44.88070910207102,0.4266708675801141,6.976265786198324,74.68227822095245,76.14636316365181,1.3468442220413794,1.7937016350779382,0.013946091191535892,0.013849739250320346,416988300.0,-0.2088438459023655
2023-10-17,43.96925981519668,44.722734656513275,42.450321291409665,43.90730285644531,812333000,46.00532277681692,0.28337855496802433,0.1261086507764136,47.60685327271431,40.44767286559135,44.02726306915283,44.873384579007045,44.38402990903237,45.44891929626465,44.02726306915283,44.86802291870117,45.0919834906964,44.808604935728376,0.28337855496802433,1.0092202437289575,33.181786679846134,57.314758620155004,1.5161540178847182,1.7897951017807412,-0.04679453989719662,-0.04792480559224868,438951750.0,1.1656496018384481
2023-10-18,42.5612359572998,43.18879926057118,41.79577241593963,42.16651153564453,627294000,39.80505330139033,0.02901656872693792,0.10669023436651846,47.609347590533865,40.44088090983235,44.02511425018311,44.615587146305856,44.29706840419363,45.26454734802246,44.02511425018311,44.81877067565918,44.64191088222688,44.61289431349994,0.02901656872693792,-5.774644537622935,6.414217868354243,38.092760923050946,1.571972814715193,1.792116670175378,-0.0396469654829924,-0.040454317833063594,451961050.0,-0.22778712670788948
2023-10-19,42.78108575212414,43.26674621056965,41.85273405618411,42.07158279418945,501233000,39.49247949732732,-0.17817322401365487,0.04971754269048379,47.49926571676325,40.65928759744574,44.079276657104494,44.37330101753287,44.20979445870327,45.00602836608887,44.079276657104494,44.80978698730469,44.246475791759586,44.42464901577324,-0.17817322401365487,-3.253887717517966,4.771840257525887,14.78928160190876,1.5976685981604501,1.7099945298293775,-0.00225128278337261,-0.0022538207302641973,454485900.0,-0.20095999642910656
2023-10-20,41.860728698935155,42.4403252529677,41.049295810508625,41.35808181762695,477266000,37.13228611325123,-0.39538840193775826,-0.03930364623516462,47.523662157937245,40.61260722072486,44.06813468933105,44.0861372842085,44.097962590425766,44.56883430480957,44.06813468933105,44.78985054016113,43.80210748804687,44.19749588998463,-0.39538840193775826,-6.026210585785686,4.7313121234004445,5.305790083093529,1.5773978469703351,1.7277637343030958,-0.016959214015143775,-0.017104668358116894,454387400.0,-0.04781608553307548
2023-10-23,41.20019083203981,43.217781037891605,40.91638888400306,42.944969177246094,478530000,45.00449475357866,-0.4344760778694976,-0.11833813256203121,47.490969115418544,40.7205478370961,44.10575847625732,43.977454607354936,44.05274716245794,44.339195251464844,44.10575847625732,44.83228813171387,43.670240055615984,44.10471613348548,-0.4344760778694976,-3.833244849765152,30.462173839945688,13.321775406957343,1.6073054224367722,1.6926053195806112,0.03836946226415172,0.03765165808393384,457359350.0,0.002648418282467313
2023-10-24,43.046902951307125,43.666468707017636,42.661174865100485,43.63249206542969,401463000,48.040216779499595,-0.40530390037835673,-0.17573128612529632,47.42334381993298,40.963250570936154,44.19329719543457,43.94460103193349,44.036266570417624,44.12584457397461,44.19329719543457,44.8305615234375,43.6644326725104,44.06973657288876,-0.40530390037835673,-4.586768721099387,40.78636056725956,25.3266155102019,1.6183687550635848,1.615023312249208,0.016009392982586412,0.01588259417515563,457318400.0,-0.16104946398344933
2023-10-25,43.36767362465919,43.61950024898592,41.525962950621626,41.74980545043945,398379000,41.31484242187402,-0.5280151847320624,-0.24618806584664954,47.48103681842022,40.83670572003193,44.158871269226076,43.73557288131501,43.9466014284577,43.62349586486816,44.158871269226076,44.78744400024414,43.369874638345635,43.8978898230777,-0.5280151847320624,-7.7176156565175775,12.514998993354828,27.921177800186697,1.6965998439211438,1.6610827745970729,-0.04314872989988805,-0.04410731225054024,454990600.0,-0.007681903438174875
2023-10-26,41.8237544285133,42.22647269652664,39.852133556535904,40.297821044921875,541001000,37.011403355094,-0.7339670531446885,-0.34374386330625734,47.74106960286939,40.30056629190601,44.0208179473877,43.40816794451567,43.80351200165238,42.96205863952637,44.0208179473877,44.72435981750488,42.897251008588135,43.631218061732824,-0.7339670531446885,-11.948122916507256,5.770465208239668,19.690608256284687,1.740354889714472,1.8601258277408466,-0.034778231655263836,-0.03539739228962447,460807500.0,0.3580058185797945
2023-10-27,41.1012595868594,41.177206691835266,39.987037067133414,40.47169876098633,416784000,37.84631989375296,-0.8730904706691618,-0.44961318477883827,47.91242951229862,39.82951537295528,43.87097244262695,43.12850421275097,43.67285265888116,42.466305541992185,43.87097244262695,44.66759078979492,42.5240891243417,43.39717959501086,-0.8730904706691618,-13.472632432121193,8.021718243570971,8.769060815055163,1.7258649315253811,2.020728534835836,0.004314816820260026,0.004305534689049141,461755200.0,-0.22960586024794782
2023-10-30,41.05829069172662,41.73681325645553,40.45271135167305,41.13223648071289,388028000,41.04338898478757,-0.9194480825899802,-0.5435801643410667,47.886679470412425,39.49341849101335,43.69004898071289,42.93838347636639,43.573220651894175,41.973250198364255,43.69004898071289,44.62493194580078,42.30995794839881,43.22940603098879,-0.9194480825899802,-12.320798520054481,16.57392136736876,10.122034939726474,1.7340022546244573,2.098315244849769,0.016320978361385352,0.01618922284698342,459491700.0,-0.06899497101616181
2023-10-31,40.421739350493176,40.850440472726774,39.20259051438913,40.75150680541992,517969000,39.773451782470055,-0.9756617061115449,-0.6299964726951623,47.95126602466655,39.15532386485981,43.55329494476318,42.730109507704825,43.4625652069344,41.65767059326172,43.55329494476318,44.501355743408205,42.07019623409437,43.04585794020591,-0.9756617061115449,-10.29672516584096,18.49863072883825,14.364756779926003,1.7961013901814356,2.1989855399516847,-0.009256235689287018,-0.009299340839334803,461847650.0,0.3348753182760007
2023-11-01,40.85543044867906,42.35138604007193,40.84044154012121,42.29542541503906,437593000,46.94274243340707,-0.8854234684324851,-0.6810818718426269,47.89478209589201,39.040327233331624,43.46755466461182,42.68871102268904,43.41679501901693,41.670561981201175,43.46755466461182,44.43461769104004,42.104846877316625,42.99027034574911,-0.8854234684324851,-8.178758839275984,39.24675692159836,24.77310300593513,1.819085226202826,2.2136137156400983,0.03788617233200808,0.03718611816407117,465636250.0,-0.15517530971930749
2023-11-02,43.297724168934685,43.85333542629518,42.864029312260996,43.47560119628906,409172000,51.677965127541036,-0.7104886219639042,-0.6869632218668824,47.80029934598534,39.01669284151467,43.40849609375,42.76365294398428,43.41910114361584,41.810963821411136,43.40849609375,44.362545547485354,42.315732157158536,43.02622077912244,-0.7104886219639042,-0.9832115207980237,61.12941342861715,39.62493369301793,1.7993131323613285,2.195901626117669,0.02790315429314405,0.027520954709085103,466420700.0,-0.06494847952320992
2023-11-03,43.98923665598296,45.27733347769254,43.6924433329055,44.973548889160156,424610000,56.931913709813756,-0.4458402667869663,-0.6387386308508992,47.69073548127972,39.05060935209431,43.370672416687015,42.97411922447722,43.480059878735226,42.17251052856445,43.370672416687015,44.31949333190918,42.724627039004936,43.1704673057919,-0.4458402667869663,6.657030072650799,94.99921905556339,65.1251298019263,1.8342881383326433,2.1600315322963515,0.0344549046281839,0.03387462578709397,465929400.0,0.03772985443774246
2023-11-06,45.25335073613619,45.902897984203655,44.867618920829024,45.719024658203125,400733000,59.30339834769404,-0.1739457360917811,-0.5457800518990756,47.76317262689974,39.025938701225265,43.3945556640625,43.235538789593974,43.56786241910652,42.44991607666016,43.3945556640625,44.314232711791995,43.185303595804655,43.359249331896436,-0.1739457360917811,8.669609322417562,97.25574793651045,84.46146014023033,1.650203169603508,2.1843084814186193,0.016575871539073583,0.016439991280252874,465482300.0,-0.0562327783142178
2023-11-07,45.68705076383751,46.18569877151303,45.126441998746536,45.92288589477539,343165000,59.952813705834515,0.05732176678447587,-0.4251596881623654,47.78947067684734,39.015329356722,43.40240001678467,43.49147660913506,43.66021628089746,42.678955459594725,43.40240001678467,44.29672210693359,43.606470103338616,43.54914833655414,0.05732176678447587,11.037272224755121,96.23644848310164,96.16380515839182,1.5750407647649947,2.1935353300313336,0.0044590023102273335,0.004449090413284274,464211450.0,-0.14365674900744385
2023-11-08,46.067786497149605,46.834252666745705,45.93587876150922,46.54145812988281,346719000,61.93754474255837,0.28720580896920467,-0.28268658873605135,47.741450830777254,39.04016576162998,43.390808296203616,43.78195103968247,43.77320615732826,43.158120727539064,43.390808296203616,44.25263343811035,44.05800672280695,43.770800913837746,0.28720580896920467,8.37464555578789,96.16342375988852,96.55187339316687,1.5391375231639073,2.17532126728682,0.013469803194093188,0.013379891886961278,462640550.0,0.010356534028819864
2023-11-09,47.43382754729244,48.19629482563236,46.71732955595706,46.91719055175781,540496000,63.13275222529536,0.49401434508721564,-0.12734640197139796,47.74255270993787,39.03956360781116,43.391058158874515,44.080545278927744,43.89649966299217,43.82005767822265,43.391058158874515,44.20646675109863,44.497881158030154,44.00386681294294,0.49401434508721564,7.528101950726334,85.77778155019497,92.7258845977284,1.5579808983989405,2.1757472755316782,0.008073069408922384,0.008040656514919097,465599100.0,0.5588877448308285
2023-11-10,47.466815645191716,48.43813671048467,47.24996819068083,48.301231384277344,421245000,67.21648181454,0.7608218475449249,0.05028724793186662,48.335686332568095,38.733630149975845,43.53465824127197,44.48251538419913,44.069234240297476,44.603010940551755,43.53465824127197,44.186162338256835,45.083011962068184,44.32219011452326,0.7608218475449249,15.692111288075312,98.51762610136468,93.4862771371494,1.5022347558873916,2.4005140456480634,0.029499652818995914,0.02907291025300905,462955600.0,-0.2206325301204819
2023-11-13,48.28623183718149,49.081676995363466,48.06538560948801,48.586021423339844,384136000,68.00190012938612,0.9839070238396275,0.23701120311341878,48.8578507776662,38.463788855512504,43.66081981658935,44.87332548316492,44.24636314943639,45.34838943481445,43.66081981658935,44.18846054077149,45.62193649457152,44.638029470731894,0.9839070238396275,20.567366084579913,94.98277929869141,93.09272898341703,1.5030202947415563,2.598515480538423,0.005896123781953921,0.00587880966823148,463407450.0,-0.088093627224062
2023-11-14,49.64528123020025,49.799172935741794,49.00572910678886,49.62129592895508,416954000,70.74568933056185,1.2300622419105949,0.435621410872854,49.788786641980316,38.104252298449374,43.946519470214845,45.32551314466875,44.45714482706458,46.23536834716797,43.946519470214845,44.210684814453124,46.23722256139976,45.00716031948917,1.2300622419105949,22.60739590399582,98.321373819277,97.27392640644439,1.4392076088554053,2.9211335858827354,0.021308073295293717,0.021084230491159834,443638500.0,0.08543328404523387
2023-11-15,49.900113061154364,49.925093307072636,48.16632465148742,48.853843688964844,475497000,66.21305483016675,1.3476798296090138,0.618033094620086,50.45050244877845,38.111269706983265,44.28088607788086,45.6615446250779,44.62956439027636,46.89121017456055,44.28088607788086,44.24719940185547,46.63977965794823,45.29209982833922,1.3476798296090138,18.772641287989902,90.00933234693342,94.43782848830062,1.395238288540725,3.0848081854487983,-0.015466186959103734,-0.01558703609823519,436048650.0,0.14040637576327364
2023-11-16,48.64499167888518,49.49040129899944,48.296236480687845,49.445430755615234,339756000,67.91931907997952,1.4716643172581385,0.7887593391476966,51.13644956211412,38.16270738979017,44.64957847595215,46.02191473274813,44.81842189479945,47.488193130493165,44.64957847595215,44.31193420410156,47.071418288358544,45.599753971100405,1.4716643172581385,21.333993836613242,95.52658030749406,94.61909549123483,1.3955236595128493,3.243435543080989,0.012109324916516728,0.012036593604240775,427974800.0,-0.28547183262985887
2023-11-17,49.48939362933796,49.68225956451404,48.972756588136555,49.263553619384766,325205000,66.80237005039518,1.5375233401072066,0.9385121393395985,51.64959677957869,38.440107352501386,45.044852066040036,46.33064224576114,44.99274078595966,47.91719360351563,45.044852066040036,44.3864022064209,47.408669877747194,45.87114653763999,1.5375233401072066,16.47489802021954,93.83036124607706,93.12209130016818,1.3544808789124931,3.3023723567693253,-0.0036783406161309262,-0.0036851223464254216,420371750.0,-0.0428277940639753
2023-11-20,49.27754192431734,50.51267829045294,49.14663294635536,50.373775482177734,414120000,70.04115053659551,1.6601653631307656,1.0828427840978319,52.351119194969506,38.48146556760374,45.416292381286624,46.71570255399129,45.2037617544388,48.38266868591309,45.416292381286624,44.490949172973636,47.86483997073651,46.204674607605746,1.6601653631307656,15.86677146738911,98.56390189921228,95.97361448426113,1.314223691610623,3.4674134068414397,0.0225363738753126,0.022286181774287164,417151250.0,0.2734121554096647
2023-11-21,50.090971605091276,50.48169721701578,49.187603987551,49.90909957885742,565747000,67.09087257856609,1.700264991580859,1.2063272255944373,52.889507349721825,38.570738164194196,45.73012275695801,47.01983560397854,45.38828480637679,48.78129005432129,45.73012275695801,44.59235824584961,48.17934144890896,46.4790764573281,1.700264991580859,10.974341166318025,92.1086885629546,94.83431723608133,1.2923818340972493,3.579692296381909,-0.009224559780807273,-0.009267369502988398,425365450.0,0.36614266396213657
2023-11-22,49.81716500278888,50.29982538193606,47.6566732297451,48.68195724487305,899420000,59.913524602864236,1.6144141440192996,1.2879446092794098,53.09456336590427,39.05889732745511,46.07673034667969,47.178132903111354,45.51744843141586,48.995339965820314,46.07673034667969,44.656932983398434,48.25666695598036,46.64225281196106,1.6144141440192996,6.48074321099564,73.15750766688807,87.94336604301832,1.3698991298783092,3.50891650961229,-0.024587547047316805,-0.02489486876627267,450417500.0,0.5897919034480077
2023-11-24,48.436137757840115,48.88682288112686,47.71164199032287,47.74262237548828,294645000,55.058051129493414,1.4538215058475572,1.3211199885930394,52.946671327228366,39.95126949918765,46.44897041320801,47.231893805242485,45.60471015471282,49.07788314819336,46.44897041320801,44.7008023071289,48.17758317436619,46.723761668518634,1.4538215058475572,3.9625917345057804,50.92955213420184,72.0652494546815,1.3251454591212035,3.248850457010178,-0.019295339023857605,-0.019483923891840085,438099700.0,-0.6724055502434902
2023-11-27,47.766597618423056,48.49608705256933,47.6187022270162,48.208290100097656,395662000,56.92187095414384,1.3485805792619345,1.3266121067268184,52.7281722774573,40.943427682869846,46.83579998016357,47.32488392856202,45.706811329041635,49.06858901977539,46.83579998016357,44.78758163452149,48.18230731678642,46.833726737524486,1.3485805792619345,3.5813918110670953,57.217098070808284,60.434719290632735,1.3138672992768103,2.946186148646864,0.009753710656003944,0.009706450281079132,437043600.0,0.3428430823533404
2023-11-28,48.20229716306376,48.28923817471284,47.439829789625705,47.7875862121582,401491000,54.714186288176435,1.2171979980927077,1.3047292849999965,52.42175336852014,41.91538156495153,47.16856746673584,47.36895081271404,45.78841034406582,48.988745498657224,47.16856746673584,44.86462791442871,48.121580992997465,46.90438299490476,1.2171979980927077,1.8551742978731707,40.45856583708262,49.53507201403092,1.298878128728285,2.626592950892153,-0.008726795475755722,-0.00876509695096377,437716750.0,0.014732271484246606
2023-11-29,48.345196613263326,48.727928411184934,47.826558260033494,48.106361389160156,382005000,56.103438294430504,1.1258210839677645,1.2689476447935504,51.84241151422094,43.23020887762476,47.53631019592285,47.43918039142319,45.87931038504991,48.83725204467773,47.53631019592285,44.95696342468262,48.11923951548403,46.99341843151627,1.1258210839677645,-0.40344726114088286,36.598266203529704,44.75797670380688,1.3009478020894574,2.153050659149046,0.006670669147981645,0.006648518685580616,430918550.0,-0.04853408918257196
2023-11-30,47.990441518765145,48.07638377452515,46.3895635380406,46.73731994628906,526247000,49.13231354626006,0.9321883314873673,1.2015957821323138,51.3202467422408,44.19656310272991,47.758404922485354,47.37233653950565,45.912957818824,48.62559967041015,47.758404922485354,45.047520065307616,47.90663650483866,46.97444817335129,0.9321883314873673,-3.805006919464903,8.43431311352662,28.497048384712993,1.3053735989016013,1.7809209098777221,-0.028458636307912122,-0.028871433930428167,435351250.0,0.3775919163361736
2023-12-01,46.49249632095064,47.16702396235708,46.1547312180282,46.73232650756836,369317000,49.10834528718332,0.7694601931903833,1.1151686643439276,50.910415431578116,44.932066944520514,47.921241188049315,47.311383203130674,45.945089924264956,48.35428924560547,47.921241188049315,45.16239990234375,47.725973428335536,46.95651323514515,0.7694601931903833,-5.822035413027058,13.253839019636954,19.428806112231104,1.269041212158888,1.494587121764399,-0.00010684050190390426,-0.00010684620975688467,433358500.0,-0.2982059755210006
2023-12-04,46.04480030339198,46.04480030339198,44.97854459860675,45.47819519042969,437543000,43.3839881622673,0.5331531969387839,0.9987655708628989,50.83779893544788,45.055148070777705,47.94647350311279,47.13679386858773,45.92678032685965,47.97575340270996,47.94647350311279,45.24034538269043,47.38016139173464,46.847008194795855,0.5331531969387839,-6.909688662424839,9.028524058952598,10.238892064038735,1.3217191066650418,1.4456627161675428,-0.02683648366908431,-0.027203157132528865,434005150.0,0.18473560653855636
2023-12-05,45.438229098759074,46.57153532629203,45.24334850919928,46.537559509277344,371718000,48.81183961006171,0.42644426295242255,0.8843013092808036,50.76698307728318,45.207817414049835,47.98740024566651,47.07972392960579,45.95073245166034,47.592131805419925,47.98740024566651,45.32724670410156,47.25053033289505,46.82408606994263,0.42644426295242255,-5.880970601126092,28.1708935396265,16.817752206072026,1.329935914142956,1.3897914158083366,0.023293895336255144,0.023026733428999233,432554400.0,-0.15044235652267324
2023-12-06,47.18615659482553,47.358052404807324,45.3842566412969,45.47520065307617,380590000,44.23213786533633,0.2532340581897685,0.7580878590625967,50.82076879589162,45.10926317127147,47.965015983581544,46.92691218898392,45.932084145833514,47.1487419128418,47.965015983581544,45.399116363525394,46.977402689845995,46.72416863165623,0.2532340581897685,-7.6899709582012585,8.974413740693976,15.391277113091034,1.345294993280471,1.4278764061550349,-0.022827988132669286,-0.023092581159627278,434425650.0,0.023867555512512073
2023-12-07,45.67207911260122,46.600512368918565,45.57613709541874,46.56753158569336,350823000,49.4806635871492,0.20177970938860312,0.646826229127798,50.81935871128541,45.11328060145873,47.96631965637207,46.89268546486101,45.957003653279,46.93729934692383,47.96631965637207,45.48170051574707,46.91434559689943,46.71256588751083,0.20177970938860312,-7.556002821013537,28.71247923460484,21.95259550497511,1.3403769145326712,1.42651952745667,0.024020365318460524,0.02373641442586137,434630850.0,-0.07821277490212564
2023-12-08,46.566535548739374,47.71183534651791,46.52156105756746,47.47697830200195,359224000,53.411957444029184,0.23171544528252497,0.5638040723587434,50.81480979258573,45.17380829518283,47.99430904388428,46.94833240173158,46.01661050224853,46.91073493957519,47.99430904388428,45.57006233215332,47.00090447460751,46.769189029324984,0.23171544528252497,-4.873101893999642,45.145886285261085,27.610926420186644,1.3747177225735971,1.4102503743507235,0.019529631168768935,0.01934137502273183,425567250.0,0.023946548544422797
2023-12-11,47.46199285274284,47.50196552269277,45.80200812005124,46.59851837158203,509728000,49.41213365826316,0.18245216191483848,0.4875336902699624,50.79275249044412,45.0255942960549,47.90917339324951,46.915016779812575,46.03943041869299,46.74975776672363,47.90917339324951,45.63266052246094,46.9389989202959,46.75654675838106,0.18245216191483848,-4.279694143789655,29.437195100789637,34.431853540218526,1.398568583898165,1.4417895485973073,-0.018502861004169646,-0.018676180200251424,429991400.0,0.41896977930205104
2023-12-12,46.017871828359986,47.63688109924922,46.017871828359986,47.62788772583008,372387000,53.77997175770216,0.22389127970734535,0.434805208157439,50.72929307205625,44.9932403446918,47.861266708374025,46.98290925086186,46.10172286211013,46.73378791809082,47.861266708374025,45.69020416259766,47.044981813455,46.82109053374766,0.22389127970734535,-0.24031911937269176,49.787696517035506,41.45692596769542,1.4217768725713407,1.4340131818411113,0.02209017346945963,0.021849720246859765,429403950.0,-0.26943977964718435
2023-12-13,47.59990503689136,48.56431567041087,47.5789179572985,48.058624267578125,447792000,55.51097631293199,0.2881671071804419,0.40547758796203964,50.5319369731442,45.034329277466156,47.78313312530518,47.08535830007293,46.17846409369711,46.729014205932614,47.78313312530518,45.781644897460936,47.20092680639702,46.91275969921658,0.2881671071804419,-0.310456629365554,78.80911865327299,52.67800342369939,1.3033658412085845,1.3744019239195122,0.009043788467537839,0.00900313831636968,430945850.0,0.20249095698829445
2023-12-14,48.36043775200682,48.6402654789673,47.39303060139569,48.32046127319336,391232000,56.57562320535881,0.3561289883303189,0.39560786803569553,50.471672939321365,45.04125506971184,47.7564640045166,47.20298715465584,46.26246398308912,46.88732833862305,47.7564640045166,45.86784950256347,47.37316287821184,47.017033889881525,0.3561289883303189,1.1150909750272786,89.13242392991,72.57641303340618,1.3085125545491287,1.3576044674023833,0.005448283416466415,0.0054334952096181536,426732600.0,-0.12630864329867442
2023-12-15,48.16456014183968,49.37382007835511,48.09060403450958,48.86013412475586,479948000,58.765873480759616,0.44836785216691055,0.40615986486193856,50.37760364454892,45.07679470139835,47.727199172973634,47.36081067561774,46.364333400409386,47.1001091003418,47.727199172973634,45.951916732788085,47.60192768537246,47.15355983320555,0.44836785216691055,1.5668878581316925,88.31277001939682,85.41810420085994,1.3375004987128716,1.3252022357876416,0.011168619614603914,0.011106711111091752,433742200.0,0.22676059218059863
2023-12-18,49.369821256751614,50.4021872923408,49.1199739909024,50.04640579223633,412587000,63.16402863544142,0.6101565212149112,0.4469591961325331,50.5328615345337,44.99982202869872,47.76634178161621,47.61658163910523,46.50872839616731,47.55693016052246,47.76634178161621,46.03824440002441,47.978001240274594,47.36784471905968,0.6101565212149112,7.080178858672462,93.44017443266486,90.29512279399057,1.386975126034143,1.3832598764587434,0.02427892777476881,0.02398887993083276,438111300.0,-0.14035062131730935
2023-12-19,49.39380579664743,49.66963815936467,48.865129643017234,49.57369613647461,464444000,60.39937219312131,0.6922516424172258,0.49601768538947166,50.35374649345211,45.09892913521,47.72633781433105,47.80297349599755,46.62892320951269,47.86054382324219,47.72633781433105,46.12489112854004,48.2234927627669,47.53124112034968,0.6922516424172258,6.08009453252041,84.724451763326,88.82579873846255,1.4041846939050262,1.313704339560527,-0.009445426665086298,-0.0094903176072244,440627500.0,0.12568743077217648
2023-12-20,49.624663268494515,49.9684548790202,48.0686152726536,48.081607818603516,397894000,52.57678967425277,0.6296552858946569,0.5227452054905087,50.06223565230951,45.207690800327214,47.63496322631836,47.8295100981505,46.68589123339861,48.121184539794925,47.63496322631836,46.17120330810547,48.20166430981869,47.57200902392403,0.6296552858946569,5.724529342628099,57.213636576423866,78.45942092413826,1.4172591049941003,1.213636212995576,-0.03009838753526528,-0.030560643077851474,432234850.0,-0.14328961080345537
2023-12-21,48.781180068606574,49.06500695718709,48.389417453965386,48.9600715637207,300425000,56.17551381646291,0.6435138775641533,0.5468989399052377,50.10441872718456,45.19331915733692,47.64886894226074,47.937182618681,46.77507477576418,48.36043853759766,47.64886894226074,46.2149388885498,48.318342348880535,47.67482847131638,0.6435138775641533,5.205498698229818,73.41056905746801,71.78288579907263,1.415195276012293,1.2277748924619079,0.018270265595762725,0.018105369725710845,402285100.0,-0.24496222612052454
2023-12-22,49.16494962310715,49.35283451146827,48.43739367116176,48.800174713134766,252507000,55.352147992628176,0.6342829527278298,0.5643757424697562,50.21076133617996,45.19273178210618,47.70174655914307,48.01937234196231,46.854490459582635,48.492758178710936,47.70174655914307,46.252698516845705,48.39247040491964,47.75818745219181,0.6342829527278298,7.311620426755996,68.94625619158283,66.52348727515825,1.3553137711083576,1.254507388518445,-0.003265862272644693,-0.0032712068404239223,400178200.0,-0.15950070733128063
2023-12-26,48.93807912022649,49.569692938536456,48.93008458769596,49.2488899230957,244200000,57.24596685214713,0.6556173964258463,0.5826240732609742,50.34870726833206,45.158845832253874,47.75377655029297,48.1364692544512,46.94838847775962,48.757795333862305,47.75377655029297,46.329091720581054,48.5242272538698,47.86860985744396,0.6556173964258463,5.757999718039854,77.01647453009,73.12443325971361,1.3154088717018533,1.2974653590195477,0.009194950891029618,0.009152934691621581,392605100.0,-0.032898097874514365
2023-12-27,49.48075464580007,49.64965012045702,49.05501239405432,49.386810302734375,233648000,57.83794002432609,0.675863188622813,0.601271896333342,50.529648539619345,45.13782697002421,47.833737754821776,48.255549354287695,47.04401286305275,48.93368759155273,47.833737754821776,46.395572128295896,48.656932338310504,47.98106914968769,0.675863188622813,4.022648595249564,78.96049671729467,74.9744091463225,1.2168975833370155,1.347955392398785,0.00280047692149088,0.0027965628917275107,384212950.0,-0.043210483210483264
2023-12-28,49.6126770927999,49.85352719386826,49.38181539341571,49.49174880981445,246587000,58.31091527583414,0.6923942948846857,0.6194963760436107,50.697791861195626,45.10822239051336,47.903007125854494,48.37328263576644,47.1400025080238,49.077000045776366,47.903007125854494,46.50726104736328,48.7853656416188,48.09297134673412,0.6923942948846857,6.20884641687846,80.20862995922808,78.7285337355376,1.170211875094884,1.3973923676705657,0.0021248286017423457,0.0021225743461553296,377442050.0,0.0553781757173184
2023-12-29,49.7825714182401,49.96646094313931,48.72121986722186,49.49174880981445,389293000,58.31091527583414,0.6974554830398958,0.6350881974428678,50.86495954120122,45.2164975968603,48.04072856903076,48.47980322377101,47.23222785319206,49.194128799438474,48.04072856903076,46.65376579284668,48.89403997518737,48.19658449214747,0.6974554830398958,3.9133817873966836,80.20862995922808,79.79258554525028,1.1741380741639555,1.4121154860852303,0.0,0.0,370594350.0,0.5787247502909723
2024-01-02,49.21391556134482,49.26488309320295,47.565924699352884,48.138572692871094,411254000,49.93370865124655,0.5855269176156952,0.6251759414774333,50.86732036440107,45.354761392190724,48.111040878295896,48.447305077971016,47.267770788081435,49.12197265625,48.111040878295896,46.77510559082031,48.7778142394464,48.192287321830705,0.5855269176156952,0.166356042253387,48.370170484620694,69.59581013435896,1.1902714104368155,1.378139743052587,-0.027341448816919134,-0.027722182142678832,372691200.0,0.05641252218765813
2024-01-03,47.45599156277329,48.15456203597886,47.2910914479061,47.539939880371094,320896000,46.73494617239738,0.44340674122789636,0.5888221014275259,50.696395932078175,45.731860293507765,48.21412811279297,48.36088934486626,47.278444085818286,48.87132606506348,48.21412811279297,46.898742752075194,48.58737203035789,48.143965289129994,0.44340674122789636,-1.6153020320095202,7.9987388659256435,45.52584643659148,1.1363043616642103,1.2411339096426044,-0.012435616160024865,-0.012513585506919871,366858850.0,-0.21971336449007184
2024-01-04,47.737819636783634,48.47037358886087,47.4789789763883,47.96868133544922,306535000,49.242817883518065,0.36120755396473925,0.5432991919349686,50.6438641716,45.92750423660313,48.285684204101564,48.323536201112255,47.305512213254794,48.71082458496094,48.285684204101564,46.99921699523926,48.492188846525785,48.130981292561046,0.36120755396473925,-1.8244992677066152,21.779781833312242,26.04956372795287,1.1367327116185106,1.1790899837492175,0.00901855274022223,0.008978128457356283,363599700.0,-0.04475281711208612
2024-01-05,48.43239477719924,49.516731000212985,48.27648803927744,49.0670051574707,415039000,55.077848078451936,0.38030573146723157,0.5107004998414212,50.43779097677917,46.49275788186341,48.46527442932129,48.39434276838449,47.374590367929926,48.809364318847656,48.46527442932129,47.10790725708008,48.5806221251327,48.20031639366547,0.38030573146723157,-1.9569849607812575,57.0832207802745,28.953913826504134,1.1582194821322358,0.9862582737289386,0.022896685742533007,0.022638490415484734,365322150.0,0.353969367282692
2024-01-08,49.48175412771333,52.24306669740862,49.44877334196531,52.22107696533203,642510000,66.85998692620895,0.6425415904627698,0.537068717965691,51.149174995684405,46.346728400922046,48.747951698303225,48.75879364428425,47.56464866586727,49.13546485900879,48.747951698303225,47.31733268737793,49.14069210054798,48.49815051008521,0.6425415904627698,5.340293411992677,99.55594018611463,59.47298093323379,1.293422731853121,1.2006116486905902,0.06428091133214608,0.06229937048369309,379906500.0,0.5480713860625146
2024-01-09,52.368989354850214,54.291813775257275,51.658421354299875,53.10753631591797,773100000,69.29730399005525,0.911389330287065,0.6119328404299659,52.044995397597766,46.01396380040028,49.029479598999025,49.17295961301127,47.782016809006514,49.56620101928711,49.029479598999025,47.57352699279785,49.75097582598952,48.839586495702456,0.911389330287065,10.452912715139789,83.08349618849411,79.90755238496108,1.3713755356654396,1.5077578992993703,0.01697512579402427,0.016832658354355552,400600300.0,0.20324975486762842
2024-01-10,53.58324641272958,54.566642620850935,53.45632128428564,54.316795349121094,533796000,72.29111015263149,1.2081039287492246,0.7311670580938177,53.03582927951363,45.79495761623833,49.41539344787598,49.662848730736016,48.03828263410905,50.07299156188965,49.41539344787598,47.850428924560546,50.45340959877899,49.245305670029765,1.2081039287492246,10.941004811295477,96.56593341465408,93.06845659642094,1.391220546787859,1.8102179158188239,0.022770008121063556,0.022514640697433037,401803700.0,-0.30953822273961973
2024-01-11,54.965407023487145,55.312195197022994,53.52728679172448,54.78851318359375,596759000,73.38149176109346,1.4644349778299528,0.8778206420410448,54.01289837957885,45.53395106194947,49.77342472076416,50.151007250055805,48.302997557618255,50.61316184997558,49.77342472076416,48.123554458618166,51.12034861182742,49.655913633997464,1.4644349778299528,12.271141457301377,93.4711976080985,91.04020907041557,1.383011175282996,2.1197368294073455,0.00868456674295115,0.008647072815823673,413022300.0,0.11795330051180608
2024-01-12,54.58662573046888,54.936414165440496,54.29680581989595,54.676570892333984,352994000,72.65086302675884,1.639645560253328,1.0301856256835016,54.7898617603319,45.41878234367201,50.104322052001955,50.582013311225154,48.55294160996005,51.131644058227536,50.104322052001955,48.402055740356445,51.667459731905346,50.02781417165202,1.639645560253328,11.020920426254973,92.07560050873309,94.0375771771619,1.3584546900659227,2.3427698541649757,-0.0020431708172962137,-0.0020452609382585773,408282400.0,-0.40848148079878144
2024-01-16,54.984391900558016,56.800279452629056,54.86646395445467,56.347557067871094,449580000,76.42430791234712,1.8915314315936556,1.2024547868655324,55.87335696481276,45.137996718658925,50.50567684173584,51.13111271662,48.85861280438794,51.8172248840332,50.50567684173584,48.68309837341309,52.38747470666931,50.49594327507565,1.8915314315936556,14.0943436566733,95.23910575189903,93.59530128957688,1.4447595272079627,2.683840061538457,0.030561283347990464,0.03010358910753905,411199800.0,0.27361938163254895
2024-01-17,56.3125721369695,56.43649692202064,54.70655556850314,56.01875305175781,474394000,74.25331127745373,2.0410926180353712,1.3701823530995003,56.7032339343651,45.02398164180677,50.863607788085936,51.59660227234742,49.13940261801029,52.60524291992188,50.863607788085936,48.933961410522464,52.946132913606,50.90504029557063,2.0410926180353712,13.188065483450895,91.7813550380634,93.0320204328985,1.5133611792162347,2.919813073139582,-0.005835284317955991,-0.005852376112244632,410922100.0,0.05519373637617342
2024-01-18,57.225023275703855,57.56481575240513,56.07272766296372,57.07211685180664,491650000,76.55141793560239,2.2190388921114277,1.5399536609018858,57.661281055078575,44.76850562705033,51.21489334106445,52.11807985134354,49.45048945070818,53.55846061706543,51.21489334106445,49.17593276977539,53.58089967332917,51.36186078121774,2.2190388921114277,15.31642793856774,95.20428146604314,94.0749140853352,1.5813201059479935,3.2231938570070597,0.01880377092784591,0.018629165458919874,414875250.0,0.03637482767488631
2024-01-19,57.95357335479518,59.46365188180549,57.19004013784853,59.45465850830078,543501000,80.73908788005303,2.5232275991892266,1.736608448559354,59.07471043775965,44.343172481551875,51.70894145965576,52.81680162819661,49.8428098059079,54.707058334350585,51.70894145965576,49.450645446777344,54.48455487870942,51.96132727952019,2.5232275991892266,23.507314783982995,99.92611765163505,95.63725138524721,1.7184503366298718,3.682884489051945,0.04174615885863564,0.040898304112894315,418828100.0,0.10546323604189967
2024-01-22,60.01232052303933,60.29414976562131,59.03391842649556,59.61756134033203,452955000,80.98908311867262,2.74579245202829,1.9384452492531414,60.238811139691805,44.332667131792576,52.28573913574219,53.46449302935236,50.22613339549316,55.76211395263672,52.28573913574219,49.72453895568847,55.27424818049751,52.52845572846922,2.74579245202829,25.40520978855445,94.7966977555772,96.64236562441846,1.7195210697161794,3.9765360019748073,0.00273995068037447,0.00273620385802091,421581150.0,-0.16659766955350586
2024-01-23,59.53360947543731,59.8734019281728,58.549210583878605,59.83642578125,294654000,81.33951932487412,2.906334814046339,2.132023162211781,61.29598569535418,44.36312799788312,52.82955684661865,54.07134376762833,50.60300760669931,56.52364883422852,52.82955684661865,49.990438308715824,55.97612165753635,53.069786843490014,2.906334814046339,24.740610155214814,96.47987440194963,97.06756326972062,1.6765473007042238,4.233214424367766,0.0036711404491800437,0.0036644182601246835,421292600.0,-0.3494850481835944
2024-01-24,60.2671639217423,62.81060746868792,59.90138636580081,61.32451629638672,560271000,83.5586469822091,3.1177033175295463,2.329159193275334,62.50031216672735,44.411235684835155,53.45577392578125,54.762122103700555,51.02345892786352,57.34534683227539,53.45577392578125,50.2785848236084,56.79895160197487,53.681248284445324,3.1177033175295463,24.981168301546006,90.3070233338383,93.86119849712172,1.8273123792303063,4.522269120473049,0.02486930821330935,0.024565100278885026,436680800.0,0.9014539086521818
2024-01-25,62.3119072339738,62.680685096135214,60.81282362309359,61.5793571472168,482777000,83.91150442004782,3.268105223543806,2.5169483993290287,63.57864034619594,44.565954227778676,54.07229728698731,55.41138258403544,51.437415720779335,58.071603012084964,54.07229728698731,50.54414733886719,57.53439860893516,54.26629338539136,3.268105223543806,17.920503991324114,91.52855233197253,92.7718166892535,1.889917154985238,4.753171529604316,0.004155611266437154,0.004147000560858888,448609650.0,-0.13831520817604337
2024-01-26,60.92276141821586,61.74526054571479,60.53600059416135,60.993717193603516,390309000,79.67942094009413,3.3019803932263585,2.6739547981084946,64.3694365913382,44.93584867172332,54.65264263153076,55.94303349923239,51.812172641282245,58.69212341308594,54.65264263153076,50.79230125427246,58.06660146811491,54.76462107488855,3.3019803932263585,14.849457204667607,86.40238864026334,89.41265476869138,1.8657178897559292,4.858396979903722,-0.009510329122358385,-0.009555841088070336,456442700.0,-0.19153356518641107
2024-01-29,61.19458949954275,62.45082152019551,60.86979110422985,62.42683792114258,348733000,82.0634347325547,3.4052143831434236,2.820206715115481,65.28795753254262,45.31083664165171,55.29939708709717,56.560538682271456,52.228434024806184,59.467150115966795,55.29939708709717,51.04841209411621,58.737407076273016,55.33219269312959,3.4052143831434236,14.931003421490907,96.55879534640998,91.49657877288196,1.7517870951864825,4.994280222722728,0.023496202452952808,0.023224415758589356,461550000.0,-0.10652073101055826
2024-01-30,62.861579220191196,63.45421549320403,62.22196696017239,62.735652923583984,410735000,82.53882090731958,3.4719246673684268,2.95055030556607,66.08413551870453,45.839049066866764,55.961592292785646,57.148644800491695,52.640481824758254,60.10595970153808,55.961592292785646,51.32604827880859,59.35252182201316,55.88059715464473,3.4719246673684268,14.505120285633122,92.81286084244549,91.92468160970627,1.6517053889060713,5.061271612959441,0.004946830765823806,0.004934635400912432,462622100.0,0.17779217911697498
2024-01-31,61.40247318166273,62.23096923579744,60.66292728322184,61.48942184448242,453795000,74.01363479814586,3.3852100214355474,3.0374822487399658,66.3316351519322,46.92663434880022,56.62913475036621,57.56205213801462,52.987499080433714,60.65302658081055,56.62913475036621,51.56692810058594,59.68127567162381,56.29606565018826,3.3852100214355474,12.460274741010952,80.20743668251825,89.85969762379125,1.695535341436727,4.851250200782994,-0.019864798101640102,-0.02006475571250427,464749150.0,0.10483645172678258
2024-02-01,62.06205550152998,63.15239231863236,61.61233350050668,62.98849105834961,369146000,77.08027485518552,3.398277173204775,3.109641233632928,66.49815512767285,48.30496949085744,57.40156230926514,58.07885584471319,53.37969484427355,61.24466400146484,57.40156230926514,51.841426849365234,60.190078038812395,56.79180086560762,3.398277173204775,11.785664429922766,94.91423392128114,89.31151048208164,1.6868254892118284,4.548296409203851,0.02437930247024589,0.024086870600116227,467161650.0,-0.18653577055718995
2024-02-02,63.93491403332179,66.55930912654547,63.65108714697043,66.11958312988281,476578000,81.88802520748946,3.619561891286388,3.21162536516362,67.05830147986973,49.55991331810391,58.30910739898682,58.844639395681725,53.87929830645431,61.911156463623044,58.30910739898682,52.15634300231934,61.102309591284765,57.48274769999838,3.619561891286388,18.031158367256882,96.29009415821106,90.47058825400349,1.896197612258351,4.374597040441454,0.04970895506343709,0.04851294009251883,475663800.0,0.291028481955649
2024-02-05,68.1833239064927,69.45455008972388,67.16395031831868,69.2896499633789,680078000,85.25938668497929,4.004567364919396,3.370213765114775,68.24463528831242,50.39584399025204,59.32023963928223,59.83940230689098,54.48362582241214,62.87836532592773,59.32023963928223,52.54395401000976,62.36190041776078,58.35733305284138,4.004567364919396,21.4071840778156,98.88188101705828,96.69540303218349,1.9827160693687793,4.462197824515094,0.04794444676502163,0.04683057568183143,488915750.0,0.42700250536113704
2024-02-06,69.58745829595591,69.71138308978904,66.25949848302591,68.18132019042969,683111000,79.67534402902385,4.172159963628303,3.5306030048174812,69.22229542208579,51.014208178988426,60.11825180053711,60.63387067675181,55.020790307432435,63.7128547668457,60.11825180053711,52.9339412689209,63.25719576740215,59.08503580377385,4.172159963628303,14.677843420647232,88.78142418386837,94.65113311971258,2.1057120160291816,4.55202181077434,-0.0159956035791059,-0.016124914032451993,490945800.0,0.004459782554353975
2024-02-07,68.2772638618389,70.17710350841662,67.5587013332111,70.0561752319336,495575000,81.84185717782012,4.405479809646948,3.7055783657833747,70.46855335411303,51.46281413856274,60.96568374633789,61.53123301534055,55.61041324564817,64.5860206604004,60.96568374633789,53.38021232604981,64.3031926080993,59.897712798452346,4.405479809646948,17.509293666025396,99.0688558834857,95.57738702813747,2.182307692783339,4.751434803887572,0.027498074784522375,0.027126793697467944,477069550.0,-0.27453225024922745
2024-02-08,70.03117613467934,70.75073737144197,69.41255872885704,69.59844207763672,414422000,79.61065621668537,4.501561034992328,3.8647748996251656,71.43691900015291,52.02261316537444,61.729766082763675,62.29953864032114,56.15896339592223,65.38792915344239,61.729766082763675,53.80801536560059,65.11784637264351,60.616285337651185,4.501561034992328,16.314504365743197,90.55613847457393,92.802139513976,2.107067950825202,4.853576458694617,-0.006533801663899941,-0.0065552403812336206,471100850.0,-0.1637552338193008
2024-02-09,70.48992214211897,72.14091368127717,70.1691190330097,72.08895111083984,436637000,82.41909451068702,4.724211592712258,4.0366622382425845,72.76961087301414,52.419965085237806,62.594787979125975,63.2318636375134,56.783668796507236,66.49745254516601,62.594787979125975,54.29404266357422,66.19032402467371,61.466112431961456,4.724211592712258,17.553232319726217,99.6176890411381,96.41422779973259,2.1986565411476806,5.087411446944083,0.03578397675087297,0.035158605444935674,463094750.0,0.0536047796690331
2024-02-12,72.55564739281085,74.56542046599529,71.2064736279646,72.20386505126953,613710000,82.53860604649462,4.853982667738357,4.200126324141739,73.79260961909033,53.14969575505518,63.47115268707275,64.08633996263303,57.38838237512537,67.47515525817872,63.47115268707275,54.775992736816406,67.11548418261152,62.26150151487317,4.853982667738357,17.25335956114789,83.89559517803877,91.35647423125027,2.343996219271716,5.160728466008786,0.001594057600491361,0.0015927884392395993,476130550.0,0.4055382388574491
2024-02-13,70.35700477469595,73.40513741451034,69.57748237910234,72.08394622802734,602580000,81.91282870140445,4.8907729466854875,4.338255648650489,74.69154294767736,53.82440134248378,64.25797214508057,64.84801674981344,57.9646789968078,68.40998458862305,64.25797214508057,55.28292526245117,67.87986295882934,62.98909001214385,4.8907729466854875,18.182576082749183,82.31235317898027,88.60854579938571,2.404958601269579,5.216785401298396,-0.0016608366208240577,-0.001662217338941174,483780550.0,-0.01813560150559712
2024-02-14,73.15730185072407,74.19066701109121,71.89407378756496,73.85487365722656,504917000,83.85904067178429,5.005132499224814,4.471631018765354,75.66684776915662,54.63270858155138,65.149778175354,65.70581264575755,58.58782388545168,69.64652976989746,65.149778175354,55.825376205444336,68.79909537396738,63.79396287474256,5.005132499224814,18.306286393233385,94.9353086923056,87.0477523497749,2.435582297732766,5.258534796901312,0.024567570476748513,0.024270641111219505,485306700.0,-0.1620747452620399
2024-02-15,73.82386790084495,73.929798313956,72.35576371942504,72.61360168457031,420122000,77.5595473265769,4.938673045427194,4.565039424097722,76.22529110675853,55.62841372722584,65.92685241699219,66.36369731612066,59.1378543873779,70.60904083251953,65.92685241699219,56.36808433532715,69.38594249867552,64.44726945324832,4.938673045427194,15.745351009605809,85.96065643935384,87.73610610354656,2.4616376293740174,5.149219344883174,-0.01680690672381635,-0.01694974549442451,481730300.0,-0.16793849286120288
2024-02-16,74.05471723562285,74.35653464053262,72.45669533307102,72.5686264038086,495327000,77.33286823317908,4.826734726802172,4.617378484638612,76.81562204262123,56.34947958091393,66.58255081176758,66.95464294351952,59.664551329198716,71.2539451599121,66.58255081176758,56.88870567321777,69.8755861763883,65.04885144958612,4.826734726802172,18.01806591603257,85.63715129412242,88.84437214192728,2.484409693052298,5.116535615426824,-0.0006193781842289692,-0.00061957007813721,479321600.0,0.1790075263851929
2024-02-20,71.90303947909813,71.91203666406658,67.69261615478561,69.4095687866211,704833000,63.33166249797576,4.432023644721426,4.580307516655175,76.8279762097698,57.31632615839426,67.07215118408203,67.18844540476728,60.046708876548614,71.26593704223633,67.07215118408203,57.367393035888675,69.80389119334718,65.37186754862576,4.432023644721426,10.194049135616371,62.91419379537765,78.17066717628465,2.744678387051679,4.877912512843885,-0.04353200237812005,-0.04450794845362922,491915500.0,0.4229650311814215
2024-02-21,67.96445653317794,68.84592156210476,66.2075347659216,67.4307861328125,673755000,56.43873343503362,3.9144180707677805,4.447129627477697,76.59374233276769,58.30999607055262,67.45186920166016,67.21152547410492,60.336280533657,71.19088363647461,67.45186920166016,57.784658126831054,69.43879810711108,65.5243800363433,3.9144180707677805,1.9830781454777322,44.91942845599771,64.49025784849927,2.8253432713614903,4.570936565553768,-0.02850878759802944,-0.028923055597244757,510870550.0,-0.044092714160659296
2024-02-22,74.97918103914212,78.52700835067758,74.17467237681947,78.49003601074219,865100000,73.68028540397634,4.346497248721377,4.427003151726433,78.22068906927382,58.39960130548204,68.31014518737793,68.28566933473704,61.04819251315054,72.03426971435547,68.31014518737793,58.40491928100586,70.83129624613126,66.48479899740988,4.346497248721377,13.278153450372294,99.75146184609949,69.19502803249162,3.4991469673411433,4.955271940947945,0.16400891213320956,0.15187000575176496,526112000.0,0.28399789240896167
2024-02-23,80.7406308653817,82.34364695439555,77.52259735875127,78.76883697509766,829388000,73.9600987813742,4.65772862178207,4.473148245737561,79.59071615706767,58.748522200476266,69.16961917877197,69.28406625286662,61.74311974695239,72.95130920410156,69.16961917877197,59.04832565307617,72.05245635827994,67.39472773649787,4.65772862178207,15.528471368839956,77.84590279527563,74.17226436579095,3.5884492193017445,5.210548489147851,0.0035520555031636203,0.003545761853207622,543442550.0,-0.04128077678881059
2024-02-26,79.65130088373225,80.59672965601601,78.45703132422116,79.0436782836914,503973000,74.25071833755959,4.870415999973488,4.552601796584747,80.637284537266,59.50694992928674,70.07211723327637,70.21355311294516,62.42157302290294,73.64678192138672,70.07211723327637,59.6766414642334,73.1280289621894,68.25761296221592,4.870415999973488,12.828994763135531,79.5491712491853,85.71551196352014,3.5030728887270146,5.282583651994815,0.0034892137442710247,0.0034831405609840748,549125750.0,-0.39235556820209605
2024-02-27,79.3325008302499,79.4314469973946,77.1148623296948,78.65291595458984,391705000,73.00321178516873,4.950376170309383,4.632156671329675,81.46865057863867,60.29819169125879,70.88342113494873,71.01730195500656,63.058096275125955,74.29168701171875,70.88342113494873,60.28852729797363,73.97801157640485,69.02763540609547,4.950376170309383,13.009592753316094,77.1275078116896,78.17419395205019,3.4219800359367767,5.292614721844972,-0.004943625316867206,-0.004955885455548828,551274350.0,-0.22276590214158298
2024-02-28,77.57257418666705,78.88476781049101,77.07787390422563,77.61554718017578,393110000,69.65730374188453,4.873855419533143,4.6804964209703686,81.88810704120131,61.36672465435534,71.62741584777832,71.64570626216553,63.62897670277497,74.8448471069336,71.62741584777832,60.87442901611328,74.53763243852346,69.66377701899032,4.873855419533143,7.666356611068678,70.69864339690785,75.79177415259426,3.3640151595839103,5.130345596711491,-0.013189196634654787,-0.013276946509537075,550393100.0,0.00358688298592047
2024-02-29,79.04568817875618,79.9411369643908,78.30213934805526,79.06367492675781,507289000,71.6132043928422,4.87388091458358,4.719173319693011,82.0995997577552,62.912657246028985,72.50612850189209,72.35217946831717,64.23425898606841,75.36572723388672,72.50612850189209,61.47849983215332,75.2339466674826,70.36006575289902,4.87388091458358,9.500613119003203,79.6730960387061,75.83308241576786,3.4345445268432013,4.796735627931552,0.018657701957835338,0.01848578216337815,553067800.0,0.29045051003535916
2024-03-01,79.95112973995113,82.24972776986829,79.38647244624788,82.2287368774414,479135000,75.35276705432003,5.070841661306289,4.789506988015667,82.90043826549733,64.03584332019604,73.46814079284668,73.29280398347187,64.9399247857301,76.32724075317383,73.46814079284668,62.122146453857425,76.31006823824549,71.2392265769392,5.070841661306289,14.073578348946732,99.28787011634546,83.21986985065314,3.4805146153767743,4.71614873632532,0.040031809217262015,0.03925129847137455,558567250.0,-0.05549893650364979
2024-03-04,84.07860289478097,87.64142750402274,83.66785848531528,85.18492889404297,615616000,78.2365777046609,5.403189852669158,4.912243560946365,84.55427874394704,64.28853741816235,74.4214080810547,74.42538730828817,65.73384651546786,77.58887100219727,74.4214080810547,62.83437110900879,77.67543141606049,72.27224156339133,5.403189852669158,15.340971659366968,88.5391858586048,89.16671733788546,3.627210600273249,5.066435331446173,0.0359508382210425,0.03531968925674834,565519150.0,0.2848487378296305
2024-03-05,85.22191083370436,86.04844794548417,83.36995895717057,85.91551971435547,520639000,78.89383315072826,5.660282548346828,5.061851358426458,86.2996373761707,64.20576576103633,75.25270156860351,75.51968563267553,66.52528468013011,79.23946609497071,75.25270156860351,63.591049346923825,78.94313730810588,73.28285475975905,5.660282548346828,18.318769102747435,91.9477632422818,93.2582730724107,3.545127311195078,5.52346790378359,0.008576526737743118,0.008539957276183818,557547200.0,-0.15427961586443495
2024-03-06,87.97235204473671,89.67338783876231,86.98090721641023,88.64996337890625,582520000,81.18421925711432,6.015336063233974,5.2525482993879615,88.31291225943967,64.23935519661502,76.27613372802735,76.7701882751737,67.39291913890564,81.36138381958008,76.27613372802735,64.38484718322754,80.43649516515208,74.42115910191811,6.015336063233974,22.160178264382395,95.63866501388537,92.04187137159067,3.6495040898294064,6.018389265706159,0.031827121265657565,0.03133113487320535,552517650.0,0.11885586750128208
2024-03-07,90.10714445366249,92.71467403344542,89.55145830366479,92.61672973632812,608119000,83.91170064876646,6.54139825796004,5.510318291102378,91.10070301406186,63.70761989243228,77.40416145324707,78.27938270004555,68.38208818194181,82.77405319213867,77.40416145324707,65.26117828369141,82.31037740687148,75.76897914891144,6.54139825796004,33.43510319312095,99.63049842486288,95.73897556034335,3.827409522687136,6.848270780407395,0.044746395894910806,0.043774172610251634,558144850.0,0.04394527226532996
2024-03-08,95.08433828640496,97.34506345152579,86.45720334881955,87.47863006591797,1142269000,69.79821041660693,6.469132502251597,5.702081133332221,92.18233864559366,64.4140030597286,78.29817085266113,79.1555014967953,69.13097217739187,83.6450325012207,78.29817085266113,66.02577308654786,83.10549320057093,76.63636069831934,6.469132502251597,29.730995414496565,68.31337038584773,87.86084460819866,4.469411008061754,6.942083896466268,-0.05547701462832777,-0.057075256315860766,594537200.0,0.8783642675200085
2024-03-11,86.3802534333582,88.74691405918401,84.11852931570184,85.72562408447266,678364000,65.73583861956647,6.198950791968713,5.80145506505952,92.91951862792766,65.0404903747579,78.98000450134278,79.78122745752648,69.78174284041465,84.31322708129883,78.98000450134278,66.75254936218262,83.50859025963274,77.30963946766403,6.198950791968713,9.218479747850036,62.68348883954575,76.8757858834188,4.451723471951696,6.969757063292438,-0.020039248215528382,-0.02024275731902881,606623550.0,-0.40612587752972373
2024-03-12,87.9993412781643,91.90813084085208,86.10141029804566,91.86116027832031,668075000,71.90025036132603,6.406071133655516,5.92237827877872,94.64304137144354,65.28269715394707,79.9628692626953,80.93169724998305,70.6476023477835,85.63405151367188,79.9628692626953,67.59993759155273,84.79360103173852,78.387529898083,6.406071133655516,16.621196663550744,76.33228047155444,69.10971323231598,4.664614381643119,7.340086054374121,0.07157178800823649,0.0691265313617598,609341800.0,-0.015167373268628603
2024-03-13,91.0036442134583,91.45238847114443,88.38511917925783,90.83673858642578,635713000,69.64722401549308,6.413620997063489,6.020626822435674,95.85475944515349,65.94625831607698,80.90050888061523,81.87503452012045,71.43933318067144,86.95617065429687,80.90050888061523,68.42683738708496,85.7233145016904,79.3096935046269,6.413620997063489,14.919675499422658,67.88738344845156,68.96771758651725,4.120315730300077,7.477125282269125,-0.011151847949565918,-0.01121449600238506,610998450.0,-0.048440669086554644
2024-03-14,89.52646826118793,90.59486542464842,86.55114274535384,87.8943862915039,602318000,63.493142067928254,6.111728872251874,6.038847232398915,96.48206145195233,66.72290757270586,81.6024845123291,82.44830611739506,72.08462938109624,87.83924179077148,81.6024845123291,69.22195365905762,86.05732554627708,79.94559667402521,6.111728872251874,11.749685596208046,53.36957234269895,65.86307875423499,4.08206903354491,7.439788469811618,-0.03239165497033336,-0.032927875821212,615868500.0,-0.05253156691777583
2024-03-15,86.88097416830968,89.49549613199862,86.20835719890029,87.78746032714844,642086000,63.27433555457049,5.797024664804155,5.990482718879964,96.85328207581011,67.8690728131059,82.36117744445801,82.95679699451443,72.70042667309829,88.39511413574219,82.36117744445801,70.02690406799316,86.3235001279496,80.52647546314545,5.797024664804155,13.105509806379,52.84199073546169,58.0329821755374,4.164029076495159,7.246052315676053,-0.0012165277996349921,-0.0012172683702560618,626966700.0,0.06602492371139501
2024-03-18,90.33701387030251,92.35287440054489,87.03587564379455,88.40510559082031,668976000,64.04511817742659,5.533669427412335,5.899120060586438,97.11306110034363,69.19294170727355,83.15300140380859,83.47568352749596,73.3162964345776,88.71713180541992,83.15300140380859,70.83563255310058,86.6437471222374,81.11007769482507,5.533669427412335,11.815072690102147,55.88950387106639,54.03368898307568,4.378344368570197,6.98002984826752,0.007035688939743379,0.0070110539621800316,635649150.0,0.04187912522621584
2024-03-19,86.65110342037197,90.49293740706634,84.96206166270107,89.34758758544922,672171000,65.24382468327535,5.339458965467074,5.787187841562565,96.75992546780645,71.53987921969355,84.14990234375,84.03491248539628,73.94497451892549,89.06033859252929,84.14990234375,71.64124420166016,87.05972257811615,81.72026361264908,5.339458965467074,8.657375728169301,58.002900066072044,55.578131557533375,4.644343071291616,6.305011562028224,0.01066094529643058,0.010604518109610736,634016050.0,0.004775956088110878
2024-03-20,89.74634940187569,90.35901024319512,88.17323967680368,90.32102966308594,479063000,66.48660718554359,5.20410473548705,5.670571220347463,95.4268641977965,75.16196484273084,85.29441452026367,84.63359031184291,74.58717275987297,89.22744522094726,85.29441452026367,72.40324325561524,87.56146212964997,82.35735739416292,5.20410473548705,6.0293538255241055,60.88761202715996,58.2600053214328,4.634355984304219,5.066224838766413,0.010895001241144397,0.010836078305766118,624281450.0,-0.28728999019594714
2024-03-21,92.2479404308415,92.59574371140432,90.3540050520513,91.3834228515625,480372000,67.83825217588094,5.12350125141549,5.561157226561069,95.88769426585964,75.99047345874973,85.93908386230468,85.27643150610191,75.24584923405688,89.1041145324707,85.93908386230468,73.16876098632812,88.14945608686727,83.02595483545178,5.12350125141549,6.364278718660198,57.340994463609945,58.74383551894732,4.569260356104784,4.974305201777473,0.0117624122802793,0.011693772828339695,605045050.0,0.002732417239486251
2024-03-22,91.0895899885777,94.72453954495887,90.78276394753543,94.2358169555664,586719000,71.19709353400914,5.229504304939056,5.494826642236667,96.71866774584613,76.70619797681012,86.71243286132812,86.12970631081282,75.99055385058666,89.77983322143555,86.71243286132812,73.96714141845703,89.08581929743637,83.85631499249732,5.229504304939056,6.301021865948428,77.75153311221924,65.32671320099638,4.46419499687922,5.0031174422590015,0.031213474118135798,0.03073623900252556,592911600.0,0.22138467687542152
2024-03-25,93.88801151365493,96.71141493346599,93.45725487677139,94.94841003417969,552136000,71.98426373153433,5.309804671606855,5.4578222481107055,97.4756814165805,77.53965748112458,87.50766944885254,86.96958285589538,76.73399919111974,90.70211181640624,87.50766944885254,74.77033935546875,89.98775633385841,84.67795166225156,5.309804671606855,2.517558441644027,81.87995893153304,72.32416216912075,4.505314358906434,4.984005983863977,0.007561807194278236,0.007533360048140181,595319750.0,-0.05894303746768048
2024-03-26,95.79694219210086,96.32064875325118,92.44983185631351,92.50879669189453,513648000,65.39494395002909,5.117594439593276,5.389776686407219,97.47943053352927,78.92149643790628,88.20046348571778,87.49712703075245,77.35261870095404,90.76687545776367,88.20046348571778,75.52698387145996,90.37560869663321,85.25801425703993,5.117594439593276,5.750166208805704,63.435116788968394,74.35553627757356,4.513382128372922,4.639483523905748,-0.02569409368105202,-0.026029952453904562,601416900.0,-0.06970746337858791
2024-03-27,93.0594819501001,93.18740810778951,89.07273343467564,90.1990966796875,586067000,59.81261919446381,4.724432639297262,5.256707876985228,96.68367962077325,80.97560230061346,88.82964096069335,87.75445747350817,77.85640215110045,90.70311126708984,88.82964096069335,76.20401466369628,90.34845300171848,85.62402036242122,4.724432639297262,5.218361071138725,45.972492124875714,63.76252261512571,4.516950986842543,3.9270193300399474,-0.02496735548187501,-0.025284326987733422,611064750.0,0.14098954926330864
2024-03-28,89.9492288448454,91.24849853375163,89.14268488587938,90.3050308227539,435212000,59.98135156494953,4.371010788491745,5.079568459286532,95.77412562326697,83.00929188771937,89.39170875549317,87.99736922105538,78.34458366763589,90.94417572021484,89.39170875549317,76.8897402191162,90.34177266649316,85.97076187800141,4.371010788491745,-1.6940015245307767,49.12695703616241,52.844855316668834,3.889661954354401,3.191208433886896,0.0011744479375730421,0.0011737588131017758,607460900.0,-0.2574023106573139
2024-04-01,90.24806771473163,92.17297617207028,89.15368416261286,90.31202697753906,452441000,59.993298309802974,4.044859336094319,4.872626634648089,95.22026756893487,84.37147895206121,89.79587326049804,88.21781281691098,78.81389516998503,91.1966323852539,89.79587326049804,77.55453842163087,90.33719640665407,86.29233707055975,4.044859336094319,-0.5776425013184359,45.5341259348285,46.877858365288866,3.7747267590669185,2.712197154218414,7.747248100598014e-05,7.746948016831075e-05,606126200.0,0.03958760328299782
2024-04-02,88.39810360146309,90.04317879660557,87.57057538202243,89.40154266357422,433064000,57.58402040984967,3.670601080981257,4.632221523914723,94.98602860723511,85.0273792907141,90.0067039489746,88.33054899278368,79.22909703247872,91.2962760925293,90.0067039489746,78.15347610473633,90.19324967694948,86.52264859596822,3.670601080981257,1.714735645427674,37.78489673912173,44.14865990337088,3.5289371047195766,2.4896623291302533,-0.010081540016716573,-0.01013270289882245,596998600.0,-0.04282768360957556
2024-04-03,88.43410095294554,90.32303448482294,88.35014869042175,88.91382598876953,370067000,56.280194618402774,3.2966424160965175,4.365105702351082,94.7855228163349,85.52771570905573,90.15661926269532,88.38609918287757,79.60889032488228,91.25289993286133,90.15661926269532,78.73940139770508,89.99641526338334,86.69977284728682,3.2966424160965175,1.2830598555005277,33.633888053237385,38.98430357572921,3.4215688686723413,2.314451776819792,-0.005455349653640806,-0.005470284414556003,589470000.0,-0.14546810633070406
2024-04-04,90.35499714995936,90.58287298050408,85.83154944356146,85.85653686523438,434965000,48.81822972150439,2.7221999717470027,4.036524556230266,94.99283904695785,85.04105682706559,90.01694793701172,88.14518848595918,79.85389607156276,90.80645065307617,90.01694793701172,79.25980361938477,89.35951089443735,86.63731092269035,2.7221999717470027,-2.8828297964847094,7.612973939246169,26.34391957720176,3.454835132663104,2.4879455549730656,-0.034384856230585736,-0.034989926047755276,582092250.0,0.17536824412876584
2024-04-05,86.81699703882079,88.43109152288164,85.87753246886356,87.95835876464844,399678000,53.39322594286941,2.4087827099250347,3.71097618696922,94.68304092302851,84.88501785382697,89.78402938842774,88.12739517916768,80.17171813795828,90.46394424438476,89.78402938842774,79.79248046875,89.14394902831597,86.73516631839094,2.4087827099250347,-1.5548587917633103,25.501804507000717,22.24955549982809,3.403936255845171,2.449505767300389,0.02448062752301805,0.02418577931649207,571670200.0,-0.0811260676146357
2024-04-08,88.64995673788222,88.77988827828314,86.68307229452097,87.08384704589844,283220000,51.33704783289382,2.0660157413616673,3.3819840978477096,94.70541343259633,84.8231670422572,89.76429023742676,88.02800964266585,80.44278201670103,89.74874725341797,89.76429023742676,80.30257026672363,88.8270102617902,86.76099452042854,2.0660157413616673,-3.58408515631718,18.058741909453445,17.057840118566777,3.1739232006317306,2.4705615975847866,-0.009942337840681437,-0.009992092944280322,528717750.0,-0.2913795605462397
2024-04-09,87.39266655170175,87.5855584540804,82.97516214642668,85.30583953857422,501700000,47.34495257003126,1.6320864264743307,3.032004563573034,94.75965248207018,84.72694953819348,89.74330101013183,87.76875534703807,80.63349015481371,88.78449020385742,89.74330101013183,80.78881271362305,88.28529168898774,86.65320526251341,1.6320864264743307,-6.6506409186054745,16.96734493956475,20.175963785339636,3.108174669438049,2.508175735969178,-0.02041719064601155,-0.020628502696335003,519884550.0,0.7714144481321941
2024-04-10,83.87866326448999,87.35070274664696,83.66178279831279,86.98990631103516,431929000,51.21459074002326,1.4078555499187644,2.70717476084218,94.55599787489291,84.44347874864224,89.49973831176757,87.69457924837113,80.88276137662632,88.23260116577148,89.49973831176757,81.28007408142089,88.0860016308412,86.67814608092243,1.4078555499187644,-7.689125938121601,29.22736081558241,21.4178158882002,3.2155424824339582,2.5281297815626713,0.01974151806687785,0.019549181521588875,508077250.0,-0.13906916483954557
2024-04-11,87.37069882551852,90.68782736368458,86.87698174129012,90.56489562988281,431637000,58.23196333222561,1.5013164834665673,2.466003105367058,94.52871566567799,84.44357666220287,89.48614616394043,87.967942713277,81.2624529159697,88.26918106079101,89.48614616394043,81.83665893554688,88.46736993838606,86.96605345491949,1.5013164834665673,-4.61673281597753,55.2533038021646,33.81600318577059,3.3252661662965344,2.52128475086878,0.0410965992544603,0.04027458000054503,497873450.0,-0.0006760370338643185
2024-04-12,89.64840815742117,90.1241452492344,87.48063273280795,88.13626098632812,426805000,52.68744477937425,1.363694605324838,2.245541405358614,94.52587352510113,84.47060627226216,89.49823989868165,87.98397302499615,81.53201401676807,88.05230407714843,89.49823989868165,82.36959571838379,88.41643009960792,87.05273549428308,1.363694605324838,-4.726616129414556,37.57282950391785,40.684498040554956,3.264015259128779,2.5138168132097447,-0.026816512365673506,-0.02718263530022371,489097800.0,-0.011194591751865546
2024-04-15,89.04775296579596,90.56189797510771,85.88054139689574,85.95249938964844,443077000,48.23974810531413,1.0661273129678221,2.0096585868804557,94.6287797023274,84.18420400128586,89.40649185180663,87.79049934543923,81.70536638433201,87.61635131835938,89.40649185180663,82.82887588500977,88.03736383653722,86.9712365235694,1.0661273129678221,-4.708026406427837,22.309694138085835,38.37860914805609,3.3659578678085915,2.6111439252603854,-0.024777107313622482,-0.02508922622762616,479147350.0,0.03812513911505255
2024-04-16,86.38425134878223,88.06829858635284,86.01546379198004,87.3656997680664,370453000,51.11569382068275,0.9335748797645635,1.7944418454572775,94.63908535847628,84.0699577628616,89.35452156066894,87.7500422428323,81.92734024251769,87.41276702880859,89.35452156066894,83.25379821777344,87.93403090292634,87.00045602316177,0.9335748797645635,-3.2548918126794826,42.992869915696836,34.29179785256684,3.2405994606490722,2.6422818989036716,0.016441643796901273,0.016307943482971436,464221200.0,-0.16390830487703045
2024-04-17,88.2901585822677,88.7249183584023,83.90263584788114,83.98759460449219,495400000,44.71932308180903,0.5496057537530703,1.5454746271164361,94.89067287029005,83.28237095295214,89.08652191162109,87.39171389632372,82.00813453122257,86.92014389038086,89.08652191162109,83.5477571105957,87.32688685701339,86.77728110326032,0.5496057537530703,-7.0028683716951505,11.007316034471154,25.436626696084613,3.291142877606736,2.9020754793344787,-0.038666263448266625,-0.03943364980887916,455382650.0,0.3372816524633355
2024-04-18,84.92208786592035,86.14140114557978,82.35553513097022,84.62325286865234,447260000,46.086461292517086,0.2932197102439744,1.295023643741944,94.90240658297542,82.70085956082342,88.80163307189942,87.12805094130741,82.11068819151393,86.79681549072265,88.80163307189942,83.87659576416016,86.9109431664963,86.61772345625232,0.2932197102439744,-5.344750943395905,23.098867904461784,25.699684618209925,3.411146618087972,3.050386755537999,0.007568478025279157,0.0075399807922676195,453792500.0,-0.09717400080742833
2024-04-19,83.10311370735981,84.27644766930946,75.56336900757456,76.15702819824219,875198000,34.01909284776595,-0.5863624310023425,0.9187464287930868,96.22785929952519,79.85276737894159,88.04031333923339,86.08319163244406,81.87721132903269,85.61668243408204,88.04031333923339,83.99861282348633,85.25649470984182,85.84285714084416,-0.5863624310023425,-14.347372468415228,3.9251600069882504,12.677114648640396,3.8426174646322835,4.093772980145901,-0.10004607933886656,-0.10541171623396071,473533800.0,0.9567991772123596
2024-04-22,78.05994814693265,80.02783946358336,76.35691439393003,79.47315216064453,596341000,40.58181806497189,-1.0042774400378534,0.5341416550268988,95.79410492070846,78.81025527826614,87.3021800994873,85.45366406370125,81.78293449889983,84.85561294555664,87.3021800994873,84.19610702514649,84.366749702273,85.37102714231085,-1.0042774400378534,-7.434943147788026,25.850731715562453,17.62491987567083,3.9232860124768933,4.245962410610584,0.04354324270335552,0.042621886737217236,474014900.0,-0.3186216147660301
2024-04-23,80.72345160999099,82.72232381135599,80.21873912417956,82.37651824951172,438559000,45.676417763952394,-1.0886514207681302,0.209583039867893,94.62647877189994,78.72069224860786,86.6735855102539,85.16060255758796,81.80621229304147,84.56268081665038,86.6735855102539,84.40185836791993,84.06056024800203,85.14921166877016,-1.0886514207681302,-6.346003487936988,45.04722801649795,24.941039913016215,4.014449287927627,3.9764466308230184,0.036532665559790845,0.035881167650156434,468336050.0,-0.26458351849025974
2024-04-24,83.90264988256477,84.03457921776213,79.13834013698539,79.63206481933594,512208000,42.00968793966223,-1.3612808653911515,-0.1045897411839159,94.07793591440489,77.98156191884706,86.02974891662598,84.6340751539449,81.72095160779811,83.82689666748047,86.02974891662598,84.55042236328126,83.37925325897648,84.74053412436763,-1.3612808653911515,-8.557020020756504,26.901431548573058,32.59979709354449,4.024800398201492,4.024093498889459,-0.03331596780848467,-0.03388358750098776,468264050.0,0.16793407500473134
2024-04-25,78.82351130528671,83.27600032547527,78.17887846781115,82.58539581298828,424641000,46.94541085488114,-1.3237729052415688,-0.3484263739954465,93.58638314443164,77.71174460215039,85.64906387329101,84.43896283575856,81.75485138055068,83.02894668579101,85.64906387329101,84.76045135498048,83.25712134420907,84.58089424945064,-1.3237729052415688,-3.1890474794000325,46.428286157943255,39.45898190767142,4.2049837696312675,3.968659635570315,0.03708720853029068,0.036416022654826,460192750.0,-0.170959844438197
2024-04-26,83.7707330936579,88.28118855401848,83.3399763925944,87.6855239868164,551011000,54.19569855633576,-0.8724527641325039,-0.453231652022858,93.21471769815788,77.8214593648304,85.51808853149414,84.7481591358593,81.98742677687483,82.98387298583984,85.51808853149414,85.03706436157226,83.93841405845635,84.81086682258885,-0.8724527641325039,0.7996533221843544,80.14934944327912,51.159689049931806,4.462053538007555,3.848314583331868,0.061755811952239004,0.05992396413291237,465982700.0,0.29759255465204726
2024-04-29,87.54559308685103,87.94236470516184,85.21790438488335,87.70750427246094,388971000,54.22473210383886,-0.5071584682362698,-0.46401701526554034,92.82678557877952,77.94893921370095,85.38786239624024,85.03000152982136,82.21174354140761,83.1593734741211,85.38786239624024,85.33894241333007,84.51827409138014,85.0254325596164,-0.5071584682362698,-3.1550760783729648,80.29467885030314,68.95743815050851,4.32734382462361,3.719461591269643,0.00025067177163506926,0.00025064035871596703,462809200.0,-0.2940776136955524
2024-04-30,87.19078860426956,88.76890032049818,86.25132401291081,86.35326385498047,363709000,52.036230877479206,-0.3232102244899693,-0.4358556571104262,92.4496342843756,78.02126262724548,85.23544845581054,85.15602651316985,82.3741561027242,83.0581298828125,85.23544845581054,85.61463516235352,84.80058020885711,85.12379043334708,-0.3232102244899693,-2.023000648534703,71.34070254520539,77.26157694626255,4.243676421713124,3.6070929142825285,-0.015440416743287555,-0.015560861396856265,459341450.0,-0.06494571574744645
2024-05-01,85.02901046138126,85.95148630832341,81.20916027802339,82.99415588378906,559863000,46.97212830776398,-0.4433709517411586,-0.43735871603657267,92.0023713593829,77.87655854174015,84.93946495056153,84.95013407227644,82.3984698196287,82.95878601074219,84.93946495056153,85.88632690429688,84.52266877423126,84.96603972597242,-0.4433709517411586,-3.441835347275147,49.5434378418023,67.05960641243695,4.338909132753311,3.5314532044106905,-0.038899606352257976,-0.039676407572561884,468831250.0,0.539315771674608
2024-05-02,84.40136817425811,86.18836175340402,83.15307206256357,85.76860046386719,377898000,51.196699464290546,-0.311138096883397,-0.4121145922059376,91.9956798696992,77.87445639128713,84.93506813049316,85.02808325242795,82.53063180567727,83.07332077026368,84.93506813049316,86.25308319091796,84.71435057263679,85.02548866952019,-0.311138096883397,-1.8280621667761021,68.0415491304752,62.97522983916097,4.346762202220461,3.530305869603017,0.03342939693203206,0.032882783274968415,465977900.0,-0.3250170130907025
2024-05-03,87.73947860212795,89.23063371341577,86.9909005732954,88.7389144897461,398341000,55.30228192966161,0.032957003395878814,-0.3231002730855744,92.11326332552896,77.83492850796712,84.97409591674804,85.38149575122016,82.77409387171919,84.33150939941406,84.97409591674804,86.45806076049804,85.33351425219206,85.30055724879618,0.032957003395878814,5.657168665954122,96.40221189643366,71.32906628957039,4.2596676787445045,3.5695837043904604,0.034631718482222906,0.03404553584227919,465911050.0,0.05409660807942873
2024-05-06,89.33958648937698,92.16799229625614,89.00477633292259,92.0880355834961,376203000,59.44498079299666,0.5693379583480862,-0.1446126267988423,92.9974253057259,77.45118538152997,85.22430534362793,86.02021383048454,83.1393464878673,85.59299774169922,85.22430534362793,86.72444473266602,86.372671380085,85.80333342173691,0.5693379583480862,8.82119566643247,99.51846716802932,87.98740939831272,4.353473293730622,3.8865599810489813,0.03774128986147329,0.03704651462402455,470560200.0,-0.05557549938369388
2024-05-07,91.04661392300342,91.72922732116892,88.96079315014337,90.50292205810547,437342000,56.7634605377235,0.8566434628139632,0.055638591123718814,93.60830521575383,77.36001372345515,85.48415946960449,86.44713842359128,83.4281141572884,86.4056381225586,85.48415946960449,86.9536296081543,87.00809456131891,86.15145109850495,0.8566434628139632,18.837255338430346,89.97224923924857,95.29764276790384,4.232399002504304,4.062072873074673,-0.01721302355237453,-0.01736288990070717,467342300.0,0.16251598206287565
2024-05-08,89.4325232671434,91.14255660736433,89.36955526816209,90.36100006103516,325721000,56.517636747837116,1.0606566364860157,0.2566422001961782,94.04389212406099,77.26153619014801,85.6527141571045,86.81988715096689,83.69999203586671,87.47853164672851,85.6527141571045,87.1877912902832,87.52392617665987,86.46326954017385,1.0606566364860157,13.700032783879355,89.11753549716053,92.86941730147947,4.088622954260925,4.195588983478246,-0.0015681482303874228,-0.0015693790617426228,462031900.0,-0.2552258872918677
2024-05-09,90.47795332635798,91.02064641644553,88.18125256182073,88.69696044921875,378013000,53.58731266638252,1.07566486179374,0.42044673251569065,93.75970020070194,77.35893459544063,85.55931739807129,86.99865603651469,83.89595158148838,88.08968811035156,85.55931739807129,87.40941955566406,87.70439298782277,86.62872812602903,1.07566486179374,7.67262605171407,78.0468360950474,85.71220694381884,3.644302239514284,4.100191401315329,-0.018415462541277905,-0.018587138094670434,459350700.0,0.16054230461038732
2024-05-10,90.25406978590553,91.34945233112951,89.17667483195356,89.82730865478516,335325000,55.2833454293684,1.1653353810766873,0.56942446222789,93.98970959001976,77.29802997296854,85.64386978149415,87.26805152396902,84.12855381965687,88.30386657714844,85.64386978149415,87.62469223022461,88.03099539812469,86.865660017048,1.1653353810766873,12.8029379353399,83.2678204625691,83.47739735159234,3.5572794264121117,4.172919904262806,0.01274393395040363,0.012663413401563114,454776700.0,-0.11292733318695392
2024-05-13,90.4269726636133,90.94668368485891,88.47907428372562,90.3480224609375,289680000,56.07957010301468,1.263848309426436,0.7083092316675992,94.47110560142309,77.25618626869411,85.8636459350586,87.56138208939458,84.37245455068748,88.56791839599609,85.8636459350586,87.78707794189454,88.38746110009589,87.12361279066945,1.263848309426436,9.399514976627845,86.99009917541754,82.76825191101135,3.5014535514422422,4.303729833182246,0.005796831876077935,0.005780094896002099,447106850.0,-0.1361216730038023
2024-05-14,89.54846112262796,91.59930565354625,88.88383529778994,91.30447387695312,296507000,57.5739048450183,1.4029260920672044,0.8472326037475202,94.98707348834331,77.13409579266254,86.06058464050292,87.91786702154302,84.64429844583515,89.06303939819335,86.06058464050292,87.90946884155274,88.83623229653546,87.43330620446825,1.4029260920672044,4.127191953236011,93.82721143102596,88.02837702300421,3.3456843567979258,4.463244423920197,0.010586301614173621,0.010530659077861918,443409550.0,0.023567384700359018
2024-05-15,92.41984953324487,94.80850105677926,91.54734077306348,94.57662963867188,417735000,62.29976732242563,1.756929075503308,1.029171898098678,96.22669683733255,76.95337594709127,86.59003639221191,88.552034889841,85.03380162986795,90.22128677368164,86.59003639221191,88.08269104003907,89.71937034917183,87.96244127366852,1.756929075503308,7.831855920642992,98.29498045618796,93.03743035421049,3.2318918798094987,4.818330222560318,0.0358378469616778,0.035210613210253025,439526300.0,0.40885375387427625
2024-05-16,94.85647788998737,95.7649618311796,94.04992617640089,94.3057861328125,323952000,61.6872581084833,1.992654106782112,1.221868339835365,97.2524350693418,76.89589104149803,87.07416305541992,89.10001119869543,85.39740886527754,91.07500534057617,87.07416305541992,88.1958074951172,90.42497277742424,88.43231867064213,1.992654106782112,9.209289750978376,89.97529821330448,94.03249670017279,2.9475520879343926,5.089136006960939,-0.002863746645383025,-0.0028678550132319523,433360900.0,-0.22450357283924016
2024-05-17,94.31578286476113,94.68656820618962,91.75422475858959,92.42684173583984,359691000,57.46622231320747,2.0047433491163105,1.378443341691554,96.92929767444113,78.84600979015849,87.88765373229981,89.41685220223299,85.67307289941725,91.44379806518555,87.88765373229981,88.19200973510742,90.73295261718049,88.72820926806418,2.0047433491163105,11.365482004851902,77.06673807588469,88.44567224845905,2.962400882743075,4.52082197107066,-0.019923956673522758,-0.02012511509677444,407585550.0,0.11032189954067273
2024-05-20,93.69712933361367,95.14630855060346,93.38730659931326,94.72654724121094,318764000,60.98504704364344,2.174821190699859,1.537718911493215,97.2667352347953,80.03391173786093,88.65032348632812,89.92253744404042,86.02811110889935,91.70764923095703,88.65032348632812,88.33696807861328,91.34735179010825,89.17253059940839,2.174821190699859,10.444319633171089,92.86597453134759,86.63600360684559,2.9768216332556645,4.308205874233593,0.024881359810429826,0.024576859364815448,393706700.0,-0.11378377551843111
2024-05-21,93.5462119787617,95.34619876949091,93.1274495632841,95.33220672607422,328946000,61.87951156006808,2.3316034905541443,1.6964958273054012,97.87649639243016,80.71971942788234,89.29810791015625,90.43774404232934,86.39297760369053,92.19057769775391,89.29810791015625,88.52909973144531,91.96040639564148,89.62880290508734,2.3316034905541443,7.429989733635957,96.56867358464967,88.83379539729397,2.7678677496306454,4.289194241136953,0.006393767138171302,0.00637341371967343,388226050.0,0.03194212646346517
2024-05-22,95.4051618418388,95.96584245517248,93.19640917175742,94.89644622802734,548648000,60.799481302829065,2.393106124606561,1.8358178867656332,97.68132136412372,82.44133259705792,90.06132698059082,90.86238234572915,86.72644696150766,92.64412231445313,90.06132698059082,88.58980545043946,92.41210483139315,90.01899870678659,2.393106124606561,3.049701979998116,88.08464454455638,92.5064308868512,2.737526850616366,3.809997191766447,-0.004570968332863412,-0.004581447153043415,390048050.0,0.667896858450931
2024-05-23,101.9704583406549,106.26003756449907,101.46274160839002,103.74046325683594,835065000,71.62432513551303,3.119525716266466,2.0925594526658,100.11800276707687,82.12015793848953,91.1190803527832,92.08886624202503,87.39366328681466,94.14847259521484,91.1190803527832,88.84787994384766,94.15492920453819,91.03540348827173,3.119525716266466,14.626645082499753,86.06336483735016,90.2388943221854,3.3019238568251623,4.499461207146836,0.09319650398242785,0.0891059770996187,410569250.0,0.5220414546302912
2024-05-24,104.39007837740144,106.41493649766242,102.94189825157174,106.40894317626953,429494000,73.96077730160437,3.8659779173649014,2.4472431456056203,103.19191571387921,80.91858691063251,92.05525131225586,93.45268309290546,88.13936053738152,95.80663604736328,92.05525131225586,89.21817108154296,96.04016212326609,92.17418420590118,3.8659779173649014,17.759811317265907,99.96713049642639,91.37171329277764,3.3050638882237786,5.568332200811677,0.025722652817031344,0.02539739131405824,404493400.0,-0.48567596534401514
2024-05-28,110.18181893492428,114.87417036274923,109.82102250000426,113.83675384521484,652728000,79.1156050933959,4.999280317259718,2.95765057993644,107.94731743993428,78.77611014185284,93.36171379089356,95.39402316455397,89.1471014514142,98.15550918579102,93.36171379089356,89.73915695190429,98.77809931125822,93.7788189939985,4.999280317259718,28.343466640425923,96.11351398422882,94.04800310600179,3.686348513447134,7.29280182452036,0.06980438342142836,0.06747581252803195,417681250.0,0.5197604623114642
2024-05-29,112.98623077828327,115.42684694644582,110.83844096973402,114.76022338867188,557442000,79.65485898099408,5.903890533552669,3.546898570659686,111.82037330727192,77.74375022788433,94.78206176757813,97.23842318589854,90.15153760581647,100.50108413696289,94.78206176757813,90.26625930786133,101.23688763086031,95.33299709730764,5.903890533552669,27.7564975587839,97.55327944634554,97.87797464233358,3.887448844697817,8.5191557698469,0.008112226607521533,0.008079499371953555,427367900.0,-0.14598117439423464
2024-05-30,114.58533630630252,115.75367568258609,109.60114957621623,110.43767547607422,484553000,70.48112508197362,6.200531290799461,4.077625114687641,113.61053181745994,78.69794367692482,96.15423774719238,98.49549483258194,90.94707242425795,102.08718872070312,96.15423774719238,90.68806106567382,102.65239345320092,96.45186216240145,6.200531290799461,22.23585250448907,80.50933860124543,91.3920440106066,4.124101148393892,8.728147035133782,-0.03766590709707818,-0.03839359868773902,423602400.0,-0.1307562042329068
2024-05-31,112.45653988138353,112.65343500336584,106.87969257247853,109.57117462158203,613263000,68.77128740510013,6.293158239955815,4.520731739741276,115.06295656861808,79.62577634153818,97.34436645507813,99.55032147915338,91.67742937317263,103.61372756958008,97.34436645507813,91.07306396484375,103.71682132525955,97.42366308530373,6.293158239955815,20.006358909910706,77.33238711506023,85.1316683875504,4.347047616177932,8.859295056769971,-0.007846062050445024,-0.007877004351707472,435370650.0,0.2656262576023676
2024-06-03,113.55692243893306,114.93514251708984,111.93983111247248,114.93514251708984,438392000,73.11872861610635,6.721907183352954,4.9609668284636115,117.52952825374196,79.77882745914867,98.65417785644532,101.01554253038542,92.58949655528704,105.86455764770508,98.65417785644532,91.5440983581543,105.44271689323344,98.72080970988048,6.721907183352954,21.525944576580137,96.95371035415826,84.93181202348798,4.553930365776112,9.43767519864832,0.0489541881250517,0.04779365651108637,437373200.0,-0.2851484599592671
2024-06-04,115.65073625073813,116.53423270815343,113.98067349692546,116.37132263183594,403324000,74.15612491237351,7.095785741511634,5.387930611073216,120.04453267448105,79.69215174324356,99.8683422088623,102.47799777814261,93.52211718573994,108.02903518676757,99.8683422088623,91.9868084716797,107.12404085301844,100.02825511150681,7.095785741511634,23.397860729296244,99.34801784575411,91.21137177165753,4.542365284024087,10.088095232809371,0.012495569964882991,0.01241814464565987,438729250.0,-0.0799923356265625
2024-06-05,118.30424338003813,122.37993877462908,117.40175277551737,122.3709487915039,528402000,77.97931338697941,7.7864495392275614,5.867634396704085,123.4737082112714,79.44977887979306,101.46174354553223,104.37256454131987,94.65344391537775,110.73290939331055,101.46174354553223,92.53525924682617,109.46971899740083,101.68326945817327,7.7864495392275614,32.39763091899829,99.97064563745202,98.75745794578813,4.721264495664587,11.005982332869584,0.05155588184426674,0.050270859631280584,443282250.0,0.3101179200841011
2024-06-06,123.97803915924119,125.51617269807858,118.25327265969561,120.92976379394531,664696000,75.10510814786252,8.123867106986324,6.318880938760533,125.98013897118199,80.00022449317348,102.99018173217773,105.94944066061754,95.68388783218433,113.33624114990235,102.99018173217773,93.10367858886718,111.23280281225382,103.1089357052675,8.123867106986324,27.661956775444068,86.41544939186147,95.24470429168919,5.117540523064891,11.494978619502128,-0.011777182507705208,-0.01184708288330726,460231000.0,0.2579361925200889
2024-06-07,119.70245088550641,121.62337164710611,117.95544321860926,120.81982421875,412386000,74.87837564106148,8.286875809551134,6.712479912918654,127.86845504961224,81.32419479169636,104.5963249206543,107.36566766615397,96.66961082773592,115.04417724609375,104.5963249206543,93.71609313964844,112.707729182484,104.42085337293287,8.286875809551134,26.735579053479192,85.50005055838896,90.62871519590082,5.170082307414664,11.636065064478974,-0.0009091192419976579,-0.0009095327415283254,461949650.0,-0.379587059347431
2024-06-10,120.3021010809677,123.0305567964374,116.94399587339676,121.72129821777344,313434100,75.53067965999364,8.392064305106047,7.048396791356133,129.57271644492937,82.80933235267804,106.1910243988037,108.73287057583201,97.65202994107074,116.57541275024414,106.1910243988037,94.34441848754882,114.09443211099007,105.70236780588402,8.392064305106047,28.26749900126762,88.28334644588568,86.73294879871203,5.41058902943445,11.69084602306283,0.007461308645767328,0.007433610772011068,460855105.0,-0.23994970731305132
2024-06-11,121.71131653242202,122.81079255068147,118.68277788836801,120.85173797607422,222551200,73.546880301432,8.30947425464906,7.3006122840147185,130.72309112762113,84.70932922149997,107.71621017456054,109.88704842347413,98.56182241303166,117.27691116333008,107.71621017456054,94.95521270751954,115.13401762869532,106.82454337404626,8.30947425464906,16.49431107404539,85.56785628024274,86.45041776150579,5.546965133442069,11.503440476530288,-0.0071438626964319685,-0.007169502266898617,457498665.0,-0.28995855907190693
2024-06-12,123.00069556163665,126.8188544177255,122.51093382538542,125.13966369628906,299595000,76.78488486783323,8.492128839468862,7.538915595105548,132.30933415698593,86.50660517406875,109.40796966552735,111.3396784494565,99.6040906986496,118.31485519409179,109.40796966552735,95.66997512817383,116.6733477929405,108.18121895347164,8.492128839468862,17.602581099778,93.3775703947089,89.07625770694578,5.7753710733160855,11.450682245729295,0.03548087757797691,0.03486593483409987,457653065.0,0.34618460830586395
2024-06-13,129.32763594350715,129.7374419918796,127.09871503024357,129.5475311279297,260704500,79.55531351485902,8.8900826387666,7.809149003837759,134.62308422137735,87.6899452586031,111.15651473999023,113.07375965693014,100.77834326450372,120.22584075927735,111.15651473999023,96.48264923095704,118.65399138293884,109.76390874417224,8.8900826387666,13.801146599873157,99.29125952512683,92.74556206669281,5.292098713253142,11.733284740693561,0.03522358380583812,0.0346174263885335,449801540.0,-0.1298102438291694
2024-06-14,129.89737910282292,132.7759808624214,128.2581700274141,131.8164520263672,309320400,80.82387766315048,9.281554859302389,8.103630174930686,136.82175344472887,89.24234262460705,113.03204803466797,114.85877797782891,101.99552400026307,122.45036849975585,113.03204803466797,97.4018475341797,120.67898532808167,111.39743046877928,9.281554859302389,14.862491666584674,96.29472445892236,96.32118479291937,5.3667253267471855,11.894852705030457,0.01751419636239082,0.01736259043619188,449069960.0,0.1864789445521653
2024-06-17,132.92592665460285,133.66556033801308,129.5175660413327,130.91688537597656,288504400,78.73787741460153,9.410730856451096,8.365050311234768,137.94158701409842,91.97151341925118,114.9565502166748,116.38812153955726,103.12969503460478,124.04854278564453,114.9565502166748,98.26101806640625,122.25404687391165,112.84331601746055,9.410730856451096,18.543680688334536,89.73833894015841,95.10810764140253,5.058351548904376,11.492518398711812,-0.006824388280536331,-0.006847780905889778,445510630.0,-0.06729591711377592
2024-06-18,131.07678620278367,136.26428691629846,130.62700616579136,135.5146484375,294335100,81.38266133554889,9.771465447655501,8.646333338518915,139.65907405596397,94.33283649701455,116.99595527648925,118.20969552983752,104.39969320726735,125.96287536621094,116.99595527648925,99.22963409423828,124.29413942215601,114.5226739745005,9.771465447655501,23.677280001348027,97.44887246008172,94.49397861972083,5.133271175604041,11.331559389737352,0.035119710099421164,0.034517081960814766,444289185.0,0.020210090383370183
2024-06-20,139.73263779444994,140.69216665961412,129.45759262565218,130.71697998046875,517768400,71.4019402191876,9.56001654165469,8.82906997914607,139.7715836168291,97.75880426158888,118.76519393920898,119.40086547751667,105.43174366896153,126.79747848510742,118.76519393920898,100.13785690307617,125.28226873881951,115.72225219716482,9.56001654165469,13.731080953792949,70.49850107555258,85.8952374919309,5.496274599003475,10.503194838810053,-0.03540331995359125,-0.036045213146254314,453730305.0,0.7591119781500746
2024-06-21,127.05874834066508,130.5670591372875,124.24010749891087,126.5090103149414,649445800,63.989429689331246,8.94972689506892,8.85320136233064,138.3300655335288,102.36157875358057,120.34582214355468,120.0778316525095,106.25830314527448,127.35540313720703,120.34582214355468,100.9282389831543,125.47099821206903,116.52127131700011,8.94972689506892,8.711499924408422,50.671289567352375,72.87288770099555,5.546498174051372,8.992121694987059,-0.032191454133625785,-0.032720994463130086,458770195.0,0.2543171811952989
2024-06-24,123.18061051854794,124.4000238405581,117.98311936403563,118.05308532714844,476060900,52.25071046630587,7.695041823702638,8.62156945460504,137.31978189683517,104.80312459730547,121.06145324707032,119.88499866914178,106.72084362299503,127.07872924804687,121.06145324707032,101.4780027770996,124.32978084515818,116.63473902145554,7.695041823702638,-3.5285037069641922,15.245916075973739,45.47190223962624,5.772349820865513,8.12916432488242,-0.06684049591995167,-0.06917913446134193,440819990.0,-0.2669736258206612
2024-06-25,121.1415781857949,126.43902662016784,119.26248709669801,126.02922058105469,414192600,59.751081707299974,7.260606567830365,8.349376877250107,136.88421361998186,107.20072061463726,122.04246711730957,120.47016266075252,107.47803487625228,127.509521484375,122.04246711730957,102.23586196899414,124.59123311221919,117.33062654438882,7.260606567830365,4.216874842986085,38.25652421588061,34.72457661973558,6.188948540993472,7.420873251336153,0.06756397117282287,0.06537939048235325,440054920.0,-0.12995879308718694
2024-06-26,126.06922189761302,128.05826088696048,122.54092403749853,126.33909606933594,362975900,60.01386916064867,6.862214522347969,8.05194440626968,137.10167908777265,108.2334893692586,122.66758422851562,121.02910869966522,108.21768433480459,128.05825729370116,122.66758422851562,103.04359390258789,124.86013510562177,117.9979205832738,6.862214522347969,4.568183976656873,39.561363612020926,31.021267967958426,6.153857162898388,7.217047429628509,0.002458759062799798,0.0024557412604224098,425567315.0,-0.12365430961345036
2024-06-27,124.04019204451785,126.34908399185862,122.8607604065947,123.93024444580078,252571700,56.90360209836208,6.279723023612817,7.697500129738307,137.07707611199848,109.17509445074566,123.12608528137207,121.30540734215433,108.8338631626868,127.93731536865235,123.12608528137207,103.77488479614257,124.71707500411084,118.43735198049802,6.279723023612817,1.814757368160241,29.41804922701081,35.745312351637445,5.88424455910417,6.975495415313202,-0.01906655737202012,-0.019250668173107416,410323800.0,-0.3041639954608557
2024-06-28,124.5199608102888,127.6484495693471,122.69084094404647,123.48046112060547,315516700,56.31670591873789,5.715911093834791,7.3011823225576045,136.38663708917562,111.16981203802163,123.77822456359863,121.51255532105444,109.40823955319341,127.33060836791992,123.77822456359863,104.56474212646485,124.52682671434079,118.810915620506,5.715911093834791,2.175163707659442,27.524078827166996,32.16783055539958,5.976364573161582,6.304206262788494,-0.0036293265393503304,-0.00363592852359326,401871985.0,0.24921636113626344
2024-07-01,123.41050281013469,124.7798377464592,118.77273936918628,124.24010467529297,284885500,57.12107724294588,5.269637858697919,6.894873429785667,135.20088358425807,113.82245854831028,124.51167106628418,121.77232192622,109.98988132268751,126.5729736328125,124.51167106628418,105.35707916259766,124.48271563141036,119.21307777271244,5.269637858697919,-0.7188440454653144,27.55283050766991,28.16498618728257,5.970688677035317,5.344606258986948,0.006151933251573594,0.006133087363144147,385453110.0,-0.09708265838226626
2024-07-02,121.07161927076024,123.35052684202405,120.9716689903923,122.61087799072266,218374000,54.79081241592595,4.729973932015852,6.461893530231705,134.64698970038822,115.14392597954341,124.89545783996581,121.8521844085536,110.48482236849281,125.74237289428712,124.89545783996581,106.28615615844727,124.19474060976609,119.46476667775023,4.729973932015852,-5.354523607522096,20.378479847492603,25.151796394109834,5.909290178648688,4.875765930211202,-0.013113532774528536,-0.013200274305252505,374452210.0,-0.23346748079491586
2024-07-03,121.60136576540062,128.21817016601562,121.30150730962696,128.21817016601562,215749000,60.728801575199995,4.700562836125755,6.109627391410515,134.46790596037596,116.50769447297364,125.4878002166748,122.45846876640712,111.18024777231723,125.01272506713867,125.4878002166748,107.26105651855468,124.81372977226602,120.11316693614026,4.700562836125755,-2.729766887999534,45.070366311548376,31.00055888890363,5.977114922558501,4.490052871850579,0.04573242005262568,0.044717520347923166,365073460.0,-0.012020661800397514
2024-07-05,127.31861187118912,128.78791231292527,125.61943416430904,125.76936340332031,214176700,57.19565428129663,4.428605878662083,5.773423088860829,134.51730362694735,116.7981382675839,125.65772094726563,122.77379206516075,111.75236995392521,124.51796340942383,125.65772094726563,108.12891342163086,124.96075033088975,120.53214445222767,4.428605878662083,-3.931900730660697,34.28696914467515,33.24527176790537,5.87502205491748,4.4297913398408655,-0.019098749884861266,-0.019283486955406572,349362195.0,-0.007287635168645057
2024-07-08,127.42854201917729,130.70696731901708,126.9787619894619,128.13819885253906,237677300,59.64170205796917,4.354032675701873,5.489545006229038,134.65148187209806,117.38480352829257,126.01814270019531,123.28468794967297,112.39495147936105,124.68088226318359,126.01814270019531,109.09903610229492,125.44958856498965,121.09555588928778,4.354032675701873,-5.44328577759842,44.718210131521694,41.358515195915075,5.905007274966729,4.31666958595137,0.018834757409261105,0.018659579569162355,328011260.0,0.10972528757796707
2024-07-09,130.28719371816868,133.7555228326683,128.58800070420872,131.3166961669922,285366600,62.72009142107947,4.4995431124193175,5.291544627467094,135.12181001457537,117.96416258063948,126.54298629760743,124.04964111322718,113.13698068279757,126.00724334716797,126.54298629760743,110.073662109375,126.35222050375927,121.85267739133995,4.4995431124193175,0.45878981186150786,58.714822464404484,45.90666724686711,6.009959395213078,4.289411858483974,0.024805228596282314,0.02450257365244056,321660290.0,0.20064726416868583
2024-07-10,133.96540518326054,135.03489683470838,132.35618048673416,134.84498596191406,248978600,65.83535437779426,4.8437291862239675,5.201981539218469,136.22130710153397,118.17703426809494,127.19917068481445,125.0777691940545,113.98827500746881,126.88881988525391,127.19917068481445,111.01685134887695,127.65879980501386,122.81507061878989,4.8437291862239675,6.589234732151036,74.25175692492165,59.22826317361594,5.872882246442297,4.511068208359754,0.026868554402518896,0.026513932884053643,318437515.0,-0.1275131707775191
2024-07-11,135.68459054854569,136.08439171293904,126.98878558577707,127.33861541748047,374782700,55.25619250720649,4.459392657184765,5.053463762811728,136.0369164389145,119.01011267485502,127.52351455688476,125.29308788199982,114.51181776864574,126.98877182006837,127.52351455688476,111.80947357177735,127.60954066847026,123.1501480112855,4.459392657184765,7.865554775294514,51.68419033268456,61.550256574003555,5.720098824528015,4.256700941014869,-0.0556666641394713,-0.057276065143561435,326049090.0,0.5052807751348911
2024-07-12,128.1981955828636,131.85643576222122,127.15870339191848,129.177734375,252680500,57.07612593501608,4.254165348626444,4.893604079974672,136.1921822482621,119.25865393337851,127.72541809082031,125.66305421466652,115.08695175320865,127.51352081298828,127.72541809082031,112.66596298217773,127.8508012387056,123.59663589007916,4.254165348626444,2.498241105855583,61.844354337017364,62.59343386487452,5.593017388009791,4.2333820787209,0.014442743479579745,0.014339440524040336,323703365.0,-0.3257946538087271
2024-07-15,130.49707086610906,131.3266726567918,127.11870268784229,128.3780975341797,208326200,56.00940412789652,3.981105511615013,4.71110436630274,136.09679898465222,119.2370938376134,127.66694641113281,125.92162976890587,115.608173156384,128.0032844543457,127.66694641113281,113.57364181518555,127.93192374570161,123.9508182340866,3.981105511615013,1.613911709265934,55.484929885734935,56.337824851812286,5.284594460727201,4.214926286759702,-0.00619020642132484,-0.006209445184797111,321084450.0,-0.17553511252352283
2024-07-16,128.37809442503013,128.97779607447222,124.5199543330253,126.2990951538086,214769500,53.224226366927006,3.555954674364301,4.480074427915053,135.6075834887227,119.17457364628707,127.39107856750488,125.95757885318233,116.02742499942026,128.20918350219728,127.39107856750488,114.38425170898438,127.68071934694883,124.12476467258453,3.555954674364301,1.9114387441104397,43.47566387756361,53.60164936677197,5.0040159213291675,4.108252460608903,-0.016194369758576466,-0.0163269316840072,316356905.0,0.030928899005501886
2024-07-17,121.29150949460832,121.79126850169425,116.66374383425097,117.9331283569336,390086200,43.78809726833527,2.514965018370276,4.087052546006097,135.79459765153118,117.68918378157427,126.74189071655273,125.1933454725872,116.10215846442078,127.74140853881836,126.74189071655273,114.96813598632812,126.18108996386957,123.66612494549929,2.514965018370276,-4.4924781729262415,6.5362624903756785,35.16561875122475,5.298159812050287,4.526353467489228,-0.06623932488737805,-0.0685351100835965,321435995.0,0.816301662945623
2024-07-18,121.79128264268718,122.3410206645978,116.50383081871446,121.03164672851562,320979500,47.50055766087022,1.9178895167533625,3.6532199401555507,134.40855490672325,117.6269263554838,126.01774063110352,124.79699321124706,116.2954717296794,127.02275619506835,126.01774063110352,115.54700820922852,125.38886792766127,123.4709784109079,1.9178895167533625,-2.5824655856197087,23.124035793768677,24.378654053902654,5.465935973523102,4.195407137809861,0.02627351970350622,0.025934299625179943,322768215.0,-0.17715751031438687
2024-07-19,120.29200089882109,121.54139851435873,117.31344125378135,117.8731689453125,217223800,44.2895368801492,1.1762806878606256,3.1578320896965657,134.2064814050268,116.54461875366458,125.3755500793457,124.13758137639614,116.35734220872385,126.23313674926757,125.3755500793457,116.09441314697266,124.23260654576146,123.05632585790083,1.1762806878606256,-3.864020161219818,6.993354960541165,12.217884414895172,5.413818018900014,4.415465662840558,-0.02609629686595827,-0.02644284764615569,307740985.0,-0.32324712325865046
2024-07-22,120.29199609290939,124.01020446831424,119.80223438238662,123.48046112060547,258068900,50.665622024413445,1.0291485802003848,2.73209538779733,134.0770546693957,116.37119056986212,125.2241226196289,124.07499849489227,116.63668020526823,125.76736297607422,125.2241226196289,116.75680236816406,124.11689186496822,123.08774328476784,1.0291485802003848,-3.6950371692840553,35.63039046521294,21.91592707317426,5.423099243594931,4.426466024883391,0.04757055592434689,0.046473727036832446,288172140.0,0.18803234268068225
2024-07-23,122.720840459146,124.62992383611729,122.04116779427122,122.53092956542969,173911000,49.62976350100293,0.8263998409630915,2.3509562784304827,133.746466005301,117.14956365778492,125.44801483154296,123.92794431113393,116.86782723900006,124.88878631591797,125.44801483154296,117.43348175048828,123.87289766503922,123.04649782407613,0.8263998409630915,-2.5748988070373984,30.781032163858804,24.468259196537634,5.374550697662459,4.149225586879019,-0.0076897312057196965,-0.007719449637928856,273064645.0,-0.326106322768842
2024-07-24,119.1125656978158,119.89218856658098,113.38533146913761,114.19493865966797,327776900,41.59053945697547,-0.006845879878596861,1.8793958467686669,134.55053991706933,115.16206155387795,124.85630073547364,123.00099139194668,116.76300807902626,122.82378158569335,124.85630073547364,117.92083435058593,122.3839808949821,122.3908267748607,-0.006845879878596861,-10.881423586199258,3.5666991577391047,23.326040595603615,5.533760357655559,4.847119590797845,-0.06803172827731163,-0.0704565080920289,268743860.0,0.884739320687018
2024-07-25,112.98551932388845,116.57378540069556,106.24876991914482,112.22588348388672,460067000,39.94459459949801,-0.8166713346758172,1.3401824104797702,135.33113456561227,112.97014564679006,124.15064010620117,121.97479063879811,116.58508162431491,121.31250839233398,124.15064010620117,118.35839157104492,120.82119667789051,121.63786801256633,-0.8166713346758172,-14.537993446643036,20.03348080375899,18.127070708452298,6.044941595722309,5.5902472297055565,-0.017242928617437037,-0.01739331920103023,273598415.0,0.40359799607598945
2024-07-26,116.13399696280182,116.14398665212225,111.52621844802754,113.00550079345703,293399100,40.94117829221792,-1.3796514773042219,0.7962156329229717,135.84724807412212,111.36155777304586,123.60440292358399,121.12057255828944,116.44470590545774,119.69528503417969,123.60440292358399,118.792412109375,119.6187819264392,120.99843340374342,-1.3796514773042219,-16.195993505183374,22.64652274053697,15.41556756734502,6.022096187750734,6.121422575269062,0.006946858294791136,0.006922840044803416,275639785.0,-0.36226875650720436
2024-07-29,113.63521076393421,116.22395888086476,111.24636320886141,111.53621673583984,248152100,39.6072117994728,-1.9222181067255235,0.2525288849932727,136.38790723107013,109.62647417762129,123.0071907043457,120.20777676567519,116.25221613410018,118.0110969543457,123.0071907043457,119.13160385131836,118.37531035865467,120.2975284653802,-1.9222181067255235,-12.409745959489475,17.721926002543736,20.13397651561323,5.976401308598885,6.690358263362208,-0.013001880858018011,-0.013087145181695108,272271555.0,-0.15421656030983055
2024-07-30,111.46623842477169,111.93601308136988,102.49057150448816,103.68000030517578,486833300,33.35009799444606,-2.9521070261629774,-0.38839829723797725,137.88245424901945,106.07591672266024,121.97918548583985,118.6337028170562,115.75918806237766,115.74918746948242,121.97918548583985,119.31908813476562,116.11449342735023,119.0666004535132,-2.9521070261629774,-19.738489913288678,3.5406178675338897,14.636355536871532,6.385489944967851,7.951634381589804,-0.07043646145243176,-0.07304011638654423,282368945.0,0.9618342943702674
2024-07-31,112.84558326649312,118.28295597890576,110.82655264429766,116.96359252929688,473174200,48.239706871792364,-2.6656980303375093,-0.8438582438578837,137.75267007696425,105.64097234857286,121.69682121276855,118.47464469441246,115.80641961009998,115.65223388671875,121.69682121276855,119.80982315063477,116.24512405841894,118.91082208875645,-2.6656980303375093,-8.891318086283205,49.285186697672145,23.515910189249922,6.778872055436994,8.027924432097844,0.12812106659935996,0.12055347586210277,295108955.0,-0.028057037182953604
2024-08-01,117.4733618639685,120.1020993651303,106.75852653969832,109.1573715209961,523462300,42.26430043831915,-3.0336436777992333,-1.2818153306461537,137.4205722580545,104.06699030298066,120.74378128051758,117.58728534456328,115.54567262621354,114.4648063659668,120.74378128051758,120.09843963623047,115.15470059112312,118.18834426892235,-3.0336436777992333,-13.57232497345852,23.119630428870725,25.315144998025584,7.396432087946225,8.338395488768459,-0.06674060568330686,-0.06907209500002273,310494620.0,0.10627819521858961
2024-08-02,103.70998217587321,108.66759017560734,101.32113494189423,107.2182846069336,482027500,40.90873660404207,-3.4420337402907677,-1.7138590125750768,137.35729737697702,102.27515730441948,119.81622734069825,116.59976146478903,115.21910839016336,113.39931793212891,119.81622734069825,120.33616119384766,113.93371351663242,117.37574725692319,-3.4420337402907677,-9.085524906598517,21.322710058058505,31.24250906153379,7.655593988671393,8.770535018139386,-0.01776414077256816,-0.017923816954213453,323887160.0,-0.07915527058968719
2024-08-05,92.0156323292122,103.36016867781126,90.6462974352404,100.4015884399414,552842400,36.479248710026766,-4.266554039150563,-2.224398017890174,137.5177256958233,99.34106794431345,118.42939682006836,115.05707831956545,114.63802917642916,111.0914306640625,118.42939682006836,120.44626403808594,111.85184812021842,116.11840215936898,-4.266554039150563,-17.045176898938845,28.705856431052602,24.38273230599394,8.520890090831841,9.544164437877455,-0.063577739487089,-0.06568877120783988,339645415.0,0.14691049784503996
2024-08-06,103.78996196090817,107.65809998114993,100.50155392872522,104.19976806640625,409012100,40.354512668781396,-4.560935339688513,-2.691705482249842,136.15985789093918,97.98724293913897,117.07355041503907,114.02304877164552,114.22868560348708,109.25831451416016,117.07355041503907,120.45545013427734,110.67460503501655,115.23554037470507,-4.560935339688513,-11.600096104356075,39.882355318077906,29.970307269063003,8.350972963806905,9.543153737950052,0.0378298758563651,0.037131875219130875,345827690.0,-0.2601651031107599
2024-08-07,107.75803985921162,108.74756823143176,98.64244001125142,98.86233520507812,411440400,36.943629586211436,-5.1653776086525625,-3.186439907530386,134.0890301285927,96.45980562580185,115.27441787719727,112.5791712891153,113.62608362707888,107.72505416870118,115.27441787719727,120.30451797485351,108.85733275348755,114.02271036214012,-5.1653776086525625,-19.936859396307568,24.176459783661365,30.921557177597293,8.65582570482812,9.407306125697708,-0.05122307813513172,-0.05258157453273882,353950780.0,0.005936988172232649
2024-08-08,101.95084088326249,105.44915405082541,97.47299667346623,104.9194107055664,391910000,42.84735691623568,-5.096893276791661,-3.5685305813826416,132.60967061089167,95.69724467231146,114.15345764160156,111.84967028115825,113.28464547329409,106.99440689086914,114.15345764160156,120.12617111206055,108.25149859226892,113.34839186906058,-5.096893276791661,-14.37312107426639,41.99997110949206,35.35292873707711,8.923554284598248,9.228106484645053,0.06126777693368868,0.0594642094418183,354807145.0,-0.04746835750694389
2024-08-09,105.58909444979487,106.54863093775165,103.3801603016259,104.69952392578125,290844200,42.691094180414666,-5.002694033102401,-3.8553632717265938,130.41150695476657,95.44758728351468,112.92954711914062,111.16870396159854,112.94797404005828,106.16380920410157,112.92954711914062,119.92495712280274,107.70504095127082,112.70773498437322,-5.002694033102401,-8.31509245973295,41.35293368861374,35.843121527255725,8.711513935535676,8.740979917812972,-0.0020957683454991827,-0.0020979675411852182,356715330.0,-0.25788012553902684
2024-08-12,106.26876479464013,111.01647580125626,106.20879614847053,108.96746063232422,325559900,46.750395651303826,-4.531418261221617,-3.990574269625599,127.91877814463031,95.9992524034654,111.95901527404786,110.95906173976289,112.7918754750491,105.90693359375,111.95901527404786,119.89555282592774,107.89925936374057,112.43067762496219,-4.531418261221617,-2.903450389882955,62.198826705487356,48.51724383453105,8.977813637937745,7.979881435291225,0.040763668701764066,0.03995474051788731,362577015.0,0.11936184390130533
2024-08-13,112.38580888904526,116.1739831093698,111.52622277964618,116.08402252197266,312646700,52.759142475178216,-3.542842069705216,-3.9010278296415226,126.07377687475602,96.8227464101561,111.44826164245606,111.44715324283048,112.9209792808108,107.14733581542968,111.44826164245606,120.02580978393554,109.15845369577627,112.70129576548149,-3.542842069705216,2.7242228979121252,86.35896298895074,63.303574461017284,8.839308236562994,7.312757616149983,0.06530905509178564,0.06326494963811401,367470875.0,-0.039664590141476275
2024-08-14,118.4728819117515,118.54284787534027,114.0150319977807,118.02310180664062,339246400,54.273220159676825,-2.5732579075498307,-3.6354738452231845,126.08672712771593,96.81879350216687,111.4527603149414,112.07343405843145,113.12106251711785,107.25328674316407,111.4527603149414,120.08756896972656,110.52224571283233,113.09550362038216,-2.5732579075498307,5.815945045154428,92.94197603773252,80.49992191072353,8.425222550563626,7.3169834063872665,0.016704101413275385,0.016566122335569977,364928885.0,0.08507910046707678
2024-08-15,118.70277375276062,123.180610648127,117.41339446628129,122.80079650878906,318086700,57.857167496230616,-1.4031606771136893,-3.1890112116012856,126.43800688364783,96.64442872426233,111.54121780395508,113.09508762513217,113.50065992855593,108.61762924194336,111.54121780395508,120.21615844726563,112.41125352759491,113.8144142047086,-1.4031606771136893,18.442125913707926,98.83257366813726,92.71117089827351,8.50732597754584,7.448394539846378,0.04048101286115857,0.03968311859390376,364784245.0,-0.06237265892873145
2024-08-16,121.88123896431732,124.93976189528415,121.12160307679298,124.51996612548828,302589900,59.099407792475915,-0.3332856618830107,-2.617866101657631,127.63652793010043,96.1105873958273,111.87355766296386,114.18317129183275,113.93278958333761,110.34779739379883,111.87355766296386,120.25913879394531,114.27413238880926,114.60741805069227,-0.3332856618830107,6.460449301177797,98.77587238150002,96.85014069578993,8.424509059437828,7.881485133568281,0.013999661773986816,0.01390257161270977,369052550.0,-0.0487187927065168
2024-08-19,124.22011749326396,129.93736267089844,123.36053125322975,129.93736267089844,318333600,62.81872136003713,0.9408906204744198,-1.906114757231221,129.17772136084648,95.21508412011057,112.19640274047852,115.68357047079138,114.56041990049687,113.30137481689454,112.19640274047852,120.43929077148438,116.68386012451529,115.74296950404087,0.9408906204744198,19.036727305132455,100.0,99.20281534987909,8.219608333779753,8.490659310183972,0.043506248146185866,0.04258643519921037,372065785.0,0.05202982650775856
2024-08-20,128.3381146113763,129.81741234204915,125.82932973595075,127.18867492675781,300087400,59.845128763908235,1.709185943353205,-1.1830546171143357,130.12029673917363,94.73828327791622,112.42929000854492,116.77929470469294,115.05564558780121,115.60026550292969,112.42929000854492,120.56666778564453,118.29998547870645,116.59079953535324,1.709185943353205,18.6259185110417,93.00429314487994,97.26005517545998,7.469970995295304,8.845503365314348,-0.021153944390132184,-0.021380895384225933,378374605.0,-0.05731785774420295
2024-08-21,127.25863301570179,129.28766098618868,126.59895509298427,128.4380645751953,257883600,60.75449633379526,2.3913152315996626,-0.4681806473715361,132.22373725198878,94.05915535665379,113.14144630432129,117.88965373997888,115.5804463324049,118.5578384399414,113.14144630432129,120.70100311279298,119.85968995508935,117.46837472348969,2.3913152315996626,27.92433523302758,96.18412459242144,96.39613924576713,6.708909071564763,9.541145473833751,0.009823120251523765,0.009775187052550172,374879940.0,-0.14063836069091873
2024-08-22,129.95734653679833,130.68699047324503,123.04067554756361,123.68036651611328,376189100,55.59159292759788,2.518964085408996,0.12924829918457037,133.3600137660119,94.06832714585335,113.71417045593262,118.44115019484883,115.89809026117779,120.43393402099609,113.71417045593262,120.75757568359376,120.44748634909303,117.92852226368403,2.518964085408996,18.695433599518278,82.50124204773026,90.56321992834387,6.695343239177589,9.82292165503964,-0.03704274176676492,-0.037746252142804554,370686045.0,0.45875542298928673
2024-08-23,125.79932992863567,129.53753255606168,125.15963905002394,129.30763244628906,323230300,59.92900737525391,3.039166434414284,0.7112319262305131,135.367864102065,93.69068997508344,114.52927703857422,119.47605326641457,116.42395466059392,122.89474487304688,114.52927703857422,120.84093505859374,121.81058574866165,118.77141931424737,3.039166434414284,30.795648492477746,95.84705761291147,91.51080808435438,5.929998872624389,10.419293531745392,0.04549845774788075,0.04449376475192016,372177605.0,-0.14077707195663036
2024-08-26,129.50754931146787,131.19672185153635,124.31005134750605,126.39904022216797,331964700,56.8388466665544,3.1800735511191363,1.2050002512082378,136.71295811316398,93.83187831261726,115.27241821289063,120.13538535743871,116.815134486538,124.63790283203124,115.27241821289063,120.77796524047852,122.51650182150877,119.33642827038963,3.1800735511191363,20.472503011744404,85.77357156116246,88.0406237406014,5.903581655683088,10.72026995013668,-0.02249358501965648,-0.022750424504412628,376368235.0,0.02702221914220293
2024-08-27,124.98974063480068,129.1377346219971,123.82029866993177,128.23817443847656,303134600,58.30292671930271,3.4009422717630144,1.6441886553191933,137.9583940027048,95.04225983640653,116.50032691955566,120.90707955563279,117.26309683759442,125.85331802368164,116.50032691955566,120.70639968872071,123.39675914719612,119.9958168754331,3.4009422717630144,22.4820988960573,91.22710377504892,90.94924431637428,5.561603636532017,10.729033541574568,0.01455022295324393,0.014445384187269168,367183300.0,-0.08684688462357593
2024-08-28,128.05825393148814,128.26815944285755,122.580899020736,125.54946899414062,448101100,55.347085994444214,3.3207467636393915,1.979500276983233,138.76690198631778,95.09233949927793,116.92962074279785,121.34921188310973,117.58805260843937,126.60595474243163,116.92962074279785,120.59905136108398,123.72794527749528,120.40719851385589,3.3207467636393915,15.21739450070061,79.69823535787116,85.56630356469418,5.398110996872186,10.918640621759964,-0.020966498128261124,-0.0211894165348478,365929645.0,0.4782248545695542
2024-08-29,121.30151255769351,124.37003270157089,116.65375204642187,117.5333251953125,453023300,47.59898427604337,2.5806077945347283,2.099721780493532,138.87718165213576,95.81965520089159,117.34841842651367,120.98579410331952,117.58590643537556,126.07920761108399,117.34841842651367,120.23942489624024,122.77492680331332,120.19431900877859,2.5806077945347283,1.2484945316789968,45.32000447501147,72.08178120264385,5.807200019128829,10.764381612811043,-0.06384848827359224,-0.06597794410175065,362407695.0,0.010984574686382143
2024-08-30,119.47239604079388,121.69132742002542,117.16351169383461,119.3124771118164,333751600,49.295580836497166,2.1132448486093125,2.102426394116688,138.95684080284178,96.94941530067385,117.95312805175782,120.82643058031923,117.65361508935364,125.5584587097168,117.95312805175782,120.01133483886719,122.2422422353907,120.12899738678139,2.1132448486093125,1.0924770535925994,39.583410180461854,54.867216671114825,5.679404579894244,10.50185637554198,0.015137425181729336,0.015023997596487669,354993900.0,-0.26327939423866276
2024-09-03,115.95408600386334,116.15398655476369,107.23828777198462,107.94794464111328,477155100,40.316279459018574,0.8164223451802286,1.8452255843293963,138.2497067710467,98.4111849525861,118.3304458618164,119.59990810991866,117.27300056197167,123.35951690673828,118.3304458618164,119.64011352539063,120.0431195285788,119.22669718339857,0.8164223451802286,-12.095077792604332,2.962033606922371,29.288482754131902,6.027095070093258,9.959630454615148,-0.09525015946196969,-0.10009679278806002,351209535.0,0.4296713483920376
2024-09-04,105.3592035946603,113.21540862229497,104.06982436712501,106.1588134765625,372470300,39.108517885315955,-0.3516333540538028,1.4058537966527564,138.07244758127314,98.7843486833753,118.42839813232422,118.31980385912284,116.83715008803406,121.25653076171875,118.42839813232422,119.4022280883789,117.90707244365322,118.25870579770702,-0.3516333540538028,-14.745549023376578,7.700803641986495,16.74874914312357,6.356935668494001,9.822024724474463,-0.016574017879626868,-0.016712903649258166,349382445.0,-0.2193936520850348
2024-09-05,104.93940893047393,109.59716719188593,104.70952402528704,107.15834045410156,306850700,40.18656204114406,-1.1830351446579215,0.888076008390621,137.04506886267532,100.64132792687545,118.84319839477538,117.2568073443589,116.45758892591907,119.12855834960938,118.84319839477538,119.02481048583985,116.25342136833758,117.4364565129955,-1.1830351446579215,-17.530771556823822,11.385437972593035,7.349425073833967,6.294109024547799,9.100935233949969,0.009415393266049898,0.009371344724577835,344152960.0,-0.1761740466286842
2024-09-06,107.98793734308131,108.09788494505915,100.90134998938433,102.78044891357422,413638100,37.08926147929619,-2.1701699451487144,0.2764268176827539,137.30404766865186,100.16845294169971,118.73625030517579,115.87810654142703,115.92123049406241,117.03856658935547,118.73625030517579,118.55363754272462,114.18065637529706,116.35082632044578,-2.1701699451487144,-19.19056553363669,6.202594022413853,8.429611878997795,6.535421605775203,9.283898681738037,-0.04085441713613036,-0.04171240867143849,345239365.0,0.3480109382184886
2024-09-09,104.8294482794324,106.49864918568733,103.64002700878578,106.41868591308594,273912000,41.14872851539204,-2.6286051427784543,-0.3045795744094878,137.13050188981632,100.51391491926572,118.82220840454102,114.97720933872789,115.5485816869653,114.74967193603516,118.82220840454102,118.20340637207032,112.98650707341844,115.61511221619689,-2.6286051427784543,-17.143966420653992,18.211811192832428,11.933281062613105,6.331233666806947,9.154146742637653,0.035398142720421744,0.03478603170428085,344392755.0,-0.3377979446284083
2024-09-10,107.7580285866342,109.34726610485653,104.89940661736314,108.04788970947266,268283700,42.92480137516586,-2.8278574290412593,-0.8092351453358422,137.19302572969573,100.35943398710114,118.77622985839844,114.31727413594167,115.25443690353423,112.91455688476563,118.77622985839844,117.89475494384766,112.22671978665754,115.0545772156988,-2.8278574290412593,-12.639416624468039,23.589542827221383,16.00131601415589,6.355506991988783,9.208397935648648,0.015309377130603874,0.015193371104909347,341528945.0,-0.02054784018224831
2024-09-11,109.33727332924734,117.13351677378026,107.36822165058582,116.85365295410156,441422400,51.452771059096726,-2.2492864266381076,-1.0972454015962954,137.2110265908201,100.41839616918968,118.81471138000488,114.55883402338547,115.31715125845844,111.77610473632812,118.81471138000488,117.74702590942383,112.938555658572,115.18784208521011,-2.2492864266381076,-9.631279497256708,52.65590743464822,31.485753818234013,6.860977651273784,9.198157605407602,0.08149870643754831,0.07834777032847498,347967730.0,0.645356762263231
2024-09-12,116.79367460276575,120.74211318355616,115.33425434141012,119.09276580810547,366052700,53.36104487082357,-1.5917384742747913,-1.1961440161319947,137.2610388570702,100.47535030308606,118.86819458007812,114.99063705050166,115.46521457413087,111.13043441772462,118.86819458007812,117.67666366577149,113.88535722003868,115.47709569431348,-1.5917384742747913,-5.780324281909476,60.046847754483764,45.43076600545112,6.701087931021257,9.196422138496033,0.019161684700463644,0.01898041162485369,349308045.0,-0.1707428077958889
2024-09-13,119.03279143615939,119.91243980632909,117.55337484057826,119.05278015136719,238358300,53.32073742068444,-1.0616158463307954,-1.169238382171755,136.98107132933774,100.38051619507632,118.68079376220703,115.37750782201267,115.605903420297,111.28237991333008,118.68079376220703,117.49335586547852,114.68034536331999,115.74196120965078,-1.0616158463307954,-7.162761266159595,59.914861730611136,57.53920563991437,6.451223568578574,9.150138783565355,-0.00033575218836301435,-0.0003358085657485832,345321625.0,-0.34884157390452253
2024-09-16,116.74370178435876,118.13315013570288,114.31466480568342,116.73370361328125,248772300,50.9184143955291,-0.8191769773748945,-1.099226101212383,136.3989939790632,100.18396729413016,118.29148063659667,115.50666932594301,115.6501308788454,111.02450256347656,118.29148063659667,117.31264266967773,114.9962466325448,115.81542360991969,-0.8191769773748945,-7.021746449019872,56.07075349728267,58.67748766079253,6.297755342982392,9.053756671233263,-0.019479398424273597,-0.0196716222704719,342630745.0,0.04369052808314211
2024-09-17,118.12315326201993,118.75290839853001,114.78448096424103,115.54417419433594,231925900,49.68195815742932,-0.7147878801045096,-1.0223384569908083,134.85584254054766,100.28779988498945,117.57182121276855,115.5102412181709,115.645975714747,111.78412551879883,117.57182121276855,117.06076217651368,115.08054318051268,115.79533106061719,-0.7147878801045096,-1.692414468552698,53.50577760935604,56.497130945749944,6.201397591712653,8.642010663889552,-0.010190111185763628,-0.010242385794682224,338310360.0,-0.0677181502924562
2024-09-18,115.84405559100924,117.65333558843457,113.17511592459984,113.32505798339844,310318900,47.370929518341946,-0.8018793349093016,-0.9782466325745071,133.64291156368122,100.11436916751995,116.87864036560059,115.30212852914495,115.55495933312548,112.50074996948243,116.87864036560059,116.7009294128418,114.8104685348028,115.6123478697121,-0.8018793349093016,-5.018267387749164,52.93738956879271,54.171306891810474,6.115037537549308,8.382135599040321,-0.01920578191337563,-0.019392608916848107,338821935.0,0.3380088209208201
2024-09-19,117.30347459042382,119.6125639674696,117.2035157611041,117.82327270507812,293506400,52.22242413116441,-0.5021432110479083,-0.8830259482691873,132.21963731152002,100.47616423266945,116.34790077209473,115.54223749828145,115.64391279869226,113.56724319458007,116.34790077209473,116.36049514770508,115.2739768686913,115.77612007973921,-0.5021432110479083,9.148231674810143,81.39461801797628,62.61259506537501,5.928736754431624,7.935868269712643,0.03969302819451159,0.038925504385875616,340603075.0,-0.054178137393500636
2024-09-20,117.01359501507952,118.57298181753792,115.3442588328446,115.95401763916016,382462400,50.15341031734144,-0.41069915104684185,-0.7885605888247182,131.45343086427093,100.46973579222322,115.96158332824707,115.58145465455561,115.65607377282825,114.88460006713868,115.96158332824707,116.13280319213867,115.37859852568651,115.78929767673336,-0.41069915104684185,9.226934478464399,75.8673822295178,70.0664632720956,5.835944415753231,7.745923768011928,-0.01586490531965512,-0.015992100011663485,340916740.0,0.30308027354769784
2024-09-23,116.50380656220895,116.94362697511984,114.81447398076047,116.21392059326172,206228500,50.44737850202158,-0.3136416131000459,-0.6935767936797838,129.47403352238877,101.13976194880262,115.3068977355957,115.64168950586095,115.6779501187276,115.86412353515625,115.3068977355957,115.8735269165039,115.50710961300578,115.82075122610583,-0.3136416131000459,8.450653584952516,77.17732656763636,78.14644227171014,5.125584676790916,7.08356789339654,0.0022414312103471445,0.0022389229507733975,335066650.0,-0.4607875179364037
2024-09-24,116.47380837806097,121.75172180406905,115.33426088161053,120.82209014892578,354966800,55.4626159779584,0.13357815027991649,-0.5281458048878437,128.47727914126804,101.57882132259915,115.02805023193359,116.13506099567665,115.879681100304,117.14154357910157,115.02805023193359,115.72240676879883,116.32479892622425,116.19122077594433,0.13357815027991649,17.553573102723433,95.5414144965581,82.86204109790408,4.930718724454384,6.72461445466722,0.03965247478219269,0.038886498446491335,336216755.0,0.7212305767631535
2024-09-25,121.97162190060216,124.89047006468225,121.5617884105282,123.4610366821289,284692900,58.07923724755617,0.6929560000179578,-0.2839254439066834,127.39374706071274,102.18463962751969,114.78919334411621,116.83277296581497,116.17698916233635,117.80228195190429,114.78919334411621,115.66564559936523,117.42268165790189,116.72972565788393,0.6929560000179578,16.014434516661634,94.04132632599034,88.92002246339494,4.872199920822782,6.302276858298265,0.02184158981151829,0.021606479583318294,335294670.0,-0.19797316256055497
2024-09-26,126.7497296956914,127.61937987933592,121.75171208350119,123.9908218383789,302582900,58.60503360756283,1.1655801283737617,0.005975670549405621,127.05220818368961,102.37031378896664,114.71126098632813,117.51449190605916,116.48341397316156,118.29208755493164,114.71126098632813,115.78679946899415,118.43316476259065,117.26758463421689,1.1655801283737617,14.755431292341584,84.86799013907765,91.4835769872087,4.777280837977061,6.1704735986807435,0.004291112163702371,0.004281931595762699,328018760.0,0.06283964229525929
2024-09-27,123.92085618310571,123.98082995705606,119.21272426875333,121.35187530517578,271009200,54.910502672884896,1.3120724698400466,0.2671950304075338,127.54151550666111,102.26286147698147,114.90218849182129,117.87995699168933,116.67433402539741,118.5219970703125,114.90218849182129,115.79320404052734,118.8821971537576,117.57012468391756,1.3120724698400466,3.849449492897801,72.41411993802703,83.77447880103166,4.85298778779938,6.319663507419909,-0.02128340222345626,-0.021513159690851165,318918055.0,-0.10434727144197509
2024-09-30,118.26308944890737,121.45182710299632,118.1031568521794,121.39185333251953,226553700,54.956829098914675,1.415082409411255,0.49677250620827806,127.83108125956429,102.18123334614862,115.00615730285645,118.21442330986363,116.85933478253946,118.98781204223633,115.00615730285645,115.86357772827148,119.26829810433637,117.85321569492511,1.415082409411255,1.9305014110752867,69.24854136009209,75.51021714573226,4.7744742708939185,6.412461978353921,0.0003294388920089819,0.00032938463893225314,313558160.0,-0.16403686664511763
2024-10-01,121.72171083436712,122.39145095337135,115.74408637181682,116.95360565185547,302094500,48.94463054071587,1.1256136592284776,0.622540736812318,127.8635079185014,103.04937278828572,115.45644035339356,118.09434543767239,116.8630316793754,119.12875518798828,115.45644035339356,115.73304061889648,118.91219157318547,117.78657791395699,1.1256136592284776,-1.7632301377949904,26.159101904370242,55.940587734163124,4.551764946491068,6.203533782553922,-0.03656133059033795,-0.03724644711358858,304805130.0,0.3334344131214806
2024-10-02,116.39385371455397,119.33268331688961,115.09436589368318,118.80289459228516,221845900,51.33364295900081,1.0335160221767694,0.7047357938852084,127.76815456026003,104.40913425809936,116.0886444091797,118.16182630954027,116.93910473478363,119.67653884887696,116.0886444091797,115.65847991943359,118.89537665304695,117.86186063087018,1.0335160221767694,1.772573742591755,38.96203147021586,44.78989157822607,4.468226273709668,5.8397550755401655,0.01581215842061856,0.015688448618966247,297273910.0,-0.265640718384479
2024-10-03,120.87206480654892,124.31070361178112,120.29229289145833,122.80130004882812,277118000,56.115085914730294,1.2685429125051968,0.8174972176092061,128.1194307183547,105.62215405947734,116.87079238891602,118.60368095137721,117.1689947470991,120.17434158325196,116.87079238891602,115.8306071472168,119.4962879447056,118.2277450322004,1.2685429125051968,6.280823680721703,66.64364590950298,43.92159309469636,4.693136563262891,5.6243191647193385,0.033655791555120995,0.03310183048720243,295787275.0,0.2491463669150522
2024-10-04,124.89047211115172,124.99043094258552,121.78170440742984,124.87047576904297,243678100,58.39327068354036,1.603286910671315,0.9746551562216279,127.6226009193413,108.3279865440376,117.97529373168945,119.20051855305967,117.47101361070474,121.06598739624023,117.97529373168945,116.08349899291993,120.32308607152673,118.71979916085542,1.603286910671315,10.18787723659129,80.96888758813063,62.19152165594983,4.583894505368028,4.823653593825923,0.01684978676440796,0.016709403860813807,287289275.0,-0.1206702559920323
2024-10-07,124.94045138468705,130.58821322989388,124.9004663256647,127.66937255859375,346250200,61.318445362936174,2.070553468963112,1.1938348187699248,127.98122247142754,110.09443365650213,119.03782806396484,120.00707607739623,117.87094925572,122.21153259277344,119.03782806396484,116.37677642822266,121.45328399261396,119.38273052365085,2.070553468963112,8.356668107633768,83.23767093168011,76.95006814310457,4.708845221551023,4.4716972037313525,0.022414399979764132,0.022166889029197584,290906185.0,0.4209327797614968
2024-10-08,130.20834865989482,133.42707320550807,129.36868536610157,132.83731079101562,285722500,66.06282113150885,2.8253066318183926,1.5201291813796185,129.66762617222025,110.88697206386372,120.277299118042,121.22900319297904,118.45786539435905,123.41305465698242,120.277299118042,116.80279830932618,123.2046727308296,120.37936609901121,2.8253066318183926,14.560334773733288,96.83138068267068,87.01264640082714,4.800236720342421,4.695163527089136,0.04047907598237832,0.03968125706970574,291778125.0,-0.1748091409044673
2024-10-09,134.05685551069462,134.46669669658758,131.32794162563073,132.59742736816406,246191600,65.66024754138945,3.3653042313001293,1.889164191363721,131.790918900474,110.33805677701625,121.06448783874512,122.31171025728237,119.01235802078278,124.32669372558594,121.06448783874512,117.38114685058594,124.64971190580414,121.28440767450401,3.3653042313001293,14.097714534770017,90.48825491419818,90.18576884284965,4.575325940834256,5.3632155308644345,-0.0018058437153170015,-0.0018074762167367424,282016585.0,-0.13835417231754588
2024-10-10,131.8577168886846,134.94648840712318,130.94807393580103,134.75656127929688,242311300,67.57549770514214,3.9222668308556763,2.2957847192621124,134.14089353078072,109.55446169382866,121.8476776123047,123.4969341641409,119.62977775641079,125.40326766967773,121.8476776123047,117.73700622558594,126.20461180941841,122.28234497856273,3.9222668308556763,11.533049224024689,99.05659153722044,95.45874237802975,4.6303039041648875,6.146607959238016,0.016283377091003803,0.016152224726532705,275829515.0,-0.01576130136040388
2024-10-11,133.9568713960576,135.72617401836632,133.60701929174726,134.74656677246094,170209500,67.55671477495547,4.31313805980993,2.699255387371676,136.11990615561567,109.14482773110308,122.63236694335937,124.56832774588567,120.22259301194217,126.74273681640625,122.63236694335937,118.24879013061523,127.51875872680957,123.20562066699964,4.31313805980993,9.140964950252698,95.25195639671824,94.93226761604562,4.629589742183436,6.743769606128147,-7.416712582342111e-05,-7.416987634069705e-05,272422075.0,-0.2975585538107385
2024-10-14,136.4159022137037,139.54466630986312,136.24597143489578,138.01527404785156,232347700,70.44963394895393,4.830975209194889,3.125599351736319,138.51666267640874,108.87622825376704,123.69644546508789,125.84898929845386,120.92034520942882,128.40507888793945,123.69644546508789,118.8647299194336,129.1336072377391,124.30263202854422,4.830975209194889,11.310879306658217,93.74489378053006,96.01781390482292,4.513921071822269,7.410108605660425,0.02425818596855467,0.02396862957161232,271600845.0,0.36506892976008976
2024-10-15,137.8153397242487,138.5150744275185,128.68896947491228,131.54783630371094,377831000,59.20139951263214,4.66571326733775,3.433622134856605,139.1911562493564,109.80210089175688,124.49662857055664,126.39173663228787,121.33710956606733,129.864501953125,124.49662857055664,119.48765487670899,129.50502709404248,124.83931382670472,4.66571326733775,8.401980581589157,67.29353067228453,85.43012694984428,4.9251871458829655,7.34726383939988,-0.04686030433050681,-0.04799380089788591,278896100.0,0.6261447821519215
2024-10-16,133.92688301499192,136.56583584893667,131.527840530584,135.66619873046875,264879700,63.2276767613645,4.811594352435051,3.7092165783722946,140.1280154582313,111.09935575758904,125.61368560791016,127.27501873687653,121.89903463133797,131.55083236694335,125.61368560791016,120.11698348999023,130.45289965349266,125.64130530105761,4.811594352435051,11.758898975575061,84.13734181839419,81.72525542373626,4.865924826062818,7.257164925160561,0.03130695678832418,0.030826887966629458,276624140.0,-0.29894661899103037
2024-10-17,139.28475003463748,140.83413853249198,136.81572813387166,136.87570190429688,306435900,64.3406854005915,4.96754024946982,3.9608813125918,141.42462132525108,111.70799281049109,126.5663070678711,128.18936951472608,122.48635491655205,132.95827255249023,126.5663070678711,120.8772508239746,131.4410230766933,126.47348282722349,4.96754024946982,17.034187309919282,84.62132248119853,78.68406499062576,4.893770699805508,7.429157128689998,0.008915287559807528,0.008875781018166216,277270615.0,0.15688706986605627
2024-10-18,138.61502982502418,138.8449343829922,137.22558142668973,137.94529724121094,176090200,65.33977852836047,5.1184337825760196,4.192391806588644,142.47223560217805,112.85950649376923,127.66587104797364,129.11850548867702,123.09258794889162,134.26575469970703,127.66587104797364,121.5377685546875,132.44168064046525,127.32324685788923,5.1184337825760196,16.11274095182598,88.77674122526852,85.84513517495377,4.79523943036825,7.4031822771022044,0.007814355082992996,0.007783981142865537,266952005.0,-0.4253604097953275
2024-10-21,138.07524085271365,143.6530303955078,137.94528751258602,143.6530303955078,264554500,70.14657741872884,5.633643226434202,4.4806420905577555,144.44890871724857,113.62674435892329,129.03782653808594,130.50274595599424,123.89887980954325,135.86412048339844,129.03782653808594,122.31683868408203,134.16650367970257,128.53286045326837,5.633643226434202,16.980056675612264,100.0,91.13268790215568,4.728123594751627,7.705541089581323,0.04137678680206358,0.04054367112187221,269868305.0,0.5023805981252789
2024-10-22,142.85335791004843,144.3627538949317,141.72380093133486,143.5330810546875,226311600,69.92710041274373,5.963527678321071,4.777219208110419,146.36275876313059,113.98399340361746,130.17337608337402,131.7437302511079,124.6688484858234,136.93369750976564,130.17337608337402,123.0081510925293,135.60751558354642,129.64398790522534,5.963527678321071,14.945570736962976,96.55314935545073,95.10996352690643,4.6138832762080835,8.094691339878285,-0.0008349934595188735,-0.0008353422607355994,263435545.0,-0.14455584766087892
2024-10-23,141.97369118156848,142.37352650102258,137.40551088320953,139.50466918945312,285930000,62.81840170234119,5.8326689356687496,4.988309153622085,147.35336138812778,114.5977540293527,130.97555770874024,132.48286729285508,125.25064537616183,137.62442169189453,130.97555770874024,123.4765640258789,136.20707767676282,130.37440874109407,5.8326689356687496,9.270270851709226,78.48601010255337,91.6797198193347,4.658151929921083,8.188901839693772,-0.028066086477301466,-0.028467467036121647,263497400.0,0.2634350161458803
2024-10-24,140.76418072009866,141.293969386979,138.40511570705533,140.35433959960938,172354900,63.657590383820505,5.7314550938234845,5.136938341662365,148.3364434388684,115.25102375473512,131.79373359680176,133.23253132206978,125.84294711041467,138.18419952392577,131.79373359680176,123.92318878173828,136.84511797258537,131.1136628787619,5.7314550938234845,5.658823386164304,79.40419757412262,84.81445234404224,4.635303868833083,8.271354921033323,0.00609062345434741,0.006072150576929348,256986000.0,-0.39721295421956426
2024-10-25,140.8741279131319,144.0728716327459,140.74418981710016,141.48388671875,205122100,64.79514603368438,5.676947095114656,5.244940092352823,149.11624633051247,116.48442200444845,132.80033416748046,134.01837469318218,126.45631729113371,138.8579315185547,132.80033416748046,124.2968505859375,137.55877470276454,131.88182760764988,5.676947095114656,6.701833909576687,81.63259683153066,79.84093483606888,4.492503481139197,8.157956081516009,0.008047824686881144,0.00801561364956664,253691645.0,0.19011469937901393
2024-10-28,142.9433224828564,143.08326638426843,139.99449475491215,140.4643096923828,173586700,62.88183955035329,5.488213064448928,5.293594686772044,149.48115673913958,118.02675723180765,133.75395698547362,134.63227326453463,127.00565032647681,139.10283508300782,133.75395698547362,124.61573745727539,138.00578008578273,132.5175670213338,5.488213064448928,4.235599631587541,75.12761373973231,78.7214693817952,4.301865694170766,7.863599876832985,-0.007206311969602308,-0.007232402857319112,251043295.0,-0.1537396506763532
2024-10-29,140.23437413304583,142.20359433012132,138.8449258203989,141.19400024414062,157593600,63.707799030756085,5.336009716182133,5.302077692654062,148.8725102775918,121.05944315258397,134.9659767150879,135.25719964354474,127.5620562056009,140.06745147705078,134.9659767150879,124.84087020874023,138.49627549476088,133.16026577857875,5.336009716182133,4.784859181285941,79.78309790490822,78.84776949205705,4.317573796939734,6.953266781251959,0.0051948466721249975,0.00518140000496346,243818250.0,-0.09213321066648539
2024-10-30,139.48467718743143,140.27437255912164,136.75576367804047,139.28475952148438,179418100,59.948904026626806,5.003648747884483,5.242391903700147,147.73330345658832,124.24683646650736,135.99006996154785,135.6407767747771,128.02177006112575,140.42930755615234,135.99006996154785,125.08279190063476,138.61758072964142,133.61393198175693,5.003648747884483,0.9198152033467445,67.60198917268869,74.17090027244306,4.348989660852449,5.8716167475202425,-0.013522109433509621,-0.013614365766067709,241696860.0,0.13848595374431438
2024-10-31,137.54545990469654,137.55545044959692,132.05763071180766,132.70736694335938,270039600,49.18279939609187,4.161538054263701,5.026221133812858,146.61056607215312,126.36018054039572,136.48537330627443,135.36140440988018,128.20551895846825,140.0124740600586,136.48537330627443,125.16817794799805,137.7083170702134,133.5467790159497,4.161538054263701,0.8814517001795242,25.637697704420216,57.674261594005706,4.713844952499424,5.062596382939352,-0.047222629386888926,-0.04837401162914677,241342940.0,0.5050856073049486
2024-11-01,134.64660922766117,137.25557537634637,134.5166711244238,135.34632873535156,207127800,52.842082329043414,3.6648552543007895,4.753947957910444,145.56698372315728,128.4513481860224,137.00916595458983,135.35996863135364,128.48555071442445,139.75257720947266,137.00916595458983,125.4014971923828,137.34493424946544,133.68007899516465,3.6648552543007895,-0.235777222410927,42.47448530640842,45.23805739450577,4.69599558789834,4.278908884283722,0.019885571183990924,0.01969043588922478,239515425.0,-0.23297249736705283
2024-11-04,137.15562237613318,138.90492874894582,135.51627301400697,135.99607849121094,187528200,53.72561699866538,3.28578346557444,4.460315059443244,144.79828288017532,130.0527196222661,137.4255012512207,135.42055052276862,128.7800812154749,138.98688201904298,137.4255012512207,125.53526611328125,137.13741797896475,133.8516345133903,3.28578346557444,-0.6426439469154049,34.81315248327758,34.30844516470207,4.2483166636832,3.6863908144773125,0.004800645587734076,0.00478915923530701,231579325.0,-0.09462563692560821
2024-11-05,137.39550649112996,140.31434706066804,137.27555894461494,139.8545379638672,160537400,58.676865602477754,3.25914240994004,4.220080529542603,144.89323243180473,130.6594927879218,137.77636260986327,135.84283504096848,129.21437363698047,138.61902770996093,137.77636260986327,125.80437606811523,137.5554364381805,134.29629402824045,3.25914240994004,1.3840564055748523,63.36309792292578,46.88357857087059,4.196907610190659,3.558434910970727,0.028371843625664583,0.027976817218828647,225320070.0,-0.14392928636866353
2024-11-06,142.9033632109471,146.431963336867,141.90375943017108,145.55230712890625,242043900,64.68581888037556,3.6556514603157666,4.1071947156972355,145.90515941912741,130.94305377667337,138.4241065979004,136.76754666839113,129.85507691117363,139.22379150390626,138.4241065979004,126.15065872192383,138.78572423675368,135.1300727764379,3.6556514603157666,1.3221278577760027,93.88036835583442,64.01887292067926,4.297585150974702,3.7405264106135134,0.040740681339286544,0.03993265325923901,225112685.0,0.5077103528523572
2024-11-07,146.33198051831096,148.8709671267726,146.1120664908763,148.8209991455078,207323300,67.59684870613408,4.1853972138112,4.122835215320029,147.71855147993375,130.5361055024881,139.12732849121093,137.91549452335462,130.59883856742204,140.0704574584961,139.12732849121093,126.61608932495118,140.3296126842543,136.1442154704431,4.1853972138112,3.684111043924128,99.70280746169863,85.64875791348628,4.393972830915489,4.295611494361408,0.022457163895771792,0.022208714556794875,223363285.0,-0.1434475316254613
2024-11-08,148.71100419118065,149.71060760531262,146.20198985995728,147.5714569091797,175665800,65.37818244422448,4.453064765773661,4.188881125410755,148.8816824131009,130.65546358299284,139.76857299804686,138.8351099886713,131.2644314435694,140.67921447753906,139.76857299804686,127.21685195922852,141.44374256501206,136.9906777992384,4.453064765773661,5.782449982926041,87.88220984461842,93.82179522071715,4.2368924639464565,4.5565547075270105,-0.008396276355505439,-0.008431723640077929,223636100.0,-0.15269629607477786
2024-11-11,148.62105018654825,148.7909962143961,143.51309063046196,145.20240783691406,182325600,61.27202531084829,4.423044662363793,4.235713832801363,149.5127032959999,130.7431560790001,140.1279296875,139.44151930755157,131.81101875311234,141.15302429199218,140.1279296875,127.73465057373046,142.02199876068929,137.5989540983255,4.423044662363793,3.4541634060869324,74.46209896724415,87.34903875785373,4.425389079684836,4.692386804249948,-0.016053572431175556,-0.016183826939603706,221134995.0,0.03791176199351276
2024-11-12,146.72179022487757,149.59064718789998,145.952091313065,148.23118591308594,198634700,64.35440850003941,4.5907314972516815,4.306717365691426,150.09825362997591,131.82594070596159,140.96209716796875,140.27863041284056,132.45494687703288,141.85674285888672,140.96209716796875,128.5403153991699,142.97725832259647,138.3865268253448,4.5907314972516815,4.7689523880190094,91.6194208990836,84.65457657031538,4.301151163935403,4.568078231003588,0.02085900723887235,0.020644436834764152,212175180.0,0.0894504117907744
2024-11-13,149.01091396688446,149.27080540839845,145.84215717514013,146.21202087402344,191903300,60.87587563298849,4.50872104856623,4.347118102266387,150.55562263755107,132.42315391274192,141.4893882751465,140.84371521866748,132.99443997495408,142.54946899414062,141.4893882751465,129.34137954711915,143.47491409973907,138.96619305117284,4.50872104856623,4.091937086529757,80.18132152783585,82.08761379805453,4.339707917745021,4.533117181202283,-0.013621728967657454,-0.01371535593065403,208526360.0,-0.03388833874443886
2024-11-14,147.5814841067195,148.94094569769402,145.49231611296014,146.7018280029297,194463300,61.420642599314405,4.432159344938356,4.364126350800781,151.05917885507068,132.9022103050856,141.98069458007814,141.40163072193056,133.53198460350214,143.94891510009765,141.98069458007814,130.1322492980957,143.97136239253763,139.53920304759927,4.432159344938356,3.9008936281041664,82.95596476144516,84.91890239612154,4.320429171430547,4.539242137496277,0.003349978517349639,0.003344379839465692,202927730.0,0.01334005199493693
2024-11-15,144.81255966940228,145.18242335032573,140.02446543358045,141.9237060546875,250132900,53.58261402766787,3.940505440584502,4.279402168757525,151.05793982301464,133.30129021848927,142.17961502075195,141.45135218219312,133.8610717192349,144.60665283203124,142.17961502075195,130.91511444091796,143.6563383405607,139.7158328999762,3.940505440584502,1.8946412674791409,55.889017486392646,73.00876792522455,4.576757095715759,4.439162401131348,-0.032570295907606295,-0.03311251398671112,206629865.0,0.28627303969437934
2024-11-18,139.44468522690033,141.49387540802257,137.09561095173166,140.09442138671875,221205300,50.90433393247,3.364474625305945,4.096416660067209,150.89829525989796,133.10507388072705,142.0016845703125,141.32212067786222,134.10551680423427,145.01648712158203,142.0016845703125,131.58862915039063,143.1083511168927,139.74387649158675,3.364474625305945,5.566423789051766,45.52654616495906,61.45717613759896,4.681716138089576,4.4483053447927325,-0.012889211526535771,-0.012972998154476969,204462405.0,-0.1156489210335786
2024-11-19,141.26398946372595,147.07168399645053,140.9341184421503,146.95172119140625,227834900,59.147708679854375,3.4218479068684076,3.961502909427449,151.32091892996738,133.0243142243295,142.17261657714843,141.85827310772356,134.60928952529983,145.72620544433593,142.17261657714843,132.3667057800293,143.699638820664,140.2777909137956,3.4218479068684076,8.574589768701598,84.37155143548938,61.92903836228036,4.86307514120612,4.574151176409468,0.048947700677948625,0.04778747181089832,204538570.0,0.029970348811714675
2024-11-20,147.3515703217148,147.5015047606034,142.67341754276418,145.83216857910156,309871700,57.45165161989863,3.3384940255512277,3.8369011326522053,151.68632337795427,133.29165971530747,142.48899154663087,142.2367393430929,135.0494024293705,145.75419158935546,142.48899154663087,132.9462760925293,144.02772032196208,140.68922629641085,3.3384940255512277,7.232627732369728,74.47377096061038,68.1239561870196,4.6917150275034425,4.598665915661694,-0.0076185062905554934,-0.007647675353840602,205735655.0,0.36007126212884866
2024-11-21,149.290807835149,152.8293979645091,140.64422730754492,146.6118621826172,400946600,58.34744596666925,3.2973405424572206,3.7289890146132088,152.1184101762655,133.48532517529696,142.80186767578124,142.65341770876188,135.50283222361548,145.5332778930664,142.80186767578124,133.49665802001954,144.4252806082167,141.12794006575947,3.2973405424572206,4.831680342396771,64.08773228595231,74.31101822735069,5.237212329216098,4.658271250242139,0.005346513126098795,0.005332271265106755,217165240.0,0.2939116414954963
2024-11-22,145.87214043901812,147.1016638018941,141.04406865837018,141.8937225341797,236406200,51.30794697369037,2.851145442238078,3.5534203001381828,152.1284931009519,133.51622583215357,142.82235946655274,142.58106578737312,135.75345537304938,144.96550445556642,142.82235946655274,133.9534768676758,144.03581013528793,141.18466469304985,2.851145442238078,-2.513587497782767,30.495592564914432,56.35236527049238,5.4157119813539305,4.653066817199586,-0.032181159001723025,-0.032710356948934205,218729445.0,-0.41037983611782713
2024-11-25,141.93371415065735,141.99368792347047,135.7661620516237,135.96607971191406,344941900,44.10794459221867,1.9962103044811954,3.2419783010067857,152.3502457306513,132.8446502044073,142.5974479675293,141.95106711351988,135.76179358241663,144.0418716430664,142.5974479675293,134.33812438964844,142.79431314707656,140.79810284259537,1.9962103044811954,-8.637839758772898,1.1716280622915047,31.918317637719415,5.552087502953193,4.876398881561008,-0.04177522949147916,-0.042672903783424095,227297205.0,0.4591068254555084
2024-11-26,137.64541224160723,139.2447840977321,135.61621816013385,136.86572265625,190287700,45.36115035956563,1.3754068809494129,2.8686640169953113,152.45186079519712,132.3102073810724,142.38103408813475,141.4667485937799,135.8050849186454,142.90532531738282,142.38103408813475,134.76455535888672,141.88222230233401,140.5068154213846,1.3754068809494129,-7.25461039496164,7.258998687729658,12.975406438311865,5.341454686138795,5.035413353531181,0.006616671939369878,0.0065948778490018175,228931910.0,-0.4483485479728615
2024-11-27,134.95646019838466,137.1655905980091,131.74774157257602,135.2863311767578,226370900,43.51643277750267,0.7473569367305402,2.4444026009423574,152.66117782662903,131.70104751516786,142.18111267089844,140.87813741120635,135.78474163464983,141.81275634765626,142.18111267089844,135.2037808227539,140.86746982147613,140.1201128847456,0.7473569367305402,-6.829140651230535,16.78515927968468,8.405262009901948,5.491396759536419,5.240032577865289,-0.011539715341721934,-0.011606814560208522,231279550.0,0.18962444761274644
2024-11-29,136.7257870913165,139.29477581313424,135.99608069190262,138.19520568847656,141863200,47.73240933592972,0.4788250960496896,2.0512870999638237,152.14902566288092,132.76198355342765,142.45550460815429,140.62262010427972,135.87926963676068,140.96209411621095,142.45550460815429,135.6112194824219,140.45635226255314,139.97752716650345,0.4788250960496896,-6.770491757715467,30.583290022541462,18.209149329985266,5.527098680323639,4.846760527363319,0.021501614290346582,0.021273715587895096,224870730.0,-0.37331520968463705
2024-12-02,138.77496038075373,140.39431322408433,137.76536630294407,138.57504272460938,171682800,48.275323113153185,0.29328059587953703,1.6996857991469665,151.91127403952663,133.32260657570777,142.6169403076172,140.42761273478732,135.98498622844102,140.62722778320312,142.6169403076172,136.06363998413087,140.1669200259464,139.87363943006687,0.29328059587953703,-5.223221800616583,32.385031921143685,26.58449374112328,5.337887347266933,4.64716686595471,0.0027485543672842727,0.0027447839988576197,223098480.0,0.21019968533065647
2024-12-03,138.2051993772479,140.48429454860658,137.8953246767264,140.20440673828125,164414000,50.643677404018874,0.27454650030264816,1.414657939378103,151.6701479370849,133.98456550285653,142.8273567199707,140.40635502083435,136.15045369941512,140.6382263183594,142.8273567199707,136.54344970703124,140.17268721245946,139.89814071215682,0.27454650030264816,-4.4289981611672085,40.11385542239074,34.360725788691965,5.20936809875938,4.421395608557094,0.011757990339645197,0.011689402286161436,221942770.0,-0.042338545270696915
2024-12-04,141.94370396224937,145.73219470186731,140.23437518220274,145.08245849609375,231224300,56.99266378524983,0.6458723890031877,1.26090082930312,151.8704000974881,134.30710539567596,143.08875274658203,140.8516982089543,136.50072839732408,140.45130004882813,143.08875274658203,137.0286570739746,140.9280366407109,140.2821642517077,0.6458723890031877,2.2256693608248135,63.252700241430155,45.2505291949882,5.359306650925648,4.390823675453041,0.03479242822173445,0.03420085416123337,225477115.0,0.4063540817691924
2024-12-05,145.06248362625453,146.49200804389403,143.9028598130552,145.0124969482422,172621200,56.87965395160217,0.923855883296028,1.1934918401017018,151.81480008899044,134.30872438610723,143.06176223754883,141.24796475555314,136.83452324245815,140.36933288574218,143.06176223754883,137.45968627929688,141.55641514956187,140.63255926626584,0.923855883296028,3.510543469784216,62.92084041717871,55.429132026999866,5.297915125647431,4.376518925720802,-0.00048221920538693563,-0.00048233551045915354,222005980.0,-0.2534469776749243
2024-12-06,144.5526526293818,145.65228325014007,141.26372149336697,142.3933563232422,188505600,52.66911767413879,0.9221866522343589,1.1392308025282334,151.06455753110592,134.4162026617652,142.74038009643556,141.3570496667616,137.05251669660655,139.94748229980468,142.74038009643556,137.82773696899415,141.68517533012806,140.7629886778937,0.9221866522343589,-3.101947245807854,50.49705086142911,58.890197173345996,5.134429353320564,4.162088717335176,-0.01806148214891312,-0.018226581700649638,221065095.0,0.09201882503423686
2024-12-09,138.92447761551347,139.90415231737651,137.08508402113657,138.7645263671875,189308600,47.430348447845695,0.6208902877887112,1.0355626995803289,150.47865365311887,134.121413485553,142.30003356933594,141.11014268584978,137.11965433074698,139.63456268310546,142.30003356933594,138.17598999023437,141.2358447204449,140.6149544326562,0.6208902877887112,-4.846421938847098,33.283840055833856,48.900577111480565,5.168727724688405,4.089310041891472,-0.02548454541528611,-0.025814901171342337,221747235.0,0.004259820397908509
2024-12-10,138.96445323342698,141.77354545828368,133.74616214517607,135.0257568359375,210020900,42.71610867481791,0.07950678850463078,0.8443515173651893,150.46104943756686,133.12135260100737,141.79120101928712,140.53067736681052,137.03754070349956,139.5405303955078,141.79120101928712,138.44866806030274,140.28044658436684,140.2009397958622,0.07950678850463078,-7.9025702110298806,15.549135240700622,33.1100087193212,5.243736346358107,4.334924209139875,-0.02694326589892848,-0.027312890067357407,223132000.0,0.10941024338038519
2024-12-11,137.31500040642362,140.12407738797447,135.16571086465208,139.2643585205078,184905200,48.91516958160763,-0.007438061322062595,0.673993601627739,149.52411058975053,133.16160870956588,141.3428596496582,140.41007557192455,137.12486689240185,139.7803939819336,141.3428596496582,138.8948831176758,140.12412534377316,140.13156340509522,-0.007438061322062595,-1.8530516831274955,35.65477402813583,28.16258310822344,5.263038727372232,4.0906254700461675,0.03139106037169204,0.030908435127401213,222445525.0,-0.11958666970763387
2024-12-12,137.0350888468848,138.39464386571996,135.7555094472505,137.2949981689453,159211400,46.402573239070115,-0.2325724524924624,0.4926803908036988,148.93156421010366,132.86245281870492,140.8970085144043,140.11340153354558,137.13153870716826,139.98126068115235,140.8970085144043,139.26472518920897,139.68887500918427,139.92144746167673,-0.2325724524924624,0.9773896988476628,36.12924771611058,29.11105232831568,4.643301471393171,4.017277847849682,-0.014141165568019254,-0.014242104576578048,220810930.0,-0.13895661127972603
2024-12-13,138.89449032268433,139.55427778956917,132.4965775973186,134.20602416992188,231514900,42.6978253274026,-0.6527232779469898,0.26359965705356114,148.34945067003392,132.19498597547388,140.2722183227539,139.5507941655814,137.0168126468841,139.58234252929688,140.2722183227539,139.49281967163085,138.8453594954516,139.49808277339858,-0.6527232779469898,-1.943290427076607,16.672803642880087,29.4856084623755,4.714737546302217,4.038616173640007,-0.022498809426563127,-0.022755769145417416,222663510.0,0.45413519383662226
2024-12-16,134.13601958774962,134.3559487102744,130.3772572956884,131.9567413330078,237951100,40.18209724646517,-1.153892803080339,-0.0198988349732189,148.61576459564023,130.9319755776996,139.77387008666992,138.82755103866964,136.81837847771249,138.9205123901367,139.77387008666992,139.63454498291014,137.78557208584485,138.9394648889252,-1.153892803080339,-2.461142832973819,9.801479787053434,20.867843715348034,4.554106513640733,4.42094725448515,-0.016759924532643855,-0.01690196132161028,222054420.0,0.027800370516109396
2024-12-17,129.04771280436398,131.54689392732612,126.81844751374322,130.3472900390625,259410300,38.43697599948721,-1.6617864909145794,-0.34827636616149105,149.07757332638633,129.49545371218787,139.2865135192871,138.01990713394514,136.56461030364778,137.93480072021484,139.2865135192871,139.68810333251952,136.6412210017245,138.30300749263907,-1.6617864909145794,-5.678862454248268,17.936979531036755,14.803754320323426,4.6619442194740435,4.89552990354961,-0.01219680993700567,-0.012271801418391242,223964670.0,0.0901832351268812
2024-12-18,133.8161583001621,136.6552244722092,128.23798405143236,128.86778259277344,277444500,36.852505961639174,-2.158794544153494,-0.7103800017598917,148.52655167913966,128.23808149957128,138.38231658935547,137.14827622526212,136.26277392282918,136.3133331298828,138.38231658935547,139.60871276855468,135.4453074003474,137.60410194450088,-2.158794544153494,-7.005056567889506,10.416696438295936,12.718385252128707,4.876186461998598,5.072117544892101,-0.01135050407143623,-0.011415412673756687,226445150.0,0.06951998436453755
2024-12-19,131.7168244915274,133.98608501684748,129.50755712091288,130.63717651367188,209719200,40.03609349839033,-2.382438437825641,-1.0447916889730418,147.69330272802728,127.55183124414071,137.622566986084,136.52817149082495,136.04216225972496,134.87580108642578,137.622566986084,139.56950775146484,134.70559495624346,137.0880333940691,-2.382438437825641,-6.823772837945436,19.41046204664499,15.921379338659227,4.955462018262714,5.0353678709716405,0.013730304699117735,0.013636898095124089,221437525.0,-0.2441039559263204
2024-12-20,129.76747112979962,135.2356803497186,128.1779956829599,134.65586853027344,306528600,46.61865686972683,-2.2099282969244882,-1.2778190105633311,146.23106085688713,127.81847375004648,137.0247673034668,136.34985692315337,135.9877977997465,134.1020523071289,137.0247673034668,139.56749389648436,134.69794473686346,136.90787303378795,-2.2099282969244882,-7.186664793181073,39.83732890911606,23.221495798018996,5.27180042866403,4.603146776710161,0.030762238773439643,0.03029856619282355,216716625.0,0.46161438723779225
2024-12-23,136.23536324975828,139.74420813475027,135.07573952144836,139.62425231933594,176053500,53.42581021882188,-1.653248103108922,-1.3529048290724492,145.9186979665672,127.90388961888205,136.91129379272462,136.66170410374218,136.13040385933823,134.18802490234376,136.91129379272462,139.66504760742188,135.45583821109,137.10908631419892,-1.653248103108922,-3.715710536885259,65.09144486564655,41.446411940469204,5.4503268381352195,4.503702086921289,0.03689689757521042,0.03623250055834111,213698990.0,-0.42565391940588904
2024-12-24,139.9541431061549,141.85351466107915,138.60457919611483,140.174072265625,105157000,54.123015929495416,-1.1544019372746845,-1.3132042507128965,146.2321298985448,128.01125694227554,137.12169342041017,136.99621535725484,136.28897909095733,134.7028564453125,137.12169342041017,139.70822357177735,136.18172037332616,137.33612231060084,-1.1544019372746845,-1.5585587101263827,67.88615986116774,57.604977878643446,5.287551659662237,4.555218239067318,0.003937854184755452,0.003930121131408304,201709745.0,-0.40269861150161745
2024-12-26,139.65425012018665,140.8038826879709,137.68489400548984,139.88417053222656,116205600,53.666835531860386,-0.7735385332337898,-1.2052711072170752,146.46483744920022,128.08039417921776,137.272615814209,137.27125870725214,136.42996699061496,134.76483764648438,137.272615814209,139.87495025634766,136.75132809008008,137.52486662331387,-0.7735385332337898,0.8068662750855722,69.37366982145602,67.45042484942344,5.325397406208111,4.59611081749562,-0.0020681551781494,-0.0020702967643343503,198005640.0,0.10506766073585205
2024-12-27,138.50462254046806,138.97446981750295,134.66588395063462,136.96511840820312,170582600,49.17262185658756,-0.6991848843120749,-1.1040538626360752,146.50295245273773,128.21015789882475,137.35655517578124,137.24210248829507,136.45095332071645,134.73184967041016,137.35655517578124,139.90092864990234,136.78421890825285,137.48340379256493,-0.6991848843120749,1.436290095838558,67.48670155595414,68.24884374619263,5.384663465123743,4.573198638478251,-0.020867637223834,-0.021088443572040184,195216225.0,0.46793786185863673
2024-12-30,134.78581438230358,140.22403398735426,133.97608228188028,137.4449462890625,167734700,49.91509861716877,-0.5946858140705444,-1.002180252922969,146.45710722960553,128.18097718201557,137.31904220581055,137.26142094551102,136.48993343712218,135.0557418823242,137.31904220581055,139.91231353759767,136.88586927453125,137.4805550886018,-0.5946858140705444,-1.306444987629329,70.67809322821812,69.1794882018761,5.451783422507197,4.569032511897492,0.0035032852629626188,0.00349716305354325,196509800.0,-0.016695137722135822
2024-12-31,137.98479821279548,138.02479365615312,133.7861766339878,134.2460174560547,155659200,45.17697796468377,-0.7612214828782555,-0.9539884989140264,146.3201260007302,127.88505588403542,137.10259094238282,136.9742396608009,136.4019367319823,135.2846694946289,137.10259094238282,139.83832794189453,136.47973822553485,137.2409597084131,-0.7612214828782555,-2.2207514866191773,49.401641306454444,62.52214536354223,5.1811572588684625,4.608767529173695,-0.023274255761140172,-0.023549378486750698,195708620.0,-0.07199166302500315
2025-01-02,135.95545329338754,138.8345148325783,134.58590691715995,138.2646942138672,198247200,51.41617964606791,-0.5624450548778555,-0.8756798101067922,146.1260291656088,127.88518146671541,137.0056053161621,137.09714009442627,136.4749860449974,136.07640991210937,137.0056053161621,139.73056121826173,136.75434683912442,137.31679189400228,-0.5624450548778555,3.024208539854009,76.1303330936712,65.40335587611459,5.144741317760365,4.560211924723349,0.02993516555623721,0.029495854198452288,197400280.0,0.27359770575719256
2025-01-03,139.96413776465596,144.85253555834646,139.68423069189672,144.4226837158203,229322500,59.09780645834299,0.0909367228267115,-0.6823565035200915,145.97402994836688,127.97120320593001,136.97261657714844,137.79481091551142,136.78666046346106,137.63190002441405,136.97261657714844,139.74835327148438,137.9340909740007,137.84315425117398,0.0909367228267115,9.446991685974785,97.61644813165486,74.38280751059351,5.364669337133362,4.500706685609215,0.044537685755323686,0.043574381550611226,197305190.0,0.15675025927226205
2025-01-06,148.5413213081193,152.11015917129038,147.77158452702758,149.38104248046875,265377400,64.02945627787835,0.9973477980051086,-0.34641564321505147,147.1725636224565,127.20952408506304,137.19104385375977,138.89826154074547,137.28055779746134,139.50628662109375,137.19104385375977,139.9458807373047,139.69516043653425,138.69781263852914,0.9973477980051086,14.602338441943989,89.20944249335831,87.65207457289478,5.4096532845061835,4.990759884348363,0.03433227133768657,0.033756070053507004,201943000.0,0.15722356070599264
2025-01-07,152.97986196669754,153.07983530547875,139.9641234037018,140.09408569335938,351782200,51.503693845004776,0.9552932807486059,-0.08607385842232002,146.85624569447697,127.29591495005428,137.07608032226562,139.01214955528013,137.39089222475144,140.05010833740235,137.07608032226562,139.94067565917967,139.75653355296888,138.80124027222027,0.9552932807486059,8.711489306882415,50.55192926168967,79.12593996223428,6.062297605019824,4.890082686105671,-0.06216958077745127,-0.06418613606176692,210106830.0,0.32559215667950614
2025-01-08,142.53330977712477,143.90285624874434,137.51494945407615,140.06411743164062,227349900,51.46870413026562,0.9090674212139618,0.11295439750493635,146.98551686498465,127.29660288599192,137.14105987548828,139.11233697207638,137.49572458580593,140.0940948486328,137.14105987548828,139.9122802734375,139.8038541496876,138.89478672847363,0.9090674212139618,7.21612420717174,47.731902256458376,62.49775800383545,6.15155567469151,4.922228494748182,-0.00021391525252778543,-0.0002139381356588428,212008895.0,-0.3537197163472171
2025-01-10,137.40498271998055,139.87417502688794,134.17604480086774,135.86549377441406,207602500,46.68354953857447,0.5275578956890854,0.19587509714176618,146.99663169704903,127.36946174777519,137.18304672241212,138.80311381039425,137.43179396575135,139.66323699951172,137.18304672241212,139.82030395507812,139.19795255349166,138.67039465780258,0.5275578956890854,0.8983085975704624,30.87120553335473,43.051679017167594,5.970900832548371,4.9067924873184605,-0.029976440320453435,-0.030434919450235794,211887975.0,-0.08685906613550298
2025-01-13,129.94744151880715,133.44629547754278,129.46758770744978,133.18637084960938,204808900,43.880112257189104,0.008923157806975723,0.1584847092748081,146.79723395700782,126.96106072072658,136.8791473388672,138.2681859093671,137.26530678472616,138.99345703125,136.8791473388672,139.6601513671875,138.27309382981747,138.2641706720105,0.008923157806975723,-4.6108619117275005,20.11247057474571,32.90519278818626,6.062301092754816,4.959043309070309,-0.019718935620644085,-0.01991594804979075,212883160.0,-0.013456485350609948
2025-01-14,136.0054462036023,136.33533995791205,130.00741122442506,131.7168426513672,195590500,42.37688055630285,-0.5147436088585096,0.02383904564814457,146.7793799166027,126.4210992093739,136.6002395629883,137.64424845622426,137.04771995596698,138.4686294555664,136.6002395629883,139.50879302978515,137.2644398023636,137.7791834112221,-0.5147436088585096,-6.033376556423113,9.525797722471633,20.169824610190688,6.010175668949695,5.089570176807196,-0.011033622951567179,-0.011094944854994696,214702115.0,-0.045009762759333216
2025-01-15,133.60622538989423,136.4053114797544,131.24699764678536,136.1953887939453,185217300,48.200916951026336,-0.5618948749707329,-0.09330773847563092,146.8190433800832,126.58037220829574,136.69970779418946,137.5062618217215,137.01429520451518,138.3436737060547,136.69970779418946,139.57855346679688,137.0999704164531,137.66186529142382,-0.5618948749707329,-2.637025850921014,28.492844904172248,19.377037733796527,6.01517382812771,5.059667792946863,0.034001317162089206,0.033436049936576145,212387235.0,-0.05303529568153875
2025-01-16,138.59457607585483,138.70454064615834,133.44626949753135,133.5262451171875,209235600,45.26458316265892,-0.805356532036825,-0.23571749718786975,146.76613881164945,126.79022715514742,136.77818298339844,137.12721261176588,136.87750892658076,138.27169647216797,136.77818298339844,139.5421517944336,136.55016652425837,137.3555230562952,-0.805356532036825,-2.5107657562610948,17.188780495747956,18.402474374130605,6.158697805532187,4.9939779141255105,-0.019597900489832676,-0.01979248584723371,210951460.0,0.129676331530586
2025-01-17,136.6452315490251,138.45463626831489,135.41563868932835,137.66490173339844,201188800,50.31838230060985,-0.656775746598413,-0.31992914706997844,146.66533069700353,127.62279643922695,137.14406356811523,137.1784210995404,136.90838707586772,138.2117172241211,137.14406356811523,139.57552825927735,136.72166424874146,137.37843999533987,-0.656775746598413,0.16003167106147792,34.716364852251196,26.79933008405713,6.287940839006923,4.760633564444144,0.03099507975064153,0.030524432715619207,208040385.0,-0.03845808265897388
2025-01-21,139.1144233323199,141.78354697270905,137.0450940162502,140.78387451171875,197749000,53.78175975965795,-0.28407473014564744,-0.3127582636851123,146.54489951706162,128.93483681106338,137.7398681640625,137.52179761498596,137.0603669753129,137.84783630371095,137.7398681640625,139.59411499023437,137.34661967381487,137.63069440396052,-0.28407473014564744,4.87005661661749,47.92549611081325,33.2768804862708,6.2536670086402735,4.402515676499562,0.022656267058981383,0.022403425677288254,204055610.0,-0.01709737321361826
2025-01-22,144.61263605764083,147.7416007949869,143.62295473278476,147.0218505859375,237651400,59.815413762440194,0.5087811345928799,-0.14845038402951383,147.62662439975537,129.4915793355962,138.5591018676758,138.4265645646004,137.4510133914158,137.6119171142578,138.5591018676758,139.623505859375,138.83511673721836,138.32633560262548,0.5087811345928799,6.333617140558517,74.34388787263546,52.3285829452333,6.304365192768429,4.533761266039784,0.04430888193590321,0.04335530962462631,205452220.0,0.20178306843523863
2025-01-23,145.0024960002277,147.18177468068177,143.67292977388993,147.17178344726562,155915500,59.9507453704041,1.1361268849687178,0.1084650697701325,148.8275166105247,129.54227861652606,139.18489761352538,139.25944255342566,137.83222006027268,138.31968688964844,139.18489761352538,139.59052154541016,140.1176808464564,138.9815539614877,1.1361268849687178,1.9035096570111523,74.97886707444869,65.74941701929913,6.2522386130988945,4.821309498499654,0.00101979985104661,0.0010192802084361431,197921565.0,-0.34393191035272674
2025-01-24,148.32138900097752,148.92119854206575,141.83352489203162,142.57327270507812,234657600,53.94961389661231,1.2478570075676316,0.33634345732963233,149.09272715726584,129.57197010835918,139.3323486328125,139.5750454250116,138.01814369340232,138.5706024169922,139.3323486328125,139.4905578613281,140.49546420932128,139.24760720175365,1.2478570075676316,-4.557318426988971,55.50375898447863,68.27550464385426,6.430751204063932,4.88018926222667,-0.031245872234980654,-0.03174443740492834,200851770.0,0.5050306095288795
2025-01-27,124.75912547322825,128.3579371600633,116.66177248371496,118.38121032714844,818830900,34.42584853317733,-0.6086768696334843,0.147339391937009,151.7529663812684,124.73244469050891,138.24270553588866,137.55658493950082,137.24806787511784,136.82217407226562,138.24270553588866,138.9541339111328,137.09327130437163,137.7019481740051,-0.6086768696334843,-15.498780879113266,4.721387438559552,45.06800449916229,7.811012552412782,6.755130422689871,-0.16968160945545874,-0.1859460486826266,236535465.0,2.4894710420629886
2025-01-28,121.77009783396647,128.95774513931468,116.21192149182427,128.94775390625,579666400,43.96442958238947,-1.2133745577729087,-0.12480339800497454,151.7987057105986,123.59306369858109,137.69588470458984,136.73669626966742,136.9225653665348,136.3983123779297,137.69588470458984,138.5684652709961,135.84011478158368,137.0534893393566,-1.2133745577729087,-7.9366248324208035,34.544488952637344,31.589878458558513,8.172323137557091,7.051410503004379,0.08925862094077885,0.08549730054987718,259708505.0,-0.29208045275282113
2025-01-29,126.45856310434583,126.8484347440811,120.01067894543576,123.65947723388672,467120600,40.76819612202969,-2.095169751030511,-0.5188766686100819,152.47053803233837,121.59066725940966,137.030602645874,135.4912468376883,136.40244426329372,135.59257583618165,137.030602645874,138.11741439819335,133.96617054347647,136.06134029450698,-2.095169751030511,-8.98389738368283,22.768940232530955,20.678272207909284,7.87384907034547,7.7199676932321815,-0.04101100261279511,-0.04187567717055714,274535405.0,-0.19415615602353353
2025-01-30,123.05968123503551,124.9590604797062,118.06131881584726,124.60917663574219,392925500,41.58946415862467,-2.6863988561295855,-0.9523811061139826,152.7931936609121,119.9844346655039,136.388814163208,134.4548591994077,135.9399631798603,134.43395462036133,136.388814163208,137.6755613708496,132.52663301920964,135.21303187533923,-2.6863988561295855,-6.439993941686673,25.672396033149017,27.661941739439104,7.910265846716237,8.20218974885205,0.007679956466735138,0.007650615729044326,285794945.0,-0.15883499892747188
2025-01-31,123.73945402173636,127.80812056780856,119.15096116009843,120.03067016601562,388161100,38.796622993127926,-3.4842352938220813,-1.4587519436556025,153.6319990639239,117.7240945334882,135.67804679870605,133.08112691051323,135.31606933618013,133.08439712524415,135.67804679870605,137.23770065307616,130.60417719564134,134.08841248946342,-3.4842352938220813,-8.872192993786634,11.674818334644794,20.038718200108253,8.108057759354612,8.976976132608922,-0.03674293172733545,-0.037434957560758333,297420040.0,-0.012125453807401154
2025-02-03,114.71241754878405,118.53116613291392,112.9729895620065,116.62179565429688,371235700,36.8144000222441,-4.341547446295806,-2.0353110441836435,154.40639945553355,114.78540428592154,134.59590187072754,131.51357155277833,134.5829605643416,130.98008651733397,134.59590187072754,136.76824813842774,128.45304157389603,132.79458902019184,-4.341547446295806,-14.371700329195432,10.150174920576411,15.83246309612341,8.155184512000671,9.905248792403002,-0.02840002898429128,-0.02881111168562612,306069465.0,-0.043604060272912415
2025-02-04,116.92168851369838,121.16029755445565,116.66177154188583,118.61113739013672,256550000,38.78017466890971,-4.8050605048187975,-2.5892609363106747,153.77250175436336,112.83814735452337,133.30532455444336,130.28476829919342,133.95661455751005,128.76281280517577,133.30532455444336,136.20143646240234,126.9389024687023,131.7439629735211,-4.8050605048187975,-11.170169365551123,15.684085488814588,12.50302624801193,8.027368309620083,10.233588599959996,0.017058061271298497,0.016914206165716338,307430840.0,-0.3089296099486122
2025-02-05,121.72011429490169,124.95905075493906,120.72044188886218,124.78910827636719,262230800,44.549706956386046,-4.6206236508589456,-2.995533479220329,151.39934006236905,112.75211562610752,132.0757278442383,129.7613721065433,133.59710450726917,126.53953857421875,132.0757278442383,135.78057525634765,126.60816490065075,131.2287885515097,-4.6206236508589456,-9.352996511751764,32.86983983239659,19.568033413929196,8.112339704751033,9.661806109065378,0.052085925674161926,0.05077478937751176,307273510.0,0.022143052036640132
2025-02-06,127.37826606210074,128.72783001681898,125.16899078801299,128.63784790039062,251483600,47.847197293220574,-4.116443198109522,-3.219715422998168,150.50220754907102,112.50362436010866,131.50291595458984,129.65436980119543,133.40262385601903,124.68614501953125,131.50291595458984,135.42109497070314,126.92042382368766,131.03686702179718,-4.116443198109522,-8.627427433329446,43.576185804064785,30.710037041758653,8.018086175595663,9.49964579724059,0.03084195149066793,0.030375896960431078,302258580.0,-0.040983744091083074
2025-02-07,129.17766285547097,130.32727996151158,124.95904429961287,129.79745483398438,228186300,48.8344632818354,-3.5820147324708955,-3.2921752848927137,149.56498446545152,112.41418118396257,130.98958282470704,129.6679969471753,133.26124467868436,123.40856323242187,130.98958282470704,135.17916961669923,127.36304397911792,130.9450587115888,-3.5820147324708955,-11.71553458435424,46.80195689668582,41.082660844382396,8.049503640650757,9.28770082037224,0.009014508191179216,0.008974120050238163,302300400.0,-0.09263944050427142
2025-02-10,130.04737430419848,134.95576927734325,129.91742726932324,133.5262451171875,216989100,51.98221509853346,-2.8250289350059745,-3.198746014915366,149.3479404180105,112.39730036568095,130.87262039184571,130.03544915384313,133.2716368527433,124.92306671142578,130.87262039184571,135.13037292480467,128.31122876959014,131.13625770459612,-2.8250289350059745,-9.271844106562433,57.17463022033183,49.18425764036081,8.079493746857903,9.237660013082385,0.02872776117199205,0.02832285544570781,302769730.0,-0.049070430608673665
2025-02-11,132.5365863252507,134.43595803743202,130.9770996135579,132.7565155029297,178902400,51.28086762887522,-2.2611577645112106,-3.011228364834535,149.31611166205258,112.38614358697086,130.85112762451172,130.2945983299466,133.2514360154957,125.30394287109375,130.85112762451172,135.04818878173828,128.99511903625776,131.25627680076897,-2.2611577645112106,-6.885411982128672,55.03341196190681,53.003333026308155,7.829574614044042,9.232492018770433,-0.0057646316166702904,-0.005781311237643559,301474405.0,-0.17552356316515438
2025-02-12,129.97741762356085,132.19669170682792,129.03772306980744,131.0970458984375,160278600,49.723274706297886,-1.9259895194447552,-2.794180595756579,149.281084187567,112.35919138616352,130.82013778686525,130.37102190789813,133.16695012855226,126.04769973754883,130.82013778686525,134.96440307617186,129.31849239967002,131.24448191911478,-1.9259895194447552,10.741430617366253,50.41713301067252,54.20839173097039,7.844570865924786,9.230473200350865,-0.012500099134159393,-0.012578882595887327,299708810.0,-0.10410033627273862
2025-02-13,131.51689288233604,136.455276767875,131.12702127315083,135.24566650390625,197430000,53.52383791351534,-1.310500623649375,-2.4974446013351383,149.180189927742,112.36511341698457,130.77265167236328,130.8352737741846,133.24846841778182,127.11134872436523,130.77265167236328,134.90541229248046,130.2303653387833,131.54086596243266,-1.310500623649375,4.884080883049018,94.84883966640838,66.76646154632924,7.721039238739313,9.203769127689352,0.031645416393918824,0.031155019253644466,300319445.0,0.23179264106374764
2025-02-14,136.43528567888637,139.20438251414282,135.45561099221797,138.8045196533203,195479600,56.55762806803154,-0.5294483814217017,-2.103845357352451,149.75898974882443,112.3141410495154,131.03656539916992,131.59424957219753,133.4663527799598,128.9887336730957,131.03656539916992,134.9100018310547,131.5494660025582,132.0789143839799,-0.5294483814217017,12.247377037498392,98.4756323785316,81.24720168520416,6.1529832236588415,9.36121217482726,0.026313990247600838,0.025973733309642755,299631645.0,-0.009878944436002679
2025-02-18,141.22373753647113,143.3930250185803,137.8848198127303,139.35433959960938,219176600,57.024365554817614,0.13238101639709043,-1.6566000826025427,149.98409720686675,112.2579773780942,131.12103729248048,132.33330576528436,133.69725422386765,131.26198806762696,131.12103729248048,134.89300048828125,132.75021578671993,132.61783477032284,0.13238101639709043,11.8331276732293,86.72360055353533,93.3493575328251,5.636010477827382,9.43152995719314,0.003961109823097164,0.003953285283349827,300531035.0,0.1212249257723057
2025-02-19,139.46430955469114,141.31370984182348,137.17506616632772,139.1844024658203,167536000,56.821166454792056,0.6358434682161374,-1.1981113724388068,149.74451627653724,112.33761110383385,131.04106369018555,132.9857911653354,133.9124365078658,133.3193145751953,131.04106369018555,134.7750393676758,133.74009066042768,133.10424719221155,0.6358434682161374,15.957365124524397,86.16496499891326,90.45473264366007,5.293265386018918,9.351726293175851,-0.0012194606517265116,-0.0012202047989007165,299020385.0,-0.23561183082500592
2025-02-20,139.9841417995603,140.6139403685729,136.74519734237094,140.06411743164062,143903600,57.66222784000287,1.0932247201259315,-0.7398441539258592,148.37605816868762,113.01029589625381,130.69317703247071,133.6599174764121,134.15367889703344,134.84681549072266,130.69317703247071,134.67607177734374,134.71301785599888,133.61979313587295,1.0932247201259315,20.101149742912597,89.05685829429142,87.31514128224667,5.076908340471992,8.841440568108451,0.006320499641016442,0.00630060905147334,294332995.0,-0.14105863814344377
2025-02-21,139.99411868487,141.41366694156105,133.98609294492073,134.38595581054688,228217600,50.785986177547976,0.9861546916474992,-0.39464438481118747,146.07471834717992,114.03305295408958,130.05388565063475,133.72906398442493,134.1627877956026,135.42162628173827,130.05388565063475,134.51592376708984,134.66270061823704,133.67654592658954,0.9861546916474992,13.299609773172898,70.39099700954824,81.87094010091765,4.989080811109863,8.010416348272582,-0.04053973084052043,-0.041384372250513404,297948100.0,0.5859061204862144
2025-02-24,136.51527743543022,138.544611438826,130.03740375103862,130.23733520507812,251381100,46.42951803496617,0.5600855932108004,-0.2036983892067899,144.33928547135824,114.53489207991133,129.43708877563478,133.3965183863919,134.00884847832714,135.46561431884766,129.43708877563478,134.34537994384766,133.98187517005874,133.42178957684794,0.5600855932108004,4.365947480484348,50.78536131883265,70.0777388742241,5.092618459951167,7.451098347861725,-0.030870938711165197,-0.03135748577583991,298784275.0,0.10149743052244875
2025-02-25,129.93742515974864,130.1573543264651,124.39924631174091,126.5885238647461,271428700,42.94059727743714,-0.07118523861890935,-0.1771957590892138,143.89528507139272,115.7996238336366,129.84745445251465,132.74813795575898,133.71785535622593,134.7718421936035,129.84745445251465,134.17663528442384,132.84443650770297,132.91562174632188,-0.07118523861890935,-1.5930957094613432,25.88184126312594,49.01939986383561,5.1854461023210545,7.023915309439026,-0.028016630826993127,-0.028416584572387975,271414165.0,0.07974983003893299
2025-02-26,129.9474287481865,133.68619399137987,128.44792005609298,131.23699951171875,322553800,48.273390867818684,-0.19414085025272243,-0.18058477732191552,144.0161850961211,115.9076483694551,129.9619167327881,132.60422000870753,133.62056689173548,134.61989059448243,129.9619167327881,134.01608810424804,132.59713850832077,132.7912793585735,-0.19414085025272243,1.109070034983047,35.999962437783196,37.55572167324726,5.239000156737586,7.027134181666499,0.036721145843673364,0.03606298840298956,258558535.0,0.18835554235790108
2025-02-27,134.9557838016939,134.96577503505506,119.97069557287365,120.11064910888672,443175800,38.90161243966964,-1.1758332749752185,-0.3796344768525761,144.25716250613803,115.31178814693814,129.7844753265381,131.4143561134865,133.09076619436888,133.52125091552733,129.7844753265381,133.67240112304688,130.67614013917705,131.85197341415227,-1.1758332749752185,-10.047160388975788,0.5975218491289764,20.826441850012703,6.0287399940039865,7.236343589799974,-0.0847805911764884,-0.08859145138795066,257361295.0,0.37395932089468475
2025-02-28,117.98134023479652,125.04902421361967,116.36187573271177,124.87908172607422,389091100,43.92600225213027,-1.551177920039379,-0.6139431654899368,144.25082846520067,115.34511269690871,129.7979705810547,130.79194902897103,132.76873935247497,132.48459243774414,129.7979705810547,133.48586227416993,129.7842849986997,131.33546291873907,-1.551177920039379,-5.93374550922258,31.508856331961876,22.702113539624687,6.265805195361787,7.226428942072991,0.03970033175713383,0.038932529091025625,257169575.0,-0.12203892902094382
2025-03-03,123.46954557652553,123.65947815441595,112.2432206852501,114.02263641357422,411381400,36.55541659962611,-2.6936153401604344,-1.0298776004240364,145.01571051481653,113.97942727204872,129.49756889343263,129.19487163702848,132.03359806075338,130.00640411376952,129.49756889343263,133.12718017578126,127.35941598560346,130.0530313257639,-2.6936153401604344,-13.024251895112144,5.7124459251262625,12.606274702072374,6.799915666609304,7.759070810691949,-0.08693565937899761,-0.09094892921519282,258330590.0,0.057288126096947556
2025-03-04,110.61376362073891,119.27092350243325,110.07393955565605,115.95201110839844,398163300,38.52947877010656,-3.404080689783143,-1.5047182182958578,145.10164971358208,113.82650961869334,129.4640796661377,127.933646824778,131.40294759203357,127.66617126464844,129.4640796661377,132.83927459716796,125.60443061987962,129.00851130966277,-3.404080689783143,-14.265636670104001,17.641755381561115,18.287685879549755,7.2097817753880955,7.818785023722185,0.01692097951345506,0.01677941445419693,259676970.0,-0.03213101029847243
2025-03-05,117.54148848655969,118.2412561507128,114.47249437052442,117.26158142089844,284337900,39.89646216428928,-3.817452996441574,-1.9672651739250013,145.24162850238537,113.55157523296619,129.39660186767577,126.91725964345613,130.84838421277337,125.47388916015625,129.39660186767577,132.60715057373048,124.3209153584979,128.13836835493947,-3.817452996441574,-15.520343491860174,21.57214631007931,14.9754492055889,7.213351014464249,7.9225133173547935,0.011294071573072939,0.01123076972455992,261066365.0,-0.2858761719123787
2025-03-06,113.49281250827367,115.31221606989396,110.18389912538346,110.53378295898438,321181900,35.52560457931547,-4.634506926011099,-2.500713524342221,146.55456646779933,110.81310473581394,128.68383560180663,125.3569285306493,130.05173318321303,122.52085571289062,128.68383560180663,132.20508270263673,122.19981806626504,126.83432499227614,-4.634506926011099,-20.681492032061403,1.3801201231648788,13.531340604935105,7.336168973469782,8.935365432996349,-0.05737427706833764,-0.05908597552508898,264013920.0,0.1295782236557279
2025-03-07,111.21356818629886,113.44284126847423,107.52477413573757,112.6530990600586,341755500,37.835960784242396,-5.052771746801653,-3.0111251688341074,147.14011626120092,108.62908005837917,127.88459815979004,124.14704000964066,129.36943380583443,120.34757003784179,127.88459815979004,131.76502731323242,120.73109206531021,125.78386381211186,-5.052771746801653,-19.061980319437765,14.29767216994156,12.416646201061917,7.476122625076931,9.627759050705432,0.01917346936239972,0.018991974651584323,268527515.0,0.06405591348703021
2025-03-10,109.86400325750407,111.81336147496829,105.42545516002185,106.94496154785156,366487400,34.27362332840124,-5.7782406615366995,-3.5645482673746263,148.11524101281253,105.36870597815424,126.74197349548339,122.5087468228036,128.49004273689394,118.01833267211914,126.74197349548339,131.11144149780273,118.61014890877811,124.38838957031481,-5.7782406615366995,-23.64571061532096,4.222233649878559,6.633341980995001,7.5989396746616995,10.686633758664575,-0.05067004423166255,-0.051998852953005666,275442570.0,0.07236723329982975
2025-03-11,106.95494843650206,112.20322856084239,104.73567447790636,108.72437286376953,354865700,36.28744907422177,-6.138831750027549,-4.079404963905211,148.06281318036025,102.94094658526475,125.5018798828125,121.1959493028956,127.71491842814397,116.23191757202149,125.5018798828125,130.48244750976562,117.0892602864691,123.22809203649665,-6.138831750027549,-19.095435078762428,10.87490922469569,9.798271681505272,7.836718989478862,11.280466648773876,0.016638570814033082,0.016501666304464105,282336400.0,-0.03171104927481816
2025-03-12,114.09312447156262,116.7325020716217,112.85341103244578,115.71273803710938,323857500,43.59666671657337,-5.793911514931693,-4.4223062741105075,147.34401059115064,101.95537142789235,124.64969100952149,120.67373870615405,127.2442446873191,114.67949142456055,124.64969100952149,129.99901885986327,116.87748763272145,122.67139914765315,-5.793911514931693,-11.152406600686051,29.928201686830366,15.008448187134874,8.132389431025304,11.34715979081457,0.06427597593132295,0.06229473316264927,289584155.0,-0.08738009900646926
2025-03-13,117.0024278677365,117.73225924433854,113.76319330991835,115.55277252197266,299033100,43.47372247554877,-5.470408163685931,-4.631926652025593,146.70139247831617,101.0435622030803,123.87247734069824,120.18602764099391,126.78575558279572,114.22370376586915,123.87247734069824,129.57077194213866,116.67368530799088,122.14409347167681,-5.470408163685931,-8.71781343667821,31.994789000819452,24.265966637448503,7.885353140866724,11.414457568808968,-0.0013824365221175583,-0.0013833929690728268,296521880.0,-0.0766522313054353
2025-03-14,118.5820578648422,121.85128414551467,118.12216714928688,121.6413345336914,277593500,49.33069153640339,-4.668913033841349,-4.639323928388745,145.3964882404675,100.9880332439075,123.1922607421875,120.3246282974413,126.58401358087006,113.89992904663086,123.1922607421875,129.25469970703125,117.43793903502173,122.10685206886308,-4.668913033841349,-7.311707074780008,55.92326768422628,39.2820861239587,7.7275891362777696,11.102113749139999,0.052690747948613614,0.051349503358979635,300530055.0,-0.071696410865553
2025-03-17,122.711081524258,122.86104771124882,118.00219206936818,119.50183868408203,255501500,47.46938646733695,-4.158426056480778,-4.543144354007151,143.21899768331392,101.23525570413724,122.22712669372558,120.24626738188326,126.30628123197641,114.44784927368164,122.22712669372558,128.9598161315918,117.75546205795408,121.91388811443485,-4.158426056480778,-0.5068746437734828,48.84589840599728,45.58798503034768,7.657643904030871,10.495935494794171,-0.017588559495923528,-0.017745076192819703,303531150.0,-0.07958399602296162
2025-03-18,117.97220343827061,118.99195980676369,114.51301940530757,115.4028091430664,299686900,44.04083858169388,-4.038070512743886,-4.442129585754499,140.59146092599894,101.46763941579793,121.02955017089843,119.78498564485308,125.87869409123485,114.39292907714844,121.02955017089843,128.5025784301758,117.39351545566367,121.43158596840756,-4.038070512743886,-7.5883586362320345,35.286467688039245,46.685211259420946,7.507011700612348,9.780955377550251,-0.03430097466409632,-0.03490306129225978,307556665.0,0.17293597102169644
2025-03-19,117.24236846895431,120.4216195833343,115.65274672556286,117.4923095703125,273426200,46.17499751601325,-3.7310731664717878,-4.299918301897957,137.5790078897574,102.31088316248868,119.94494552612305,119.56663554251588,125.54981626688496,114.41600189208984,119.94494552612305,127.96397094726562,117.40871455022503,121.13978771669682,-3.7310731664717878,3.042968717328502,62.79926874876004,48.97721161426552,6.794421056189955,8.817031181817185,0.018106148739028605,0.01794418453820409,312851175.0,-0.0876271201710852
2025-03-20,116.52253841801043,120.17167220516042,116.44255543913019,118.50206756591797,248829700,47.22252089274524,-3.3674783323758675,-4.113430307993539,133.742577122005,103.99110894366882,118.86684303283691,119.46524811617321,125.27343396488627,115.2128303527832,118.86684303283691,127.34639144897461,117.57692270648548,120.94440103886134,-3.3674783323758675,2.199234349748014,72.74643789028548,56.944058109028255,6.440275933698692,7.437867044584049,0.008594247566485969,0.008557527259815392,318097480.0,-0.08995663180777846
2025-03-21,116.91244866461768,117.9621966837067,115.39280254041711,117.6722640991211,266498500,46.42295352671252,-3.110429911761699,-3.9128302287471715,130.99046512280438,105.07185177172687,118.03115844726562,119.29448773359682,124.97534887211116,115.71474685668946,118.03115844726562,126.89795501708984,117.5915906130448,120.7020205248065,-3.110429911761699,0.3502278182216841,71.37281784309569,68.97284149404707,5.75980478974703,6.479653337769374,-0.0070024387239934205,-0.007027070855381454,320011525.0,0.07100760078077495
2025-03-24,119.8517551027078,122.19120779583362,119.31188140429414,121.38140106201172,228452500,50.460691581940935,-2.577706634619588,-3.645805509921655,129.34057753327488,105.83614594694974,117.5883617401123,119.49324138392205,124.83440974230334,117.15839080810547,117.5883617401123,126.52430068969727,118.17463837442433,120.75234500904392,-2.577706634619588,9.813848592382435,91.83660038230154,78.6519520385609,5.425659057599554,5.876107896581284,0.03152091099195853,0.031034325734698574,318865095.0,-0.14276252962024172
2025-03-25,120.5216012824151,121.26142480153007,118.89198043130345,120.66156768798828,167447200,49.67821890667202,-2.1883778788364054,-3.354319983704605,128.36810931286882,106.21591854968,117.29201393127441,119.60451055573789,124.67076887742823,118.35211029052735,117.29201393127441,126.22022216796876,118.55724288420339,120.7456207630398,-2.1883778788364054,7.108964329210458,87.86518768499349,83.69153530346357,5.334277546922403,5.5380476907972085,-0.005930343262850357,-0.005947997580503561,313666020.0,-0.26703713025683673
2025-03-26,118.70203035263671,118.81199741904777,112.68344440410922,113.73320007324219,293463300,42.79908047942261,-2.411099741677333,-3.1656759352991513,125.42691018808155,107.40673773061961,116.41682395935058,119.04533812883354,124.24184461059741,118.15415649414062,116.41682395935058,125.83115875244141,117.81508245174783,120.22618219342516,-2.411099741677333,6.347413124603621,49.64049831969511,76.44742879566337,5.39859476037698,4.505043114365482,-0.05741983754646518,-0.059134310275674694,312211495.0,0.7525721540879753
2025-03-27,111.32376457585453,114.42303269482778,110.63393232562053,111.40374755859375,236902100,40.755633820121844,-2.7439452793545627,-3.0813298041102337,125.0810328306229,106.88192493304898,115.98147888183594,118.3175675983345,123.73838982424434,117.73925399780273,115.98147888183594,125.42489685058594,116.82872323741643,119.57266851677099,-2.7439452793545627,2.4643735569589778,36.788611163168575,58.09809905595239,5.246525705839166,4.549776974393482,-0.02048172840602669,-0.02069438777053164,301897810.0,-0.1927368771495448
2025-03-28,111.46372827094805,112.84340799305504,109.04430030890691,109.64415740966797,229872500,39.23189511954958,-3.1138178318153535,-3.0878274096512577,123.71366983430066,106.7257954977306,115.21973266601563,117.49152853274722,123.18567482759428,116.53953628540039,115.21973266601563,124.89387222290038,115.72340541776282,118.83722324957817,-3.1138178318153535,-5.244522539510902,27.080727489419257,37.83661232409431,5.001630261847121,4.246968584142514,-0.015794712363695895,-0.015920778042537023,293936880.0,-0.029673016828470455
2025-03-31,105.10522740758995,110.9338556226425,103.6255803841977,108.35446166992188,299212700,38.107311927847995,-3.471000627577027,-3.164462053236412,123.9601589999409,105.91248885772511,114.936323928833,116.62133168866862,122.60405862533263,115.42479858398437,114.936323928833,124.39043655395508,114.58972176424882,118.06072239182585,-3.471000627577027,-6.229457498029313,24.584176746638633,29.484505133075487,4.990253201526319,4.5119175355539465,-0.01176255780713742,-0.01183228400182569,288328445.0,0.30164634743172836
2025-04-01,108.49443304563391,110.17403760023085,106.4449205320371,110.12405395507812,222614000,40.6223576491469,-3.5701250786874965,-3.245594658326629,123.90398893985116,105.38586320248282,114.64492607116699,116.00254333308857,122.11464667747951,114.89692306518555,114.64492607116699,123.83961959838867,113.90269594745334,117.47282102614083,-3.5701250786874965,-9.468229383346086,33.78380914999411,28.48290446201733,4.6846094772650035,4.629531434342085,0.01633151286881862,0.01619958812828833,279550980.0,-0.25600083151550723
2025-04-02,107.26472214391917,111.95361956622256,106.76483994973236,110.39398193359375,220601200,41.016088529601724,-3.5855687833660994,-3.3135894833345234,123.66085454443554,104.94223764916798,114.30154609680176,115.46839462837478,121.65501276595458,114.18709030151368,114.30154609680176,123.23182174682617,113.36289379147495,116.94846257484105,-3.5855687833660994,-7.621520179757262,35.1870918149077,31.18502590384681,4.7717318831271465,4.679654223816891,0.002451126423530736,0.002448127312958385,276364145.0,-0.009041659554205883
2025-04-03,103.48562015563714,105.60511590388697,101.57606639857329,101.7760238647461,338769400,33.400968599323264,-4.244279807813072,-3.4997275482302332,124.67244462970599,103.0548716544737,113.86365814208985,114.164359317553,120.87544457375033,112.51448593139648,113.86365814208985,122.32690521240234,111.58029841813205,115.82457822594512,-4.244279807813072,-11.808018695131594,0.9394298413300793,23.303443602077294,4.9516893053756075,5.404393243808076,-0.07806546985533769,-0.08128106646665656,277243520.0,0.5356643572201782
2025-04-04,98.88670323249266,100.10640942744341,92.08830207120735,94.28778076171875,532273800,28.457037266986745,-5.309348808885545,-3.861651800361296,126.86113217157373,99.02965228277196,112.94539222717285,112.27135183604497,119.83279109092557,110.17603759765625,112.94539222717285,121.26922515869141,108.91991108637615,114.22925989526169,-5.309348808885545,-19.74982779167104,7.3065328331811905,14.477684829806321,5.296608316208329,6.957869972200439,-0.07357570888187526,-0.07642295152473849,286769435.0,0.5711979889564995
2025-04-07,87.43938789235719,101.72602116602216,86.59958951154498,97.61698913574219,611041300,33.191704767034935,-5.817721303434638,-4.252865700975965,127.79621031114294,97.16177690199183,112.47899360656739,110.87569824553995,118.96158317111446,107.79959640502929,112.47899360656739,120.37009948730469,107.18100001704784,112.99872132048247,-5.817721303434638,-17.624231255339275,30.955039852910165,13.067000842473808,6.020723485901381,7.658608352287782,0.035309011911489385,0.03469994438982112,298997130.0,0.147983049325366
2025-04-08,103.78553826456235,105.82505852328022,94.43774279946976,96.27731323242188,476243400,32.26633428115832,-6.256588756654651,-4.653610312111702,128.74688795939744,94.96639329060254,111.856640625,109.48537586333823,118.0720039578324,105.36117095947266,111.856640625,119.92802154541016,105.50350974249,111.76009849914465,-6.256588756654651,-18.18181287705759,27.191019086504912,21.81753059086542,6.475616720440136,8.445123667198729,-0.013723798645924323,-0.013818840529489507,305066015.0,-0.2206035827692825
2025-04-09,98.86670469924479,115.07288532975399,97.50702445286697,114.30307006835938,612918300,51.75611025077317,-5.091178509368703,-4.741123951563102,128.62032256727034,94.95199188585464,111.7861572265625,109.94420388286406,117.92420262883346,105.41815795898438,111.7861572265625,119.63512786865235,106.85728825416221,111.94846676353092,-5.091178509368703,-5.831479066579684,77.83709168695951,45.32771687545819,7.551792101247413,8.417082670353926,0.18722746024727277,0.17162072342566922,319519055.0,0.28698539444326165
2025-04-10,109.34423379452805,110.83388059600858,99.12664053501021,107.5446548461914,437812400,46.36888688207106,-4.659221512729374,-4.724743463796356,128.22364586758042,94.54785681796645,111.38575134277343,109.71567540318094,117.51716153931808,105.03224868774414,111.38575134277343,119.31283142089843,106.96303696062824,111.62225847335762,-4.659221512729374,-10.87082912407962,58.848308518447716,54.625473097304045,8.413732423236578,8.418947262403496,-0.05912715396118473,-0.06094727494711714,326458020.0,-0.2856920734786349
2025-04-11,108.47443427245335,111.52371865557488,107.45467796999777,110.90386199951172,313417300,49.19929889691486,-3.999726183898318,-4.579740007816749,126.97982445023251,94.71793098189639,110.84887771606445,109.82883603140291,117.25781645932568,105.15821914672851,110.84887771606445,119.03872512817382,107.56931773584108,111.5690439197394,-3.999726183898318,-2.487697586903758,70.1182504752973,68.9345502269015,8.381596493869761,8.06547336708403,0.031235463613924708,0.030757562677878148,328249210.0,-0.28412877296303163
2025-04-14,114.08311462021162,114.2630725146749,109.04430120283689,110.68391418457031,264705000,49.01688994439842,-3.45499233391034,-4.354790473035468,126.0166905438576,94.79927243832012,110.40798149108886,109.91027204599028,117.0000163701196,105.39116439819335,110.40798149108886,118.85179000854492,108.04848642026097,111.50347875417131,-3.45499233391034,-0.6461482578445891,74.7672286473676,67.91126254703754,8.576550113950457,7.804354526384373,-0.0019832295375104003,-0.001985198741229029,328709385.0,-0.1554231371401642
2025-04-15,110.94385517244878,113.5932323217664,110.47396469045397,112.1735610961914,228966900,50.359264811340125,-2.8700011897288107,-4.057832616374137,125.70375114039423,94.789287037096,110.24651908874512,110.12582338410468,116.81074361427927,105.59611511230469,110.24651908874512,118.7628253173828,108.68311329348103,111.55311448320984,-2.8700011897288107,2.3069206296809073,89.81739152336405,78.23429021534298,8.229488995909984,7.728616025824559,0.013458567331988691,0.013368805296761056,325173385.0,-0.13501105003683345
2025-04-16,104.52537649088836,106.76484672728219,100.4263361362673,104.46538543701172,397016900,43.91577708550832,-2.993865432031356,-3.845039179505581,124.86353436860858,94.32681139555157,109.59517288208008,109.58673405581011,116.3266119210531,105.00325546264648,109.59517288208008,118.47991027832032,108.03423208479344,111.0280975168248,-2.993865432031356,-3.5892165149206083,62.74579535693003,75.77680517588722,8.797926466675474,7.634180743264254,-0.06871651023515024,-0.07119154777139383,331352920.0,0.7339488808207648
2025-04-17,104.4253812132841,104.44538077133734,100.02642426353728,101.46607971191406,292517500,41.681003119139845,-3.296052797295758,-3.7352419030636166,123.81912422078109,93.66762275797866,108.74337348937988,108.8133384040105,115.74384595206725,104.97226104736328,108.74337348937988,118.01344970703126,107.02374710435046,110.31979990164622,-3.296052797295758,-7.862019179475384,52.21204561384772,68.2584108313806,8.84363028734164,7.537875365700605,-0.02871100041942709,-0.02913122409811859,333537310.0,-0.2632114653053812
2025-04-21,98.74673137333838,99.41657935183265,95.01761424618036,96.88717651367188,288501100,38.463033265958366,-3.8605160560117326,-3.7602967336532402,123.05143199993803,92.35680622027682,107.70411911010743,107.67751346207349,115.004368719189,105.2322006225586,107.70411911010743,117.37843627929688,105.46427470578453,109.32479076179627,-3.8605160560117326,-12.235092152076497,36.13065051481629,50.362830495198004,8.782215303576562,7.673656444915301,-0.04512742791721891,-0.04617737977834921,334637440.0,-0.013730460570735126
2025-04-22,98.75672452641882,99.78648062043173,97.2570779520085,98.86669921875,241004800,40.59817782790734,-4.1008542217686,-3.8284082312763124,120.9750314364961,92.18173659939256,106.57838401794433,106.83838829604268,114.37151893485807,105.35717163085937,106.57838401794433,116.75982116699218,104.4492630923946,108.5501173141632,-4.1008542217686,-2.858556009087565,43.08285835797084,43.80851816221161,8.722942949188427,7.19832370927588,0.020431214700521227,0.020225297468870862,335265055.0,-0.16463126137127382
2025-04-23,104.49537749742674,104.77531795205407,101.99596635952085,102.68580627441406,247526000,44.59252309303904,-3.937761860336906,-3.850278957088431,118.53638706310291,92.82280483142834,105.67959594726562,106.44290429398282,113.91325569327203,105.99802093505859,105.67959594726562,116.14301239013672,104.17796204347451,108.11572390381141,-3.937761860336906,8.90680154400765,56.49580177009842,45.23643688096184,8.774360028960846,6.42839555791864,0.03862885163399654,0.03790143139328865,339268995.0,0.027058382239689927
2025-04-24,103.4556132191724,106.51488953927,103.08569768188364,106.40491485595703,220815000,48.242427126501006,-3.468427139202248,-3.7739085935111945,117.60902162836514,93.01734174443759,105.31318168640136,106.43928625226609,113.6188109545538,105.20820541381836,105.31318168640136,115.61598037719726,104.5205701684718,107.98899730767405,-3.468427139202248,9.002455205819466,69.55754427187286,56.37873479998069,8.418014866806237,6.147919970981886,0.03621833159301646,0.03557786641463337,335636580.0,-0.1079118961240435
2025-04-25,106.82483233532861,111.8936379045766,105.70510100806126,110.98385620117188,251064700,52.39992129010963,-2.695916841382143,-3.5583102430853844,117.54560099981433,93.03877323724623,105.29218711853028,106.87210243787615,113.51547939559764,105.5521255493164,105.29218711853028,115.21371658325195,105.51492186581027,108.21083870719241,-2.695916841382143,15.27519046283221,85.63907334546383,70.56413979581168,8.168073088447423,6.126706940642023,0.04303317521952321,0.04213298300993362,336344710.0,0.13699114643479837
2025-04-28,109.66415673478784,110.343996814893,105.9950156815573,108.70438385009766,207708500,50.23654798315011,-2.241789281735464,-3.2950060508154007,117.43538865707657,93.05500822402695,105.24519844055176,107.04660542951629,113.32680898204862,105.332177734375,105.24519844055176,114.68289093017579,106.0056083249314,108.24739760666687,-2.241789281735464,-4.898106599335787,69.13759393563727,74.77807051765798,7.443959435957235,6.095095108262409,-0.020538774098301293,-0.020752627984238475,335236510.0,-0.17268935059369162
2025-04-29,107.64463563001284,110.17403844763395,107.41469407982767,108.99431610107422,170444300,50.51638754428737,-1.8373153812878371,-3.003467916909888,117.50504029013888,93.04934203407987,105.27719116210938,107.23210168395039,113.15690730044179,105.1632179260254,105.27719116210938,114.08668685913086,106.46540952126107,108.3027249025489,-1.8373153812878371,1.3479621622814209,69.69091465605543,74.82252731238549,6.827675767671223,6.113924564014756,0.00266716245203491,0.0026636118861515876,328798090.0,-0.17940623518055354
2025-04-30,104.44538450923935,108.89433288574219,104.05547701680861,108.89433288574219,235044600,50.41110894014851,-1.5074576772452275,-2.704265868976956,117.3529676330416,93.07844258424356,105.21570510864258,107.39040941745438,112.98974751947317,104.83529510498047,105.21570510864258,113.47748672485352,106.83909003887355,108.34654771611878,-1.5074576772452275,-1.81195593871959,72.10386183569595,70.31079014246286,5.837909123880758,6.068631262199513,-0.0009173250395856369,-0.0009177460396820735,329419620.0,0.37901120776699493
2025-05-01,113.05335693358144,114.91291927434723,111.27377757314032,111.58370208740234,236121500,53.23431846826596,-1.0173065747746222,-2.366874010136489,117.53040255755312,93.01997967511289,105.275191116333,107.78977062411609,112.93460848292138,105.54712677001953,105.275191116333,112.92547271728516,107.56903035403182,108.58633692880645,-1.0173065747746222,0.8129346612476998,83.26631744408274,75.02036464527804,5.18377747068475,6.127605720610053,0.024697053835501137,0.024397011671066938,330195635.0,0.004581683646422752
2025-05-02,114.15310576985596,115.37281962529518,113.34329900218786,114.47303009033203,190194800,56.12441742792749,-0.3912041144881613,-1.9717400310068238,118.70559046838355,93.11449238684105,105.9100414276123,108.42627152566047,112.99493874203552,106.84782180786132,105.9100414276123,112.41365097045899,108.63118415961647,109.02238827410463,-0.3912041144881613,2.0499206512386436,95.5795605192647,83.64991326634778,5.163782960135873,6.397774520385621,0.025893817366504868,0.02556424954741541,322766905.0,-0.19450452415387842
2025-05-05,112.88340831442672,114.64298826396649,112.63346720059009,113.7931900024414,133163200,55.259083503572576,0.04955790994428355,-1.5674804428166025,118.9005907281647,94.87003305113217,106.88531188964843,108.93740661868722,113.02624271303182,108.53842315673828,106.88531188964843,112.00179565429687,109.42533890466646,109.37578099472218,0.04955790994428355,8.92908643988488,92.23967730399552,90.36185175578096,4.934550799531472,6.007639419258133,-0.005938866887284733,-0.005956572091273119,302811375.0,-0.29985888152567786
2025-05-06,111.4537475013017,114.7129742117387,110.7938992837595,113.51325988769531,158525600,54.8838479576721,0.37198891241226306,-1.1795865717708294,119.20708433826877,96.15316651622342,107.6801254272461,109.37320216811656,113.04534142576372,110.00307922363281,107.6801254272461,111.66731414794921,110.05424982513244,109.68226091272018,0.37198891241226306,11.873110905620885,90.86445111721721,92.89456298015914,4.991679892150527,5.7634794555113364,-0.0024599900463295743,-0.0024630207932687313,280185590.0,0.19046102827207512
2025-05-07,113.02337494499027,117.65228163619798,112.25355204144066,117.03242492675781,206758800,58.682335889783495,0.9010977190299059,-0.7634497136106824,119.64384102184988,97.7919210020759,108.71788101196289,110.10265195465384,113.20169764148899,111.43774108886718,108.71788101196289,111.47619216918946,111.1278152253825,110.2267175063526,0.9010977190299059,20.79248166576845,97.26147197677162,93.45520013266143,4.538215937495757,5.462980004943497,0.031002237470267424,0.03053137522671381,266711360.0,0.3042612675807568
2025-05-08,118.22215145930612,118.65205049698933,115.82271514729747,117.34236145019531,198428100,59.009660022557654,1.3300970170355413,-0.34474036748143766,120.19995750118211,97.53973366092727,108.86984558105469,110.79214809708635,113.36407661437944,112.53148574829102,108.86984558105469,111.19829940795898,112.08389925996909,110.75380224293355,1.3300970170355413,18.687447216748403,94.45855601167898,94.19482636855592,4.42324266436843,5.665055960063708,0.002648296176307241,0.0026447956189682383,245986850.0,-0.0402918763312613
2025-05-09,117.32235248570746,118.20215005190205,115.18285724943865,116.62252044677734,132972200,57.86311119731616,1.5936265634392726,0.042933018702704384,121.14692550499096,97.500552217177,109.32373886108398,111.34742165419978,113.49185872545388,113.09535217285156,109.32373886108398,111.1285368347168,112.7821486733242,111.18852210988493,1.5936265634392726,13.572191404057616,90.51398619023651,94.07800472622903,4.178301759849122,5.9115933219534895,-0.0061345365349878556,-0.006153430112763323,230744840.0,-0.3298721300057804
2025-05-12,121.94127499373305,122.97103118896484,120.25167057965504,122.97103118896484,225023300,64.42762114967893,2.2883685001586827,0.4920201149939001,123.22895905504868,96.6252355860646,109.92709732055664,112.45443208608216,113.8635909789249,114.52201690673829,109.92709732055664,111.09037582397461,114.34966906034583,112.06130056018715,2.2883685001586827,15.568939043308077,100.0,94.99084740063847,4.424673662379668,6.650930867246014,0.05443640488875179,0.05300641080963476,226325140.0,0.6922582314198005
2025-05-13,124.95056035306071,131.18908818741485,124.44067836400953,129.89938354492188,330430100,69.93284489099482,3.359292786665833,1.0654746493282867,126.91626978760229,94.85947178954615,110.88787078857422,114.11585603454309,114.49244558935617,116.61252365112304,110.88787078857422,111.40791076660156,116.7419328272037,113.38264004053786,3.359292786665833,17.043494424507365,95.41085748269718,95.30828122431122,4.589633538461521,8.014199499514037,0.0563413373781545,0.05481136920807433,229611395.0,0.46842615853558267
2025-05-14,133.16861033831793,135.40808800730593,131.6489642323906,135.30810546875,281180800,73.39449340362347,4.5915184889734775,1.7706834172573251,131.44755482931492,92.64164118508938,112.04459800720215,116.13416550446756,115.30874597678338,119.25390090942383,112.04459800720215,111.79503265380859,119.59826707974928,115.0067485907758,4.5915184889734775,24.47345790151263,99.68110299143432,98.3639868247105,4.709606481142101,9.701478411056385,0.0416377797663503,0.040794262711428365,232222090.0,-0.1490460463498937
2025-05-15,134.258351724734,136.2678878895653,132.6287461607251,134.79823303222656,226632600,72.54656525962531,5.4639389048026885,2.509334514766398,135.09473618133586,92.02774459258993,113.5612403869629,117.91169574520652,116.07303958680077,121.57535400390626,113.5612403869629,112.14576568603516,121.9367233801304,116.47278447532771,5.4639389048026885,23.674552815417893,95.43761296494057,96.84319114635734,4.527506826308163,10.76674789718648,-0.003768232765931301,-0.003775350441351778,223702875.0,-0.19399688741194276
2025-05-16,136.18791721457987,136.31789147723805,133.42857277146337,135.36810302734375,226542500,72.9230900825037,6.130651778298713,3.2335979674728614,138.07975212201842,92.43293098345032,115.25634155273437,119.57421072445767,116.82970874133187,123.66486129760742,115.25634155273437,112.64245208740235,124.00308947970169,117.87243770140297,6.130651778298713,24.311430576813645,97.05605279152546,97.39158958263344,4.377540982462457,11.411705284642023,0.004227577634351887,0.004218666534108666,220404125.0,-0.0003975597508919515
2025-05-19,132.35879696756518,135.83797251007488,132.35879696756518,135.53805541992188,193154600,73.0418372860777,6.5966976475021255,3.9062179034787143,140.00873144851113,94.36903954758263,117.18888549804687,121.09457688593045,117.56336939539423,125.83934783935547,117.18888549804687,113.1001512145996,125.77769962435094,119.18100197684882,6.5966976475021255,21.46760941284807,97.58283417295794,96.6921666431413,4.428957494941272,11.40992297523212,0.0012554832990736564,0.001254695838942981,215636800.0,-0.14738029288102672
2025-05-20,134.2583525069389,134.54829272140586,132.58874781513978,134.3483428955078,161514200,70.70424266275826,6.791751416041549,4.483324605991282,141.2969758305905,96.62895953317901,118.96296768188476,122.356840315414,118.22160365030065,127.92285614013672,118.96296768188476,113.64821884155273,127.09626012760585,120.3045087115643,6.791751416041549,17.36244143226744,92.28354025968765,95.64080907472366,4.286848103549593,11.167004074352873,-0.00877770099864661,-0.008816451945526478,211662270.0,-0.1638086796793864
2025-05-21,133.02864907239967,137.36762292180558,130.55922977564506,131.76895141601562,270608700,65.78830761615787,6.661409020766328,4.918941488946292,142.0654791454422,98.7687707324875,120.41712493896485,123.25323184880463,118.75287219013262,129.3965087890625,120.41712493896485,114.10911041259766,127.81513571043813,121.1537266896718,6.661409020766328,15.7968692266985,78.9315506473687,89.59930836000474,4.343262871946412,10.824177103238672,-0.019199280198776703,-0.019385979908510684,212816405.0,0.6754483506713342
2025-05-22,132.19884131725317,134.21836966107523,131.51900885300861,132.7987060546875,187344000,66.78129679351201,6.565521086575615,5.248257408472156,143.00316200954293,100.47046698825982,121.73681449890137,124.16232463031729,119.30368920442889,130.94214324951173,121.73681449890137,114.45082977294922,128.58183884032266,122.01631775374705,6.565521086575615,16.989597678784225,82.80663662590109,84.67390917765248,4.265423105530253,10.633173755320778,0.0078148503695743,0.007784472588990611,211142855.0,-0.30769409852676577
2025-05-23,129.96937433382988,132.64873565144939,129.12957588399638,131.25906372070312,198821300,63.799631452907875,6.29275398799922,5.457156724377569,143.79046788139692,101.71068186835892,122.75057487487793,124.83820454368737,119.77252742075338,132.4057975769043,122.75057487487793,114.76495559692383,128.9937195911504,122.70096560315119,6.29275398799922,12.15615142798993,77.01278419123499,79.58365715483491,4.38396661319559,10.519946503259504,-0.01159380523896325,-0.011661537423707832,208530685.0,0.06126323768041675
2025-05-27,134.1183754403962,135.6280293045703,133.27857708527512,135.4680633544922,192953600,68.00522105453588,6.343095930123411,5.634344565526737,144.76847440393496,103.40904329626036,124.08875885009766,125.8505720494783,120.38803863384118,133.65550079345704,124.08875885009766,115.04149017333984,129.98977247781838,123.64667654769497,6.343095930123411,15.446852850315384,92.43627376715523,84.08523152809708,4.416101660044732,10.339857776918645,0.03206635423474524,0.031562961731518485,207792940.0,-0.029512431515134496
2025-05-28,135.9979578766118,137.2176717346689,134.75824445795843,134.7782440185547,304021100,66.63880715287962,6.255223306070434,5.7585203136354775,145.29633006031207,105.45958043163128,125.37795524597168,126.70082652272367,120.95236041363387,134.1433868408203,125.37795524597168,115.3470182800293,130.72646040716242,124.47123710109199,6.255223306070434,15.567939624545343,88.3281214618544,85.92572647341485,4.206151494469957,9.959187407170202,-0.005092117794083917,-0.005105126806973366,214471780.0,0.575617661448141
2025-05-29,142.21648797143945,143.45620133736625,137.87751407348716,139.15721130371094,369241900,70.66787485211333,6.464411964604693,5.899698643829321,146.12313857097337,107.65905976276689,126.89109916687012,127.8871488828177,121.66627613481336,134.5282974243164,126.89109916687012,115.82210632324218,132.02349900663143,125.55908704202673,6.464411964604693,13.162596066933368,84.79490073658836,88.51976532186598,4.623910206549936,9.616019702051618,0.03249016424752793,0.03197351965516137,221181645.0,0.21452721538077446
2025-05-30,138.6873257641086,139.58710766728817,132.88868890141003,135.09817504882812,333170900,63.06485212053088,6.230839936404649,5.965926902344387,146.2024639702709,109.93118165961192,128.06682281494142,128.5739132795806,122.1930172686963,134.55829162597655,128.06682281494142,116.1742236328125,132.4965260900463,126.26568615364165,6.230839936404649,4.0021679564848744,63.981058803524256,79.03469366732233,4.886704918222416,9.067820577664747,-0.029168709381678815,-0.02960257386263701,226034115.0,-0.09768934673990137
2025-06-02,135.45808684638126,138.08745689917103,135.36809645457458,137.34764099121094,197663100,65.29337846674842,6.1562797622909216,6.003997474333694,146.6066329227621,111.81447379720859,129.21055335998534,129.40950639497396,122.78731623820669,134.7562454223633,129.21055335998534,116.55113510131837,133.24285145945623,127.08657169716531,6.1562797622909216,1.5073269375809695,67.87592771066976,72.21729575026077,4.646759997376374,8.698039781388376,0.016650601990513936,0.016513500505562415,226407530.0,-0.40672159543345476
2025-06-03,138.74729436292043,141.9665367692297,137.91748812723765,141.1867218017578,225578800,68.7579531317556,6.333958097803389,6.069989599027633,147.15970529660433,114.00075460329798,130.58022994995116,130.5311459575248,123.50886155442437,135.32111206054688,130.58022994995116,117.02142425537109,134.46498535827186,128.13102726046847,6.333958097803389,4.739297115270003,84.15900839318293,72.0053316357923,4.389677053059856,8.289737673326592,0.027951559872750442,0.02756804517640441,231028310.0,0.14122868658844268
2025-06-04,142.15650682982962,142.3564566649135,139.5071219355859,141.88656616210938,167120800,69.3584452068109,6.456810952403288,6.147353869702765,147.23026738383135,116.7675231435124,131.99889526367187,131.61261454843762,124.22955585276497,136.07493438720704,131.99889526367187,117.43152755737304,135.60676702040072,129.14995606799744,6.456810952403288,4.81536121803297,89.04392956760329,80.35962189048531,4.199722072127252,7.615686060079733,0.00495687095373043,0.004944626116286623,231458070.0,-0.25914669286298175
2025-06-05,142.13651043477643,143.96608121416313,138.79730082341692,139.95703125,231397900,65.6138964761995,6.325558284785899,6.182994752719392,147.0245660692814,119.26568509038653,133.14512557983397,132.40732090096736,124.84631959383302,136.89374237060548,133.14512557983397,117.81743682861328,136.27603844033908,129.95048015555318,6.325558284785899,3.2603211078890895,72.97847522076772,82.06047106051795,4.30898197654911,6.939720244723722,-0.013599137425771679,-0.013692452665405617,232690025.0,0.3846146021321104
2025-06-06,142.47640682683559,143.23623746842864,141.47664251332282,141.6865997314453,153986200,67.31718939070473,6.288610138764653,6.204117829928444,146.576496267493,122.14817872029998,134.3623374938965,133.29106174196528,125.50672273648448,137.78253173828125,134.3623374938965,118.37650482177735,137.10843248512467,130.81982234636,6.288610138764653,5.462111908328471,84.63599458234283,82.21946645690458,4.336831084595821,6.107079386798255,0.012357853449719514,0.01228211848812834,230467930.0,-0.33453933678741254
2025-06-09,143.15627066728982,144.96584183837217,141.9065651342004,142.59640502929688,185114500,68.20926631773477,6.260574149103519,6.21540909376346,145.15339518439646,126.16866826164846,135.66103172302246,134.17728491218733,126.17690635581046,138.91626586914063,135.66103172302246,119.0003579711914,137.95273595345884,131.69216180435532,6.260574149103519,8.216999146557106,85.0379071941477,80.88412566575273,4.3225501249113325,4.746181730687,0.0064212515479658006,0.006400723144077613,233075045.0,0.20214993291606653
2025-06-10,142.65638139553192,144.25599524562207,141.4966510569608,143.92608642578125,155881900,69.51874828275199,6.273334506221261,6.226994176255021,144.8304627931382,128.58710617658838,136.7087844848633,135.10574219919627,126.87295263306422,139.76206817626954,136.7087844848633,119.68599655151367,138.87171294920074,132.59837844297948,6.273334506221261,8.379133126878067,93.43433978952834,87.70274718867294,4.308981309474133,4.060839154137449,0.009324789052088667,0.009281581599223064,229617975.0,-0.15791631665806838
2025-06-11,144.5859620448177,144.96590375929992,141.84641202362192,142.80625915527344,167694000,67.01517528633437,6.122509995133754,6.206097340030768,145.24549279783156,129.46276373293017,137.35412826538087,135.83912476644173,127.49778818295478,140.56486968994142,137.35412826538087,120.3750325012207,139.477027750135,133.35451775500124,6.122509995133754,8.797255676865692,86.36271854793807,88.27832184387135,4.045488351582525,3.9456822662253535,-0.007780571947151982,-0.007810998523934495,221481170.0,0.0757759560282496
2025-06-12,141.94641106631286,144.9759063720703,141.82643588786814,144.9759063720703,162365000,69.32048644084853,6.107647720320955,6.186407416088806,146.36032654408686,129.31471007700688,137.83751831054687,136.70929444316826,128.18320458252794,141.14673919677733,137.83751831054687,121.07206954956055,140.32300907658657,134.21536135626562,6.107647720320955,7.018512542471392,100.0,93.26568611248878,4.077639042735064,4.261404116770001,0.015192942029507384,0.015078685098274031,215540380.0,-0.031778119670351934
2025-06-13,142.45632089769495,143.55614422146527,140.82660211679442,141.9464111328125,180820600,62.72809064559321,5.784731528998947,6.106072238670834,146.78038197281745,129.6094724583349,138.19492721557617,137.2080674612296,128.72293817273518,141.8315628051758,138.19492721557617,121.70311813354492,140.57276323908286,134.7880317100839,5.784731528998947,5.3184897655076915,74.93637186050957,87.09969680281586,4.111937191633976,4.292727378620644,-0.020896542846801203,-0.021117965678290232,213249780.0,0.11366735441751619
2025-06-16,143.32618096280035,146.1556971839991,143.1761967394354,144.66595458984375,183133700,65.8662572419991,5.682755284176551,6.021408847771978,147.6003651285281,129.71927445887422,138.65981979370116,137.91834242585952,129.3481545028179,142.56339416503906,138.65981979370116,122.56091674804688,141.20248498535378,135.51972970117723,5.682755284176551,3.958647370498082,88.77107361039022,87.90248182363325,4.100531510728222,4.470272667413462,0.01915894481112801,0.018977723245708657,211079340.0,0.012792237167667864
2025-06-17,144.46598768948277,145.1958620737219,143.75609899624828,144.09603881835938,139108000,64.63802140748798,5.492635255502961,5.915654129318175,148.21637283551354,129.95906509173255,139.08771896362305,138.50669446324045,129.92650290734895,142.8543258666992,139.08771896362305,123.55708190917969,141.6476471135085,136.15501185800554,5.492635255502961,6.660240796205559,84.47533670162306,82.7275940575076,4.027698353639876,4.564326935945253,-0.003939529332248171,-0.003947309718690903,208377010.0,-0.24040195769538864
2025-06-18,143.9860537050978,145.62578045463974,143.0962022725339,145.455810546875,161494100,66.25487193947056,5.389558501916611,5.8104350038378625,148.90820109042852,130.37798360195427,139.6430923461914,139.1685150426342,130.53549536380095,143.21125030517578,139.6430923461914,124.51385833740234,142.2335184109495,136.8439599090329,5.389558501916611,5.903391930978207,94.72460842552873,89.32367291251398,3.588528415303752,4.632554372118561,0.009436565638210936,0.009392319389974604,208376005.0,0.1609260430744457
2025-06-20,145.42582047781178,146.17569581398777,142.6262828381709,143.8260955810547,242956200,62.562722376939824,5.117375139275879,5.6718230309254665,148.9028886586453,131.58901045024143,140.24594955444337,139.61209414153137,131.05669537232072,143.59815673828126,140.24594955444337,125.464833984375,142.47853028327336,137.36115514399748,5.117375139275879,1.8694206832019624,78.25973969985635,85.81989494233603,3.363599430299376,4.328469552100967,-0.011204192941437152,-0.01126743272200272,206993380.0,0.5044277159351331
2025-06-23,142.47632119978937,144.7559411184857,142.00639807778802,144.1460418701172,154308900,62.998664636763344,4.871331181470936,5.5117246610345605,148.88260193840938,132.7440307520203,140.81331634521484,140.04389868711098,131.57000307811666,143.84410095214844,140.81331634521484,126.06169342041015,142.7350705274032,137.86373934593226,4.871331181470936,1.5924521743843587,75.42258537373598,82.80231116637367,3.3464752296104314,4.034642796597265,0.002224535733727162,0.0022220651174162756,205341625.0,-0.36486947029958483
2025-06-24,145.53578955415,147.93539956519925,145.47580197371775,147.87539672851562,187566100,67.71748446376799,4.920546346464931,5.393488998120635,148.95774852343663,134.3305174677743,141.64413299560547,140.78975564343523,132.2094302800931,144.37200012207032,141.64413299560547,126.86830825805664,143.52588994295894,138.605343596494,4.920546346464931,5.657711804683356,99.34337723437731,84.3419007693232,3.2872225094006677,3.6568077639155776,0.025872058712224533,0.02554303986210498,204778865.0,0.2155235375276474
2025-06-25,149.24520677628502,154.4243389252029,149.23519867353343,154.28436279296875,269146500,73.88195302504539,5.414287186328721,5.397648635762252,151.26646535021348,133.90343058484513,142.5849479675293,142.0749563243432,133.07511390804902,145.40782775878907,142.5849479675293,127.73591827392578,145.18103961219123,139.7667524258625,5.414287186328721,8.891287592052747,99.10426959144513,91.29007739985279,3.5514801856406444,4.340758691342084,0.043340313576431866,0.042427406190420444,208588510.0,0.4349421350659848
2025-06-26,155.95406403411533,156.69394650127538,153.97439748110884,154.99423217773438,198145700,74.46360475306503,5.796047656387572,5.477328439887316,153.11705791678264,134.07443683419393,143.5957473754883,143.3053635484757,133.9346871735269,146.62662506103516,143.5957473754883,128.62212463378907,146.6907615453517,140.89471388896413,5.796047656387572,8.694347621099093,89.28797231373255,95.91187304651832,3.3765350877420963,4.760655270647176,0.004601045575293838,0.004590493120936221,203294740.0,-0.26379982648854805
2025-06-27,156.01406285223712,158.68363258213975,155.23419369167684,157.72378540039062,263234500,76.61971029628901,6.246838052042847,5.631230362318422,155.69997030618188,133.34818185446264,144.52407608032226,144.67854658199138,134.86759298634507,147.9014129638672,144.52407608032226,129.53312911987305,148.3881498307423,142.14131177869945,6.246838052042847,9.586656121386634,94.62482195115321,94.33902128544361,3.4058346724547204,5.587947112929812,0.017610676115523027,0.01745740501441185,197994370.0,0.32848959124523014
2025-06-30,158.37368067249696,158.6336472456001,155.93409881773164,157.96376037597656,194580300,76.80513235378984,6.5479756757278835,5.814579425000314,157.44524417452178,133.88946651883762,145.6673553466797,145.9438050385614,135.77332504084043,149.5031478881836,145.6673553466797,130.60309661865233,149.86132068385527,143.31334500812738,6.5479756757278835,10.6140314229661,95.96869027266193,93.29382817918254,3.3644279810934057,5.888944413921041,0.0015214888165202556,0.0015203325251185616,191064840.0,-0.2608100381978806
2025-07-01,156.26402965591922,157.17388214393176,151.46483925954294,153.2745361328125,213143600,65.8203507082355,6.335219735562276,5.918707487112707,158.0248138090676,134.90258639845194,146.46370010375978,146.64196990468056,136.45964704444717,150.36400604248047,146.46370010375978,131.6392657470703,150.3864307529256,144.05121101736333,6.335219735562276,5.7241440791163924,69.70886923318777,86.76746048566763,3.6315406187914294,5.78055685265391,-0.02968544324345679,-0.030134974737803088,191838865.0,0.09540174416423453
2025-07-02,152.9545671877056,157.57380961936815,152.94457434216997,157.22386169433594,171224100,69.74503285830556,6.411380286088985,6.017242046907963,159.49112993109705,135.03998426568032,147.26555709838868,147.64976912274298,137.2739299718938,151.67678833007812,147.26555709838868,132.8459994506836,151.43834320545028,145.0269629193613,6.411380286088985,10.762829746522478,91.82523157679127,85.83426369421363,3.739379443185728,6.112786416354178,0.025766351418616162,0.025439993152528935,189121130.0,-0.19667257191865017
2025-07-03,158.34368228178877,160.95324924613055,157.74379112425564,159.3135223388672,143716100,71.60303545994773,6.564682645910523,6.126730166708476,161.20347116604296,135.07033864841014,148.13690490722655,148.76060276237388,138.13822771177513,153.06255950927735,148.13690490722655,134.05493591308593,152.64990922597596,146.08522658006544,6.564682645910523,10.125096668771969,91.85295545390002,84.46235208795967,3.780802090870903,6.5332831294082,0.013290989179453039,0.013203438882959067,187950895.0,-0.1606549545303494
2025-07-07,158.17371270193448,159.28352889047815,157.31385497697042,158.21371459960938,140139000,69.19453293669713,6.522246183426375,6.205833370052056,162.26024858090258,135.83922956851146,149.04973907470702,149.66089912782488,138.92550170737647,154.5013214111328,149.04973907470702,135.16549407958985,153.50587928345803,146.98363310003165,6.522246183426375,9.797407268804989,85.54095019705149,89.73971240924756,3.6272565984866794,6.605254753097788,-0.006903417381724064,-0.006927356204234811,183387950.0,-0.02489004363463798
2025-07-08,159.3035323273478,160.19338386133896,158.36368604860908,159.97341918945312,138133000,70.88218212905518,6.555045945816062,6.2756758852048575,163.55470370921682,136.373456385998,149.9640800476074,150.643043895599,139.75091023608536,156.0840591430664,149.9640800476074,136.23686416625978,154.5008854228419,147.94583947702583,6.555045945816062,9.98076913393545,94.8285335226859,90.74081305787911,3.4679982563826064,6.79531183080471,0.011122326495506485,0.011060928263480669,182595290.0,-0.014314359314680392
2025-07-09,161.1932080055649,164.39267314506114,161.13322041798892,162.85293579101562,183656400,73.4457936098461,6.735747415097109,6.367690191183308,165.2573504086175,136.69646276276924,150.97690658569337,151.80589074278151,140.65687202255322,157.5818130493164,150.97690658569337,137.27424575805665,155.78581624871478,149.05006883361767,6.735747415097109,13.22905981219393,93.12195821136638,91.16381397703458,3.680819033392205,7.140221911462063,0.017999969095818136,0.01783988777058804,182522385.0,0.329562088711604
2025-07-10,164.29270331195812,164.4726660794993,161.5831469026993,164.07273864746094,167704100,74.47116029237012,6.897868196784799,6.473725792303607,166.99416561497816,136.97431277857652,151.98423919677734,152.9741619717986,141.57514130196137,158.56065063476564,151.98423919677734,138.38161285400392,157.06072738698344,150.16285919019865,6.897868196784799,13.82396389024591,98.2198759847078,95.39012257292,3.7065291044417887,7.504963209100404,0.007490211033165828,0.0074622986953861055,183113495.0,-0.08685948325242132
2025-07-11,163.6927958392512,167.862101078866,163.44283738179527,164.89259338378906,193633300,75.16528422173255,7.011679236084376,6.581316481059761,168.49986388795048,137.67724792845576,153.08855590820312,154.10925067770245,142.48955118752323,159.55048675537108,153.08855590820312,139.4995783996582,158.26562984803044,151.25395061194607,7.011679236084376,11.507794421350091,88.51507655795265,93.28563691800893,3.768661298817065,7.705653989873688,0.0049968979800461,0.004984454919256748,184410460.0,0.15461279718265675
2025-07-14,165.3425116109199,165.4625020418882,161.99307751467913,164.04273986816406,136975800,72.95102141159843,6.953147670345203,6.65568271891685,169.69717630651377,138.38661885950188,154.04189758300782,155.05529726727022,143.33477427303856,160.18238220214843,154.04189758300782,140.60254653930664,159.15441600497408,152.20126833462888,6.953147670345203,6.32492943454671,82.93884490347227,89.89126581537755,3.8200814049964498,7.827639361752974,-0.005153982348054642,-0.0051673099282076845,183141000.0,-0.2926020472718277
2025-07-15,171.1615549258278,172.37134531045626,169.17188012202328,170.671630859375,230627400,78.31664128408106,7.356851876881507,6.795916550509782,171.72077402851363,139.23554311015823,155.47815856933593,156.54256713318495,144.4068078646596,161.4531692504883,155.47815856933593,141.7843051147461,160.92629521334345,153.56944333646194,7.356851876881507,10.114827152834371,92.65342462703491,88.03578202948658,4.1443133869400315,8.121307729588843,0.040409535932759866,0.039614420191223965,185631340.0,0.6837090931390801
2025-07-16,171.03157616389174,171.72146396229547,168.87193138356372,171.34152221679688,158831500,78.77485478660975,7.642744205365204,6.965282081480867,173.68496370590407,139.9389101954631,156.8119369506836,157.95199142686226,145.46307117258658,163.2598678588867,156.8119369506836,142.9216749572754,162.52863782925937,154.88589362389416,7.642744205365204,8.633914524582876,95.07415016573562,90.22213989874759,3.8800698428003506,8.436513377610243,0.00392503050477,0.00391734766955151,184416230.0,-0.3113068958848775
2025-07-17,171.99141956059896,174.13106334471073,170.80161486292053,172.97125244140625,160841100,79.88834199433715,7.909644090837077,7.154154483352109,175.48517613553366,141.02621912813822,158.25569763183594,159.38239723777122,146.54182337920696,164.83460693359376,158.25569763183594,144.10523620605468,164.13519392343582,156.22554983259874,7.909644090837077,9.50059180011269,94.88308728023462,94.20355402433502,3.9236340900591835,8.614739251848853,0.009511589505708296,0.009466639146369284,185502885.0,0.012652402073895841
2025-07-18,173.61115431570738,174.22105359276725,171.23154479926822,172.38136291503906,146456400,78.28743437664329,7.981558579165068,7.3196353025147,176.82808124610713,142.37586925438117,159.60197525024415,160.62039396893957,147.55513865512197,166.14139099121093,159.60197525024415,145.28259826660155,165.4038353067594,157.42227672759432,7.981558579165068,12.465754106520658,91.91565586969263,93.95763110522093,3.8736418321373014,8.613052997931495,-0.0034103327462868815,-0.0034161611860592275,184751000.0,-0.08943423042990872
2025-07-21,172.72129949000853,173.35119970444802,170.97159023323564,171.35153198242188,123126100,75.444982277728,7.864792151416509,7.428666672295063,177.27031926942362,144.6861748712014,160.9782470703125,161.64240711308074,148.4883305503102,167.45517272949218,160.9782470703125,146.36898040771484,166.31886556455362,158.4540734131371,7.864792151416509,8.985703655817845,87.39016266798014,91.39630193930243,3.8507890495190105,8.146036099555555,-0.0059741431161833836,-0.005992059702308101,178759495.0,-0.1592986035434436
2025-07-22,171.31154005146294,171.36153479867312,164.55266825003173,167.00225830078125,193114300,64.75219183676667,7.336730614885312,7.410279460813113,176.5406748405287,147.7014409431627,162.1210578918457,162.15286913095696,149.2143669326816,168.158056640625,162.1210578918457,147.36217834472657,166.42400290858865,159.08727229370334,7.336730614885312,4.826166573330648,66.0714763614692,81.7924316330473,3.8729280089624223,7.209808474341493,-0.02538216980801078,-0.025709853858088744,180699765.0,0.5684270028856595
2025-07-23,169.5018251648929,171.23153339032083,167.94208685699226,170.75161743164062,154082200,68.85076813152432,7.138491898812504,7.355921948412992,176.5077581713328,150.0219796826711,163.26486892700194,162.97179754054588,150.0589649914643,168.9479248046875,163.26486892700194,148.44476028442384,167.08978975828896,159.95129785947645,7.138491898812504,7.924662450256513,79.47953271285853,77.64705724743594,3.844359424129666,6.621444622165428,0.022450948681822958,0.022202635834811597,179025570.0,-0.20211915948223413
2025-07-24,172.41134882841166,173.80111724784433,171.27153886755505,173.7111358642578,128984600,71.65272188973579,7.1379132708865995,7.312320212907714,177.5552250542588,150.917190106874,164.2362075805664,163.99459166661367,150.98650110412288,169.9117645263672,164.2362075805664,149.4595623779297,168.10845838997648,160.97054511908988,7.1379132708865995,8.587499563621504,96.98402000179375,80.84500969204048,3.795796014444601,6.6595087368462105,0.017332301017892293,0.017183810026743608,172017475.0,-0.16288448633261987
2025-07-25,173.58115848322245,174.69097468726906,172.9312725713388,173.47117614746094,122316800,71.09431537884925,7.036974103269841,7.25725099098014,178.3424412562981,151.97766830180737,165.16005477905273,164.89712352193246,151.8682530666067,170.76962280273438,165.16005477905273,150.33099822998048,168.93349189112794,161.8965177878581,7.036974103269841,6.520140582587586,92.52908081186321,89.66421117550514,3.778655639732707,6.591193238622679,-0.0013813721014661606,-0.0013823270754584475,168226030.0,-0.051694543379597224
2025-07-28,173.99108478739527,176.97058528484683,173.94109004538618,176.7206268310547,140023500,74.04422112062889,7.136912711910668,7.233183335166245,179.76533696605367,152.45445673511819,166.10989685058593,166.02317145613458,152.84285595933017,172.03741149902345,166.10989685058593,151.15924865722656,170.13151265111668,162.994599939206,7.136912711910668,7.708707910806534,98.4217168961282,95.97827256992836,3.8872084879938718,6.827720057733872,0.01873193435220344,0.01855865226448988,162065480.0,0.1447609813206363
2025-07-29,177.93044011853775,179.35020236643535,174.99092613442062,175.4808349609375,154077500,71.06433219696079,7.034979077054004,7.193542483543798,180.68822833543615,153.28327282423183,166.985750579834,166.92390131373486,153.73061984174615,172.5183319091797,166.985750579834,151.97290069580077,170.95448531416605,163.91950623711205,7.034979077054004,6.4212960448164,78.22167317822847,89.72415696207327,3.882924364880066,6.851238877801078,-0.007015547037994785,-0.007040271693966676,160040340.0,0.10036886665452593
2025-07-30,176.48066791766442,179.86011122312902,176.01074478620916,179.24021911621094,174312200,74.42535272726872,7.174839733617688,7.189801933558575,181.4254819929714,155.1425874650364,168.2840347290039,168.09688396158973,154.73099628388204,173.3082015991211,168.2840347290039,152.85034301757813,172.22921359140372,165.05437385778603,7.174839733617688,9.264341268781907,96.53052590019506,91.05797199151722,3.9893355852651746,6.570723631983753,0.021423331819171443,0.02119707794992163,158098770.0,0.13132806542162223
2025-07-31,182.86960179799485,183.26954448460754,175.9007587673991,177.84043884277344,221685400,71.11316087973,7.090989232091431,7.170039393265148,182.03086296783735,156.59886420501422,169.3148635864258,169.02484156932152,155.63724893325033,173.7951202392578,169.3148635864258,153.69639068603516,173.09247901469135,166.00148978259992,7.090989232091431,4.200351251875704,74.48304904424474,83.07841604088941,4.200015729560724,6.3579996907057845,-0.007809521101566741,-0.007840175111206516,160621835.0,0.27177214216790335
2025-08-01,174.06106522140865,176.51065501732398,170.86160006411595,173.69113159179688,204529000,62.267033878029125,6.613486531591633,7.058728820930446,181.9708437037446,158.0966443943999,170.03374404907225,169.46925014289062,156.3452443316247,173.92609710693358,170.03374404907225,154.48324645996092,173.18457941116912,166.5710928795775,6.613486531591633,1.3713017980703246,48.82472495535127,73.27943329993035,4.450688176092754,5.968549827336183,-0.02333162962246693,-0.023608121226798857,163662480.0,-0.07739075284163954
2025-08-04,175.1309006070304,180.17005649193501,174.49100755408614,179.9700927734375,148174600,68.62701608505901,6.664893153592004,6.979961687462758,182.47427266454284,159.7688532509845,171.12156295776367,170.4693303934189,157.27170897640167,174.78795318603517,171.12156295776367,155.44726928710938,174.22850454382578,167.56361139023377,6.664893153592004,4.046244814237034,82.37178218299623,68.55985206086406,4.318568137367464,5.676354853389584,0.03615015415062883,0.035512069773851344,164064260.0,-0.27553256506412294
2025-08-05,179.59015184800575,180.23004490386853,175.87076869322405,178.23037719726562,156407600,65.34081136526906,6.490435068984965,6.8820563637672,182.51534481250317,161.55347690380543,172.0344108581543,171.20847770807097,158.09361753408263,175.9107650756836,172.0344108581543,156.35590270996093,174.8441772597396,168.35374219075464,6.490435068984965,3.3930665028500466,73.0768787259862,68.09112862144455,4.426406968218373,5.240466977174437,-0.009666692667442134,-0.009713718442209087,164977990.0,0.0555628292568362
2025-08-06,176.30069964693718,179.87009845787975,176.22071111043454,179.3901824951172,137192300,66.49275118062509,6.372306393192844,6.780106369652329,182.8919761038952,162.83057028282357,172.86127319335938,171.98768768778967,158.92877694431928,176.77462158203124,172.86127319335938,157.3185250854492,175.54356268056694,169.1712562873741,6.372306393192844,4.6913210636015545,79.27345385591653,78.24070492163297,4.449259744336588,5.015351455267904,0.00650733795265368,0.00648625663512085,162654785.0,-0.1228540045368639
2025-08-07,181.53984513179375,183.84945895635624,178.7703010091291,180.73997497558594,151878400,67.8327130215187,6.314812313527625,6.687047558427389,183.41565962703316,163.97361039249807,173.69463500976562,172.82123885805598,159.78411804358464,177.47750549316407,173.69463500976562,158.2239633178711,176.34301072595446,170.02819841242683,6.314812313527625,8.226066410468666,83.88600452742033,78.74544570310766,4.598520398174311,4.8605123086337745,0.00752433863266444,0.007496171998690576,161863500.0,0.10704755296033386
2025-08-08,181.51982919208731,183.26953833968557,180.3700111699138,182.6696319580078,123396700,69.69831192431393,6.351736172062573,6.619985281154427,184.16571277106885,165.00126110588428,174.58348693847657,173.75918105805138,160.6815891774836,178.39735107421876,174.58348693847657,159.18179107666015,177.31633706934727,170.9646008972847,6.351736172062573,6.979737413695945,93.88589006169951,85.68178281501211,4.63565737664284,4.791112916296143,0.010676426079413437,0.010619835476421821,158351670.0,-0.18752962896633096
2025-08-11,182.01974653412333,183.80944232526838,180.2200426409657,182.0297393798828,138323200,68.28403434274408,6.257235101468183,6.547435245217178,184.24042869558988,166.7252451325351,175.4828369140625,174.5468532791782,161.518771538362,178.92826232910156,175.4828369140625,160.0392416381836,178.04147588635274,171.78424078488456,6.257235101468183,4.788756618415853,88.56052674755632,88.77747377889203,4.405695457761504,4.378795890763695,-0.0035030046935885517,-0.0035091545807863955,158419040.0,0.12096352657729104
2025-08-12,182.9295986692803,184.44933506001817,179.4301803710301,183.1295623779297,145485700,69.43212976613816,6.199623446556444,6.4778728854850325,185.18860249348367,167.0228644864968,176.10573348999023,175.36425414572597,162.36625353207052,179.6931350708008,176.10573348999023,160.99986938476562,178.82425842351844,172.624634976962,6.199623446556444,5.567718190979774,90.28702957125306,90.91114879350295,4.462115429150681,4.541434501746719,0.0060419962243181136,0.006023816556037098,154161955.0,0.05178090154073933
2025-08-13,182.58965738273272,183.93943921657484,179.3202115957667,181.55982971191406,179871700,65.77254128787371,5.958614291184944,6.374021166625015,185.7206871298423,167.51261059964986,176.61664886474608,175.9543089615534,163.11894279402517,179.9250961303711,176.61664886474608,161.8841131591797,179.24511554481006,173.28650125362512,5.958614291184944,2.7383350589208035,78.73445906197374,85.86067179359435,4.574238843765285,4.552019132548106,-0.00857170543975927,-0.008608653798644192,155213965.0,0.2363531261148002
2025-08-14,179.72011917648817,182.98957985829236,179.43017409752198,181.98974609375,129554000,66.29649130794456,5.736180341895789,6.24645300167917,186.30378697563467,167.8313601190919,177.06757354736328,176.5291124979531,163.85897429597517,180.34002685546875,177.06757354736328,162.70017364501953,179.66736639849313,173.93118605659734,5.736180341895789,3.709186324684061,81.89846234850819,83.63998366057831,4.702789104111007,4.618106714135694,0.0023679047425748667,0.0023651056738877856,153649610.0,-0.27974217178133076
2025-08-15,181.84978375259033,181.86976944489334,178.01041021115256,180.42001342773438,156602200,62.532510044572895,5.371318313204796,6.071426063984296,186.5453104688106,168.3937016771855,177.46950607299806,176.8996744912656,164.5084268109461,181.0129150390625,177.46950607299806,163.47084259033204,179.78315824914563,174.41183993594083,5.371318313204796,0.6582196324802049,70.34589183922887,76.99293774990359,4.737069585911832,4.537902197906275,-0.008625390714084524,-0.008662804692042862,154156900.0,0.20877935069546294
2025-08-18,180.56999746834546,182.90960499065454,180.5599893659508,181.97975158691406,132008000,64.67840239639465,5.148669701564302,5.886874791500298,186.8090870145622,169.1927470918831,178.00091705322265,177.38349135751787,165.19357680216052,181.21388092041016,178.00091705322265,164.31129699707031,180.12109568572538,174.97242598416108,5.148669701564302,2.3275430329994524,81.82490699260117,78.02308706011273,4.603520680976506,4.404084980669782,0.008645039591488768,0.008607885217185033,154600995.0,-0.15704887926223254
2025-08-19,182.39967416584764,182.46966985536903,175.46084035755914,175.61080932617188,185229200,51.66597643174031,4.407491837438471,5.590998200687933,185.6797213937962,171.18296781518816,178.43134460449218,177.21466449738966,165.60209572467076,180.9519241333008,178.43134460449218,164.98978118896486,179.4272054765633,175.01971363912483,4.407491837438471,1.1052249569578272,34.952177559307636,62.374325463712545,4.791345912092104,3.6241883946520126,-0.034998081958037885,-0.03562519003687552,154206740.0,0.4031664747591055
2025-08-20,175.1408920976954,175.9707560164781,168.77195541250927,175.370849609375,215142700,51.24763724560372,3.757427016769867,5.22428396390432,185.13299549170057,172.19161693505725,178.6623062133789,177.03906307948353,165.98518411230623,180.54999084472655,178.6623062133789,165.6452700805664,178.8031507277651,175.04572371099522,3.757427016769867,-2.5555597006067226,42.09181856429864,52.956301038735795,4.779204118289276,3.2353446391608345,-0.0013664290809751733,-0.0013673634964971996,157259765.0,0.1614945159834411
2025-08-21,174.8209444570093,176.87059152353538,173.78110877087863,174.95091247558594,140040900,50.47735285101025,3.171798032447839,4.813786777613024,185.01656510703236,172.43202498085827,178.72429504394532,176.84019159339803,166.3367813030231,179.97108459472656,178.72429504394532,166.2657666015625,178.2104986889683,175.03870065652046,3.171798032447839,-1.8400144651267676,39.41320043275528,38.81906551878717,4.501392973574937,3.1461350315435186,-0.0023945663416949925,-0.0023974379006856325,157812580.0,-0.34907900663141256
2025-08-22,172.58132291943235,178.56032512128596,171.17155351749952,177.96043395996094,172789400,55.625049917522425,2.9169018465337615,4.434409791397172,184.75339674970087,173.14411911943978,178.94875793457032,176.9468813425945,166.79261081898142,179.5001647949219,178.94875793457032,166.96885009765626,178.17202719219796,175.2551253456642,2.9169018465337615,-0.7970048947328353,58.60978527053591,46.704934755863256,4.56638202383553,2.9023194075652783,0.017202090813873028,0.01705581002367675,160336210.0,0.23384953967019628
2025-08-25,178.3203719824875,181.87977802218637,176.54066896263805,179.78012084960938,163012800,58.438166495602204,2.8291160186068396,4.113351036839106,184.81974244434147,173.38372282665463,179.10173263549805,177.21671367659593,167.3019249378296,179.27520294189452,179.10173263549805,167.66493438720704,178.4194262164151,175.59031019780826,2.8291160186068396,-0.5310690820368975,70.21687096063452,56.07995222130855,4.636370084471518,2.8590049044217163,0.010225232930471728,0.01017330889317426,161485675.0,-0.056581017122578126
2025-08-26,180.03006938032237,182.35968393651802,178.7802771456414,181.7397918701172,168688200,61.28462288353032,2.88442434288001,3.8675656980472866,184.98138604175261,173.84797492016145,179.41468048095703,177.64748302835986,167.86811579791933,179.13622589111327,179.41468048095703,168.4608020019531,178.93025170160004,176.04582735872003,2.88442434288001,-0.5090282812330718,82.71686180457125,70.51450601191388,4.6313714732880475,2.783352780397786,0.01090037658917331,0.010841395706416915,162216210.0,0.03481567091663962
2025-08-27,181.94975068857377,182.45967569067753,179.07023971825097,181.56982421875,235518900,60.895075942225496,2.881327469846724,3.670318052407174,185.17939019446314,173.88293127770484,179.531160736084,178.02103933220653,168.40543769677544,179.13722534179686,179.531160736084,169.19887939453125,179.33633978116157,176.45501231131485,2.881327469846724,-0.2526593526418247,81.63270325774296,78.18881200764956,4.510677046516577,2.824114729189568,-0.0009352252999643706,-0.0009356628960004141,165276545.0,0.3961788672829516
2025-08-28,180.7899615720414,184.43934897141472,176.3806906932069,180.1400604248047,281787800,57.57950075477504,2.732010272712813,3.482656496468302,185.24284500655327,174.04943862381785,179.64614181518556,178.22285086483492,168.86561898022757,178.95225677490234,179.64614181518556,169.91975982666017,179.45998911095285,176.72797883824003,2.732010272712813,-1.6324518632089995,72.51278764625556,78.95411756952325,4.8791864114048655,2.798351595683854,-0.00787445711365986,-0.007905624375742408,168281665.0,0.1964551464871822
2025-08-29,178.08040158317536,178.12038822306508,173.12121914292007,174.1510467529297,243257900,46.225812811140734,2.1061337681111354,3.207351950796869,185.16570125178006,174.1725738947043,179.66913757324218,177.83505999703442,169.07289065758846,178.3253601074219,179.66913757324218,170.49366455078126,178.64322874818004,176.5370949800689,2.1061337681111354,-4.080628942393311,34.311163353597436,62.81888475253197,5.12414652551786,2.7482818392689436,-0.03324642868305783,-0.03381165435421267,170218110.0,-0.13673374077940914
2025-09-02,169.9717482776903,172.351357635579,167.19221149694363,170.75161743164062,231164900,41.253430403455894,1.3205936118889383,2.830000283015283,185.99350106850454,172.42292654380014,179.20821380615234,177.16044641937788,169.1387230801003,177.20254669189453,179.20821380615234,171.03217498779296,177.42913469948166,176.10854108759273,1.3205936118889383,-6.175143876688622,20.637661988637635,42.48720432949686,5.262695137446288,3.392643631176093,-0.019520005102879878,-0.019713036514491123,174367625.0,-0.049712671202045255
2025-09-03,171.03158891427162,172.38137081666613,168.851958278929,170.59165954589844,164424900,41.029783180736416,0.6773322494688614,2.3994666763059986,186.62724854974246,171.02530729742548,178.82627792358397,176.5348476695227,169.19570098071983,176.70063171386718,178.82627792358397,171.5610873413086,176.37721544508423,175.69988319561537,0.6773322494688614,-5.447485395389684,19.710215993735847,24.88634711199029,5.184851202941216,3.9004853130792427,-0.0009367869432114206,-0.0009372260023245525,174768490.0,-0.2887116512930813
2025-09-04,170.54166973363456,171.83144870716828,169.381858788342,171.63148498535156,141670100,43.18602796162758,0.2485827014383517,1.9692898813324693,186.8676043078445,170.00908178834692,178.4383430480957,176.0678607472207,169.29122192207797,176.32669525146486,178.4383430480957,172.0362091064453,175.64710306666382,175.39852036522547,0.2485827014383517,-5.686493421011258,25.73919002488888,22.02902266908744,5.105578642802352,4.21463062987439,0.006095406083867605,0.006076904242296264,174992380.0,-0.13839023164982922
2025-09-05,168.00209055003162,169.0019244592772,164.04275681292185,166.9922637939453,224441400,36.73265227005686,-0.4602453608793553,1.4833828328901044,187.52486860839235,167.977046369635,177.75095748901367,175.20351818024207,169.20106670136687,175.53083038330078,177.75095748901367,172.29036712646484,174.31558933239944,174.7758346932788,-0.4602453608793553,-4.907753438012379,14.460783243122927,19.970063087249205,5.363392377790372,4.886955559689345,-0.027030129068697395,-0.02740216240269134,178620530.0,0.5842538404363378
2025-09-08,167.5221599855096,170.93159698121408,167.32219627229085,168.2820281982422,163769100,39.442002708685784,-0.9074628320290401,1.0052136999062755,187.382081631372,166.68107297067877,177.03157730102538,174.54432865814684,169.16502597575413,174.5629898071289,177.03157730102538,172.556123046875,173.38734915791372,174.29481198994276,-0.9074628320290401,-4.042189124887411,20.784214109782848,20.32806245926487,5.466945350958129,5.175252165173307,0.007723497933343371,0.007693824414153946,180639150.0,-0.27032579550831526
2025-09-09,169.0618925540675,170.95157781434446,166.71229229208453,170.7316131591797,157548400,44.31907092670263,-1.0520969469344266,0.5937515705381351,186.9015013868825,166.03184059309797,176.46667098999023,174.18121289634044,169.22646076726102,173.65813903808595,176.46667098999023,172.81627960205077,172.97877438887772,174.03087133581215,-1.0520969469344266,-2.4117046642983615,32.79398977182905,22.67966237491159,5.269120781275989,5.21741519844613,0.014556426417988044,0.014451498666018775,181600410.0,-0.03798457706612546
2025-09-10,176.61064931709572,179.26020289704138,175.44084555219968,177.300537109375,226852000,54.825734699816564,-0.6294078392585902,0.34911968857879006,186.1415772408261,166.20886221229887,176.1752197265625,174.47829139281993,169.5430912120498,173.2142135620117,176.1752197265625,173.20301513671876,173.64366096126193,174.27306880052052,-0.6294078392585902,-0.37081099202893986,64.99997741501532,39.52606043220906,5.364105719411193,4.98317875713181,0.03847514721289991,0.03775343262051414,185668725.0,0.4398876789608781
2025-09-11,179.66027757334626,180.26021784214308,176.4606317396978,177.1505584716797,151159300,54.57254129247268,-0.303032528396983,0.21868924518363544,185.6098013939681,166.29971093513348,175.9547561645508,174.73279301937802,169.84142326144706,172.77228698730468,175.9547561645508,173.6805355834961,174.18318365517234,174.48621618356933,-0.303032528396983,-1.4626546948032053,64.264665179864,54.019544122236105,5.414827387253232,4.827522614708656,-0.0008459006393353175,-0.0008462586151700266,184233105.0,-0.3336655616877965
2025-09-12,177.75047851465564,178.5803891806412,176.43061617633268,177.80047607421875,124911000,55.530925400460575,0.007973264969479033,0.17654604914080416,185.02347983552735,166.46710549162108,175.74529266357422,175.02495331031523,170.15354297959496,172.5383285522461,175.74529266357422,174.09206787109375,174.7396901811795,174.73171691621002,0.007973264969479033,-2.167558219013326,67.45106807250822,65.57190355579583,5.040613201576237,4.639093585976561,0.003668730192814884,0.0036620168169008314,184000955.0,-0.1736466099009456
2025-09-15,175.65071055071581,178.830369337568,174.49083425075145,177.73048400878906,147061600,55.3953846341412,0.2459644965474297,0.19042973862212928,184.67931445766226,166.54231792759163,175.61081619262694,175.28262290064606,170.4506779219163,172.89627227783203,175.61081619262694,174.4604071044922,175.19981230850405,174.95384781195662,0.2459644965474297,-2.1145254870850194,67.1079123880399,66.27454854680403,4.969215060666825,4.534249132517661,-0.00039365510697775274,-0.0003937326094895513,183523925.0,0.1773310597145168
2025-09-16,176.98057174387853,177.4805168617991,174.36086420825131,174.86080932617188,140737800,50.00615119771756,0.20070193126099412,0.19248417714990226,183.8154162093811,166.69432194979856,175.25486907958984,175.24245017926756,170.62362425149496,173.30719146728515,175.25486907958984,174.79334899902344,175.14765800352987,174.94695607226888,0.20070193126099412,-2.9306369089603552,53.03852932483886,62.53250326179565,4.95423027564262,4.280273564895641,-0.016146215426247723,-0.01627798588375764,183960415.0,-0.043001028140588704
2025-09-17,172.62104942275718,173.18098551277336,168.39151800406466,170.27130126953125,211843800,42.82960285830272,-0.20316199684370417,0.11335494235118099,183.83011096668082,166.1456763868348,174.9878936767578,174.76900742595933,170.609807663967,173.27515563964843,174.9878936767578,174.999306640625,174.39744927522239,174.6006112720661,-0.20316199684370417,-2.2278048600550084,30.53718193809115,50.22787455032329,5.174219943476952,4.421108644961502,-0.0262466362492908,-0.02659722737366243,185291145.0,0.5052373989077561
2025-09-18,173.96089569350613,177.08056354559588,172.94101865721873,176.2206573486328,191763300,52.3717355390874,-0.042671860167274644,0.08214958184748987,183.88850283424262,166.1722652931988,175.0303840637207,174.9072597995473,170.8298409849343,173.73407287597655,175.0303840637207,175.26666107177735,174.67794282497783,174.7206146851451,-0.042671860167274644,3.202921295420048,75.09128903573972,52.88900009955656,5.084977371895296,4.429059385260962,0.034940451119733984,0.03434388991210669,184122175.0,-0.09478917957476218
2025-09-19,175.7506939671915,178.06043774665943,175.16074718989944,176.6505889892578,237182100,52.98246410659811,0.11785110554268385,0.08928988658652867,184.00284076424694,166.22789501456165,175.1153678894043,175.07329115094828,171.0581056125548,174.6999053955078,175.1153678894043,175.51821807861327,174.9814268502517,174.863575744709,0.11785110554268385,3.5517149311330742,77.7423306497774,61.12360054120274,4.79075232010068,4.443736437421327,0.0024397346321005653,0.0024367633114044094,188979235.0,0.23684823947022182
2025-09-22,175.28075846993005,184.52974299714734,174.69082690233378,183.58984375,269637000,61.55196833148772,0.7958327136590526,0.23059845200103346,184.99208834868247,165.80158840913,175.39683837890624,175.88439139847702,171.54954632382717,176.2306869506836,175.39683837890624,175.8921630859375,176.3057986809822,175.50996596732315,0.7958327136590526,6.96746215629904,95.4122132035651,82.74861096302739,4.99647238001693,4.797624984888112,0.039282375453410845,0.038530451374934785,193821615.0,0.13683536826767284
2025-09-23,181.95002022927713,182.3999677661597,176.19065819152993,178.410400390625,192559600,53.68663779390517,0.9047705977469604,0.3654328811502189,184.81076253692444,165.84594217498963,175.32835235595704,176.1249636834435,171.8185994244859,176.99856567382812,175.32835235595704,176.1795162963867,176.62958355938878,175.72481296164182,0.9047705977469604,6.8375242884117835,70.13058655140748,81.09504346824998,5.272884738640711,4.741205090483707,-0.028212036426306986,-0.028617642790173294,195298955.0,-0.2858561695909686
2025-09-24,179.75025700209653,179.76025041106172,175.38072666046574,176.9505615234375,143564100,51.68206688175352,0.8633556332225965,0.46501743156469444,184.1207602384549,166.05702143879122,175.08889083862306,176.20359204915724,172.01985284013108,176.96356811523438,175.08889083862306,176.30509490966796,176.67896478462706,175.81560915140446,0.8633556332225965,5.151193753728397,63.004897813883254,76.18256585628525,5.410737155195688,4.515934699915923,-0.008182476268150385,-0.008216136468703266,194042750.0,-0.25444329963294476
2025-09-25,174.4608472798892,180.2402117285651,173.11100459099512,177.67050170898438,191586700,52.62159934491444,0.8785003267217917,0.5477140105961139,183.49480152854395,166.2930478977256,174.89392471313477,176.34329773104554,172.24144691341945,177.01556243896485,174.89392471313477,176.43167449951173,176.83150892683588,175.9530086001141,0.8785003267217917,4.064208391995508,61.50267845997792,64.87938760842286,5.377914224134279,4.300438407704594,0.00406859508864299,0.004060340737146719,191846140.0,0.33450284576715217
2025-09-26,178.15043859744398,179.750269051669,174.91078879333958,178.17044067382812,148573700,53.300676754936944,0.9202355985765678,0.6222183281922047,183.18593064838635,166.4049568027855,174.79544372558593,176.51731134464387,172.47395647265117,177.05255889892578,174.79544372558593,176.53565826416016,177.03749842637316,176.1172628277966,0.9202355985765678,0.4906378619239544,64.30857349580194,62.93871658988769,5.442210443495753,4.1952434614002145,0.00281385463560313,0.0028099031575023995,185185435.0,-0.2245093213672974
2025-09-29,180.41019002973698,183.97980553666213,180.30021674934378,181.83004760742188,193063500,58.04157077708436,1.2343816142642368,0.7446509854066111,184.12982260740813,166.22896492921296,175.17939376831055,177.0232862268132,172.84086200734805,177.46251525878907,175.17939376831055,176.72463195800782,177.77481368499605,176.5404320707318,1.2343816142642368,2.6415322515002275,83.27142302897231,69.69422499491738,5.5543589678224725,4.475214419548794,0.020539921884648038,0.020331822428759798,182675715.0,0.2994459988544407
2025-09-30,182.06000352373024,187.32942897828707,181.4600633204032,186.55950927734375,236981000,63.23596370063552,1.8437193766997666,0.9644646636652423,186.0005903057508,165.93898641544064,175.96978836059571,177.93149794591136,173.37884817479886,178.63238525390625,175.96978836059571,177.02879150390626,179.12630531458802,177.28258593788826,1.8437193766997666,4.926327193560912,95.93450564853057,81.17150072443492,5.3644143906811985,5.0154009725775355,0.026010341701790507,0.02567782632915341,182966520.0,0.22747697001245704
2025-10-01,185.21967144700423,188.11934700723293,183.87980694521147,187.21945190429688,173844900,63.90741226894035,2.3527547063796987,1.2421226722081338,187.67594043459957,165.92641552243168,176.80117797851562,178.8160649895671,173.9216169485047,180.32720031738282,176.80117797851562,177.43313537597658,180.37140478992785,178.01865008354815,2.3527547063796987,5.3389647524048645,95.43844838278183,91.54812568676157,5.3958396735080685,5.437381228041977,0.0035374376225016935,0.003531195606199452,183437520.0,-0.26641840485102186
2025-10-02,189.57919146332628,191.0290292282152,188.03935198339767,188.8692626953125,136805800,65.59892110662541,2.856368378701319,1.5649718135067707,189.50227978087793,165.82385394714942,177.66306686401367,179.7735123901143,174.50779913465402,181.5920608520508,177.66306686401367,177.79548828125,181.6787675446024,178.8223991659011,2.856368378701319,8.011202409003115,90.45934638522199,93.94410013884477,5.514397124908768,5.91960645843213,0.00881217616136909,0.008773575541577188,183194305.0,-0.21305830657097213
2025-10-03,189.1692307003317,190.33910041164867,185.35965145286306,187.59939575195312,137596900,63.14585169483291,3.11708636149217,1.8753947231038506,190.20474485539353,167.18210206843457,178.69342346191405,180.51883461505133,175.02119508043046,182.68694152832032,178.69342346191405,178.0732534790039,182.58963342265636,179.4725470611642,3.11708636149217,10.176755773418526,84.84977680495544,90.24919052431973,5.560105258620845,5.755660696739744,-0.006723523591067093,-0.006746228303479965,178852080.0,0.005782649566027143
2025-10-06,185.4796339074747,187.20943969833962,183.3098739831843,185.51962280273438,157678100,59.238693438963594,3.1199224220146675,2.124300262886014,190.3428992248213,168.76770715945602,179.55530319213867,180.99510015673542,175.43289812836397,182.87991943359376,179.55530319213867,178.3142224121094,183.04040101959146,179.9204785975768,3.1199224220146675,5.276887280986929,75.66249058508171,83.65720459175304,5.625812542065922,5.393798016341318,-0.011086245458746924,-0.011148155872539896,178547530.0,0.1459422414313114
2025-10-07,186.20955566811082,189.03924688644503,183.97980469837793,185.01968383789062,140088000,58.304781147447514,3.0467085642938514,2.3087819231675817,190.4735510546501,170.06586239749834,180.26970672607422,181.37839384065495,175.80885050912974,183.5408477783203,180.26970672607422,178.48020355224608,183.34490606856056,180.2981975042667,3.0467085642938514,4.73765465290452,66.77718996935816,75.76315245313175,5.525109032491628,5.101922164287945,-0.002694803694029413,-0.002698441213908405,177674510.0,-0.11155702662576472
2025-10-08,186.5495190429729,189.57918508139647,186.51950830089396,189.0892333984375,130168900,63.36747343836821,3.2792633864161473,2.502878215817295,191.68388901676616,170.0343940642885,180.85914154052733,182.1127595128247,176.3296498381222,184.7547149658203,180.85914154052733,178.7523715209961,184.2286487346955,180.94938534827935,3.2792633864161473,2.9954759675737783,89.17405311661271,77.20457789035085,5.3644118158802865,5.412373738119408,0.021995224919487466,0.02175681948046783,172840355.0,-0.07080620752669753
2025-10-09,192.20888438710807,195.27855455286462,191.039014711271,192.54885864257812,182997200,67.03228402289812,3.700075435914414,2.742317659836719,193.48452400000315,169.77358909814137,181.62905654907226,183.10667371565836,176.96569724221854,186.2425506591797,181.62905654907226,179.01854431152344,185.5086810282159,181.8086055923015,3.700075435914414,7.924682765689295,87.68607304378763,81.21243870991948,5.599385429999367,5.927733725465445,0.018296257179543973,0.018130894630978597,174432250.0,0.405844253120369
2025-10-10,193.4887469873255,195.59851591827854,182.03001384654092,183.139892578125,268774400,51.84205297835444,3.237032592790996,2.8412606464275743,193.62831879046752,170.16373595806766,181.8960273742676,183.10983741684566,177.20782254950902,186.73949584960937,181.8960273742676,179.12453338623047,185.14425203589423,181.90721944310323,3.237032592790996,3.4977741813312693,44.597589484978414,73.81923854845957,5.865784428351085,5.866145708099966,-0.04886534322137259,-0.05009963153015511,181625420.0,0.46873504075472194
2025-10-13,187.9493639887039,190.08912842775598,185.93959015922437,188.29933166503906,153482800,57.52598584885786,3.2489396645958095,2.922796450061221,194.3177422576956,170.53119725646457,182.4244697570801,183.60407496429264,177.6427836912945,187.38642425537108,182.4244697570801,179.4166973876953,185.6296489019165,182.3807092373207,3.2489396645958095,5.98232675307249,67.54116475137205,66.60827576004601,5.833645163434007,5.94663625030776,0.02817212030804872,0.027782585224038966,181946480.0,-0.4289530550528622
2025-10-14,184.74970821605342,184.77970370013514,179.6802578066599,180.01022338867188,205641400,47.770838264030196,2.5600042069025335,2.8502380014294837,194.0992032377985,171.26467768261168,182.68194046020508,183.2618033856621,177.7356244637407,186.73149566650392,182.68194046020508,179.4175,184.76512189987886,182.20511769297633,2.5600042069025335,1.0325970502659254,30.68022377961469,47.606326005321705,6.136470171132806,5.708631388796702,-0.044020911827305276,-0.045019240466326105,185191660.0,0.339833518804713
2025-10-15,184.77971248532194,184.84969686580231,177.2705272995106,179.8102569580078,214450500,47.56130282709149,1.9751143842476608,2.675213277993119,193.0939827830429,173.22379370621493,183.1588882446289,182.93308467826645,177.81698260077079,185.990576171875,183.1588882446289,179.44909759521485,184.00283498574484,182.02772060149718,1.9751143842476608,-1.110812363518085,23.682969787251057,40.634786106079254,6.1686103446129295,4.967547269206992,-0.0011108615216387507,-0.0011114789856192203,185321995.0,0.0428371913437664
2025-10-16,182.20999112544493,183.2598789113643,179.75026972003684,181.7900390625,179723300,49.9041365637733,1.6522902821357093,2.470628678821637,192.85221446983525,174.0225001908093,183.43735733032227,182.82422319105058,177.97278873652488,185.28265380859375,183.43735733032227,179.4970947265625,183.66240484370718,182.01011456157147,1.6522902821357093,-2.556540930729692,24.659071199779106,26.340754922214938,6.073619554112789,4.707428569756493,0.011010395836064779,0.01095022271154542,184719995.0,-0.16193573808408002
2025-10-17,180.1602152773484,184.07979842608083,179.7302697995737,183.19989013671875,173135200,51.563726628840804,1.4930026492832553,2.275103472913961,192.6250147335294,174.90463004186122,183.76482238769532,182.86000099539993,178.17777310515993,184.84270324707032,183.76482238769532,179.54629302978515,183.5912487349397,182.09824608565646,1.4930026492832553,-2.1469787069096062,32.351410515043945,26.897817167358017,5.969345537232298,4.4300961729170405,0.007755381326113531,0.007725462942447067,181517650.0,-0.036656905365080705
2025-10-20,183.10990104163824,185.1796658652692,181.7100455780644,182.6199493408203,128544700,50.81794587688201,1.3049272876972111,2.081068235870611,192.59115750324656,174.8414978312261,183.71632766723633,182.837138933059,178.35197609479368,184.5527359008789,183.71632766723633,179.5452993774414,183.44181805892134,182.13689077122413,1.3049272876972111,-3.3088038070936396,29.187174613540947,28.732552109454655,5.797935153612364,4.4374149180051194,-0.0031656175965260047,-0.003170638763439442,174463035.0,-0.25754728096886137
2025-10-21,182.76991679751694,182.76991679751694,179.7802549646251,181.14010620117188,124240200,48.87538872830998,1.024653665198315,1.869785321736152,192.46411348944656,175.24151242608076,183.85281295776366,182.67551676811738,178.46131453033794,184.16477813720704,183.85281295776366,179.52750671386718,183.0877085423445,182.0630548771462,1.024653665198315,-3.443129187538442,21.112949064682454,27.55051139775577,5.708658137245962,4.305650265841446,-0.008103403516373953,-0.008136414546060781,171047065.0,-0.03348640589615903
2025-10-22,181.12011433169937,183.4198648953589,176.74059027394597,180.2602081298828,162249600,47.707648939501695,0.7231978052436432,1.6404678184376502,192.18693759718798,175.8496529789839,184.01829528808594,182.44548737399978,178.53185937737894,183.28187561035156,184.01829528808594,179.47011962890625,182.65270847888885,181.9295106736452,0.7231978052436432,-2.83496408271807,18.663865381156626,22.98799635312666,5.9136365156384345,4.084321154551023,-0.004857555235790012,-0.004869391502995129,171981340.0,0.3059347940521666
2025-10-23,180.4001849787377,183.0098989665471,179.7702492811968,182.13999938964844,111363700,50.43233374176572,0.6287277270810705,1.4381198001663344,191.90832911009713,176.57521123414116,184.24177017211915,182.416393280252,178.6733550641346,182.2409896850586,184.24177017211915,179.48172302246093,182.57383015746726,181.94510243038619,0.6287277270810705,-1.5564205864524616,28.632041601697427,22.802952015845488,5.789365138964483,3.8332794689889917,0.010428209748937878,0.010374211051715317,167970190.0,-0.31362727550638025
2025-10-24,183.81980015643103,187.44940625639555,183.47984116964938,186.23953247070312,131296700,55.836747649255315,0.8745760002049963,1.3254110401740669,191.79859862128833,177.49185090263742,184.64522476196288,182.78050177458067,178.97006790360788,182.55095367431642,184.64522476196288,179.56671875,183.13778435950354,182.26320835929855,0.8745760002049963,-1.507066730621122,50.37108733967197,32.55566477417533,5.86221407453436,3.576686929662724,0.0225075935807193,0.022258035392054606,167106340.0,0.17899010180157449
2025-10-27,189.9691435897376,191.97891738858848,188.4093020699799,191.46897888183594,153452700,61.589850445901014,1.4743893068146292,1.3552066935021794,192.76439383727597,177.48994881409124,185.1271713256836,183.60797578479546,179.4602212753031,182.8679183959961,185.1271713256836,179.78769805908203,184.41950659370852,182.9451172868939,1.4743893068146292,-0.5608341531365457,78.10184898208217,52.368325974483845,5.910781412378522,3.8186112557961915,0.028079142713459238,0.027692151144970024,165125800.0,0.16874757705258392
2025-10-28,193.0288146936141,203.12769700573313,191.8889404255143,201.0079345703125,297986200,69.41624429051562,2.6884686839306937,1.6218590915878823,196.27994552463255,175.41923965603152,185.84959259033204,185.26511471674945,180.3052296398133,184.96768951416016,185.84959259033204,180.16826171875,186.971572436263,184.2831037523323,2.6884686839306937,9.756499111500371,91.96667350851672,73.4798699434236,6.417868332406475,5.215176467150259,0.04981984937812545,0.04861857742843619,168176060.0,0.9418765521883943
2025-10-29,207.95717223581016,212.1667169482571,204.7575264516481,207.01727294921875,308829600,73.13060517478323,4.088410075898111,2.1151692884499282,200.93210759918782,172.74685968596845,186.83948364257813,187.3367488341275,181.35276074998606,187.68839111328126,186.83948364257813,180.79639099121093,190.0555263613331,185.967116285435,4.088410075898111,9.940524546033206,85.46427599500342,85.17759949520075,6.772829848372008,7.046311978304843,0.029896025705414164,0.02945785122908878,174925295.0,0.03638893344725358
2025-10-30,205.12746791137428,206.13736677538768,201.38788833732997,202.8677215576172,178864400,67.07300996404084,4.807620342344251,2.6536594992287927,203.34311236396036,171.73570080742638,187.53940658569337,188.81588909350748,182.1964847032265,189.79615936279296,187.53940658569337,181.3463284301758,192.02663331460758,187.21901297226333,4.807620342344251,12.697888896894588,73.75102427615106,83.72732459322371,6.2057500298113775,7.9018528891334885,-0.020044469393717956,-0.020248085279448852,177028225.0,-0.42083142289469666
2025-10-31,206.42733011185774,207.94716749796044,202.04782138155986,202.4677734375,179802200,66.50124432972508,5.284411779780243,3.1798099553390826,205.43935197378067,171.12629896616073,188.2828254699707,190.1160685548401,182.9914372026098,191.7229476928711,188.2828254699707,181.89666564941408,193.63296256428333,188.3485507845031,5.284411779780243,12.600792003085528,72.62206054891637,77.27912027335692,6.130757906009206,8.578263251904982,-0.0019714724306379994,-0.0019734183403692595,179138490.0,0.005243077996515799
2025-11-03,208.05714970598171,211.31678618801203,205.53742218982754,206.85728454589844,180267300,69.56747880123496,5.947905538215963,3.733429071914459,208.33865746798364,170.36075964627418,189.3497085571289,191.71047007779802,183.92735278469956,194.1466812133789,189.3497085571289,182.47460266113282,195.66747363837797,189.719568100162,5.947905538215963,13.789119366864892,85.01266466082862,77.12858316196532,6.147182112590126,9.494474455427367,0.0216800483053341,0.021448378486165685,180267950.0,0.0025867314193042112
2025-11-04,202.9777066091775,203.9476013046771,197.90825607143535,198.66818237304688,188919300,58.76128416702425,5.746692719347351,4.136081801401038,209.34412388573986,170.7201430820336,190.03213348388672,192.3731093440122,184.50542453326221,195.8994888305664,190.03213348388672,182.85236389160156,196.12912113601934,190.38242841667198,5.746692719347351,8.443396022117927,61.896668243444935,73.17713115106329,6.24502917745951,9.655995200926563,-0.039588173995557474,-0.04039310108689996,182709515.0,0.047995393507308304
2025-11-05,198.7481902403631,202.89772869539195,194.6286320152979,195.18858337402344,171350300,54.86174129052193,5.245983123794872,4.358062065879805,209.7785999203191,170.89560204501294,190.33710098266602,192.64124972782278,184.92437193878226,197.39232635498047,190.33710098266602,183.12133972167967,195.9844230187892,190.73843989499431,5.245983123794872,6.882399255158324,52.074541678458,66.32795819424383,6.584992569514266,9.720749468826538,-0.017514626436203384,-0.01766982230750043,184768585.0,-0.09299738036293803
2025-11-06,196.39843756369172,197.59830279082226,186.35954634625867,188.05935668945312,223029800,47.854555701475476,4.225192757868712,4.331488204277587,209.55027194244911,170.67497982757044,190.11262588500978,192.20487896226376,185.04731251723996,197.98426208496093,190.11262588500978,183.25113037109375,194.76518204504515,190.53998928717644,4.225192757868712,3.8198335163814128,31.950335749560903,48.64051522382127,7.0770802708040135,9.718823028719672,-0.03652481390732354,-0.037208545384962245,186770215.0,0.3016014561982092
2025-11-07,184.87970536775757,188.29934352754728,178.8903723972709,188.1293487548828,264942300,47.92487837836537,3.3828612939680625,4.141762822215682,209.5494001138621,171.1747972738332,190.36209869384766,191.8167332282275,185.16817668342205,198.1732437133789,190.36209869384766,183.41091613769532,193.7442846157894,190.36142332182135,3.3828612939680625,4.365434116957221,32.14790763223709,38.72426168675198,7.501319616737699,9.593650710007225,0.0003721807128440613,0.0003721114707823952,186578610.0,0.18792331787052663
2025-11-10,195.08858253564551,199.91805415635875,193.76872011438098,199.0281524658203,198897100,57.52951515807022,3.5537841035341273,4.024167078479371,210.43966853466907,171.35741093310435,190.8985397338867,192.5035350603792,185.71170514547688,198.92916107177734,190.8985397338867,183.90845825195314,194.557187361948,191.00340325841387,3.5537841035341273,9.272072654421937,62.91278297730452,42.337008786367484,8.12982272877942,9.770564400391182,0.057932501138553194,0.05631653285510292,188849325.0,-0.24928144731890678
2025-11-11,195.13857433756354,195.3985402959953,191.2789975702345,193.1387939453125,176483300,51.95332186451636,3.1773926438256126,3.8548121915486195,210.42661217079396,172.68332435264355,191.55496826171876,192.5640359065633,186.00296352978418,198.14224700927736,191.55496826171876,184.35620178222655,194.3389729901579,191.1615803463323,3.1773926438256126,3.7045096618757247,42.81846981783137,45.95972014245765,8.206242748363197,9.435821954537603,-0.02959058026486583,-0.030037214335174377,187391420.0,-0.11269043138386636
2025-11-12,195.69851973704638,195.86849924763862,191.1090271797132,193.7787322998047,154935300,52.492170914606966,2.897338660722056,3.663317485383307,210.31125779369603,174.19552626392118,192.2533920288086,192.6797212773482,186.30789563841245,196.81839294433593,192.2533920288086,184.8199432373047,194.25278211471897,191.3554434539969,2.897338660722056,1.2063329691616531,44.74157274012403,50.157608511753295,8.314801489975707,9.02893288244371,0.003313360000960719,0.003307882918741538,184415660.0,-0.12209653831269018
2025-11-13,191.02901978717685,191.4189763426968,183.82981362374773,186.8394775390625,207423100,46.41351463830577,2.0913462581660553,3.348923239939857,210.08255200828282,174.92917589699064,192.50586395263673,192.12350758798766,186.32874198745756,195.21556854248047,192.50586395263673,185.12410308837892,193.1122737184641,191.02092746029805,2.0913462581660553,-7.04870534665082,23.88815613329142,37.14939956374893,8.646195190640697,8.788344027823046,-0.03581019794270368,-0.03646711365097375,185800650.0,0.3387723778893512
2025-11-14,182.8399289693184,190.98902828114038,180.56018045425046,190.1491241455078,186591900,49.42187104384642,1.7000551164136368,3.019149615234613,209.92286334278344,175.78378796336892,192.85332565307618,191.93547106965624,186.47856089561643,193.98370361328125,192.85332565307618,185.58724029541017,192.65640455339388,190.95634943698025,1.7000551164136368,-8.148184237674066,33.83410016982541,34.154609681080274,8.981156826998165,8.534768844853623,0.01771385068101239,0.017558788910905374,186473485.0,-0.10042854436174176
2025-11-17,185.9495778546046,188.9792438771453,184.29976516169708,186.5795135498047,173628900,46.39647064211495,1.0893588738858568,2.633191466964862,209.7079486611288,176.39465906592199,193.0513038635254,191.42537987728943,186.48251982323166,191.95592651367187,193.0513038635254,185.9531900024414,191.7214982451494,190.63213937126355,1.0893588738858568,-8.028979614278573,23.106928529221225,26.94306161077934,8.566202602706275,8.3283223988017,-0.018772690180637097,-0.018951133903844657,188727695.0,-0.06947246906216187
2025-11-18,183.3598703733926,184.7797126313021,179.6302689297591,181.340087890625,213598900,42.30308002370067,0.18051892902056466,2.1426569593760028,209.68805422587437,176.43455167012175,193.06130294799806,190.46487587855947,186.28085582587454,190.22311706542968,193.06130294799806,186.1653594970703,190.12435819060718,189.94383926158662,0.18051892902056466,-10.435085637664173,7.554691398077362,21.498573365707983,8.265521334284918,8.313375638938151,-0.028081462747415187,-0.028483287444823868,193195630.0,0.23020361241705722
2025-11-19,184.76969080502667,187.8393608341106,182.80991469001526,186.49951171875,247246400,47.23947143658331,-0.12201438541401899,1.6897226904179985,209.20378300351723,177.54275325136558,193.3732681274414,190.0872221490538,186.2894305667716,189.35420989990234,193.3732681274414,186.3493389892578,189.56668950262915,189.68870388804316,-0.12201438541401899,-9.841458023505748,23.465867581236402,18.042495836178315,8.327656215113263,7.915257438037905,0.02845164512789311,0.028054414059495738,197445470.0,0.15752656029595657
2025-11-20,195.92847930218133,195.97847686300787,179.83025642841662,180.6201629638672,343504800,42.75083658621222,-0.8266593115239118,1.1864462900296164,209.36761233602937,177.22694027627534,193.29727630615236,189.1855974647503,186.06710634704987,188.61029052734375,193.29727630615236,186.41873107910158,188.19030080435806,189.01696011588197,-0.8266593115239118,-9.084504218843776,5.334510864381168,12.118356614564961,9.059718666412596,8.035168014938499,-0.03152474073899536,-0.032032341881092705,209052525.0,0.3893217454328961
2025-11-21,181.22010834266524,184.5397359279593,172.91100782704066,178.86036682128906,346926200,41.480351710023,-1.5096935264136846,0.6472183267409563,209.9892279684448,175.8674080789185,192.92831802368164,188.20224216537304,185.78448911074554,187.6833923339844,192.92831802368164,186.43992889404296,186.75492634542437,188.26461987183805,-1.5096935264136846,-8.36535430017748,19.168853046115505,15.989743830577675,9.258269762870212,8.53045497238158,-0.009743076928405703,-0.009790851268402874,219834000.0,0.009960268386351556
2025-11-24,179.47030653663683,183.4798609481747,176.4606271183833,182.52996826171875,256618300,45.141442390335186,-1.7348980695960563,0.17079504747355378,210.160408251237,174.8023267341146,192.4813674926758,187.66202560312024,185.65686084215628,186.03357391357423,192.4813674926758,186.53591857910158,186.10493279408502,187.83983086368107,-1.7348980695960563,-2.9402357452839665,32.077400116230024,18.86025467557555,9.120427288250806,8.839520379280605,0.020516571142315865,0.020308941393949672,224992280.0,-0.2603086766003836
2025-11-25,174.89079203873564,178.14043506786686,169.53138015579162,177.80047607421875,320600300,41.53481438402161,-2.268850885398791,-0.31713413910091526,209.6771334256989,172.96485571004325,191.32099456787108,186.72283040989154,185.348767321845,184.49974212646484,191.32099456787108,186.5947119140625,184.82732406795174,187.09617495335053,-2.268850885398791,-5.490303745282051,27.212902334335094,26.15305183222686,9.45824810438174,9.178069428913908,-0.02591077088622873,-0.02625236853586816,226122985.0,0.24932750314377428
2025-11-26,181.6100638206842,182.8899220695924,178.22043661727494,180.24020385742188,183852000,44.01951527877257,-2.4667119762092113,-0.7470497065225745,207.39999285515495,172.56428937140754,189.98214111328124,186.10543740489445,185.14843149971077,183.14588928222656,189.98214111328124,186.79408996582032,184.12161326633176,186.58832524254098,-2.4667119762092113,-9.439844753432531,35.241842201717716,31.510714884094266,9.019011643725316,8.708925870936847,0.013721716820289664,0.013628426497535618,219874105.0,-0.4265382783484607
2025-11-28,178.99033405428943,179.2703020816569,176.48061521713345,176.98056030273438,121332800,41.482874060077975,-2.853649217232828,-1.1683696086646251,205.9202986501263,171.45526745094793,188.68778305053712,185.236401490403,184.82812282531953,182.15999755859374,188.68778305053712,186.80928802490234,183.0229897334706,185.87663895070344,-2.853649217232828,-8.366125371557073,24.514628178140597,28.98979090473112,8.61548432301189,8.61625779979459,-0.01808499704797284,-0.018250529412443567,216997525.0,-0.3400517807801927
2025-12-01,174.7408159055669,180.2802164760195,173.66093259662904,179.90025329589844,188131000,44.564322515207394,-2.891374973939321,-1.5129706817195645,203.92642115454544,171.19239293236865,187.55940704345704,184.7281969004502,184.63487303985204,181.1351104736328,187.55940704345704,186.87428131103516,182.54256874307487,185.4339437170142,-2.891374973939321,-7.1620238398681275,39.20609227884589,32.98752088623471,8.246239928577213,8.183507055544196,0.016497252512760685,0.01636265119304991,217413965.0,0.5505370353276278
2025-12-02,181.7400335835938,185.63961443898967,179.98023235974816,181.44007873535156,182632200,46.174158871107196,-2.765146970787839,-1.7634059395332193,200.09291183005428,172.48418167580508,186.28854675292968,184.4150427894884,184.50958698869516,180.6211669921875,186.28854675292968,186.8312860107422,182.37295489573282,185.13810186652066,-2.765146970787839,-2.8898597206696244,45.02837763780166,36.24969936492936,8.102683231970458,6.9021825385622995,0.008559328912786102,0.008522905549192543,217532210.0,-0.02922856945426322
2025-12-03,181.06012391136443,182.4299686383783,179.09033894604931,179.57028198242188,165138000,44.4848386310885,-2.7838963164636823,-1.967504014919312,198.13830192151624,172.5290015452806,185.33365173339843,183.95363699833922,184.31588875315504,180.44418640136718,185.33365173339843,186.85448364257812,181.94177444753115,184.72567076399483,-2.7838963164636823,-5.5634451174177855,37.958426733060186,40.73096554990256,8.001265919427855,6.402325094058908,-0.010305312728931093,-0.010358780113431765,216343145.0,-0.09578924198471028
2025-12-04,181.61017209543593,184.51002440204854,179.95027347354184,183.37008666992188,167364900,48.60035793875621,-2.4637423379594168,-2.066751679527333,196.69489148955444,172.79056230683227,184.74272689819335,183.89806077658517,184.2787984753812,180.13124389648436,184.74272689819335,186.98287414550782,182.1615147894374,184.62525712739682,-2.4637423379594168,-1.7201389471015545,52.32599505092095,45.10426647392759,7.64346761539712,5.976082295680544,0.021160543078458716,0.02093976783855516,216143875.0,0.01348508520146785
2025-12-05,183.88004685245298,184.6500094505641,180.9002124089338,182.40013122558594,143971100,47.62970029257042,-2.2622079761385976,-2.105842938849586,196.3491152345914,172.57041601540857,184.459765625,183.75540081934713,184.20512524989906,180.30924072265626,184.459765625,187.07746673583983,182.19822501038334,184.46043298652194,-2.2622079761385976,0.5845609469431277,48.65846414923495,46.31429531107201,7.166392559307147,5.944674804795711,-0.00528960563825176,-0.005303645132968149,212190940.0,-0.13977721732573556
2025-12-08,182.6301165694494,187.98982714518382,182.39012406320575,185.5399627685547,204378100,51.0386400818198,-1.8280596439209376,-2.0502862798638564,196.10725645256468,172.55333619880253,184.3302963256836,183.92535910022403,184.2574718192581,180.97720031738282,184.3302963256836,187.22485717773438,182.71233851164047,184.5403981555614,-1.8280596439209376,-0.5145048055902459,60.530585984491175,53.83834839488234,7.148559994890529,5.8884800634405465,0.0172139763380188,0.017067494481283838,209162730.0,0.4195772623811307
2025-12-09,185.54995586495326,185.70995086836587,183.31008684903045,184.95999145507812,144719700,50.386214694031466,-1.5133478685414445,-1.9428985975993742,193.17767920212782,174.07609734816515,183.62688827514648,184.02389551497203,184.2850216088981,181.22020263671874,183.62688827514648,187.2874560546875,183.05813127216933,184.57147914071078,-1.5133478685414445,2.4027375570905196,58.33763709525331,55.842229076326454,6.823604237696945,4.775395463490672,-0.0031258565800189597,-0.0031307522745196094,206453860.0,-0.2919021167140706
2025-12-10,184.9599880707457,185.46995496958337,182.03013874897007,183.77005004882812,162785400,49.00216782004711,-1.3444567849843736,-1.8232102350763741,191.59944269739054,174.717459463254,183.15845108032227,183.99971975629165,184.26482664575812,181.8171600341797,183.15845108032227,187.23166687011718,183.16765723780915,184.51211402279353,-1.3444567849843736,2.744981079259803,53.83830993120465,57.56884433698303,6.605071614634637,4.2204958085341335,-0.006433507035163322,-0.006454291233027983,205768965.0,0.12483234832576362
2025-12-11,180.27023782951787,181.31019006496976,176.61043233199788,180.92019653320312,182136600,45.76020052852437,-1.4241520081164651,-1.7433985896843924,189.3579834630488,175.67306512093558,182.5155242919922,183.70643183028324,184.1336646805599,181.88515930175782,182.5155242919922,187.10568176269533,182.82189405248516,184.24604606060163,-1.4241520081164651,-0.8819218804703183,61.69975396064733,57.958566995701744,5.963028563365993,3.4212295855283017,-0.015507714749317336,-0.015629217144241425,207129030.0,0.11887552569210746
2025-12-12,181.10019518559332,182.81010931847595,174.61054106596097,175.01052856445312,204274900,39.8695897318178,-1.9417881376146795,-1.78307649927045,189.22257868169004,174.62557500483342,181.92407684326173,182.87825056687083,183.775894636791,181.6881561279297,181.92407684326173,186.8285070800781,181.62014551586486,183.56193365347954,-1.9417881376146795,-1.569145129060861,29.68369122174952,48.40725170453381,5.7180885741943035,3.6492509192141585,-0.03266450115570951,-0.03320989556876012,206971620.0,0.12154778336698935
2025-12-15,177.93037643785232,178.4103461991077,175.02053019793698,176.28045654296875,164775600,41.60906607046873,-2.2239100739768105,-1.8712432142117221,187.84172925774445,174.61955766852506,181.23064346313475,182.2498892312611,183.48195588801366,181.32617645263673,181.23064346313475,186.60212829589844,180.79865490465008,183.0225649786269,-2.2239100739768105,-2.196927893837417,36.56361984871057,42.64902167703579,5.4595588459702435,3.3055428973048513,0.007256294743706926,0.0072300945050929495,205880805.0,-0.19336345287649148
2025-12-16,176.25046044282257,178.48035080582065,174.8905333961456,177.71038818359375,148588100,43.58793585624348,-2.305533453652515,-1.9581012620998808,187.06923144580384,174.5051429438446,180.7871871948242,181.81755579814993,183.25561989960502,180.95320739746094,180.7871871948242,186.44594360351562,180.3235369475645,182.629070401217,-2.305533453652515,0.41237742699591795,28.2607675926622,31.50269288770741,4.787503796237952,3.1410221254898048,0.008111685598434226,0.00807896271619421,204628765.0,-0.0982396665525721
2025-12-17,176.0904801521757,176.12047730871902,170.30078481189744,170.93075561523438,222775500,37.1580877125098,-2.8840348995507554,-2.1432879895900556,187.92907165966258,172.60436950244681,180.2667205810547,180.7807176854913,182.77229188845325,180.0892547607422,180.2667205810547,186.1641650390625,178.87849366566755,181.7625285652183,-2.8840348995507554,-4.985817149412852,3.5613618389701225,22.795249760114284,4.953229323118143,3.8311755393039464,-0.038149894542773066,-0.03889665598996,205087595.0,0.49928224400204324
2025-12-18,174.52054772862792,176.14045512074784,171.8107030234881,174.1305694580078,176096000,41.54124648811316,-3.0491544734144327,-2.324461286354931,187.18813725085124,172.10840968518391,179.64827346801758,180.14737023525478,182.43340081274954,179.1653030395508,179.64827346801758,185.8649917602539,178.14804378756605,181.19719826098049,-3.0491544734144327,-4.028607862326491,21.650604786578334,17.824244739403536,5.056808670634218,3.769931891416838,0.018719942068098128,0.01854688041923136,201530075.0,-0.2095360576005889
2025-12-19,176.6604358481607,181.4401759084778,176.3304518785618,180.98020935058594,324925900,49.63892471323274,-2.597363441866463,-2.3790417174572376,187.21762066841683,172.11493090629023,179.66627578735353,180.2266882462387,182.37641291227254,179.02331085205077,179.66627578735353,185.63361877441406,178.5837615664922,181.18112500835866,-2.597363441866463,0.7851674300439535,60.37310747225966,28.528358032602686,5.106117425711328,3.775672440531647,0.03933622863520214,0.03858226769342382,200601130.0,0.8451634335816827
2025-12-22,183.91003698180788,184.15002947616998,182.34012994783166,183.6800537109375,129064400,52.43564023156869,-1.9984243263878625,-2.3029182392433625,187.65537093801814,172.15914932565371,179.90726013183593,180.55558019525765,182.42753608084763,178.83731994628906,179.90726013183593,185.6444219970703,179.36780651179146,181.36623083817932,-1.9984243263878625,0.16903904374195228,75.63591429629629,52.55320885171141,4.922578781603671,3.874055403091109,0.01491789831628254,0.014807720863768647,189708040.0,-0.6027882049414959
2025-12-23,182.96010023623109,189.31975669034466,182.89009670029142,189.19976806640625,174873600,57.617678305828065,-1.0660768733528414,-2.055549966065258,188.9755033872379,171.50599685690275,180.24075012207032,181.37883618298608,182.6931138057715,179.26129760742188,180.24075012207032,185.66243072509766,180.88041598173217,181.946492855085,-1.0660768733528414,3.727868393039019,99.36911088199051,78.45937755018214,5.143295231441117,4.36737663258378,0.030050700900573935,0.02960802520538894,185620805.0,0.354932886218043
2025-12-24,187.92983057380172,188.899779295176,186.57989753660073,188.59979248046875,65528500,56.89211933713725,-0.37131749821952553,-1.7187034724961117,190.18947987870365,171.37195200606197,180.7807159423828,182.06654630655586,182.9247482636028,179.74427185058593,180.7807159423828,185.8342221069336,182.06801236615317,182.4393298643727,-0.37131749821952553,1.6491486072630832,96.21449458741883,90.40650658856852,4.977590096453893,4.704381968160419,-0.0031711222062752453,-0.003176160869262579,172867215.0,-0.625280774227785
2025-12-26,189.9097162518428,192.67957056140054,187.98982202804387,190.51968383789062,139740300,58.68500432339776,0.330394912499429,-1.3088837954970036,191.6541752087147,170.93520467409783,181.29468994140626,182.87160702382585,183.2225888743592,180.7042205810547,181.29468994140626,186.04841064453126,183.36826951565124,183.0378746031518,0.330394912499429,3.0058891866692163,90.348507967829,95.31070447907943,5.044729488720061,5.17974263365421,0.010179710869091751,0.010128246578782895,170661630.0,1.1325118078393372
2025-12-29,187.6998414610299,188.749772392931,185.8999358866866,188.20980834960938,120006100,55.68428741800438,0.6921408373593749,-0.9086788689257279,192.4457926511676,171.26651203633241,181.85615234375,183.38000715009093,183.41816610868273,182.0241485595703,181.85615234375,186.17680603027344,184.1131216439525,183.42098080659312,0.6921408373593749,2.4159313770669355,80.02678848699193,88.86326368074657,4.974732693664772,5.294820153708803,-0.012124077899723362,-0.012198174039463773,170595295.0,-0.14122053552196467
2025-12-30,188.22982052336855,188.9797799436452,186.91987858592935,187.52984619140625,97687300,54.79605215394763,0.9134303688618388,-0.5442570213682146,193.07734469734493,171.39791927970583,182.23763198852538,183.77522991593048,183.57940846486798,183.14908752441406,182.23763198852538,186.26340515136718,184.63877157433,183.72534120546817,0.9134303688618388,3.6533509165131264,76.98836555460284,82.45455400314124,4.950449646406233,5.419856354409777,-0.003612788112190568,-0.003619329992199417,166073110.0,-0.18598054598891223
2025-12-31,189.55975523635485,190.54969193131708,186.47991997410415,186.4899139404297,120100500,53.3932806419143,0.9934383365552435,-0.236717949783523,193.48574760531235,171.49449989224624,182.4901237487793,184.03377125159707,183.69354593449788,184.02704010009765,182.4901237487793,186.3408044433594,184.9235627075761,183.93012437102087,0.9934383365552435,6.5592541603855095,72.34140989482289,76.45218797880587,4.995446484734779,5.497811928266534,-0.005545422619901985,-0.005560855557135792,162946525.0,0.22943821765981864
2026-01-02,189.82971935613102,192.91954841717475,188.24980305842183,188.83978271484375,148240500,56.126433098900996,1.2322553264500016,0.057076705463181915,194.20937433048738,171.69782324031343,182.9535987854004,184.49148662904915,183.89535914157028,185.81794281005858,182.9535987854004,186.4947979736328,185.5260580933096,184.29380276685959,1.2322553264500016,7.124627663313111,81.96291462465646,77.09756335802737,4.943304824728695,5.627887772543489,0.012600514015812525,0.012521788173345913,162101650.0,0.23430377059212915
2026-01-05,191.74961996436147,193.61952916959007,186.13992286460274,188.1098175048828,183529700,55.04652093115822,1.3470890160122337,0.31507916757299226,194.68043596730578,171.70073468699107,183.19058532714843,184.83608956960475,184.06063201856293,187.2158676147461,183.19058532714843,186.65179016113282,185.92355954124392,184.57647052523168,1.3470890160122337,5.851897251243042,76.3721769054445,76.89216714164127,4.891878971333862,5.744925320078674,-0.003865526635683625,-0.0038730170930417218,162909890.0,0.23805370327272235
2026-01-06,190.50969495089785,192.15959956375178,186.80989821500853,187.22987365722656,176862600,53.70507311169671,1.3515120383233352,0.5223657417230609,195.05422809316437,171.8099168042966,183.43207244873048,185.06406900652112,184.18491600439287,187.84083404541016,183.43207244873048,186.75358764648436,186.12453094370278,184.77301890537944,1.3515120383233352,9.535509267086812,72.59862960736298,76.9779070458213,5.031156379483055,5.811077822216939,-0.004677819899715829,-0.004688795139394922,164554465.0,-0.03632709038373627
2026-01-07,188.55979791265688,191.35963411085106,186.54989697142676,189.09976196289062,153543200,56.15049605525782,1.4887404016875792,0.7156406737159646,195.474647285739,171.74547753115556,183.61006240844728,185.44842071665155,184.37765506158888,188.38280487060547,183.61006240844728,186.81079223632813,186.5822587928086,185.09351839112102,1.4887404016875792,8.596533366585403,80.61745033364794,76.52941894881845,5.118293503036573,5.932292438645863,0.009987125820996923,0.009937584060043825,162012720.0,-0.1318503742453181
2026-01-08,189.09977067708235,189.53974931649188,183.70006889406122,185.0299835205078,172457000,49.96434445808718,1.2546351080457043,0.8234395605819127,195.47986459343272,171.7472594300048,183.61356201171876,185.40856955511407,184.4032365697818,187.96582641601563,183.61356201171876,186.68201232910155,186.34344721245463,185.08881210440893,1.2546351080457043,2.237688963038413,60.61436048167354,71.27681347422812,5.006156149517598,5.93315129085698,-0.021521859150629097,-0.02175683184431315,163399585.0,0.12318227052712194
2026-01-09,185.06998015284367,186.32990643372668,183.66005283935564,184.84999084472656,131327500,49.70353520807405,1.0425630536138613,0.8672642591883025,195.54668142482907,171.78843667819828,183.66755905151368,185.35537158269622,184.42075634526984,187.5908462524414,183.66755905151368,186.35885345458985,186.11368469434262,185.07112164072876,1.0425630536138613,0.6369429397218196,49.277002021303716,63.50293761220838,4.824738584435996,5.939561186657699,-0.000972775721840291,-0.0009732491752103244,161826690.0,-0.23849133407168166
2026-01-12,183.2100845491025,187.10986736077922,183.010098425574,184.92999267578125,137968500,49.828891538360196,0.8709105866233244,0.867993524675307,195.68713395373902,172.0489637635461,183.86804885864257,185.31485930584716,184.44072639744678,187.03187713623046,183.86804885864257,185.9171078491211,185.93157822994857,185.06066764332525,0.8709105866233244,-2.25675508710263,22.960998870876434,44.28412045795121,4.595464476202797,5.9095425475482335,0.000432793264901532,0.000432699636909862,159618285.0,0.05056823589880266
2026-01-13,184.9899882929175,188.0998205983224,183.3900687774691,185.79994201660156,160128900,51.25170179778646,0.7958977968058889,0.8535743791014234,195.4860634464431,173.32897561605688,184.40751953125,185.36105765925234,184.49402897074697,186.7908905029297,184.40751953125,185.57575225830078,185.91132650481828,185.1154287080124,0.7958977968058889,-1.4845458879055438,27.120216513188502,33.11940580178953,4.705459597293457,5.539271957596559,0.004704209026523465,0.004693178813997547,157410985.0,0.1606192717902999
2026-01-14,184.3100252062831,184.45001701406107,180.79021156477043,183.1300811767578,159586100,46.85961093984136,0.5150766802741202,0.7858748393359628,195.1749099069277,174.32509161895123,184.75000076293946,185.14858370853855,184.44054082196308,186.35091400146484,184.75000076293946,185.18899841308593,185.4834426081936,184.96836592791948,0.5150766802741202,-3.87865574426445,18.23845729026425,22.773224224776374,4.604036058849021,5.21245457199411,-0.01436954614122099,-0.014473787878718945,157151510.0,-0.0033897691172548594
2026-01-15,186.48991316970114,189.6897370464893,186.31992419508657,187.03988647460938,206188600,53.18643720177246,0.6010836163781335,0.748916594744397,195.13784469406056,175.29510666091988,185.21647567749022,185.32870778149768,184.54247594559627,186.40591125488282,185.21647567749022,184.79265045166017,185.7228955107191,185.12181189434096,0.6010836163781335,-0.6216051571694978,48.71400882219259,31.357560875215096,4.885449297415162,4.960684508285174,0.02134988022026696,0.021125164339048683,160031535.0,0.292021046945818
2026-01-16,189.06976141755646,190.4296883714215,186.06992389502736,186.21990966796875,187967200,51.793699810854065,0.5962067570538068,0.718374627206279,193.27616030589678,178.6857064543571,185.98093338012694,185.4135841516378,184.60825766019911,186.1439239501953,185.98093338012694,184.5436849975586,185.79935922721904,185.20315247016524,0.5962067570538068,-0.6985216220464907,42.322579192821024,36.42501510175927,4.861879007632124,3.6476134628849244,-0.004383967623675433,-0.0043936053878168,158291120.0,-0.08837249004067149
2026-01-20,181.89014292514364,182.37012791600927,177.60038196777572,178.06036376953125,223345300,40.44426186926773,-0.06531246943811198,0.5616372078774008,192.23554038568085,180.1193058057254,186.17742309570312,184.71327744858002,184.3514775076239,185.13897857666015,186.17742309570312,184.20112060546876,184.60874454142092,184.67405701085903,-0.06531246943811198,-4.52011049433541,2.8714499964357283,31.302679337149765,5.147577561131338,3.029058644988861,-0.04381672138594639,-0.04480567027408543,160653585.0,0.18821422035333835
2026-01-21,179.04031586008543,185.3699752173061,178.3903418724365,183.31008911132812,200381000,48.294603675709816,-0.16407095330478683,0.4164955756409633,192.01125701915913,180.57657714832135,186.29391708374024,184.57964046407983,184.31063874698486,184.74700012207032,186.29391708374024,184.10613525390625,184.40895139832972,184.5730223516345,-0.16407095330478683,-2.92824611637353,35.64301564633677,26.94568161186449,5.522556853278409,2.8586699677094467,0.02948284071008489,0.029056579750963277,154426340.0,-0.10281971458544237
2026-01-22,184.7399951080077,186.15991637882954,183.92003219020145,184.82998657226562,139636600,50.33573685210774,-0.11833069787422801,0.30953032093792504,191.98052189647845,180.72230555713483,186.35141372680664,184.6034829505737,184.33100532836843,184.3200225830078,186.35141372680664,184.04014801025392,184.4737260404737,184.59205673834794,-0.11833069787422801,-1.7435724387601683,45.13102048073491,27.881828707835783,5.435417946870443,2.8145540848359065,0.008291401026019996,0.00825721619066442,154954950.0,-0.3031445097090043
2026-01-23,187.48984685190618,189.58973923983262,186.80989099781206,187.6598358154297,142748100,53.97849222154132,0.14459714213575126,0.2765436851774903,191.78025813867166,180.76857608984395,186.2744171142578,184.89456417579808,184.46154770041005,184.5830078125,186.2744171142578,183.8127816772461,184.96389677508233,184.81929963294658,0.14459714213575126,0.2296439931323586,62.79643804330997,47.856824723460534,5.316140674786295,2.752920512206933,0.015310552663258647,0.015194528911584565,153348675.0,0.022282839885817918
2026-01-26,187.1498802806874,189.1097657209082,185.97994539629804,186.4599151611328,124799600,52.22915739322367,0.25322674075081864,0.271880296292156,191.56510190662647,180.76974458995556,186.16742324829102,185.04364522202044,184.53991505181094,184.74400024414064,186.16742324829102,183.6792041015625,185.19405344985935,184.94082670910853,0.25322674075081864,-1.396007469473104,60.85171222254229,56.259723582195704,5.005441676187926,2.6988393291677224,-0.006394126101000319,-0.006414656086299057,156312230.0,-0.12573547388721806
2026-01-27,187.22986667366473,189.9897117301412,185.6899415183402,188.50979614257812,143711600,54.917128313602376,0.49897289498616715,0.3172988160309582,191.191349177387,180.94250854966378,186.0669288635254,185.37375483350212,184.69559666321356,185.10198059082032,186.0669288635254,183.57382537841798,185.70416771027763,185.20519481529146,0.49897289498616715,1.880674988918554,79.28784254668098,67.64533093751106,4.9304465949777665,2.562210156930799,0.010993681830616886,0.010933690593106213,156510795.0,0.15153894724021555
2026-01-28,191.25965707901594,192.33960048487265,189.82972650403363,191.5096435546875,148552700,58.58935017728829,0.9251268219771873,0.4388644172202041,191.83681063116592,180.6270306163927,186.2319206237793,185.95812518790072,184.9628141883694,185.6729507446289,186.2319206237793,183.66722869873047,186.59731784018686,185.67219101820967,0.9251268219771873,3.6027335892891794,94.36905742850321,78.16953739924215,4.860451395182783,2.8024450036933124,0.01591348287194827,0.015788190876832572,157938125.0,0.033686216004831904
2026-01-29,191.32963792417547,193.46952146246272,186.04992498376654,192.49957275390625,171764400,59.7543502082023,1.3274340590505176,0.6165783455862668,192.7310356413903,180.22977826241828,186.48040695190429,186.58112019418695,185.2583733478022,186.60989990234376,186.48040695190429,183.71423767089843,187.50535705768215,186.17792299863163,1.3274340590505176,4.093213852766418,93.88783047195967,89.1815768157146,4.9733025420588906,3.1253143447430025,0.005169082772252587,0.005155768924444679,161641980.0,0.15625229295731424
2026-01-30,191.19965692455457,194.47947816452233,189.45974561417185,191.11965942382812,179489500,57.33303578812402,1.5174260269045874,0.796747881849931,193.29792491740614,180.12586353474228,186.7118942260742,187.01336202558136,185.48822770372482,187.01787719726562,186.7118942260742,183.80504058837892,188.06140357555077,186.54397754864618,1.5174260269045874,2.863142662741647,80.09479475955708,89.4505608866733,5.141151038914566,3.29301534566597,-0.00716839684544246,-0.007194213250918772,164611430.0,0.044974977352699286
2026-02-02,187.1898706566695,190.2897090701948,184.87000408758857,185.59996032714844,165794100,48.812598832251425,1.208669651819747,0.8791322358438942,193.07465301339153,180.02515319998736,186.54990310668944,186.87875234001632,185.49260937523164,186.95588226318358,186.54990310668944,183.89023803710938,187.6827199988735,186.47405034705375,1.208669651819747,1.3487020453000775,47.393404635697316,73.79200995573801,5.294714353274161,3.2623749533510358,-0.028880854608678286,-0.029306114416740678,165489110.0,-0.07630195638184967
2026-02-03,186.22992037566058,186.25991753048794,176.22045266395375,180.33023071289062,204019600,42.34275686567178,0.5326152046550021,0.8098288296061158,193.20131265605832,179.1205348781214,186.16092376708986,186.2550836136234,185.29016315317904,187.18286895751953,186.16092376708986,183.76685241699218,186.55156780103,186.018952596375,0.5326152046550021,-3.587286053357172,22.508200390042155,49.99879992843216,5.675408142251369,3.520194444484236,-0.028392945801114955,-0.028803821486399327,166513605.0,0.23056007421253222
2026-02-04,179.45029148582987,179.57028010697434,171.90069716024271,174.18057250976562,207014100,36.296652434621,-0.4936977967023495,0.5491235043444227,194.32609127147043,176.69082614796315,185.5084587097168,185.10513017516075,184.85449293186872,186.2699172973633,185.5084587097168,183.63806060791015,184.6483377562201,185.14203555292244,-0.4936977967023495,-6.465118138908636,10.097424431774149,26.666343152504513,5.91967979230971,4.408816280876814,-0.03410220337884484,-0.03469725096611551,168021180.0,0.014677511376357977
2026-02-05,174.92051964769362,176.81043194569037,171.020736948564,171.87069702148438,206312900,34.314675116401375,-1.476426565529522,0.1440134903696338,195.18580205671503,174.10820886857795,184.6470054626465,183.84470797004872,184.34532446479483,184.97398834228517,184.6470054626465,183.49826721191405,182.68254687395304,184.15897343948257,-1.476426565529522,-3.4761620256253902,3.623212622943995,12.07627914825341,5.864682587123629,5.269398297034273,-0.01326138417734124,-0.013350101548895904,170659665.0,-0.003387208890602178
2026-02-06,176.6804343618602,186.98987361565233,174.59055120100808,185.39996337890625,231346200,51.1426649764631,-1.1502876685424894,-0.11484674141279087,195.208429636579,174.1225792745538,184.6655044555664,183.99282753279704,184.38668285358352,184.7480010986328,184.6655044555664,183.5556671142578,183.10061095163815,184.25089862018064,-1.1502876685424894,1.1400759651089907,61.29581420404798,25.005483752922018,6.633212024107473,5.2714625905062995,0.07871770227202068,0.07577302301087933,173604125.0,0.12133657178004875
2026-02-09,184.25002288009932,193.64952333361757,183.9400420976916,190.0297088623047,196387400,55.35749440853277,-0.5123326232981356,-0.19434391778985982,195.7375158230461,174.11146488984454,184.92449035644532,184.56776861179776,184.60797799118043,185.10498046875,184.92449035644532,183.80025177001954,184.1666260148176,184.67895863811574,-0.5123326232981356,2.8132460465261424,81.03150863358945,48.650178486860455,6.711065848088397,5.406512733300385,0.024971663419029566,0.024664966763379943,176857120.0,-0.1511103272930353
2026-02-10,191.36964298604585,192.46957427391544,188.10980972728564,188.52978515625,136764800,53.73999334830028,-0.12632377952078855,-0.18073989013604558,196.03707165851108,174.1718883024264,185.10447998046874,184.94510352079323,184.76177435059492,185.1069793701172,185.10447998046874,183.96604339599608,184.83788126734567,184.96420504686645,-0.12632377952078855,0.4635778013127644,74.6376288757347,72.32165057112401,6.500362498006609,5.466295839021175,-0.007893101110529654,-0.007924416525772629,176796935.0,-0.3035968702676445
2026-02-11,192.43958265041238,193.24953637655122,188.75978911487715,190.0397186279297,144192700,55.160369909645745,0.2979949223706342,-0.08499292763470961,196.46807045736284,174.16486716470746,185.31646881103515,185.43030495956813,184.96875255754924,184.9599868774414,185.31646881103515,184.2272265625,185.63816393820474,185.3401690158341,0.2979949223706342,1.919878309342424,81.07417829575441,78.91443860169282,6.633928494635167,5.575800823163839,0.008008991631896611,0.007977089879130206,176000125.0,0.054311489506071675
2026-02-12,193.01955263160718,193.5995230748733,186.49990120030046,186.9298858642578,189932500,51.64334020950638,0.3789645689456904,0.007798571681370395,196.63066157852592,174.38225651229442,185.50645904541017,185.5731221885862,185.04565974604762,184.40301818847655,185.50645904541017,184.3678192138672,185.83689038836675,185.45792581942106,0.3789645689456904,-0.8381051333403161,67.81757285796415,74.50979334315106,6.801062009421299,5.562101266557868,-0.016364120017250072,-0.016499491079763246,177517445.0,0.3172130073159043
2026-02-13,187.4698554447334,187.4898586352177,181.58017462912434,182.80010986328125,161888000,47.32776211428512,0.10864282109673695,0.02796742156444371,196.4571578785576,174.1317825511299,185.29447021484376,185.30902577665242,184.9575989663313,183.57106323242186,185.29447021484376,184.39501983642577,185.36969338450746,185.26105056341072,0.10864282109673695,-4.5478303492947365,50.213149999302026,66.36830038434017,6.999623700955813,5.5813438318569215,-0.02209264710071812,-0.022340344621430332,175302415.0,-0.1476550879917865
2026-02-17,181.74016448672575,187.13986615921206,179.17029624003743,184.95999145507812,162276900,49.69542710423059,0.06791242972198575,0.03595642319595212,196.3863896577002,174.07655895069826,185.23147430419922,185.27578441269296,184.9576927894194,183.50706634521484,185.23147430419922,184.5028140258789,185.3066623184414,185.2387498887194,0.06791242972198575,-3.916674302683682,59.420300425291494,59.15034109418587,7.261752251482499,5.577457676750479,0.011815537711723945,0.011746279262754105,174017900.0,0.002402278118205148
2026-02-18,188.73978069812654,190.3596881055438,186.7498829478333,187.96981811523438,164749100,52.87443273928479,0.2753273560394689,0.08383060976465548,196.41108661779052,175.0428074251782,185.72694702148436,185.53235905103023,185.07581535121608,184.27102508544922,185.72694702148436,184.59480865478517,185.7163785948711,185.44105123883162,0.2753273560394689,-1.6480990590343418,72.2505995127325,60.62801664577532,7.3738874163518675,5.342069798153073,0.016272852504360502,0.016141868716214123,171088090.0,0.015234454195267366
2026-02-19,187.04988063530703,188.41980165789556,185.64996245587088,187.88983154296875,126554500,52.77897633324982,0.4283135990301048,0.15272720761774536,196.6182598506252,175.2936084355076,185.9559341430664,185.75688024073864,185.18616892736327,185.64195098876954,185.9559341430664,184.7046026611328,186.0507559715015,185.6224423724714,0.4283135990301048,1.2337670825920775,71.90963248671318,67.86017747491236,7.041761896589618,5.3311628537794,-0.00042552880599477927,-0.0004256193690695209,167396765.0,-0.23183495387835196
2026-02-20,186.5599139825128,190.31970507557438,185.92994318264132,189.8097381591797,178422300,54.884373587811844,0.6964484927059118,0.2614714646353786,196.98842570586933,175.4214177389549,186.2049217224121,186.1428667091616,185.36748536782667,187.43585510253905,186.2049217224121,184.78999816894532,186.629060923452,185.93261243074608,0.6964484927059118,5.2567489149291236,83.03141357605426,75.73054852516663,6.996763992488373,5.391751991728612,0.010218257158700395,0.010166403704481202,169336050.0,0.4098455606082756
2026-02-23,191.3896412925324,193.93950641757905,189.56974766836524,191.53964233398438,171584800,56.7553060379285,1.0365870074766974,0.4164945732036424,197.42938300569756,175.36844109098212,186.39891204833984,186.65684534009714,185.60953073904855,188.04982299804686,186.39891204833984,184.92159118652344,187.3845349866108,186.3479479791341,1.0365870074766974,9.966134324908992,89.52882663775135,81.48995756683958,6.8624856648436765,5.515235478678857,0.009113885259954158,0.00907260443723529,170777885.0,-0.038322003471539134
2026-02-24,191.47964208446245,193.75951747058733,187.38985183856119,192.83956909179688,175123600,58.15944494433279,1.3949622004989521,0.6121880986627044,198.1185592488505,175.31723024089558,186.71789474487304,187.24567617359233,185.8930616548426,188.3308090209961,186.71789474487304,185.1029815673828,188.22377100279326,186.8288088022943,1.3949622004989521,12.200376465390912,95.20071386350286,89.25365135910279,6.600357148093102,5.70033225198872,0.006786724366676156,0.006763798223351665,173294085.0,0.020624204474988472
2026-02-25,194.43946745531196,197.61930319203404,193.77949953248776,195.54940795898438,250637100,61.00212178516839,1.8760129627792423,0.8649530714860121,199.11967442712907,175.02007624425764,187.06987533569335,188.0365077722011,186.27174190206387,189.03277130126952,187.06987533569335,185.39556579589845,189.3507920729765,187.47477911019726,1.8760129627792423,5.4743509087622995,92.21801951991368,92.31585334038927,6.33965718720662,6.024899545717864,0.014052296839024425,0.013954478630994869,178640360.0,0.4312011630642587
2026-02-26,194.25948668244985,194.27947461393586,184.31002841741252,184.87998962402344,360807900,47.35898094737245,1.3804038300072818,0.968043223190266,198.63775412767887,174.83903115064146,186.73839263916017,187.73588699618418,186.2171633813564,188.5167984008789,186.73839263916017,185.59295501708985,188.6629763115991,187.2825724815918,1.3804038300072818,-2.7099548113357006,44.68083388550553,77.366522422974,6.728920368952727,5.94968074425936,-0.0545612407949545,-0.056106163785103344,189253120.0,0.4395630176059331
2026-02-27,181.2401979138715,182.5801217841234,176.3704661683341,177.180419921875,311636500,40.34630757939661,0.3621642901427151,0.8468674365807559,198.27566642750043,173.66920356761676,185.9724349975586,186.73060441767853,185.86278128490613,187.54185180664064,185.9724349975586,185.61095428466797,186.89642917471846,186.53426488457575,0.3621642901427151,-6.019932195312722,3.811755686381857,46.90353636393366,6.256802287632825,6.15161571497091,-0.041646311846979644,-0.04253837483251021,196246725.0,-0.13628138408277646
2026-03-02,175.00052620838028,183.45008125730604,174.63055110847353,182.47012329101562,209095300,46.23636383733444,-0.017758320362673885,0.67394228519207,197.68848364979456,173.39143273204135,185.53995819091796,186.3248443103773,185.72973587338103,187.50885314941405,185.53995819091796,185.7061489868164,186.21545903876418,186.23321735912685,-0.017758320362673885,-3.9831648834074715,34.10177357190369,27.53145438126367,6.1932343528404346,6.074262729438308,0.029854898026954846,0.029417916615645075,197727015.0,-0.32904104621891206
2026-03-03,178.4803396065267,180.8901975001603,176.91041730394699,180.04025268554688,178099400,44.0831307042003,-0.509051943042607,0.43734343954513455,197.6566603750586,172.86728524261719,185.2619728088379,185.72631177467917,185.50661888562283,187.01687927246093,185.2619728088379,185.88833892822265,185.26542729211536,185.77447923515797,-0.509051943042607,-3.6856777325130112,23.53194970048801,20.481826319591164,6.278944455728923,6.197343783110355,-0.013316539505995872,-0.013405999706042235,198342280.0,-0.14823814786846
2026-03-04,180.4302401537762,184.69000418349444,180.0502558302461,183.03009033203125,177731200,47.3332058808105,-0.6496618700034276,0.21994237763542213,197.62315929774945,173.1707722818404,185.39696578979493,185.46952878014127,185.40950011881532,186.5229064941406,185.39696578979493,186.06632934570314,184.92152929825627,185.5711911682597,-0.6496618700034276,0.12580980882451637,36.537604098851105,31.390442457080912,6.273944475560804,6.113096753977266,0.016606495502460517,0.01647011544804586,197027860.0,-0.002067384842396991
2026-03-05,181.1601973472636,184.05004039552568,177.87038204113773,183.330078125,198779700,47.66191296506972,-0.7284921384680558,0.030255474414726563,196.94552767958595,174.76335446152734,185.85444107055665,185.2657715748897,185.32795415827354,186.06693115234376,185.85444107055665,186.1133267211914,184.67669065621686,185.40518279468492,-0.7284921384680558,-0.8812248082710297,37.84253701508049,32.63736360480652,6.208232795547597,5.545543304514645,0.0016390080583172928,0.0016376663504562787,196616140.0,0.11842884085630434
2026-03-06,179.83025866705609,182.7500987288974,176.81043317462274,177.8103790283203,189021900,42.41624386374294,-1.222269716761332,-0.22024956382048513,195.90314087090104,176.39970947089586,186.15142517089845,184.55573418950215,185.03314729043225,184.86699523925782,186.15142517089845,185.99593322753907,183.62033502115585,184.84260473791718,-1.222269716761332,-5.4048246621624365,13.832103231565638,29.404081448499053,6.251801434425019,4.8758578500012915,-0.03010798420604055,-0.030570537605429608,195751590.0,-0.04908851356552002
2026-03-09,176.82042919903367,182.90010189125664,175.55049367782217,182.64010620117188,177213600,47.827103291308475,-1.2099261108461121,-0.4181848732256106,195.8872640877631,176.13960053626036,186.01343231201173,184.3732934287088,184.93930254183383,183.97704162597657,186.01343231201173,185.86473999023437,183.46953058731216,184.67945669815828,-1.2099261108461121,-2.794044413519158,34.8411913077529,28.838610518132985,6.207518455443578,4.936915887875682,0.02716223428151121,0.026799887586009843,193044960.0,-0.06247053912800582
2026-03-10,182.39012758732315,186.42991760168223,182.00014929336922,184.760009765625,179118500,50.0458905932473,-1.017357746530564,-0.5380194478866014,195.45227193504763,176.04762277930786,185.74994735717775,184.41012355603414,184.93227145257075,183.16908569335936,185.74994735717775,185.7879443359375,183.66806584551412,184.68542359204469,-1.017357746530564,-2.6604158682943053,44.06267299909312,30.911989179470527,6.138237859575532,4.851162288934947,0.011606999188437328,0.011540154718599876,192181515.0,0.010749175006884437
2026-03-11,185.91000366210938,187.6199951171875,184.4499969482422,186.02999877929688,145280400,51.37988869855326,-0.7535816110442113,-0.5811318805181234,195.2405180108731,176.00939806578705,185.62495803833008,184.56439738682104,184.97531958303063,182.21714477539064,185.62495803833008,185.69815063476562,184.03144014301915,184.78502175406337,-0.7535816110442113,-2.876502998309055,49.58706601118731,42.83031010601109,6.166820642927005,4.807779986271517,0.006873722377926494,0.006850206049899695,192607295.0,-0.1889146012276789
2026-03-12,184.0500030517578,184.94000244140625,181.75,183.13999938964844,155762700,48.223945334799794,-0.7688728338568467,-0.6186800711858681,194.72214869518672,175.8377954576453,185.27997207641602,184.42874043470937,184.90334624211368,182.04314575195312,185.27997207641602,185.5967544555664,183.89429541173135,184.6631682455882,-0.7688728338568467,-5.029864849745219,37.015703376348576,43.555147462209646,6.158980420524421,4.721088309385349,-0.015535125563684415,-0.015657060121153334,193185795.0,0.07215219671752005
2026-03-13,184.9199981689453,186.08999633789062,179.94000244140625,180.25,160988400,45.23191688867091,-1.0026323149058385,-0.6954705199298622,194.61232942174283,175.2796261446634,184.94597778320312,184.03076515521323,184.7208620757563,182.35010375976563,184.94597778320312,185.4511575317383,183.3336345791573,184.33626689406313,-1.0026323149058385,-7.823806841794867,24.444340741509837,37.01570337634855,6.2861400739008895,4.833175819269861,-0.015780274103308733,-0.01590610818182284,191738590.0,0.03354911028121621
2026-03-16,182.97000122070312,188.8800048828125,181.41000366210938,183.22000122070312,217307400,48.75101828696737,-0.9374280238777999,-0.7438620207194497,194.615507686079,175.31843701606942,184.96697235107422,183.95354954240275,184.66200478732284,182.4250915527344,184.96697235107422,185.38575927734374,183.3161525240105,184.2535805478883,-0.9374280238777999,-0.8978734836020417,37.36370761235013,32.94125057673616,6.4475928775284865,4.824267667502393,0.01647712189016981,0.016342847084503342,194509560.0,0.34983265875056846
2026-03-17,185.05999755859375,185.39999389648438,181.67999267578125,181.92999267578125,182497800,47.32853254675556,-0.9785657649877635,-0.7908027695731126,194.55915337883775,175.07179144538102,184.8154724121094,183.76082984081975,184.55486705745847,182.61406555175782,184.8154724121094,185.2475634765625,183.10289716274445,184.08146292773222,-0.9785657649877635,2.6806420009617886,37.149320497270516,32.98578961704347,6.371897671847484,4.871840483364181,-0.00704076266961684,-0.0070656657992947056,195520605.0,-0.1601859853829184
2026-03-18,182.47999572753906,183.3800048828125,180.3300018310547,180.39999389648438,156683100,45.62802304517449,-1.1216956269980187,-0.8569813410580939,194.25257787696302,174.62138452538073,184.43698120117188,183.44075022707352,184.39193085506733,182.35105590820314,184.43698120117188,185.09336700439454,182.68706589101214,183.80876151801016,-1.1216956269980187,-1.1345032036996372,40.488869814790434,38.333965974803675,5.7869422082893385,4.90779833789557,-0.00840982158463277,-0.008445383654979622,195117305.0,-0.14145211613509856
2026-03-19,178.00999450683594,179.97999572753906,175.7899932861328,178.55999755859375,170968500,43.59919583675393,-1.3678318862737342,-0.959151450101222,193.98003943796337,173.96093956594288,183.97048950195312,182.97591663959926,184.16322758853894,181.8740478515625,183.97048950195312,184.91996948242186,182.0521323014093,183.41996418768304,-1.3678318862737342,-0.822180098546349,27.576119845355333,35.07143671913874,5.508404862193784,5.004774968005123,-0.010199536586162128,-0.010251908275091526,197338005.0,0.09117384070139023
2026-03-20,178.0,178.25999450683594,171.72000122070312,172.6999969482422,241323500,37.8300016812632,-2.0125502932411905,-1.169831218729216,193.91653929535352,172.313465587459,183.11500244140626,181.99725762137479,183.71368913205671,181.36300964355468,183.11500244140626,184.5919741821289,180.61334224707588,182.62589254031707,-2.0125502932411905,-5.6439317519045336,5.710929594397287,24.591973084847663,5.367009589983648,5.400768426973631,-0.03281810422532416,-0.03336869803842486,200483065.0,0.41150855274509635
2026-03-23,177.25999450683594,178.3699951171875,174.75999450683594,175.63999938964844,182836300,41.97822741688352,-2.2602063968984396,-1.3879062543630607,192.84776682619673,171.79227376218216,182.32002029418945,181.39180445644848,183.39707384804072,180.66299896240236,182.32002029418945,184.40417449951173,179.84821257670242,182.10841897360086,-2.2602063968984396,-4.194662880200287,22.843807298252354,18.71028557933497,5.374887602974839,5.263873266003636,0.01702375502813336,0.01688047473673104,201045640.0,-0.24236015141500933
2026-03-24,174.8300018310547,176.22000122070312,173.97999572753906,175.1999969482422,147667800,41.53159299204679,-2.463581528743248,-1.6030413092390983,191.18143322580528,171.69465014821816,181.43804168701172,180.80210850328598,183.0756198519702,179.70699768066407,181.43804168701172,184.21117462158202,179.13310248001622,181.59668400875947,-2.463581528743248,-1.4680707022520676,20.279691054047756,16.27814264889911,5.202762888347446,4.8716957693967835,-0.002505138026276832,-0.002508281134920151,199672850.0,-0.19234965923068892
2026-03-25,177.10000610351562,181.22000122070312,176.85000610351562,178.67999267578125,162602100,46.3898801784187,-2.3172395195445574,-1.74588095130019,187.77909070548264,173.4100511402205,180.59457092285157,180.60000223399982,182.90324231564907,178.9719970703125,180.59457092285157,184.08617462158202,179.06339327936467,181.38063279890923,-2.3172395195445574,-2.1682606344023334,40.55938210809551,27.894293486798517,5.19135902535266,3.59225989131554,0.019862989658425256,0.019668294409632546,195271100.0,0.10113443824584634
2026-03-26,176.07000732421875,176.50999450683594,171.13999938964844,171.24000549316406,186152200,38.94019091014463,-2.7696800622951514,-1.9506407734991824,187.926019807687,171.8991236249302,179.9125717163086,179.70857397296783,182.4458604794732,177.78199768066406,179.9125717163086,183.79497589111327,177.85979515841075,180.6294752207059,-2.7696800622951514,-7.317603138044629,0.5637320887761922,20.46760175030646,5.264241049335199,4.006724045689193,-0.04163861365338872,-0.04253034213772591,186538315.0,0.1448326928127004
2026-03-27,170.0,170.97000122070312,167.00999450683594,167.52000427246094,196212700,35.8409850583069,-3.3893451995798216,-2.2383816587153103,189.1245611195961,169.7345407480797,179.4295509338379,178.54775781101478,181.86053278508055,176.50899810791014,179.4295509338379,183.48277435302734,176.26905809903386,179.65840329861368,-3.3893451995798216,-9.95000517566842,2.332005137890688,14.485039778254105,5.041412675970461,4.8475050928791,-0.02172390271764868,-0.021963340729077872,180767125.0,0.054044486178514095
2026-03-30,168.77999877929688,169.4499969482422,164.27000427246094,165.1699981689453,185627000,34.0000338124871,-4.023677686341671,-2.5954408642405826,190.0407704943184,167.08831886115036,178.56454467773438,177.27368546415101,181.20600201582036,174.70399780273436,178.56454467773438,183.04537658691407,174.56151041748177,178.58518810382344,-4.023677686341671,-9.812166255646956,3.657025088027896,2.184254104898235,5.095000130789621,5.738112908292015,-0.014028211816980884,-0.01412753717929103,179593710.0,-0.053950126571827406
2026-03-31,166.97000122070312,174.6199951171875,166.9600067138672,174.39999389648438,226181300,45.77988885913148,-3.7385119961509474,-2.824055090622656,189.8826043182969,166.6824591582656,178.28253173828125,177.00000055294467,180.9390997366307,173.95099792480468,178.28253173828125,182.80897827148436,174.5366617219437,178.27517371809463,-3.7385119961509474,-3.245495757845007,41.16208603327917,15.717038753065893,5.543571472167969,5.8000362900078315,0.05588179348466227,0.054376241030536364,181997805.0,0.21847198952738567
2026-04-01,176.0,177.3699951171875,174.75,175.75,168132000,47.26252466437099,-3.36479466371361,-2.932203005240847,189.3469536178011,166.49010082555827,177.91852722167968,176.88095288123566,180.73560562931186,173.48599853515626,177.91852722167968,182.76277099609376,174.72332914933696,178.08812381305057,-3.36479466371361,-4.0770664615949395,46.64768566771306,30.488932263006685,5.4500002179827005,5.7142131980607065,0.0077408609562046315,0.007711054213118247,181517845.0,-0.25664942238814614
2026-04-02,172.17999267578125,177.49000549316406,171.3699951171875,177.38999938964844,142717600,49.08399069186775,-2.902824783413678,-2.9263273608754132,188.7629362984427,166.48011027138153,177.62152328491212,176.9294335010845,180.60440538461918,173.3689987182617,177.62152328491212,182.64436920166017,175.13358610938488,178.03641089279856,-2.902824783413678,-2.495461698953381,53.31164076310064,47.040470821364266,5.447858537946429,5.570706506765296,0.009331433227018238,0.009288164369341389,178714740.0,-0.1511574239288178
