Date,Open,High,Low,Close,Volume,RSI,MACD,MACD_Signal,BB_Upper,BB_Lower,BB_Middle,EMA_20,EMA_50
2024-05-10,173.0500030517578,173.05999755859375,167.75,168.47000122070312,72627200,49.4074062573804,4.11125107149968,4.317439937933204,197.2932195774751,138.16677798111863,167.72999877929686,170.83255270967138,166.07446791605582
2024-05-13,170.0,175.39999389648438,169.0,171.88999938964844,67018900,52.44982906648135,3.6840056881656267,4.190753087979689,197.7168000427091,138.78419788209555,168.25049896240233,170.93326191728823,166.30252797384378
2024-05-14,174.5,179.49000549316406,174.07000732421875,177.5500030517578,86407400,57.05284563845629,3.7587965695602747,4.104361784295807,198.52900231015522,140.0159958587901,169.27249908447266,171.56342773961867,166.74360542787963
2024-05-15,179.89999389648438,180.0,173.11000061035156,173.99000549316406,79663000,53.54206841646468,3.490569716183245,3.9816033706732945,198.7789763780994,141.6200226453381,170.19949951171876,171.79453038281346,167.02777797945942
2024-05-16,174.10000610351562,175.7899932861328,171.42999267578125,174.83999633789062,59812200,54.26569953241475,3.3084474372913064,3.846972183996897,198.43190394422567,144.45809544542277,171.44499969482422,172.08457475948748,167.33413948371162
2024-05-17,173.5500030517578,179.6300048828125,172.75,177.4600067138672,77445800,56.514127594460376,3.3370596141656677,3.7449896700306513,197.47851591207026,148.4524838437891,172.9654998779297,172.5965206599046,167.73123231626676
2024-05-20,177.55999755859375,177.75,173.52000427246094,174.9499969482422,61727400,53.7860083178289,3.121218693214928,3.620235474667507,194.33634471572498,154.8846544297828,174.6104995727539,172.82066125879388,168.01432112536384
2024-05-21,175.50999450683594,186.8800048828125,174.7100067138672,186.60000610351562,115266500,62.76942607839996,3.8458885744495035,3.6653660946239066,191.2762326682533,162.13676782002793,176.7065002441406,174.13297981543403,168.74317151666392
2024-05-22,182.85000610351562,183.8000030517578,178.1199951171875,180.11000061035156,88313500,56.213795057378626,3.852100851466929,3.7027130459925113,190.5121431525651,164.69885690847008,177.6055000305176,174.70221989114046,169.18892952033795
2024-05-23,181.8000030517578,181.89999389648438,173.25999450683594,173.74000549316406,71975500,50.625093706759415,3.3049216762323965,3.623154772040489,190.35273653317978,165.21426480959366,177.78350067138672,174.61058042466652,169.36740308789976
2024-05-24,174.83999633789062,180.0800018310547,173.72999572753906,179.24000549316406,65584500,54.80323938712703,3.27730355687504,3.553984529007399,190.0866862550864,166.57531630839017,178.33100128173828,175.0514780502377,169.75456396653757
2024-05-28,176.39999389648438,178.25,173.16000366210938,176.75,59736600,52.631799494916635,3.019684323657458,3.447124487937411,186.60676761540708,168.3252346428937,177.46600112915038,175.21324204545317,170.02889479137926
2024-05-29,174.19000244140625,178.14999389648438,173.92999267578125,176.19000244140625,54782600,52.131520252223496,2.738761366192847,3.3054518635884986,185.84367844916193,168.37932417534978,177.11150131225585,175.30626684506774,170.2705068560862
2024-05-30,178.5800018310547,182.6699981689453,175.3800048828125,178.7899932861328,77618400,54.30331762911357,2.69486075332901,3.183333641536601,185.71663235135475,168.38636905245386,177.0515007019043,175.63805031564536,170.60460436314685
2024-05-31,178.5,180.32000732421875,173.82000732421875,178.0800018310547,67314600,53.588318056538014,2.573117527422909,3.0612904187138623,185.52385889630085,168.3861432399296,176.95500106811522,175.87061712663672,170.89775720502558
2024-06-03,178.1300048828125,182.63999938964844,174.49000549316406,176.2899932861328,68568900,51.738701890282954,2.3056186770192255,2.910156070374935,185.04605780672327,168.37394341397984,176.71000061035156,175.9105577132554,171.10921744350037
2024-06-04,174.77999877929688,177.75999450683594,174.0,174.77000427246094,60056300,50.155627996772864,1.9485122640508337,2.717827309110115,183.66630737469154,168.7546948225741,176.21050109863282,175.8019335760369,171.25277771130274
2024-06-05,175.35000610351562,176.14999389648438,172.1300048828125,175.0,57953800,50.402917562300146,1.6648700069243034,2.507235848672953,183.50477151049623,168.63523093091,176.07000122070312,175.72555894974766,171.39972760497716
2024-06-06,174.60000610351562,179.72999572753906,172.72999572753906,177.94000244140625,69887000,53.57369930407198,1.6582003990094165,2.337428758740246,183.68212028165428,168.7798822818223,176.2310012817383,175.9364583299056,171.65620897111162
2024-06-07,176.1300048828125,179.35000610351562,175.5800018310547,177.47999572753906,56244900,53.00273408391792,1.5973823598045271,2.189419478953102,183.69716662006022,169.31583539409996,176.5065010070801,176.083461891585,171.88459276548136
2024-06-10,176.05999755859375,178.57000732421875,173.1699981689453,173.7899932861328,50774600,48.53431319381238,1.2371699421979088,1.9989695716020635,183.0466063155794,170.49839490512372,176.77250061035156,175.86503631011334,171.95931435452653
2024-06-11,173.9199981689453,174.75,167.41000366210938,170.66000366210938,64761900,45.063867968283716,0.6911676513624059,1.737409187554132,183.20681433729766,170.21518731065157,176.71100082397462,175.36931891506535,171.90836099403958
2024-06-12,171.1199951171875,180.5500030517578,169.8000030517578,177.2899932861328,90389400,52.7680542804686,0.7843995855146204,1.5468072671462296,183.18778169570336,170.20821897568337,176.69800033569337,175.55224028373846,172.1194053976511
2024-06-13,188.38999938964844,191.0800018310547,181.22999572753906,182.47000122070312,118984100,57.75306570167173,1.2617255277305333,1.4897909192630903,183.96527168118385,170.2787285629568,177.12200012207032,176.21107465868747,172.52531111620218
2024-06-14,185.8000030517578,186.0,176.9199981689453,178.00999450683594,82038200,52.60496722110386,1.2655361944261472,1.4449399742957016,184.04764644128664,170.5133536197485,177.28050003051757,176.38240035851115,172.7403967393643
2024-06-17,177.9199981689453,188.80999755859375,177.0,187.44000244140625,109786100,60.60166833849155,2.0063510398152005,1.5572221873996015,185.93232994790304,169.62666968588604,177.77949981689454,177.43550531878688,173.31685186493456
2024-06-18,186.55999755859375,187.1999969482422,182.3699951171875,184.86000061035156,68982300,57.73165016390675,2.3580850200237364,1.7173947539244288,186.89496498115264,169.65503501884737,178.275,178.1426001084597,173.76952436475483
2024-06-20,184.67999267578125,185.2100067138672,179.66000366210938,181.57000732421875,55893100,54.20624473401092,2.344337705110746,1.8427833441616923,185.8805027648859,170.1664973571844,178.02350006103515,178.4690198432939,174.07542565728284
2024-06-21,182.3000030517578,183.9499969482422,180.69000244140625,183.00999450683594,61937300,55.487470518695815,2.4217216899876064,1.9585710133268752,186.29021176951022,170.04678774220855,178.1684997558594,178.9014936207741,174.42580090628493
2024-06-24,184.97000122070312,188.8000030517578,182.5500030517578,182.5800018310547,61992100,54.992691243213905,2.4204507901565364,2.0509469686928075,186.67945229965085,170.54154684585694,178.6104995727539,179.2518277360389,174.74557349157
2024-06-25,184.39999389648438,187.97000122070312,182.00999450683594,187.35000610351562,62905700,59.32560521018269,2.772384747463491,2.1952345244469442,187.98327440163712,170.04872480490587,179.0159996032715,180.02308281865575,175.23986496654828
2024-06-26,186.5399932861328,197.75999450683594,186.36000061035156,196.3699951171875,95737100,65.99275734629677,3.736065635361996,2.5034007466299544,191.77330275459624,168.22069596366546,179.99699935913085,181.5799316089921,176.0684975214753
2024-06-27,195.1699981689453,198.72000122070312,194.0500030517578,197.4199981689453,72746500,66.67749798668927,4.532270954677784,2.9091747882395205,195.0153371523616,167.10166113865404,181.05849914550782,183.0885093766067,176.9058112723565
2024-06-28,199.5500030517578,203.1999969482422,195.25999450683594,197.8800048828125,95438100,66.99107509896598,5.141124421861321,3.3555647149638808,197.8068280553439,166.21917139533966,182.01299972534179,184.4972232343406,177.72832866884497
2024-07-01,201.02000427246094,213.22999572753906,200.85000610351562,209.86000061035156,135691400,73.88383729490194,6.515227231431453,3.9874972182573956,203.57225324302064,163.63174608559265,183.60199966430665,186.91272584157974,178.98839423517856
2024-07-02,218.88999938964844,231.3000030517578,218.05999755859375,231.25999450683594,205047900,81.36824393033771,9.22467792319108,5.034933359244133,215.22805016241483,157.47294928826875,186.3504997253418,191.1362752382708,181.03826091249846
2024-07-03,234.55999755859375,248.35000610351562,234.25,246.38999938964844,166561500,84.70552437257182,12.449294348432915,6.517805557081889,228.7976634325541,151.06533552984826,189.93149948120117,196.39853468125915,183.60107418611219
2024-07-05,249.80999755859375,252.3699951171875,242.4600067138672,251.52000427246094,154501200,85.6444316364315,15.243062087083985,8.262856863082309,240.6676658455401,146.84733354410832,193.75749969482422,201.6481984518498,186.2645616404788
2024-07-08,247.7100067138672,259.44000244140625,244.57000732421875,252.94000244140625,157219600,85.90241256016841,17.371477552927814,10.084581001051411,250.6682349702316,144.34676441941684,197.50749969482422,206.5331321651409,188.87928480914263
2024-07-09,251.0,265.6099853515625,250.3000030517578,262.3299865722656,160210900,87.5018742719891,19.590132534578515,11.985691307756833,261.3357283194917,142.16427015462938,201.74999923706054,211.84711829915275,191.75970448612784
2024-07-10,262.79998779296875,267.5899963378906,257.8599853515625,263.260009765625,128519400,87.65131309392237,21.179335495346834,13.824420145274834,270.24020190123235,142.20679822083795,206.22350006103517,216.7435841531025,194.5636380265003
2024-07-11,263.29998779296875,271.0,239.64999389648438,241.02999877929688,221707300,67.02266308743475,20.40974337173634,15.141484790567135,273.2620576687303,146.22194196505873,209.74199981689452,219.05657602226384,196.3858482521002
2024-07-12,235.8000030517578,251.83999633789062,233.08999633789062,248.22999572753906,155955800,69.52440174350298,20.148555642593806,16.14289896097247,277.1009905860847,149.47700929184498,213.28899993896485,221.83499694657579,198.41895207466644
2024-07-15,255.97000122070312,265.6000061035156,251.72999572753906,252.63999938964844,146912900,70.97672756062606,20.06610337608234,16.927539843994445,281.1883413958866,152.4066582989376,216.7974998474121,224.76880670305889,200.54526765564614
2024-07-16,255.30999755859375,258.6199951171875,245.8000030517578,256.55999755859375,126332500,72.24296873050645,20.085536885870056,17.55913925236957,284.735587549394,156.714412450606,220.725,227.7965391654908,202.74192373027154
2024-07-17,252.72999572753906,258.4700012207031,246.17999267578125,248.5,115584800,65.87869609917996,19.228904794723377,17.89309236084033,286.92291451239345,160.63308524346593,223.7779998779297,229.76829734020595,204.5363580937903
2024-07-18,251.08999633789062,257.1400146484375,247.1999969482422,249.22999572753906,110869000,66.16938813614338,18.396854755198774,17.993844839712022,288.32495061200126,165.66804865557685,226.99649963378906,231.62179242471385,206.28904976570203
2024-07-19,247.7899932861328,249.44000244140625,236.8300018310547,239.1999969482422,87403900,58.761935947720886,16.73519906941422,17.742115685652465,287.52465078209843,172.23134744788203,229.87799911499025,232.34352618885939,207.5796751454095
2024-07-22,244.2100067138672,253.2100067138672,243.75,251.50999450683594,101225400,64.07718767840092,16.224611667055882,17.438614881933148,287.24569580366494,179.3603024263155,233.30299911499023,234.16890412390478,209.30243276742624
2024-07-23,253.60000610351562,255.75999450683594,245.6300048828125,246.3800048828125,111928200,60.573301292268795,15.230453000989144,16.99698250574435,285.0864417656972,187.89955676945902,236.4929992675781,235.3318661009436,210.75645520332375
2024-07-24,225.4199981689453,225.99000549316406,214.7100067138672,215.99000549316406,167942900,44.90718640688735,11.853713889643103,15.9683287825241,281.8881634926391,193.961834981482,237.92499923706055,233.48978413829792,210.961692469592
2024-07-25,216.8000030517578,226.0,216.22999572753906,220.25,100636500,46.977349345109424,9.412864131844458,14.657235852388173,279.47969845522636,198.758300507176,239.11899948120117,232.2288523156029,211.32593982372566
2024-07-26,221.19000244140625,222.27999877929688,215.3300018310547,219.8000030517578,94604100,46.77739501090389,7.357351156138492,13.197258913138237,276.79237820774443,203.68362124293918,240.2379997253418,231.04515238571287,211.65825602874654
2024-07-29,224.89999389648438,234.27000427246094,224.6999969482422,232.10000610351562,129201800,52.70328549643506,6.644258884074446,11.88665890732548,272.93468093971285,210.96331863304107,241.94899978637696,231.14561464455124,212.45989328658064
2024-07-30,232.25,232.41000366210938,220.0,222.6199951171875,100560300,48.24471588359294,5.253610114926033,10.560049148845591,271.2274190688441,213.9465799545934,242.58699951171874,230.3336508800404,212.8583286524868
2024-07-31,227.89999389648438,234.67999267578125,226.7899932861328,232.07000732421875,67497000,52.553641165434094,4.858047407864376,9.419648800649348,271.20269377514643,214.05230653002934,242.62750015258788,230.49901816043834,213.61172781608414
2024-08-01,227.69000244140625,231.8699951171875,214.3300018310547,216.86000061035156,83861900,45.9260584034717,3.279437373500599,8.191606515219599,271.87825408906167,210.4237463381844,241.15100021362304,229.2000641080491,213.73911106291817
2024-08-02,214.8800048828125,216.1300048828125,205.77999877929688,207.6699981689453,82880100,42.44323294898787,1.2721565264822914,6.807716517472138,272.6821437208309,205.23485609606365,238.95849990844727,227.1495816376583,213.50110663570354
2024-08-05,185.22000122070312,203.8800048828125,182.0,198.8800048828125,100308800,39.36802975966225,-1.0161929636820446,5.242934621241302,273.7192478565381,198.79175220449702,236.25550003051757,224.45724099433963,212.9277300963745
2024-08-06,200.75,202.89999389648438,192.6699981689453,200.63999938964844,73783900,40.30072945763037,-2.6570804045625778,3.662931616080526,271.73763805907754,194.60436328369587,233.1710006713867,222.18893227008334,212.44585830395386
2024-08-07,200.77000427246094,203.49000549316406,191.47999572753906,191.75999450683594,71159800,37.19204402475665,-4.620772317219632,2.0061908294204946,269.6459465443449,189.5460532725496,229.59599990844725,219.2909381973931,211.63464795896886
2024-08-08,195.6999969482422,200.6999969482422,192.0399932861328,198.83999633789062,65033900,41.09354405307787,-5.5418325321549275,0.4965861571054102,269.4016702129217,185.5713293598322,227.48649978637695,217.34322944886904,211.132896915005
2024-08-09,197.0500030517578,200.8800048828125,195.11000061035156,200.0,58648300,41.73218441903208,-6.107770214318805,-0.8242851171794328,267.51156716041373,182.63843283958627,225.075,215.6914933108815,210.6963127222597
2024-08-12,199.02000427246094,199.25999450683594,194.6699981689453,197.49000549316406,64044900,40.70386690143866,-6.681791946310852,-1.995786483005717,264.3779136048524,180.25708700549916,222.31750030517577,213.9580182806227,210.1784183211187
2024-08-13,198.47000122070312,208.49000549316406,197.05999755859375,207.8300018310547,76247400,46.547178522991004,-6.230535282640261,-2.842736242932626,259.1418839919004,180.62011704569727,219.88100051879883,213.37439766637812,210.08632355680245
2024-08-14,207.38999938964844,208.44000244140625,198.75,201.3800048828125,70250000,43.65708924149075,-6.3205130345228895,-3.5382916012506787,255.17702419048692,179.87297733539197,217.52500076293944,212.23207454413378,209.74489929507735
2024-08-15,205.02000427246094,215.8800048828125,204.82000732421875,214.13999938964844,89848500,50.23941052278182,-5.30108848591388,-3.8908509781833187,250.34655521040844,181.19444668168143,215.77050094604493,212.41378167227805,209.9172561615311
2024-08-16,211.14999389648438,219.8000030517578,210.8000030517578,216.1199951171875,88765100,51.192265690536345,-4.284034397075629,-3.969487661961781,247.39386242381994,181.83913928516444,214.6165008544922,212.76675438131704,210.16050082645882
2024-08-19,217.07000732421875,222.97999572753906,214.08999633789062,222.72000122070312,76435200,54.3314943162571,-2.9118800297900123,-3.7579661355274276,241.33550727350075,185.01849510687032,213.17700119018554,213.71468265173476,210.65303025368408
2024-08-20,224.8800048828125,228.22000122070312,219.55999755859375,221.10000610351562,74001200,53.423217168091064,-1.9328768735465474,-3.392948283131252,235.73100679651512,188.09499570592627,211.9130012512207,214.4180467899996,211.06271558112846
2024-08-21,222.6699981689453,224.66000366210938,218.86000061035156,223.27000427246094,70146000,54.51999234381761,-0.9707192547670047,-2.9085024774584025,236.57502895794684,187.97897342242427,212.27700119018556,215.26109035975782,211.5414327847101
2024-08-22,223.82000732421875,224.8000030517578,210.32000732421875,210.66000366210938,79514500,47.5176477096319,-1.2117557074918182,-2.5691531234650857,235.80986572414042,187.78513702244163,211.79750137329103,214.82289162664844,211.506866936765
2024-08-23,214.4600067138672,221.47999572753906,214.2100067138672,220.32000732421875,81525200,52.54580832928097,-0.6161941665525035,-2.1785613320825696,235.87344677782565,187.77355639600248,211.82350158691406,215.34642645498846,211.85248028529261
2024-08-26,218.75,219.08999633789062,211.00999450683594,213.2100067138672,59301200,48.83709946002891,-0.7097435017813041,-1.8847977660223165,232.98088774659576,188.77711548826753,210.87900161743164,215.142957908215,211.90571661582493
2024-08-27,213.25,215.66000366210938,206.94000244140625,209.2100067138672,62821400,46.83436071937147,-1.0940372145471144,-1.7266456557272762,231.61330606483853,188.80369832969274,210.20850219726563,214.57791493732475,211.80000250202266
2024-08-28,209.72000122070312,211.83999633789062,202.58999633789062,205.75,64116400,45.111067518734124,-1.6586663032670117,-1.7130497852352233,227.71914830015254,190.06585536195684,208.8925018310547,213.73716113377003,211.56274750194333
2024-08-29,209.8000030517578,214.88999938964844,205.97000122070312,206.27999877929688,62308800,45.44222444578486,-2.039858235929671,-1.778411475374113,226.83880386225897,189.8881996167449,208.36350173950194,213.02695519524877,211.35558088536897
2024-08-30,208.6300048828125,214.57000732421875,207.02999877929688,214.11000061035156,63370600,50.22050076518428,-1.6906511056418765,-1.7608594014276657,227.333585527769,190.03741819537555,208.68550186157228,213.1301023776395,211.46359734517222
2024-09-03,215.25999450683594,219.89999389648438,209.63999938964844,210.60000610351562,76714200,48.183270419667345,-1.6777886581766097,-1.7442452527774546,227.35008477381734,191.1929190713975,209.27150192260743,212.88914082772294,211.42973102197
2024-09-04,210.58999633789062,222.22000122070312,210.57000732421875,219.41000366210938,80651800,53.303585302313536,-0.9457993153666848,-1.5845560652953008,228.35060926695874,192.06939500550217,210.21000213623046,213.5101753833788,211.74268289021077
2024-09-05,223.49000549316406,235.0,222.25,230.1699981689453,119355000,58.674691285933335,0.49682208840994235,-1.1682804345542521,230.17938313971638,194.08162149895549,212.13050231933593,215.09682517248038,212.4653227050631
2024-09-06,232.60000610351562,233.60000610351562,210.50999450683594,210.72999572753906,112177000,47.94489441438591,0.07064980728617343,-0.9204943861861671,229.6808287044193,195.76917587321742,212.72500228881836,214.68093665391453,212.39727066672882
2024-09-09,216.1999969482422,219.8699951171875,213.6699981689453,216.27000427246094,67443500,50.711125100244445,0.17788702301160697,-0.7008181043466123,229.45295101006303,197.6240539948198,213.53850250244142,214.83227642710943,212.549142572836
2024-09-10,220.07000732421875,226.39999389648438,218.63999938964844,226.1699981689453,78891100,55.28407513622721,1.049620684931881,-0.3507303464909136,229.93845835415706,200.00654591830389,214.97250213623047,215.91205945014144,213.08329377268342
2024-09-11,224.5500030517578,228.47000122070312,216.8000030517578,228.1300048828125,83548600,56.15145640674648,1.8769952213325212,0.0948147670737734,231.65109956286727,200.32390501476942,215.98750228881835,217.075673300872,213.67336087504142
2024-09-12,224.66000366210938,231.4499969482422,223.8300018310547,229.80999755859375,71894900,56.922768462727504,2.6378493852833174,0.6034216907156822,232.64520188237307,202.17280196284176,217.40900192260742,218.2884660873217,214.30617015674937
2024-09-13,228.0,232.6699981689453,226.32000732421875,230.2899932861328,59515100,57.15466441179967,3.242189493307336,1.131175251234013,234.40529530201954,202.02770793284375,218.21650161743165,219.43146867768465,214.93298675005855
2024-09-16,229.3000030517578,229.9600067138672,223.52999877929688,226.77999877929688,54323000,54.8302202576158,3.3987277427146694,1.5846857495301443,235.34450615220953,202.15449744886467,218.7495018005371,220.131328687362,215.39757545708753
2024-09-17,229.4499969482422,234.57000732421875,226.5500030517578,227.8699951171875,66761600,55.43633056126724,3.569591005042554,1.9816668006326263,236.01606852407133,201.99793446665132,219.00700149536132,220.86834453782157,215.88668995356204
2024-09-18,230.08999633789062,235.67999267578125,226.8800048828125,227.1999969482422,78010200,54.948250770269325,3.6093319862092983,2.307199837747961,236.69377447643052,201.93022759876482,219.31200103759767,221.47135905309972,216.33034905139263
2024-09-19,234.0,244.24000549316406,232.1300048828125,243.9199981689453,102694600,63.56851529871572,4.9331253652853775,2.8323849432554447,240.882862006865,199.80613945797873,220.34450073242186,223.60932468318023,217.41229607561039
2024-09-20,241.52000427246094,243.99000549316406,235.9199981689453,238.25,99879100,59.41660407714629,5.461759920995661,3.358259938803488,243.20800867216738,200.23999242646542,221.7240005493164,225.00367471335352,218.22946093539036
2024-09-23,242.61000061035156,250.0,241.9199981689453,250.0,86927200,64.57957199572093,6.751011952723161,4.036810341587423,248.11176537531,198.30423499090094,223.20800018310547,227.38427712160555,219.47536442812017
2024-09-24,254.0800018310547,257.19000244140625,249.0500030517578,254.27000427246094,88491000,66.2594521440115,8.024802210680633,4.834408715406066,253.27051076991216,197.25148935215816,225.26100006103516,229.94482256454415,220.8398601082904
2024-09-25,252.5399932861328,257.04998779296875,252.27999877929688,257.0199890136719,65034300,67.33395531841894,9.150707295721901,5.697668431469233,257.9595302454624,197.34346810658838,227.6514991760254,232.52340984541345,222.25868869281516
2024-09-26,260.6000061035156,261.75,251.52999877929688,254.22000122070312,67142200,65.06203167691984,9.705184250138842,6.499171595203155,260.7583811049027,199.39161736921838,230.07499923706055,234.58975188115534,223.5120734978304
2024-09-27,257.3800048828125,260.70001220703125,254.1199951171875,260.4599914550781,70988100,67.67932547231564,10.526780124858504,7.304693301134225,264.1804594776519,201.38753826404735,232.78399887084962,237.05358422152895,224.96101145693817
2024-09-30,259.0400085449219,264.8599853515625,255.77000427246094,261.6300048828125,80705700,68.16094776383451,11.143851694730415,8.072524979853464,267.7748829003019,202.54511526864337,235.15999908447264,239.39419571307977,226.39901119912932
2024-10-01,262.6700134277344,263.9800109863281,248.52999877929688,258.0199890136719,87397600,64.94524095878018,11.212338391596234,8.700487662202018,269.51676386474094,205.54523259521997,237.53099822998047,241.16808078932664,227.63904954479767
2024-10-02,247.5500030517578,251.16000366210938,241.5,249.02000427246094,93983900,57.6437672527523,10.420272623270932,9.044444654415802,270.1967273021513,207.82626921884483,239.01149826049806,241.91588302581562,228.47751835764723
2024-10-03,244.47999572753906,249.7899932861328,237.80999755859375,240.66000366210938,80729200,51.81631243206389,9.014064093720009,9.038368542276643,270.4467575536927,208.62523951661979,239.53599853515624,241.79627546736742,228.95526287939086
2024-10-04,246.69000244140625,250.9600067138672,244.5800018310547,250.0800018310547,86573200,57.08135356656212,8.561062232549261,8.942907280331166,269.57286936734783,213.43412831331622,241.50349884033204,242.58520178771857,229.78368401475024
2024-10-07,249.0,249.8300018310547,240.6999969482422,240.8300018310547,68113300,51.16870876351254,7.370692543796736,8.628464333024281,268.1792370918884,217.28376034463506,242.73149871826172,242.41803988708392,230.21687294872297
2024-10-08,243.55999755859375,246.2100067138672,240.55999755859375,244.5,56303200,53.238309308469304,6.646833609746352,8.232138188368696,267.8753645573662,219.42063306226274,243.64799880981445,242.61632180259974,230.77699557818482
2024-10-09,243.82000732421875,247.42999267578125,239.50999450683594,241.0500030517578,66289500,51.04800410498309,5.728746840932644,7.731459918881486,267.4442178663341,221.14377957018934,244.29399871826172,242.46714858823387,231.17985861636416
2024-10-10,241.80999755859375,242.7899932861328,232.33999633789062,238.77000427246094,83087100,49.595805825931585,4.76228298165114,7.137624531435417,267.0432579770992,222.440740130811,244.74199905395508,242.1150396057793,231.4775113871915
2024-10-11,220.1300048828125,223.33999633789062,214.3800048828125,217.8000030517578,142628900,38.6931997416806,2.277990310971063,6.165697687342547,268.7050654861194,219.52993359835327,244.11749954223632,239.79932183872964,230.94113851129217
2024-10-14,220.1300048828125,221.91000366210938,213.74000549316406,219.16000366210938,86291900,39.620247334811765,0.4141372380620396,5.015385597486445,269.65535838326133,217.81764118949255,243.73649978637695,237.83367248857533,230.47913322308892
2024-10-15,220.00999450683594,224.25999450683594,217.1199951171875,219.57000732421875,62988800,39.91522635323603,-1.0181591763629,3.8086766427165766,270.5430794712444,216.0999213222126,243.3215003967285,236.09427580625567,230.05132436430972
2024-10-16,221.39999389648438,222.82000732421875,218.92999267578125,221.3300018310547,49632800,41.242233719765466,-1.9883273560495525,2.649275842963351,271.09490768856415,214.96109359317416,243.02800064086915,234.68815447528414,229.7093117159468
2024-10-17,221.58999633789062,222.0800018310547,217.89999389648438,220.88999938964844,50791800,40.99844994413149,-2.7608715393800765,1.5672463664946656,271.62843981936794,212.12456158444067,241.8765007019043,233.37404446712836,229.36345633060176
2024-10-18,220.7100067138672,222.27999877929688,219.22999572753906,220.6999969482422,49611900,40.88606020524412,-3.349835165071653,0.5838300601814019,272.20118539004466,209.79681570858818,240.9990005493164,232.16699232247254,229.0237128254112
2024-10-21,218.89999389648438,220.47999572753906,215.72999572753906,218.85000610351562,47329000,39.74365004714828,-3.920676760676315,-0.3170713039901415,271.8388089536065,207.04419275537785,239.44150085449218,230.89870792066714,228.62474393435647
2024-10-22,217.30999755859375,218.22000122070312,215.25999450683594,217.97000122070312,43268700,39.182805493610935,-4.393437069700042,-1.1323444571321215,270.58832148438137,204.66467991942721,237.6265007019043,229.66740252067055,228.20691088676222
2024-10-23,217.1300048828125,218.72000122070312,212.11000061035156,213.64999389648438,80938900,36.46257224923376,-5.058381633178271,-1.9175518923413515,268.75255686273334,202.16344502935652,235.45800094604493,228.14193503265284,227.6360513969474
2024-10-24,244.67999267578125,262.1199951171875,242.64999389648438,260.4800109863281,204491900,64.90549613880364,-1.7859763622613798,-1.8912367863253572,269.9150749774496,201.6269278912027,235.77100143432617,231.22175179014573,228.92404981221725
2024-10-25,256.010009765625,269.489990234375,255.32000732421875,269.19000244140625,161611900,67.79330757607354,1.4930410613664549,-1.214381216786995,271.8699755423227,200.5450284249624,236.20750198364257,234.83777566169437,230.5031067780678
2024-10-28,270.0,273.5400085449219,262.239990234375,262.510009765625,107653600,63.479077774986955,3.512180184814696,-0.26906893646665675,272.0479637937865,200.4550406617799,236.2515022277832,237.47322652873538,231.75827944424654
2024-10-29,264.510009765625,264.9800109863281,255.50999450683594,259.5199890136719,80521800,61.58974796206515,4.815581772148903,0.7478612052564552,272.32074035857835,200.33226409698807,236.3265022277832,239.57291819396744,232.8469739371652
2024-10-30,258.0400085449219,263.3500061035156,255.82000732421875,257.54998779296875,53993600,60.31599087929077,5.624735832686298,1.723236130742424,273.57319870126514,199.932804106352,236.75300140380858,241.28502006053898,233.81571957856926
2024-10-31,257.989990234375,259.75,249.25,249.85000610351562,66575300,55.48576291992273,5.580345336995009,2.4946579719929414,274.46483305609496,199.96016999566282,237.2125015258789,242.10073301701294,234.44451512856716
2024-11-01,252.0399932861328,254.0,246.6300048828125,248.97999572753906,57544800,54.95030580045127,5.412570242435379,3.078240426081429,274.3330104936453,199.98199194776097,237.15750122070312,242.7559008942059,235.01453397558566
2024-11-04,244.55999755859375,248.89999389648438,238.8800048828125,242.83999633789062,68802400,51.19537092943735,4.729640285501489,3.408520397965441,274.4861434197883,200.02985847230156,237.25800094604492,242.76390998408064,235.3214148525388
2024-11-05,247.33999633789062,255.27999877929688,246.2100067138672,251.44000244140625,69282500,55.75578144875473,4.826722540771044,3.6921608265265617,275.2444645315935,199.96553760463695,237.60500106811523,243.59020450382593,235.95351632661203
2024-11-06,284.6700134277344,289.5899963378906,275.6199951171875,288.5299987792969,165228700,69.14620310897143,7.806524898312318,4.515033640883713,283.984344071066,195.9736576379184,239.9790008544922,247.87018491101364,238.01533916789379
2024-11-07,288.8900146484375,299.75,285.5199890136719,296.9100036621094,117309200,71.26241957111681,10.720655056287626,5.756157923964496,293.70849487332936,192.06350677461984,242.8860008239746,252.5406438396894,240.32493385394145
2024-11-08,299.1400146484375,328.7099914550781,297.6600036621094,321.2200012207031,204782800,76.33359939351152,14.820891822266844,7.569104703624967,308.30389899632144,187.81010246852233,248.05700073242187,259.08153501883356,243.49728943695172
2024-11-11,346.29998779296875,358.6400146484375,336.0,350.0,210521600,80.68021830403428,20.160269341285414,10.087337631157055,328.5013614437333,180.6966396548995,254.5990005493164,267.7404364456113,247.67386632177715
2024-11-12,342.739990234375,345.8399963378906,323.30999755859375,328.489990234375,155726000,70.28952592751389,22.397897452189852,12.549449595363615,338.9614443139904,181.12855507565808,260.04499969482424,273.5261082350174,250.8431260830555
2024-11-13,335.8500061035156,344.6000061035156,322.5,330.239990234375,125405600,70.62103546856605,24.035379334497406,14.846635543190374,348.102453401436,182.87854482854453,265.49049911499026,278.9274303301943,253.95672859879352
2024-11-14,327.69000244140625,329.9800109863281,310.3699951171875,311.17999267578125,120726100,62.448148501005996,23.523943632662565,16.58209716108481,352.2219163738796,187.78808118471417,270.0049987792969,281.99910293453587,256.2007781704401
2024-11-15,310.57000732421875,324.67999267578125,309.2200012207031,320.7200012207031,114440300,64.65312058881959,23.61619333842492,17.988916396552835,356.76177202380916,193.2502259620306,275.0059989929199,285.6868075332185,258.73094378025434
2024-11-18,340.7300109863281,348.54998779296875,330.010009765625,338.739990234375,126085600,68.42459459043539,24.856830341598027,19.362499185561873,363.00033927870305,199.00065712022268,281.00049819946287,290.7394915999953,261.8685534451218
2024-11-19,335.760009765625,347.3800048828125,332.75,346.0,88852500,69.82167848917322,26.124716745996068,20.714942697648713,368.6700845223607,206.13391175449482,287.40199813842776,296.0023971619005,265.1678258590386
2024-11-20,345.0,346.6000061035156,334.29998779296875,342.0299987792969,66340700,68.04858844273461,26.503662216212035,21.872686601361377,370.72445514976584,216.91754161537085,293.82099838256835,300.3859782683192,268.18202871865657
2024-11-21,343.80999755859375,347.989990234375,335.2799987792969,339.6400146484375,58011700,66.94639764663927,26.30786677399118,22.75972263588734,375.60014086959166,219.95785626175598,297.7789985656738,304.12445792356857,270.9843026766872
2024-11-22,341.0899963378906,361.5299987792969,337.70001220703125,352.55999755859375,89140700,69.79461806835056,26.88531494429793,23.58484109756946,382.2137890071576,221.68120763590883,301.9474983215332,308.73736646023764,274.18334953480115
2024-11-25,360.1400146484375,361.92999267578125,338.20001220703125,338.5899963378906,95890900,63.4300486105311,25.91693019466112,24.05125891698779,385.3566636904932,226.14633160979977,305.75149765014646,311.58047406763313,276.70910038982424
2024-11-26,341.0,346.9599914550781,335.6600036621094,338.2300109863281,62295900,63.26993893445901,24.834157782203818,24.207838690030997,387.42935968168496,231.9446378158736,309.6869987487793,314.118525202747,279.1216851190989
2024-11-27,341.79998779296875,342.54998779296875,326.5899963378906,332.8900146484375,57896400,60.81753414328439,23.276838859082602,24.02163872384132,387.7857044548284,239.1222957282771,313.45400009155276,315.90628610233654,281.2302470614259
2024-11-29,336.0799865722656,345.45001220703125,334.6499938964844,345.1600036621094,37167600,64.24677407264124,22.770256617168513,23.771362302506763,387.42600046856415,249.01299947040064,318.2194999694824,318.6923544413625,283.7372963398841
2024-12-02,352.3800048828125,360.0,351.1499938964844,357.0899963378906,77986500,67.24816415562502,23.065551921803376,23.630200226366085,386.67507459818205,260.57492540181795,323.625,322.34927271722233,286.6138728103942
2024-12-03,351.79998779296875,355.69000244140625,348.20001220703125,351.4200134277344,58267200,64.47775830210493,22.58174702038741,23.42050958517035,380.4341045332139,277.6738971757705,329.0540008544922,325.117914689652,289.15529008950557
2024-12-04,353.0,358.1000061035156,348.6000061035156,357.92999267578125,50810900,66.19950236967905,22.46467033370476,23.22934173487723,372.1659412195524,296.59105951286944,334.3785003662109,328.2428744978548,291.8523372497517
2024-12-05,359.8699951171875,375.42999267578125,359.5,369.489990234375,81403600,69.06669804453261,23.039100993157945,23.191293586533376,372.71777970154653,304.1352201763832,338.42649993896487,332.17117123466625,294.896951092286
2024-12-06,377.4200134277344,389.489990234375,370.79998779296875,389.2200012207031,81455800,73.23912561243704,24.800503656958995,23.513135600618504,378.6296673991157,307.45433223467336,343.04199981689453,337.6043931380983,298.59589423457686
2024-12-09,397.6099853515625,404.79998779296875,378.010009765625,389.7900085449219,96359200,73.35096167260559,25.943363836433605,23.999181247781525,386.17963820290635,306.76136216330457,346.47050018310546,342.574451748272,302.1721340114532
2024-12-10,392.67999267578125,409.7300109863281,390.8500061035156,400.989990234375,97563600,75.51609115314812,27.436562073796836,24.686657412984587,395.63102791798644,302.40897147166197,349.0199996948242,348.13783636599607,306.04734405941093
2024-12-11,409.70001220703125,424.8800048828125,402.3800048828125,424.7699890136719,104287600,79.35193477808471,30.19075931824125,25.78747779403592,410.3520553555704,297.3159439120077,353.83399963378906,355.4361366181557,310.7031340576172
2024-12-12,424.8399963378906,429.29998779296875,415.0,418.1000061035156,87752200,75.76639661187968,31.472473516146863,26.92447693845811,420.39883978916527,296.0551610653269,358.2270004272461,361.40412418818994,314.91477609863284
2024-12-13,420.0,436.29998779296875,415.7099914550781,436.2300109863281,89000200,78.5972898017908,33.564273080472276,28.252436166860946,431.6783844941298,297.28061819141715,364.47950134277346,368.53039912134597,319.6722362903072
2024-12-16,441.0899963378906,463.19000244140625,436.1499938964844,463.0199890136719,114083800,81.95225196535003,36.95774080877203,29.993497095243164,448.6896525261178,294.4993489387259,371.59450073242186,377.52940768251983,325.29371678926265
2024-12-17,475.8999938964844,483.989990234375,457.510009765625,479.8599853515625,131223000,83.68364735771628,40.53863129170162,32.10252393453486,467.95029148420474,289.35070949235774,378.65050048828124,387.2751769843334,331.35513908582345
2024-12-18,466.5,488.5400085449219,427.010009765625,440.1300048828125,149340800,67.28364862066144,39.71285039288057,33.624589226204,475.29439542559476,291.41960603924895,383.35700073242185,392.3089701175219,335.6208200974701
2024-12-19,451.8800048828125,456.3599853515625,420.0199890136719,436.1700134277344,118566100,65.89742830043028,38.29740620630082,34.559152622223365,480.7291912961254,295.39881163356205,388.0640014648437,396.4862123375421,339.5639257182648
2024-12-20,425.510009765625,447.0799865722656,417.6400146484375,421.05999755859375,132216200,60.753997069448786,35.546644894418876,34.75665107666247,482.9788461092587,301.29115511144437,392.13500061035154,398.8265728347851,342.75985010416
2024-12-23,431.0,434.510009765625,415.4100036621094,430.6000061035156,72698100,62.731836323864385,33.74742637280235,34.554806135890445,486.426490288281,305.64751178691427,396.03700103759763,401.85261409847374,346.20456210413477
2024-12-24,435.8999938964844,462.7799987792969,435.1400146484375,462.2799987792969,59551800,68.42284837053326,34.480375079315536,34.539919924575464,492.98637897028607,311.4566233490499,402.221501159668,407.607603115695,350.7565400129647
2024-12-26,465.1600036621094,465.3299865722656,451.0199890136719,454.1300048828125,76366400,65.64560425423213,34.01154193080356,34.43424432582108,496.3456591489664,319.68734256001795,408.01650085449216,412.03830804589666,354.81040138040976
2024-12-27,449.5199890136719,450.0,426.5,431.6600036621094,82666800,58.58517459925374,31.464147863157677,33.840225033288405,494.3726263971585,331.537374213193,412.95500030517576,413.90704096172647,357.82411127380976
2024-12-30,419.3999938964844,427.0,415.75,417.4100036621094,64941000,54.576269474982,27.973008375820825,32.66678170179489,491.4704186556478,341.66458195470375,416.56750030517577,414.2406564570011,360.160812936096
2024-12-31,423.7900085449219,427.92999267578125,402.5400085449219,403.8399963378906,76825100,50.99747602947625,23.83649670174941,30.900724701785794,488.7390318925448,349.0709687178068,418.9050003051758,413.2501173980382,361.87372208910756
2025-01-02,390.1000061035156,392.7300109863281,373.0400085449219,379.2799987792969,109710700,45.218134630405395,18.364796904549337,28.393539142338504,485.416305188367,355.1796939571408,420.2979995727539,410.0148680057771,362.5563211749974
2025-01-03,381.4800109863281,411.8800048828125,379.45001220703125,410.44000244140625,95423300,52.56324761072797,16.354265482016046,25.98568441027401,481.3437866718771,364.5032134501932,422.92350006103516,410.05535699964656,364.4341125972095
2025-01-06,423.20001220703125,426.42999267578125,401.70001220703125,411.04998779296875,85516500,52.69695559631593,14.641349204862308,23.716817369191673,478.1366713969341,371.8663284809956,425.00149993896486,410.1500837418678,366.2621861342981
2025-01-07,405.8299865722656,414.3299865722656,390.0,394.3599853515625,75699500,48.655859107892766,11.801071594047244,21.33366821416279,477.7103044161586,372.80669387485705,425.2584991455078,408.646264847553,367.3640606134065
2025-01-08,392.95001220703125,402.5,387.3999938964844,394.94000244140625,73038800,48.80279537970842,9.487566890814435,18.96444794949312,477.2807149412069,373.75128273945717,425.51599884033203,407.3409065231581,368.4454700968575
2025-01-10,391.3999938964844,399.2799987792969,377.2900085449219,394.739990234375,62287300,48.75098438743958,7.550916170731341,16.681741593740767,477.66243955509094,372.7445581255731,425.20349884033203,406.1408192575597,369.47662774930916
2025-01-13,383.2099914550781,403.7900085449219,380.07000732421875,403.30999755859375,67580500,51.14430972842013,6.631194211678235,14.671632117328262,477.49681644924016,370.76418208591605,424.1304992675781,405.8712171909915,370.80342656535953
2025-01-14,414.3399963378906,422.6400146484375,394.5400085449219,396.3599853515625,84565000,49.14010825142722,5.280628236227528,12.793431341108114,477.79466984066676,368.29232661929416,423.04349822998046,404.96538558723637,371.8056445569753
2025-01-15,409.8999938964844,429.79998779296875,405.6600036621094,428.2200012207031,81375500,57.38447023088054,6.703854128370267,11.575515898560546,477.10444778182205,368.1815477015764,422.6429977416992,407.18011088566175,374.0179722692784
2025-01-16,423.489990234375,424.0,409.1300048828125,413.82000732421875,68335200,53.187891295233634,6.593802489407892,10.579173216730016,471.30771127886356,369.05828603558956,420.18299865722656,407.8124819750481,375.57883638908
2025-01-17,421.5,439.739990234375,419.75,426.5,94991400,56.223746071322175,7.44394603427844,9.952127780239701,460.43829574189033,374.59170303740655,417.51499938964844,409.5922455964721,377.5757447659788
2025-01-21,432.6400146484375,433.20001220703125,406.30999755859375,424.07000732421875,87320900,55.48117321648757,7.83133605074687,9.527969434341134,458.4381190249739,374.98587999846364,416.7119995117188,410.9710800467337,379.3990491800275
2025-01-22,416.80999755859375,428.0,414.5899963378906,415.1099853515625,60963300,52.7164343852136,7.33084116496758,9.088543780466424,456.3681174546756,374.94987876114476,415.6589981079102,411.36526150433644,380.79947804949944
2025-01-23,416.05999755859375,420.7300109863281,408.95001220703125,412.3800048828125,50690600,51.86833656876434,6.637396973018383,8.598314418976816,455.8767098469398,374.5732871013024,415.2249984741211,411.46190373085795,382.03793008217843
2025-01-24,414.45001220703125,418.8800048828125,405.7799987792969,406.5799865722656,56427100,50.02689487324123,5.555780866541397,7.989807708489733,454.17939323534137,373.8686017597758,414.0239974975586,410.99695923956347,383.00036367002497
2025-01-27,394.79998779296875,406.69000244140625,389.0,397.1499938964844,58125500,47.09913624757411,3.8927969700479252,7.170405560801372,444.49444897361815,377.04054553321777,410.76749725341796,409.67820063546066,383.55525112988613
2025-01-28,396.9100036621094,400.5899963378906,386.5,398.0899963378906,48910700,47.42941213241814,2.6205129499438726,6.260427038629873,435.21308436696467,380.7179092853791,407.9654968261719,408.5745621309302,384.1252411380432
2025-01-29,395.2099914550781,398.5899963378906,384.4800109863281,389.1000061035156,68033600,44.563838235324525,0.8766956169213813,5.183680754288175,431.9161504235979,379.75884347288644,405.8374969482422,406.71984250927164,384.32032996021854
2025-01-30,410.7799987792969,412.5,384.4100036621094,400.2799987792969,98092900,48.713687547180356,0.3923174000353242,4.225408083437604,430.58012421619736,379.3818691920058,404.9809967041016,406.10652405879785,384.94619932567264
2025-01-31,401.5299987792969,419.989990234375,401.3399963378906,404.6000061035156,83283600,50.263025587022106,0.35296391238381375,3.4509192492268466,430.6132490380709,379.42474534669475,405.0189971923828,405.9630461582948,385.7169368463724
2025-02-03,386.67999267578125,389.1700134277344,374.3599853515625,383.67999267578125,93732100,43.42206154295059,-1.350723952944577,2.490590608792562,429.96252619987706,380.51546757453696,405.238996887207,403.8408505885316,385.63705668281983
2025-02-04,382.6300048828125,394.0,381.3999938964844,392.2099914550781,57072200,46.61270510080172,-1.989673529392519,1.594537781155546,429.5821536121907,379.07283906359055,404.32749633789064,402.73314971867893,385.89481883075155
2025-02-05,387.510009765625,388.3900146484375,375.5299987792969,378.1700134277344,57223300,42.37666477139802,-3.587598954381747,0.5581104340480875,430.2687970105795,375.0981982286783,402.6834976196289,400.39380340525565,385.59188528553517
2025-02-06,373.0299987792969,375.3999938964844,363.17999267578125,374.32000732421875,77918200,41.2691215664723,-5.10577350410523,-0.574666353582576,431.8725856431845,371.4904117933389,401.6814987182617,397.9105847308712,385.1498508556797
2025-02-07,370.19000244140625,380.54998779296875,360.3399963378906,361.6199951171875,70298300,37.76299389617227,-7.250147432750339,-1.9097625694161287,435.0601266526015,364.9708700515,400.01549835205077,394.4543381009966,384.2271114149545
2025-02-10,356.2099914550781,362.70001220703125,350.510009765625,350.7300109863281,77514900,35.01588778452606,-9.716306396597759,-3.471071334852455,439.20653866175815,356.42346011753875,397.81499938964845,390.29011647102817,382.91349963343976
2025-02-11,345.79998779296875,349.3699951171875,325.1000061035156,328.5,118543400,30.188160003826198,-13.311089294286717,-5.439074926739307,445.64464608697506,342.5043529364624,394.0744995117187,384.4053434737874,380.7796369027166
2025-02-12,329.94000244140625,346.3999938964844,329.1199951171875,336.510009765625,105382700,33.733436664550794,-15.336846178189433,-7.418629177029333,448.6865987576725,333.4774027071712,391.0820007324219,379.8438831206291,379.04357309341896
2025-02-13,345.0,358.69000244140625,342.8500061035156,355.94000244140625,89441500,41.494828011021845,-15.199227840407673,-8.974748909705001,444.32680132930386,330.60920025761015,387.468000793457,377.5673230559412,378.1375507149086
2025-02-14,360.6199951171875,362.0,347.5,355.8399963378906,68277300,41.46790672514439,-14.926174326580906,-10.165033993080183,441.68237507411334,327.4556254141679,384.5690002441406,375.4980538446983,377.26313681777066
2025-02-18,355.010009765625,359.1000061035156,350.0199890136719,354.1099853515625,51631700,40.97268093816424,-14.68015123258806,-11.06805744098176,436.01258421871717,325.8864148047203,380.9494995117187,373.4610949405901,376.35517009360564
2025-02-19,354.0,367.3399963378906,353.6700134277344,360.55999755859375,67094400,43.67352832196604,-13.805572037216962,-11.6155603602288,429.5963843343902,325.9516137124848,377.7739990234375,372.2324189994476,375.73575156282084
2025-02-20,361.510009765625,362.29998779296875,348.0,354.3999938964844,45965400,41.710625473650545,-13.454428264177466,-11.983333941018534,424.4206285668794,325.05637033448784,374.7384994506836,370.53409279916536,374.8990551837488
2025-02-21,353.44000244140625,354.9800109863281,334.4200134277344,337.79998779296875,74058600,36.89787013359025,-14.350205814763967,-12.45670831576762,419.9862987840488,322.032698408334,371.0094985961914,367.4165589890514,373.4441897958751
2025-02-24,338.1400146484375,342.3999938964844,324.70001220703125,330.5299987792969,76052300,34.9935278928165,-15.468432867570414,-13.05905322612818,416.36432623432097,318.0496721787649,367.20699920654295,363.9035532547891,371.7612803442446
2025-02-25,327.0199890136719,328.8900146484375,297.25,302.79998779296875,134228800,28.872445289651978,-18.380338895116495,-14.123310359925844,417.3283773652537,307.6506204374807,362.4894989013672,358.084166067949,369.05691593046913
2025-02-26,303.7099914550781,309.0,288.0400085449219,290.79998779296875,100118300,26.696209253299074,-21.40954915720971,-15.58055811938262,417.96321464341827,296.2867823048239,357.12499847412107,351.67614908937946,365.98801678782206
2025-02-27,291.1600036621094,297.2300109863281,280.8800048828125,281.95001220703125,101748200,25.188327546230667,-24.244859532859323,-17.31341840207796,419.2577584810558,284.27723907753796,351.7674987792969,345.0355646243939,362.6924087650459
2025-02-28,279.5,293.8800048828125,273.6000061035156,292.9800109863281,115697000,30.460248436812776,-25.31007591277927,-18.912749904218224,414.70952096004964,278.0954778192472,346.4024993896484,340.07789284934,359.9585892443119
2025-03-03,300.3399963378906,303.94000244140625,277.29998779296875,284.6499938964844,115551400,28.809106451869454,-26.520716024866147,-20.43434312834781,408.25903027832965,272.5509672802641,340.4049987792969,334.7990453300204,357.0053109953775
2025-03-04,270.92999267578125,284.3500061035156,261.8399963378906,272.0400085449219,126706600,26.469958890735583,-28.172917610530476,-21.982058024784344,405.97543496526987,263.670564180238,334.82299957275393,328.8219942076301,353.6733383502616
2025-03-05,272.9200134277344,279.54998779296875,267.7099914550781,279.1000061035156,94042900,29.90166573779932,-28.58312796373548,-23.302272012574573,399.084397999839,259.2506026105126,329.1675003051758,324.08656676914296,350.7488939484284
2025-03-06,272.05999755859375,272.6499938964844,260.0199890136719,263.45001220703125,98451600,26.904165642196645,-29.827216751137144,-24.607260960287086,395.21960626092755,251.64339422735375,323.43150024414064,318.3116568108466,347.32540838994225
2025-03-07,259.32000732421875,266.25,250.72999572753906,262.6700134277344,102369600,26.760180626624802,-30.52424101139701,-25.790656970509072,390.33610990272916,245.3618911959037,317.84900054931643,313.0124526791216,344.0055889796596
2025-03-10,252.5399932861328,253.3699951171875,220.0,222.14999389648438,189076900,20.594189662205608,-33.954854271798354,-27.42349643076693,391.95780526600004,229.79319571056246,310.87550048828126,304.35888517601336,339.2269381920841
2025-03-11,225.30999755859375,237.05999755859375,217.02000427246094,230.5800018310547,174896400,24.492248601929802,-35.5832275121266,-29.055442647038866,391.15430383591917,218.581696225116,304.8680000305176,297.3323248574459,334.9662740210633
2025-03-12,247.22000122070312,251.83999633789062,241.10000610351562,248.08999633789062,142215700,31.963305359589953,-35.05670296754073,-30.255694711139242,389.9450589281672,211.74994076665698,300.8474998474121,292.6425792841549,331.5593611707428
2025-03-13,248.1300048828125,248.2899932861328,232.60000610351562,240.67999267578125,114813500,30.5841778997156,-34.83578855417261,-31.171713479745918,387.3581879434659,204.7538100423739,296.0559989929199,287.6937615119288,327.9954643670188
2025-03-14,247.30999755859375,251.5800018310547,240.72999572753906,249.97999572753906,100242300,34.409291985442295,-33.52383783240009,-31.642138350276756,379.69553340791674,201.82046390653633,290.75799865722655,284.1019742943679,324.93603422429413
2025-03-17,245.05999755859375,245.39999389648438,232.8000030517578,238.00999450683594,111900600,31.967595492370393,-33.06879006705151,-31.927468693631706,371.2249245025939,198.50807262875378,284.86649856567385,279.71226193365055,321.5271699216487
2025-03-18,228.16000366210938,230.10000610351562,222.27999877929688,225.30999755859375,111477600,29.570074252963764,-33.348524023780044,-32.21167975966138,362.214814811764,194.63818354028683,278.4264991760254,274.5310938979309,317.75394747603866
2025-03-19,231.61000061035156,241.41000366210938,229.1999969482422,235.86000061035156,111993800,33.99841001271544,-32.34605295983698,-32.2385543996965,348.4677003596996,195.91529829752702,272.1914993286133,270.8481326324471,314.5424201479725
2025-03-20,233.35000610351562,238.0,230.0500030517578,236.25999450683594,99028300,34.16741894440652,-31.160116824437495,-32.0228668846447,333.5166392212567,199.05235949700497,266.28449935913085,267.55402423953177,311.47252110322205
2025-03-21,234.99000549316406,249.52000427246094,234.5500030517578,248.7100067138672,132728700,39.371380001956155,-28.882700168228098,-31.394833541361383,320.352707484286,203.3072931260655,261.83000030517576,265.75935590375417,309.0112460291297
2025-03-24,258.0799865722656,278.6400146484375,256.3299865722656,278.3900146484375,169079900,49.59971740741067,-24.40161582834645,-29.996189998758396,308.8254731325587,209.62052906470691,259.22300109863284,266.9622757842002,307.81041342596535
2025-03-25,283.6000061035156,288.20001220703125,271.2799987792969,288.1400146484375,150361500,52.43835232392267,-19.834935894497903,-27.963939177906298,305.7594852285163,211.2205196542962,258.49000244140626,268.9792032950799,307.0390252386113
2025-03-26,282.6600036621094,284.8999938964844,266.510009765625,272.05999755859375,153629800,47.669800797842996,-17.313750005977283,-25.833901343520495,302.8266022225654,212.27940363680966,257.5530029296875,269.2726122725574,305.6672986629244
2025-03-27,272.4800109863281,291.8500061035156,271.82000732421875,273.1300048828125,162572100,48.008608916069726,-15.055797514680478,-23.678280577752492,301.5490865744364,212.67491855251671,257.11200256347655,269.6399829973436,304.391326357822
2025-03-28,275.5799865722656,276.1000061035156,260.57000732421875,263.54998779296875,123809400,45.18771950220841,-13.87938826496611,-21.718502115195218,296.91298715520566,214.36801565241154,255.6405014038086,269.0599834540698,302.78970523763167
2025-03-31,249.30999755859375,260.55999755859375,243.36000061035156,259.1600036621094,134008900,43.9143491350118,-13.149728603805897,-20.004747412917354,293.3790500246737,215.35295375950602,254.36600189208986,268.11712823578785,301.0787365483955
2025-04-01,263.79998779296875,277.45001220703125,259.25,268.4599914550781,146486900,47.30224857425786,-11.686324103984248,-18.341062751130735,292.8902290992051,215.48377297599023,254.18700103759767,268.14978187572024,299.79957007414777
2025-04-02,254.60000610351562,284.989990234375,251.27000427246094,282.760009765625,212787800,52.09413314854741,-9.265862432866868,-16.526022687477962,293.6002354563265,215.13976698507972,254.37000122070313,269.54123215094927,299.13135202283314
2025-04-03,265.2900085449219,276.29998779296875,261.510009765625,267.2799987792969,136174300,47.10109772796592,-8.498768126110235,-14.920571775204419,294.01511506976254,215.1078860288703,254.5615005493164,269.3258765917443,297.88227934661603
2025-04-04,255.3800048828125,261.0,236.0,239.42999267578125,181229400,39.72425813360683,-10.02256916324967,-13.940971252813469,293.2148659982178,213.58413302521964,253.39949951171874,266.4786495521288,295.5900328105049
2025-04-07,223.77999877929688,252.0,214.25,233.2899932861328,183453800,38.300072425978016,-11.59201358339351,-13.471179718929477,292.21230564603917,215.70069331636319,253.95649948120118,263.31782514584347,293.1468940056276
2025-04-08,245.0,250.44000244140625,217.8000030517578,221.86000061035156,171603500,35.731872048647276,-13.601326848715075,-13.497209144886597,293.07480459962795,213.96619424070403,253.520499420166,259.36946090436805,290.351329558754
2025-04-09,224.69000244140625,274.69000244140625,223.8800048828125,272.20001220703125,219433400,51.23961188563559,-11.0048468369246,-12.998736683294197,295.04564076538367,214.4063596618624,254.72600021362305,260.59141817128835,289.63951319201976
2025-04-10,260.0,262.489990234375,239.3300018310547,252.39999389648438,181722600,46.48810200958227,-10.424644905600417,-12.483918327755443,295.10938388017917,215.5146166691372,255.3120002746582,259.8112825260689,288.1791398863125
2025-04-11,251.83999633789062,257.739990234375,241.36000061035156,252.30999755859375,128948100,46.46701016981495,-9.858450565783869,-11.958824775361128,295.1737710578061,215.68322967461575,255.42850036621093,259.0968744339284,286.7725068538529
2025-04-14,258.3599853515625,261.79998779296875,245.92999267578125,252.35000610351562,100135200,46.47863569084055,-9.299312431964779,-11.426922306681858,295.0767549582584,217.2142469338315,256.14550094604493,258.4543155453177,285.42260486364364
2025-04-15,249.91000366210938,258.75,247.5399932861328,254.11000061035156,79594300,47.02366030186027,-8.614867751852245,-10.864511395715937,293.74638442432075,221.4246177729448,257.5855010986328,258.0405712657971,284.1946595988087
2025-04-16,247.61000061035156,251.97000122070312,233.88999938964844,241.5500030517578,112378700,43.61060025852099,-8.982383915961236,-10.488085899764997,293.39513261718577,222.34486982422044,257.8700012207031,256.4700409596981,282.52232012637535
2025-04-17,243.47000122070312,244.33999633789062,237.67999267578125,241.3699951171875,83404800,43.56180022802834,-9.182320188423091,-10.226932757496616,293.06490223253854,223.1861002699029,258.1255012512207,255.03194135564948,280.9085034593484
2025-04-21,230.25999450683594,232.2100067138672,222.7899932861328,227.5,97768000,39.86061073715321,-10.340761947552892,-10.249698595507871,294.41228952196246,219.7177123090922,257.0650009155273,252.40985170273046,278.81405234329554
2025-04-22,230.9600067138672,242.7899932861328,229.85000610351562,237.97000122070312,120858500,43.746079350270314,-10.29531579880873,-10.258822036168045,291.90381652737443,218.18418396090678,255.04400024414062,251.0346278472993,277.2123248482919
2025-04-23,254.86000061035156,259.45001220703125,244.42999267578125,250.74000549316406,150381900,48.14647447426508,-9.123694506134115,-10.031796530161259,286.59888473342636,219.74911483932752,253.17399978637695,251.0065685754769,276.1741946775026
2025-04-24,250.5,259.5400085449219,249.1999969482422,259.510009765625,94464200,50.98233547075934,-7.402182388929106,-9.505873701914828,284.9336256363449,220.15937515711207,252.5465003967285,251.81642011739578,275.520697229978
2025-04-25,261.69000244140625,286.8500061035156,259.6300048828125,284.95001220703125,167560700,58.13488629153115,-3.939662075121504,-8.392631376556164,287.47857400174234,218.79642752413656,253.13750076293945,254.97200031640867,275.89047428790167
2025-04-28,288.9800109863281,294.8599853515625,272.4200134277344,285.8800048828125,151731800,58.37400854277298,-1.1077773756358624,-6.935660576372104,291.3610712655775,217.14693196928576,254.25400161743164,257.91561979892333,276.2822205857413
2025-04-29,285.5,293.32000732421875,279.4700012207031,292.0299987792969,108906600,60.001041099166436,1.6141577553119077,-5.225696910035302,296.65189980935094,215.1431029372311,255.89750137329102,261.16460827324465,276.8997805149004
2025-04-30,279.8999938964844,284.45001220703125,270.7799987792969,282.1600036621094,128961100,56.20415956615853,2.940983016588575,-3.592360924710527,298.66485999278535,214.50014397449985,256.5825019836426,263.16416973885083,277.10606377557525
2025-05-01,280.010009765625,290.8699951171875,279.80999755859375,280.5199890136719,99659000,55.57485329664209,3.81617562236778,-2.110653615294866,298.27048470613875,214.6705171859511,256.4705009460449,264.8171049078814,277.2399431966771
2025-05-02,284.8999938964844,294.7799987792969,279.80999755859375,287.2099914550781,114454700,57.65758102030282,4.992054062422426,-0.6901120797514075,301.2549930557329,213.67900810393513,257.467000579834,266.9497607695192,277.6309254813203
2025-05-05,284.57000732421875,284.8500061035156,274.3999938964844,280.260009765625,94618900,54.78415096311292,5.3020223457860425,0.5083148053560825,303.56212295440787,215.45487991424443,259.50850143432615,268.21740353105304,277.7340268258028
2025-05-06,273.1099853515625,277.7300109863281,271.3500061035156,275.3500061035156,76715800,52.782816775587925,5.092771878557585,1.425206219996383,304.39250700832827,218.8304971420623,261.6115020751953,268.8966990141447,277.64053581708566
2025-05-07,276.8800048828125,277.9200134277344,271.0,276.2200012207031,71592600,53.109681119104984,4.9401932383273675,2.12820362366258,303.20580855505096,225.45319565637482,264.3295021057129,269.5941563671503,277.58482857801187
2025-05-08,279.6300048828125,289.79998779296875,279.4100036621094,284.82000732421875,97539400,56.32805596048864,5.450393443118855,2.7926415875538355,304.77308087332966,225.14792284981482,264.96050186157225,271.04423741068064,277.8685610778631
2025-05-09,290.2099914550781,307.0400085449219,290.0,298.260009765625,132387800,60.85042278287146,6.8601471493996655,3.6061426999230015,309.24317729931204,225.26382801074655,267.2535026550293,273.6362157301991,278.6682257322851
2025-05-12,321.989990234375,322.2099914550781,311.5,318.3800048828125,112826700,66.45125703445969,9.491490579345168,4.783212275807435,317.6788591225836,223.43514691989682,270.55700302124023,277.897528982829,280.22555040485486
2025-05-13,320.0,337.5899963378906,316.79998779296875,334.07000732421875,136992600,70.04964097972669,12.696543426288201,6.36587850590359,328.7690320972603,220.5169740672905,274.6430030822754,283.2472888248661,282.33709773502596
2025-05-14,342.5,350.0,337.0,347.67999267578125,136997300,72.77725259724049,16.14863160021389,8.32242912476565,341.5447997577357,217.09820561335806,279.3215026855469,289.38373681066753,284.8995642032909
2025-05-15,340.3399963378906,346.1400146484375,334.7200012207031,342.82000732421875,97882600,70.31468303038457,18.281537958005856,10.314250891413693,350.0529908329389,218.71701496540095,284.38500289916993,294.47290543100576,287.1709541296018
2025-05-16,346.239990234375,351.6199951171875,342.3299865722656,349.9800109863281,95895700,71.82715232349048,20.315450206153457,12.314490754361646,358.40422372679546,221.2267836584585,289.815503692627,299.75929643627455,289.63405439849305
2025-05-19,336.29998779296875,343.0,333.3699951171875,342.0899963378906,88869900,67.73184027019559,21.04805321828951,14.061203247147219,361.30183892521984,229.78816809382317,295.5450035095215,303.7907916649999,291.69115016082236
2025-05-20,347.8699951171875,354.989990234375,341.6300048828125,343.82000732421875,131715500,68.16050743988679,21.520172657267892,15.552997129171356,364.07340398409264,237.60160364530185,300.83750381469724,307.60309791825887,293.7354190691908
2025-05-21,344.42999267578125,347.3500061035156,332.20001220703125,334.6199951171875,102354800,63.34148970633056,20.910918564085932,16.62458141615427,365.33582858577734,244.72717800601956,305.03150329589846,310.1761357467283,295.3387357769554
2025-05-22,331.8999938964844,347.2699890136719,331.3900146484375,341.0400085449219,97113400,65.19097056081567,20.707419493131965,17.44114903154981,367.4463166781163,250.76968979161026,309.1080032348633,313.11555220369905,297.13094255216976
2025-05-23,337.9200134277344,343.17999267578125,333.2099914550781,339.3399963378906,84654800,64.26635859958702,20.176387401161264,17.9881967054721,370.4940996460351,253.16090523677735,311.82750244140624,315.6131183117173,298.7861995633745
2025-05-27,347.3500061035156,363.7900085449219,347.32000732421875,362.8900146484375,120146400,70.50683011985589,21.409040215402626,18.672365407458205,377.2127362521962,254.1432696071789,315.6780029296875,320.1156798675954,301.30007466474956
2025-05-28,364.8399963378906,365.0,355.9100036621094,356.8999938964844,91404300,67.28798970573162,21.65297976526034,19.268488279018634,382.02643584784795,255.81656952324585,318.9215026855469,323.61894787034674,303.48046365422937
2025-05-29,365.2900085449219,367.7099914550781,356.0,358.42999267578125,88087800,67.69368790546221,21.71939407571665,19.758669438358236,385.70410434958217,259.7658999228788,322.7350021362305,326.9342854708643,305.6353471452706
2025-05-30,355.5199890136719,363.67999267578125,345.2900085449219,346.4599914550781,123474900,61.28942453391182,20.56904172498423,19.920743895683437,386.55190033198227,265.5121041846193,326.0320022583008,328.79387651697994,307.2363135887925
2025-06-02,343.5,348.0199890136719,333.3299865722656,342.69000244140625,81873800,59.38387553979872,19.132623617479453,19.76311984004264,386.8696061638541,270.74239945138027,328.8060028076172,330.117317081211,308.6266543281107
2025-06-03,346.6000061035156,355.3999938964844,343.0400085449219,344.2699890136719,99324500,59.945931052483495,17.915228033404617,19.393541478715036,385.69492494956944,278.31807859046967,332.00650177001955,331.4651905985882,310.024432158917
2025-06-04,345.1000061035156,345.6000061035156,327.3299865722656,332.04998779296875,98912100,53.750573580804954,15.782451019348002,18.67132338684163,381.4550774069403,288.22792430204413,334.8415008544922,331.52088556948155,310.8881794386838
2025-06-05,322.489990234375,324.54998779296875,273.2099914550781,284.70001220703125,287499800,37.554705922018265,10.1544088559599,16.967940480665284,379.7390638650108,290.79193894260635,335.26550140380857,327.0617547730577,309.8611924884229
2025-06-06,298.8299865722656,305.5,291.1400146484375,295.1400146484375,164747700,41.72412405322271,6.462075061098915,14.86676739675201,377.9715381026783,293.59146543736074,335.78150177001953,324.02158904690344,309.28389139665876
2025-06-09,285.9599914550781,309.8299865722656,281.8500061035156,308.5799865722656,140908900,46.66152894060585,4.5677135797201345,12.806956633345637,376.7729148712813,295.82208634942185,336.29750061035156,322.5509602397951,309.2562872858983
2025-06-10,314.94000244140625,327.8299865722656,310.6700134277344,326.0899963378906,151256500,52.32838880391047,4.428283413735642,11.13122198942364,376.58265141488806,296.7833489513229,336.6830001831055,322.8880112967566,309.9164327389176
2025-06-11,334.3999938964844,335.5,322.5,326.42999267578125,122611400,52.434063375958154,4.295700701941541,9.764117731927222,376.4514880498164,296.1505108515508,336.3009994506836,323.2253428566637,310.56402332467695
2025-06-12,323.0799865722656,332.55999755859375,316.8599853515625,319.1099853515625,105127500,49.87088010659859,3.558939295590335,8.523082044659844,375.3499923838939,294.39500578505147,334.8724990844727,322.83340404665404,310.8991590904372
2025-06-13,313.9700012207031,332.989990234375,313.29998779296875,325.30999755859375,128964300,52.01069552707094,3.435734731111495,7.5056125819501744,374.5081510026825,293.48584618970034,333.9969985961914,323.06927009541016,311.46429001075705
2025-06-16,331.2900085449219,332.04998779296875,326.4100036621094,329.1300048828125,83925900,53.33247006683835,3.6047831952766956,6.7254467046154796,372.8015051368087,293.10749144522254,332.9544982910156,323.6464829323056,312.1570631429945
2025-06-17,326.0899963378906,327.260009765625,314.739990234375,316.3500061035156,88282700,48.51781215419019,2.67666134070123,5.91568963183263,371.93266791323805,291.4023296453557,331.66749877929686,322.9515803771827,312.3214922787012
2025-06-18,317.30999755859375,329.32000732421875,315.45001220703125,322.04998779296875,95137700,50.657366836375296,2.373696474415283,5.20729100034916,370.63741470315205,290.5205809023167,330.57899780273436,322.86571441678143,312.70300190671173
2025-06-20,327.95001220703125,332.3599853515625,317.7799987792969,322.1600036621094,108688000,50.699954152916824,2.1180563610524814,4.589444072489824,370.13717178803756,289.7748246719234,329.9559982299805,322.79850386871743,313.0738647206489
2025-06-23,327.5400085449219,357.5400085449219,327.4800109863281,348.67999267578125,190716800,59.72409645466164,4.009185807673077,4.473392419526475,371.1038657214309,289.57212915161597,330.33799743652344,325.2634075646283,314.47018346398744
2025-06-24,356.1700134277344,356.260009765625,340.44000244140625,340.4700012207031,114736200,56.289020443021975,4.7902231120826855,4.536758558037718,371.215992925893,289.57300243543517,330.3944976806641,326.7116545794926,315.48978416032924
2025-06-25,342.70001220703125,343.0,320.3999938964844,327.54998779296875,119845100,51.28958576564526,4.316901147090562,4.4927870758482875,366.47778449742293,290.77720817835836,328.62749633789065,326.7914958379189,315.96273332239355
2025-06-26,324.6099853515625,331.04998779296875,323.6099853515625,325.7799987792969,80440900,50.626201992906786,3.7556736902699868,4.345364398732627,362.5098401030763,291.6331530609863,327.0714965820313,326.6951627847168,316.3477241246251
2025-06-27,324.510009765625,329.3399963378906,317.5,323.6300048828125,89067000,49.78388459080802,3.10165638403555,4.096622795793212,357.5588100285261,293.1041843562395,325.3314971923828,326.40324298453544,316.6333037622011
2025-06-30,319.8999938964844,325.5799865722656,316.6000061035156,317.6600036621094,76695100,47.42436376391433,2.077663737510477,3.6928309841366653,354.6856022226463,293.0973933828224,323.89149780273436,325.5705535252568,316.673566503374
2025-07-01,298.4599914550781,305.8900146484375,293.2099914550781,300.7099914550781,145085700,41.421709484759695,-0.10042450904603584,2.9341798855001255,352.9126295496519,290.6723649571841,321.792497253418,323.20288094714454,316.04754395246044
2025-07-02,312.6300048828125,316.8299865722656,303.82000732421875,315.6499938964844,119483700,47.70474402854893,-0.6139643990958348,2.2245510285809336,349.71141910697247,291.01157588814476,320.3614974975586,322.48355837089116,316.0319537541869
2025-07-03,317.989990234375,318.45001220703125,312.760009765625,315.3500061035156,58042300,47.59435502894623,-1.0332443716611692,1.572991948532513,348.4229916949952,290.63000513117674,319.52649841308596,321.8041724406649,316.0052107090625
2025-07-07,291.3699951171875,296.1499938964844,288.7699890136719,293.94000244140625,131177900,40.40770839535986,-3.057885732082525,0.6468164124095054,346.75768898519294,293.2193068644164,319.9884979248047,319.150441964545,315.1399084240564
2025-07-08,297.0,304.04998779296875,294.3500061035156,297.80999755859375,103246700,42.1093101662126,-4.300577948339765,-0.3426624597403487,346.391382371766,293.852611768859,320.1219970703125,317.11801868778775,314.4603040763912
2025-07-09,297.54998779296875,300.1499938964844,293.54998779296875,295.8800048828125,75586800,41.47329667501721,-5.379147300474358,-1.3499594278871507,347.4880301912058,291.48596578047386,319.4869979858398,315.0953507063615,313.73166489232926
2025-07-10,300.04998779296875,310.4800109863281,300.0,309.8699951171875,104365300,47.64611569237782,-5.046868827746778,-2.089341307859076,346.81103809911104,290.5409577504983,318.6759979248047,314.5976977931068,313.5802268619316
2025-07-11,307.8900146484375,314.0899963378906,305.6499938964844,313.510009765625,79236400,49.1489120520285,-4.438650977412522,-2.559203241769765,346.00827609652765,290.0517214620661,318.0299987792969,314.4941084571562,313.5774732503117
2025-07-14,317.7300109863281,322.6000061035156,312.6700134277344,316.8999938964844,78043400,50.57190999226601,-3.641118018963425,-2.775586197208497,345.89727363635825,289.9417247767277,317.919499206543,314.7232404037589,313.7077681776126
2025-07-15,319.67999267578125,321.20001220703125,310.5,310.7799987792969,77556300,47.96249084053729,-3.462980775749429,-2.9130651129166836,345.11728525269893,289.26871328245727,317.1929992675781,314.34769358238157,313.59295369140415
2025-07-16,312.79998779296875,323.5,312.6199951171875,321.6700134277344,97284800,52.644840722223904,-2.415231273917243,-2.8134983451167956,344.26815668810116,289.3718427015473,316.8199996948242,315.0450573771771,313.9097011320446
2025-07-17,323.1499938964844,324.3399963378906,317.05999755859375,319.4100036621094,73922900,51.60701920053953,-1.7471065882705261,-2.6002199937475416,344.444229799753,289.50176934575484,316.9729995727539,315.46076654717064,314.1253992704785
2025-07-18,321.6600036621094,330.8999938964844,321.4200134277344,329.6499938964844,94255000,55.85357028559597,-0.38687171229207706,-2.1575503374564486,345.3256094110342,289.3803903448252,317.3529998779297,316.8121215328196,314.73420690287094
2025-07-21,334.3999938964844,338.0,326.8800048828125,328.489990234375,75768800,55.26197475996684,0.5907122626486512,-1.6078978174354286,346.0119149998486,289.32708341323735,317.669499206543,317.92429950439634,315.2736493864594
2025-07-22,329.739990234375,335.4100036621094,321.54998779296875,332.1099853515625,77370400,56.79975220596903,1.6386684089146115,-0.9585845721654205,342.1757605201208,291.50623716054326,316.840998840332,319.27531720412645,315.93389785567916
2025-07-23,330.8999938964844,336.20001220703125,328.6700134277344,332.55999755859375,92553800,56.99763589683193,2.476940797473958,-0.27147949823754486,340.43855453346725,292.45244278098585,316.44549865722655,320.54052485693285,316.5859017655974
2025-07-24,310.0,310.1499938964844,300.4100036621094,305.29998779296875,156966000,43.88415703587629,0.9308919947002892,-0.031005199649978055,339.2212321725454,291.4447651419077,315.33299865722654,319.0890451365553,316.14331690392567
2025-07-25,308.739990234375,323.6300048828125,308.010009765625,316.05999755859375,148227000,48.88329655654877,0.5673400992470761,0.08866386012943278,338.2304897224987,291.46350746988406,314.8469985961914,318.80056441484464,316.1400494786185
2025-07-28,318.45001220703125,330.489990234375,315.69000244140625,325.5899963378906,112673800,52.88660480853902,1.0362684017362653,0.2781847684507993,338.4992808041425,291.3907155337481,314.9449981689453,319.44717697894424,316.5106356299625
2025-07-29,325.54998779296875,326.25,318.25,321.20001220703125,87358900,50.908710507505795,1.041654880122337,0.4308787907851069,338.81497982400793,291.4290173683749,315.1219985961914,319.61411366733347,316.6945327506319
2025-07-30,322.17999267578125,324.45001220703125,311.6199951171875,319.0400085449219,83931900,49.91946623305977,0.8616963601696739,0.5170423046620203,338.7832748287327,293.2937240726345,316.0384994506836,319.5594369890086,316.7865121935452
2025-07-31,319.6099853515625,321.3699951171875,306.1000061035156,308.2699890136719,85270900,45.202914791578344,-0.14826354097749572,0.3839811355341171,338.67873500656975,292.6602634065162,315.669499206543,318.48425146754795,316.4525308923737
2025-08-01,306.2099914550781,309.30999755859375,297.82000732421875,302.6300048828125,89121400,42.91615012684091,-1.3877663168054823,0.029631645066197254,338.7715647001079,291.2954335909077,315.0334991455078,316.9743232213827,315.91047104886155
2025-08-04,309.0799865722656,312.1199951171875,303.0,309.260009765625,78683900,46.35196311487757,-1.8141824460553835,-0.3391311731581189,337.57958354566233,294.01941547777517,315.79949951171875,316.2396267017867,315.6496686455974
2025-08-05,308.95001220703125,312.45001220703125,305.5,308.7200012207031,57961300,46.10853593857398,-2.170672317899573,-0.7054394021064098,336.7297875939181,295.9602117957303,316.3449996948242,315.52347189406447,315.37791698187607
2025-08-06,307.8900146484375,320.4700012207031,306.92999267578125,319.9100036621094,78523600,51.76188137486939,-1.5325867256665333,-0.8708688668184346,335.54552997373503,299.54746929384305,317.54649963378904,315.94123682435446,315.555645871297
2025-08-07,319.7900085449219,322.3999938964844,316.1600036621094,322.2699890136719,66658700,52.884451806397244,-0.826935800850265,-0.8620822536248007,335.90452764421235,300.4284710130142,318.16649932861327,316.54397512809896,315.81895344550776
2025-08-08,321.42999267578125,335.1499938964844,320.9800109863281,329.6499938964844,91200300,56.30859028711008,0.3240667183708865,-0.6248524592256632,337.2790434445783,300.6679536257342,318.97349853515624,317.79216739175473,316.36134718868334
2025-08-11,335.0,346.6400146484375,334.1499938964844,339.0299987792969,105320200,60.26160551339338,1.9704187486589149,-0.10579821764874758,340.4200994533611,299.73989810523267,320.0799987792969,319.8148180000921,317.250313917727
2025-08-12,345.0,345.260009765625,332.94000244140625,340.8399963378906,80522100,60.994958030820975,3.382228050582569,0.5918070359975157,343.41718662144194,299.74881069301114,321.58299865722654,321.81721593702525,318.1753995028315
2025-08-13,341.5,348.9800109863281,338.20001220703125,339.3800048828125,67838900,60.03257828436977,4.3333359852961735,1.3401128258572474,345.70875164116154,299.2282448187994,322.46849822998047,323.4898625032907,319.00695265498763
2025-08-14,335.760009765625,340.4700012207031,330.3999938964844,335.5799865722656,75000700,57.49005286005739,4.725987909540493,2.0172878425938965,347.1847273238061,299.3692674271705,323.2769973754883,324.64130289081214,319.6568755537044
2025-08-15,337.6600036621094,339.29998779296875,327.0199890136719,330.55999755859375,74319800,54.222947139563054,4.579308807392863,2.52969203555369,347.2846979244123,299.3602971927752,323.32249755859374,325.2049880972676,320.08444896566084
2025-08-18,329.6199951171875,336.2699890136719,329.5899963378906,335.1600036621094,56956600,56.65381676628606,4.779155481405098,2.9795847247239715,348.1018033227307,299.21019313723025,323.65599822998047,326.1530848177287,320.675647189051
2025-08-19,335.7900085449219,340.54998779296875,327.8500061035156,329.30999755859375,75956000,52.812887202455954,4.414600047015654,3.266587789182308,347.78941249690405,299.24258518376,323.51599884033203,326.45374317400154,321.0142491643272
2025-08-20,329.2200012207031,331.3699951171875,314.6000061035156,323.8999938964844,77481800,49.47249900075335,3.6471036162913606,3.3426909546041186,346.9832173582535,299.18277995619957,323.08299865722654,326.2105289570951,321.1274156244118
2025-08-21,322.0799865722656,324.8999938964844,318.67999267578125,320.1099853515625,55744400,47.2192785147979,2.701889450558781,3.2145306537950513,346.27782029771487,301.36917677259765,323.82349853515626,325.6295248041872,321.08751639802557
2025-08-22,321.6600036621094,340.25,319.69000244140625,340.010009765625,94016300,58.028460830209,3.518012613564622,3.2752270457489656,348.2724155451194,301.76958274589623,325.0209991455078,326.9990948005146,321.8295749614609
2025-08-25,338.8999938964844,349.5299987792969,335.0299987792969,346.6000061035156,86670000,60.88522630651991,4.643031749841782,3.548787986567529,351.24978388520753,300.8932153823706,326.0714996337891,328.8658482579433,322.8009644180121
2025-08-26,344.92999267578125,351.8999938964844,343.7200012207031,351.6700134277344,76651600,62.97328623317446,5.875989985041144,4.0142283862622525,355.1110235804578,300.0789758091906,327.5949996948242,331.0376735122091,323.93308398702084
2025-08-27,351.94000244140625,355.3900146484375,349.1600036621094,349.6000061035156,65519000,61.52907570508484,6.609891266128102,4.533360962235423,357.999184335644,300.2468148098638,329.1229995727539,332.80551471138114,324.9396299523736
2025-08-28,350.9100036621094,353.54998779296875,340.260009765625,345.9800109863281,67903200,58.98159193731955,6.820784211863611,4.990845612161061,359.06453564370963,302.95246569906385,331.00850067138674,334.06022864232847,325.7647429340973
2025-08-29,347.2300109863281,348.75,331.70001220703125,333.8699951171875,81145700,51.325829906037825,5.942242841190875,5.181125057967024,357.2493745709744,307.89162579523656,332.5705001831055,334.0421111637436,326.08259596088516
2025-09-02,328.2300109863281,333.3299865722656,325.6000061035156,329.3599853515625,58392000,48.78611135347022,4.82643622655479,5.110187291684578,355.7693837818525,311.3816141429521,333.5754989624023,333.5961944197263,326.21112103502935
2025-09-03,335.20001220703125,343.3299865722656,328.510009765625,334.0899963378906,88733300,51.496857440343966,4.274549456429554,4.9430597246335735,353.7063119826568,315.98168545386665,334.84399871826173,333.6432231738372,326.52009653710235
2025-09-04,336.1499938964844,338.8900146484375,331.4800109863281,338.5299987792969,60711000,53.96028317061598,4.147634951441546,4.783974769995169,353.32621537722713,318.2237815710151,335.7749984741211,334.1086303743572,326.9910730956198
2025-09-05,348.0,355.8699951171875,344.67999267578125,350.8399963378906,108989800,60.02266002977488,4.982928122276746,4.823765440451485,354.7772315378474,319.62976614281666,337.20349884033203,335.7020937994556,327.9263249874736
2025-09-08,354.6400146484375,358.44000244140625,344.8399963378906,346.3999938964844,75208300,57.10206062318554,5.226386359117782,4.904289624184745,355.69536072132354,320.3866369593405,338.040998840332,336.7209414277441,328.65078259174857
2025-09-09,348.44000244140625,350.7699890136719,343.82000732421875,346.9700012207031,53816000,57.38871809389438,5.403040703200247,5.004039839987846,356.53749081022534,320.33850711457933,338.43799896240233,337.69704236040684,329.3691833222958
2025-09-10,350.54998779296875,356.3299865722656,346.07000732421875,347.7900085449219,72121700,57.825334906391724,5.545285680089137,5.112289008008104,357.340314427043,320.23068471846483,338.7854995727539,338.65827723512257,330.09156862514385
2025-09-11,350.1700134277344,368.989990234375,347.6000061035156,368.80999755859375,103756000,67.12456176315908,7.2703452764051235,5.543900261687508,363.16710408860524,317.3468943244807,340.25699920654296,341.5298696468817,331.60993838723994
2025-09-12,370.94000244140625,396.69000244140625,370.239990234375,395.94000244140625,168156400,74.83656490103273,10.703251671276973,6.575770543605401,376.95992440682807,309.5900755931719,343.275,346.71178705588403,334.1326859972072
2025-09-15,423.1300048828125,425.70001220703125,402.42999267578125,410.0400085449219,163823700,77.75697361683201,14.395663132254413,8.139749061335204,391.662710144427,302.8352909542058,347.2490005493164,352.74304624531624,337.1094437441764
2025-09-16,414.5,423.25,411.42999267578125,421.6199951171875,104285700,79.82761286506891,18.0482845660527,10.121456162278704,406.595206864698,296.54879337944266,351.57200012207034,359.30275566168496,340.42358301370626
2025-09-17,415.75,428.30999755859375,409.6700134277344,425.8599853515625,106133500,80.54186771840546,21.042579388254467,12.305680807473859,419.54159667998,293.25740234345756,356.3994995117188,365.64153944167333,343.77403016421044
2025-09-18,428.8699951171875,432.2200012207031,416.55999755859375,416.8500061035156,90454500,74.50482919722364,22.42999061220644,14.330542768420376,427.70236151078393,294.3916387333567,361.0470001220703,370.5185362666107,346.6397547108499
2025-09-19,421.82000732421875,429.4700012207031,421.7200012207031,426.07000732421875,93131000,76.45011291187299,23.996879952142876,16.263810205164877,436.073388075175,296.61661436623126,366.3450012207031,375.80915255781144,349.7546665780408
2025-09-22,431.1099853515625,444.9800109863281,429.1300048828125,434.2099914550781,97108800,78.04296682329715,25.600374551396442,18.131123074411192,445.8363249937719,296.2736756165797,371.0550003051758,381.371137214694,353.0666401026305
2025-09-23,439.8800048828125,440.9700012207031,423.7200012207031,425.8500061035156,83422700,72.61101084705614,25.898038160357657,19.684506091600486,452.6856049480765,297.349395662275,375.01750030517576,385.60721996601035,355.92088974972404
2025-09-24,429.8299865722656,444.2099914550781,429.0299987792969,442.7900085449219,93133600,76.2224637717456,27.187455277686126,21.185095928817617,462.01831902755316,297.1286810945171,379.57350006103513,391.0531998306686,359.32752185933964
2025-09-25,435.239990234375,435.3500061035156,419.0799865722656,423.3900146484375,96746400,65.56084171945056,26.34027595305082,22.216131933664258,466.65892639030824,299.86707458625426,383.26300048828125,394.13289647997993,361.83977647852
2025-09-26,428.29998779296875,440.4700012207031,421.0199890136719,440.3999938964844,101628200,69.5787844118758,26.733278804499264,23.119561307831262,473.16435346198165,302.80364580559643,387.98399963378904,398.53928671012324,364.92056931844013
2025-09-29,444.3500061035156,450.9800109863281,439.5,443.2099914550781,79491500,70.19736001669096,26.960693620940674,23.887787770453148,478.04086218757647,308.8611367137907,393.4509994506836,402.79363954297605,367.9907427355632
2025-09-30,441.5199890136719,445.0,433.1199951171875,444.7200012207031,74358000,70.54397620602364,26.952079870157604,24.500646190394043,481.0967254599441,317.3412750283371,399.2190002441406,406.7866263694263,370.99973326439215
2025-10-01,443.79998779296875,462.2900085449219,440.75,459.4599914550781,98122300,73.7530195149548,27.814024672483868,25.16332188681201,485.5468556772477,325.4281443227523,405.4875,411.8031373299646,374.4687629973602
2025-10-02,470.5400085449219,470.75,435.57000732421875,436.0,137009000,62.14804333383845,26.300916299855942,25.390840769420798,484.93743584698797,335.78456427508235,410.36100006103516,414.1076004413965,376.8817526837383
2025-10-03,443.2900085449219,446.7699890136719,416.5799865722656,429.8299865722656,133188200,59.496499532017545,24.323512186896778,25.177375052916,483.80814558021945,344.8128535652883,414.3104995727539,415.6049705490983,378.95815401270016
2025-10-06,440.75,453.54998779296875,436.69000244140625,453.25,85324900,65.51144929478309,24.365336107595397,25.01496726385188,483.3558214709801,355.95017828487926,419.6529998779297,419.19021144918423,381.8715597376923
2025-10-07,447.82000732421875,452.67999267578125,432.45001220703125,433.0899963378906,102296100,57.58406493429313,22.512231068343795,24.51442002475026,477.86464219941234,370.0533570681658,423.95899963378906,420.5140004862039,383.8801258788765
2025-10-08,437.57000732421875,441.3299865722656,425.2300109863281,438.69000244140625,71192100,59.06583633036127,21.250542637662534,23.86164454733272,469.0393217359412,387.9686769212854,428.5039993286133,422.2450482914612,386.0295328028973
2025-10-09,431.80999755859375,436.3500061035156,426.17999267578125,435.5400085449219,69339900,57.84178468719434,19.768587315469972,23.04303310096017,461.10614556388254,402.57485419197684,431.8404998779297,423.51123498226696,387.9711200868982
2025-10-10,436.5400085449219,443.1300048828125,411.45001220703125,413.489990234375,112107900,50.02645913103125,16.623252342364196,21.759076949240974,458.2678101315868,407.16818840356945,432.71799926757814,422.55683072056297,388.97186009268165
2025-10-13,423.5299987792969,436.8900146484375,419.70001220703125,435.8999938964844,79552800,56.464665990851294,15.757212386710364,20.558704036734852,457.2405751976731,410.78142187263944,434.01099853515626,423.8276081658888,390.8121790653798
2025-10-14,426.7900085449219,434.20001220703125,417.8599853515625,429.239990234375,72669400,54.22867019515157,14.36783933858868,19.32053109710562,457.0077133202254,411.7762832618059,434.3919982910156,424.3430731247923,392.3191520523992
2025-10-15,434.8999938964844,440.510009765625,426.3299865722656,435.1499938964844,71558200,55.89766049551899,13.587016423919863,18.173828162468467,457.11313245172926,412.5998649847942,434.8564987182617,425.3723036744773,393.99879290903004
2025-10-16,434.7300109863281,439.3500061035156,421.30999755859375,428.75,77189900,53.61761119959442,12.309881961437952,17.001038922262367,456.27114675945944,414.6318500667124,435.4514984130859,425.6939890388128,395.36158534397003
2025-10-17,425.5,441.4599914550781,423.6000061035156,439.30999755859375,89331600,56.75222011532221,12.011387450362008,16.0031086278823,456.51491748610346,415.7120783635059,436.1134979248047,426.9907517549824,397.08505248964155
2025-10-20,443.8699951171875,449.79998779296875,440.6099853515625,447.42999267578125,63719000,59.044257464767846,12.288391219404502,15.26016514618674,457.76440240379884,415.78459356788085,436.77449798583984,428.9373461283918,399.0593638694902
2025-10-21,445.760009765625,449.29998779296875,442.04998779296875,442.6000061035156,54412200,57.10555540883569,11.980080243865018,14.604148165722396,458.0971675248459,417.12682844683377,437.6119979858398,430.2385518403084,400.76684003553044
2025-10-22,443.45001220703125,445.5400085449219,429.0,438.9700012207031,84023500,55.627240717582765,11.312427890681022,13.945804110714121,457.77369338876207,417.06830185049574,437.4209976196289,431.070118447965,402.2650032192627
2025-10-23,420.0,449.3999938964844,413.8999938964844,448.9800109863281,126709800,58.79498817814258,11.45894118056475,13.448431524684247,458.5504767833601,418.8505180896868,438.70049743652345,432.7758224992377,404.0969643081673
2025-10-24,446.8299865722656,451.67999267578125,430.1700134277344,433.7200012207031,94727800,52.626946728245755,10.22582185451995,12.803909590651388,458.3205973396463,418.41239826582245,438.3664978027344,432.86574428223435,405.25865203022755
2025-10-27,439.9800109863281,460.1600036621094,438.69000244140625,452.4200134277344,105867500,58.38794682861659,10.634908007558352,12.370109274032782,459.6575916108651,417.99640619186926,438.8269989013672,434.72805562942483,407.108117183071
2025-10-28,454.7799987792969,467.0,451.6000061035156,460.54998779296875,80185700,60.629599431144136,11.482766532577955,12.192640725741818,462.49446084437795,416.74253561558294,439.61849822998045,437.18728726404805,409.2038768148317
2025-10-29,462.5,465.70001220703125,452.6499938964844,461.510009765625,67983500,60.89747349346883,12.09276836586696,12.172666253766847,462.9863526790924,416.45564561192316,439.7209991455078,439.50373702610295,411.2550977148628
2025-10-30,451.04998779296875,455.05999755859375,439.6099853515625,440.1000061035156,72447900,52.34390730468703,10.724960183963617,11.883125039806202,463.1254618563589,416.7265370450083,439.9259994506836,439.56052455728513,412.3862705928492
2025-10-31,446.75,458.0,443.69000244140625,456.55999755859375,83135800,57.30853361912143,10.844141579926372,11.675328347830238,465.08445916743057,417.4405408325694,441.2625,441.1795219859812,414.11857361111373
2025-11-03,455.989990234375,474.07000732421875,453.79998779296875,468.3699951171875,84595200,60.48900156674826,11.756045423831495,11.69147176303049,468.277303516207,415.7596959955117,442.01849975585935,443.7690908556199,416.2460803368421
2025-11-04,454.4599914550781,460.2200012207031,443.6000061035156,444.260009765625,87756600,51.97596777381129,10.413224299999058,11.435822270424204,468.50934322733605,416.64465762715616,442.5770004272461,443.81584503752515,417.3446658046375
2025-11-05,452.04998779296875,466.3299865722656,440.7099914550781,462.07000732421875,85573000,56.811333551444974,10.663227791129316,11.281303374565228,471.0140569696657,416.4779443731077,443.7460006713867,445.5543366838769,419.09860076618975
2025-11-06,461.9599914550781,467.45001220703125,435.0899963378906,445.9100036621094,109622900,51.722561326208336,9.448464105537369,10.914735520759656,471.2686541431655,417.2603467113267,444.2645004272461,445.58820972942283,420.1500283307356
2025-11-07,437.9200134277344,439.3599853515625,421.8800048828125,429.5199890136719,103471500,47.11317633170247,7.081585814608047,10.148105579529336,469.00142932021333,421.1305714122085,445.0660003662109,444.0579029945894,420.5174777692821
2025-11-10,439.6000061035156,449.6700134277344,433.3599853515625,445.2300109863281,76515900,51.568441328388836,6.39971328460922,9.398427120545314,469.0762180948751,421.98878434653113,445.5325012207031,444.1695323271359,421.4865967189702
2025-11-11,439.3999938964844,442.489990234375,432.3599853515625,439.6199951171875,60533200,49.95022894589789,5.345028830979402,8.587747462632132,468.5158871233135,423.58711580637396,446.05150146484374,443.7362430690456,422.1977103816454
2025-11-12,442.1499938964844,442.3299865722656,426.55999755859375,430.6000061035156,58513500,47.376059940451604,3.7382538097402858,7.617848732053764,468.83865041512985,422.8093537352608,445.8240020751953,442.4851728818523,422.5272121746599
2025-11-13,423.1300048828125,424.5,396.3399963378906,401.989990234375,118948000,40.28460348492968,0.15450283989508762,6.125179553622029,473.9015213809065,415.07048179292167,444.4860015869141,438.62848882018784,421.72183092209974
2025-11-14,386.29998779296875,412.19000244140625,382.7799987792969,404.3500061035156,105506700,41.06822710031726,-2.4667766009341676,4.40678832271079,477.17495550794223,408.30104852037806,442.73800201416014,435.3638714186,421.0405828899984
2025-11-17,398.739990234375,423.9599914550781,398.739990234375,408.9200134277344,102214300,42.63798349680597,-4.127815161464582,2.699867625875716,478.314877822206,403.31012828130963,440.8125030517578,432.8454087528033,420.5652664404979
2025-11-18,405.3800048828125,408.8999938964844,393.7099914550781,401.25,80688600,40.6794898620014,-5.994010943449155,0.9610919120107417,480.1849754886026,397.30503000456144,438.74500274658203,429.8363222049173,419.8078050114588
2025-11-19,406.17999267578125,411.7799987792969,398.5,403.989990234375,72047700,41.70954512557354,-7.16924760928805,-0.6649759922490165,481.25295307818686,392.7390513163444,436.9960021972656,427.37476677915134,419.1874985496124
2025-11-20,414.6300048828125,428.94000244140625,394.739990234375,395.2300109863281,113548800,39.35659913960006,-8.70711801274632,-2.2734043963484774,481.9033880597261,386.7136163348051,434.3085021972656,424.3133614655491,418.24798923340524
2025-11-21,402.32000732421875,402.79998779296875,383.760009765625,391.0899963378906,100460600,38.25814016409748,-10.143033394673068,-3.8473301960133957,483.551119050397,380.802884855853,432.177001953125,421.14923145339117,417.1829699041694
2025-11-24,402.1700134277344,421.7200012207031,401.0899963378906,417.7799987792969,96806400,48.28015250500982,-9.023331195504454,-4.8825303959116075,481.27841794802384,379.61158449338245,430.44500122070315,420.82835215109645,417.20638280123325
2025-11-25,414.4200134277344,420.4800109863281,405.95001220703125,419.3999938964844,71915600,48.8231508982197,-7.914011272898563,-5.488826571308999,477.3884426279383,379.38656042381956,428.3875015258789,420.6923180316096,417.2924067657529
2025-11-26,423.95001220703125,426.94000244140625,416.8900146484375,426.5799865722656,63463000,51.26531290147346,-6.381934866260167,-5.667448230299232,473.09493752735926,380.18706320506266,426.64100036621096,421.2530483688149,417.6566255816946
2025-11-28,426.5899963378906,432.92999267578125,426.20001220703125,430.1700134277344,36252900,52.48620977607279,-4.822477592061489,-5.498454102651683,472.2033376568354,380.08566380800835,426.1445007324219,422.10228313633104,418.1473466736962
2025-12-01,425.32000732421875,433.6600036621094,425.2900085449219,430.1400146484375,57463600,52.47437994115185,-3.5481166377806517,-5.108386609677477,468.6717784872552,380.9752246865729,424.82350158691406,422.8677813755793,418.617647378588
2025-12-02,430.80999755859375,436.79998779296875,422.1199951171875,429.239990234375,69336600,52.09500820334867,-2.5810481324114676,-4.602918914224275,461.74424268400907,383.98976000153783,422.86700134277345,423.4746584097503,419.03420984352084
2025-12-03,432.1000061035156,447.9200134277344,431.1099853515625,446.739990234375,87483000,58.39363498057072,-0.39794832755057996,-3.7619247968895357,462.1701859573525,383.81181477506937,422.9910003662109,425.6904042978098,420.12071103531906
2025-12-04,449.94000244140625,454.6300048828125,445.3900146484375,454.5299987792969,71906500,60.860604521029,1.938417709215173,-2.621856295668594,460.3275681288521,384.90043174907765,422.61399993896487,428.4370323436657,421.47009486841625
2025-12-05,453.0299987792969,458.8699951171875,451.6600036621094,455.0,56427500,61.010812820363554,3.7843066649228376,-1.3406237035503072,462.1581554893584,383.9788440223603,423.06849975585936,430.9668387871261,422.7849931088705
2025-12-08,447.45001220703125,449.75,435.25,439.5799865722656,69165800,53.72575811536333,3.9573034175819544,-0.28103827932385506,463.2649378723092,383.87806139526896,423.5714996337891,431.787138576187,423.44362030351346
2025-12-09,437.5400085449219,452.3900146484375,435.70001220703125,445.1700134277344,62367400,55.786822505600185,4.493672777308632,0.6739039320026423,463.25505439352787,383.88194511819086,423.56849975585936,433.06169808585815,424.29563572014956
2025-12-10,446.07000732421875,456.8800048828125,443.6099853515625,451.45001220703125,63257500,58.04750904435142,5.363663799063318,1.6118559054147772,465.1839684656224,383.13603275508075,424.1600006103516,434.81296609739843,425.36051322943905
2025-12-11,448.95001220703125,449.2699890136719,440.3299865722656,446.8900146484375,55979500,55.81581020287749,5.62039583366635,2.413563891065092,467.16704180215964,382.7819602730356,424.97450103759763,435.9631611974974,426.20480740273314
2025-12-12,448.0899963378906,463.010009765625,441.6700134277344,458.9599914550781,95656700,60.17978387422886,6.720336223316224,3.2749183575153182,471.15876881490226,384.48723338236334,427.8230010986328,438.1533355077432,427.48932442439377
2025-12-15,469.44000244140625,481.7699890136719,467.6600036621094,475.30999755859375,114542200,65.19463036358619,8.809801844851506,4.381895054982556,478.10138962600035,384.64061171677304,431.3710006713867,441.6920652268718,429.36464493946045
2025-12-16,472.2099914550781,491.5,465.8299865722656,489.8800048828125,107608100,68.94760528798821,11.508730744056493,5.807262192797344,487.6618434831664,383.1761570051149,435.41900024414065,446.28139281315185,431.737796309788
2025-12-17,488.2200012207031,495.2799987792969,466.20001220703125,467.260009765625,106490400,58.41632720534865,11.687678496261299,6.983345453490136,490.2082995577628,387.2307019070809,438.71950073242186,448.27935633243504,433.1308242884483
2025-12-18,478.1600036621094,490.8599853515625,473.1199951171875,483.3699951171875,95168400,62.77706370581643,12.97981384587672,8.182639131967452,495.1343154437937,390.24268650933135,442.6885009765625,451.6213219309829,435.1009878503596
2025-12-19,488.1199951171875,490.489990234375,474.7200012207031,481.20001220703125,103305400,61.83641565625126,13.671148444954724,9.280340994564908,497.09522618756756,396.8787758876278,446.9870010375977,454.4383400525113,436.90879272709185
2025-12-22,489.8800048828125,498.8299865722656,485.3299865722656,488.7300109863281,86916100,63.86007180913698,14.657679461441774,10.355808687940282,497.90740154017425,405.83060199986477,451.8690017700195,457.7042134747796,438.940997364709
2025-12-23,489.3999938964844,491.9700012207031,482.8399963378906,485.55999755859375,58223600,62.360901984008336,15.010684976289554,11.286783945610136,500.70572613637216,409.81027728159654,455.25800170898435,460.35714529228574,440.7691934507437
2025-12-24,488.4800109863281,490.8999938964844,476.79998779296875,485.3999938964844,41285400,62.281426444497555,15.103430486656976,12.050113253819505,502.60593572584946,414.51006769211926,458.55800170898436,462.74217849268564,442.51942091920415
2025-12-26,485.2300109863281,489.0899963378906,473.82000732421875,475.19000244140625,58780700,57.266103855507545,14.189503229284355,12.477991248912476,502.92060463037694,419.05640037450587,460.9885025024414,463.9276855354209,443.8006201945846
2025-12-29,469.0,469.3999938964844,459.0,459.6400146484375,66263000,50.58495637402261,12.071304748094235,12.396653948748828,501.8268165319469,423.09718859500623,462.4620025634766,463.5193359271368,444.42177291826516
2025-12-30,461.0899963378906,463.1199951171875,453.8299865722656,454.42999267578125,59238500,48.541520634016074,9.858568518595575,11.889036862718179,500.2417938308249,427.11120909886256,463.67650146484374,462.65368418891245,444.81425212444225
2025-12-31,456.1000061035156,456.54998779296875,449.29998779296875,449.7200012207031,49078000,46.70470532964495,7.6368690942972535,11.038603309033993,498.22594224733706,431.1750617809833,464.7005020141602,461.4219048586068,445.0066344419427
2026-01-02,457.79998779296875,458.3399963378906,435.29998779296875,438.07000732421875,85535400,42.428128759278856,4.879847307514353,9.806852108730066,498.97368889914316,429.56031683816155,464.26700286865236,459.1979146172365,444.7346098490908
2026-01-05,447.989990234375,457.54998779296875,444.57000732421875,451.6700134277344,67940800,48.37138161799348,3.749077479318032,8.59529718284766,499.0226468587274,429.225360343421,464.1240036010742,458.48097164680775,445.006586460018
2026-01-06,446.3800048828125,448.25,428.7799987792969,432.9599914550781,89093800,41.9546504179836,1.3278848072221763,7.141814707722563,500.4350822077951,425.60892413986113,463.0220031738281,456.0504021047383,444.53417096962824
2026-01-07,435.8999938964844,438.3699951171875,431.2900085449219,431.4100036621094,59828800,41.46392960638916,-0.7078393587560754,5.571883894426835,501.2622889429772,423.9647191136635,462.61350402832034,453.70369749115457,444.0194977418824
2026-01-08,427.8900146484375,436.8900146484375,424.3699951171875,435.79998779296875,57041100,43.48031462314581,-1.944515234952462,4.068604068550976,501.89556752933726,422.39443796382676,462.145002746582,451.9985822818035,443.6971640183956
2026-01-09,435.95001220703125,449.04998779296875,430.3900146484375,445.010009765625,67331500,47.56146717457727,-2.156558510678451,2.823571552705091,502.039944937677,421.6060603113465,461.82300262451173,451.33300394692935,443.7486481653458
2026-01-12,441.2300109863281,454.29998779296875,438.0,448.9599914550781,61649600,49.25387519896405,-1.9830148624655521,1.8622542696709623,501.99200130828984,421.86100162139763,461.92650146484374,451.1070027572293,443.9530145688648
2026-01-13,450.20001220703125,451.80999755859375,443.95001220703125,447.20001220703125,53719200,48.50274025354511,-1.9648463617158995,1.09683414339359,501.9290504499528,420.74795455493006,461.33850250244143,450.7349084191152,444.0803478095772
2026-01-14,442.80999755859375,443.9100036621094,434.2200012207031,439.20001220703125,57259500,45.133415408537076,-2.566397008003605,0.364187913114151,500.71495711115455,418.35104935857197,459.53300323486326,449.63634687510717,443.88896209967345
2026-01-15,441.1300048828125,445.3599853515625,437.6499938964844,438.57000732421875,49465800,44.86907573810121,-3.058707482122884,-0.32039116593325606,496.5512565103718,417.3837502034954,456.9675033569336,448.58240977502254,443.6803756378909
2026-01-16,439.5,447.25,435.260009765625,437.5,60220600,44.393509362085766,-3.4949204608477658,-0.9552970249161581,495.6669957642243,415.2920099730804,455.47950286865233,447.5269421774014,443.4380079658167
2026-01-20,429.3599853515625,430.7300109863281,417.44000244140625,419.25,63187300,37.159282290194916,-5.2526950685570455,-1.8147766336443358,493.31402971094053,411.23297651464543,452.273503112793,444.8339000652679,442.4894586338239
2026-01-21,421.6600036621094,438.20001220703125,419.6199951171875,431.44000244140625,68124000,43.75255535570154,-5.597587286467103,-2.57133876420889,489.4526222568638,410.11838299215964,449.7855026245117,443.5582907677573,442.0561466262782
2026-01-22,435.1600036621094,449.5,432.6300048828125,449.3599853515625,71546700,51.76461474350145,-4.374497512378866,-2.9319705138428853,483.0008439028455,412.6331587827014,447.81700134277344,444.1108331090721,442.34257167432855
2026-01-23,447.42999267578125,452.42999267578125,444.0400085449219,449.05999755859375,56771400,51.63202461455163,-3.3903151200123602,-3.02363943507678,476.3943453257516,415.5896573597953,445.99200134277345,444.58218210426463,442.60600014037817
2026-01-26,445.0,445.0400085449219,434.2799987792969,435.20001220703125,49397400,45.7956124964154,-3.6862358364309102,-3.1561587153476065,467.8817960999379,419.08220841666366,443.4820022583008,443.68864211405196,442.31556924103126
2026-01-27,437.4100036621094,437.5199890136719,430.69000244140625,430.8999938964844,37733100,44.12896869871242,-4.2190955696636365,-3.3687460862108125,461.17646108722295,421.3585425748864,441.2675018310547,442.4706756171407,441.8678996196765
2026-01-28,431.9100036621094,438.260009765625,430.1000061035156,431.4599914550781,54857400,44.412692044564764,-4.543825235531756,-3.603761916075001,458.2213577810609,421.49564356171254,439.8585006713867,441.42203903027763,441.45974635831976
2026-01-29,437.79998779296875,440.2300109863281,414.6199951171875,416.55999755859375,81686100,38.77110601399657,-5.935065082463893,-4.07002254935278,457.7557963166748,418.17420551437993,437.96500091552736,439.05422555678393,440.4832856210756
2026-01-30,425.3500061035156,439.8800048828125,422.70001220703125,430.4100036621094,82626100,45.678502823561416,-5.852587950492477,-4.4265356295807194,456.2524607195008,417.74654135569455,436.99950103759767,438.23096632871966,440.0882549560181
2026-02-02,421.2900085449219,427.1499938964844,414.5,421.80999755859375,58739500,42.474315775325856,-6.4073133288524105,-4.822691169435058,456.58809390704346,415.78490719158935,436.1865005493164,436.6670645410886,439.371460548276
2026-02-03,424.2699890136719,428.55999755859375,413.69000244140625,421.9599914550781,56886500,42.550008733417755,-6.756944088487785,-5.209541753245603,454.6777697731739,414.72422912819326,434.7009994506836,435.26639091384953,438.68865783873883
2026-02-04,420.4599914550781,423.8999938964844,399.17999267578125,406.010009765625,74606900,36.97803791479912,-8.226232321679959,-5.812879866932475,457.1040266942185,409.6029740382034,433.35350036621094,432.4800688997329,437.4071422280285
2026-02-05,397.0199890136719,402.1000061035156,387.5299987792969,397.2099914550781,72819800,34.308597593129136,-9.98563359671249,-6.647430612888479,460.3837508051777,402.903248706541,431.64349975585935,429.12101390500385,435.8307833741873
2026-02-06,400.8699951171875,414.54998779296875,397.75,411.1099853515625,62677100,41.49313628620167,-10.14145407291062,-7.346235304892907,460.48741873507817,400.33058053249994,430.40899963378905,427.4056778522951,434.8613403144766
2026-02-09,409.9100036621094,421.25,407.2900085449219,417.32000732421875,54484300,44.41788548001602,-9.65257714820541,-7.8075036735554075,458.8209106884308,399.22808833500676,429.0244995117188,426.44513780200214,434.173444903094
2026-02-10,418.0799865722656,427.25,417.0,425.2099914550781,64450200,47.97625541976628,-8.530152593929586,-7.952033457630244,456.14395448003165,399.5300445434059,427.8369995117188,426.3275048165808,433.82193692474044
2026-02-11,427.9599914550781,436.3500061035156,420.0299987792969,428.2699890136719,57362000,49.33109290045317,-7.309448051359311,-7.823516376376058,453.6975732365928,400.08342346750874,426.89049835205077,426.5125033115419,433.6042134772476
2026-02-12,430.29998779296875,436.2300109863281,414.0,417.07000732421875,61933400,44.73859610699245,-7.163202882961571,-7.691453677693161,452.2767878330091,399.29120838281125,425.7839981079102,425.6132179794159,432.95581323595235
2026-02-13,414.30999755859375,424.05999755859375,410.8800048828125,417.44000244140625,51434100,44.9210181820172,-6.9374761133818765,-7.540658164830905,450.75456449154916,398.7004312359899,424.72749786376954,424.83481649960544,432.3473500675388
2026-02-17,412.3599853515625,413.7200012207031,400.510009765625,410.6300048828125,59678800,42.162251817686005,-7.2248127673781255,-7.47748908534035,449.40905325248355,397.35894296333674,423.38399810791014,423.4819772980061,431.4956894720593
2026-02-18,411.1099853515625,416.8999938964844,409.5799865722656,411.32000732421875,45921400,42.54725513169912,-7.312557099059347,-7.4445026880841505,449.5145345203962,396.460462427846,422.9874984741211,422.32369444335967,430.7044862505754
2026-02-19,407.25,415.25,404.1099853515625,411.7099914550781,51019600,42.77909536354738,-7.266858828837144,-7.40897391623475,448.67158480376315,395.3304110458462,422.00099792480466,421.31286558733285,429.9596041017324
2026-02-20,408.29998779296875,414.70001220703125,405.5,411.82000732421875,57912200,42.849159169757314,-7.139465940055402,-7.355072320998881,443.8036454037114,396.44435264316354,420.1239990234375,420.4087838479887,429.2482473653593
2026-02-23,407.2900085449219,407.70001220703125,394.0400085449219,399.8299865722656,69680000,37.46504186491316,-7.9147641533873525,-7.467010687476575,438.77284555724066,396.55215139100153,417.6624984741211,418.4488983931579,428.09459007935567
2026-02-24,399.5,410.82000732421875,397.6400146484375,409.3800048828125,58579500,43.54933619764901,-7.670169963522426,-7.507642542685746,436.0773548627638,396.6656413530565,416.37149810791016,417.58519424931546,427.3606847775305
2026-02-25,412.1499938964844,420.3399963378906,412.1499938964844,417.3999938964844,54809700,48.11480188995981,-6.751355791300853,-7.3563851924087675,434.1948159165613,397.198180299259,415.69649810791014,417.5675561204744,426.97006944886203
2026-02-26,414.4200134277344,416.80999755859375,403.6600036621094,408.5799865722656,53602500,43.908994513438564,-6.658138938172669,-7.216735941561548,431.72882276368676,397.3761729638523,414.55249786376953,416.7115971158831,426.24888972821117
2026-02-27,402.94000244140625,407.1199951171875,398.1099853515625,402.510009765625,56890100,41.2374336342247,-6.99344423795327,-7.172077600839893,431.8119202315255,395.8880767167167,413.8499984741211,415.35906498728707,425.31795325909013
2026-03-02,390.6000061035156,404.5400085449219,388.25,403.32000732421875,55088300,41.74677961554783,-7.111835260310045,-7.160029132733924,429.24409831276586,395.74689900168727,412.49549865722656,414.21248806699487,424.4552887126246
2026-03-03,395.0899963378906,396.3399963378906,385.3900146484375,392.42999267578125,62617300,37.09178388084105,-7.992264320888751,-7.32647617036489,429.40929621093807,392.64370061523385,411.02649841308596,412.13796469640306,423.1993947503955
2026-03-04,397.8500061035156,408.3299865722656,394.5799865722656,405.94000244140625,68305500,45.24831798024182,-7.513257656894609,-7.363832467670834,427.98798829384174,392.463009630963,410.22549896240236,411.54768257687954,422.52255583631757
2026-03-05,401.57000732421875,408.6199951171875,399.4200134277344,405.54998779296875,51925900,45.06665620188407,-7.083458645300084,-7.3077577031966845,427.98914633923647,392.41584938830255,410.2024978637695,410.9764735498404,421.85696493265687
2026-03-06,398.0899963378906,402.3500061035156,394.2099914550781,396.7300109863281,64054600,41.05268799956123,-7.369586245916139,-7.320123411740576,428.0400969580943,392.3169007225698,410.17849884033205,409.6196675914107,420.8715941896636
2026-03-09,390.04998779296875,401.5899963378906,381.3999938964844,398.67999267578125,67018900,42.27678788019099,-7.354222308255316,-7.326943191043524,428.1328579358424,390.9811404772435,409.55699920654297,408.57779378992217,420.00133530676624
2026-03-10,402.2200012207031,406.5899963378906,398.19000244140625,399.239990234375,59258700,42.6451401548591,-7.213704064009221,-7.304295365636664,427.39714289161276,389.90885381248876,408.65299835205076,407.68847916558434,419.18716491177054
2026-03-11,402.2799987792969,416.3800048828125,402.1499938964844,407.82000732421875,62559900,48.10890960067359,-6.3369581610481305,-7.110827924718957,424.83029733232667,390.7367009586889,407.7834991455078,407.7010056568829,418.7413940259842
2026-03-12,405.17999267578125,406.5,394.6499938964844,395.010009765625,60973800,41.71891201896582,-6.599713077521471,-7.008604955279461,421.11855453303036,391.1224458331806,406.1205001831055,406.492339381525,417.81075150597013
2026-03-13,399.1700134277344,400.20001220703125,389.95001220703125,391.20001220703125,58504100,40.016462632527066,-7.03429621530131,-7.013743207283832,420.303564613398,389.3504362410942,404.8270004272461,405.0359272696685,416.7671931020902
2026-03-16,396.2200012207031,403.7300109863281,394.4200134277344,395.55999755859375,58068300,42.8886242450808,-6.946813560556279,-7.000357277938322,418.5340810608705,388.9319193053404,403.73300018310545,404.13345777337565,415.93553837489424
2026-03-17,395.69000244140625,400.1199951171875,393.0,399.2699890136719,46890500,45.28923713080178,-6.5031533182790895,-6.9009164860064764,417.72152640319496,388.6084723761019,403.1649993896484,403.6702702724515,415.2819874195522
2026-03-18,399.0,403.07000732421875,392.30999755859375,392.7799987792969,50853100,41.96605975203803,-6.599166271735328,-6.840566443152246,416.96818109032426,387.5078168344804,402.23799896240234,402.6331015588177,414.3995564924834
2026-03-19,387.2699890136719,387.2699890136719,378.7300109863281,380.29998779296875,67078300,36.4303039928544,-7.594742353589197,-6.991401625239638,417.6682729846676,383.6667245739261,400.66749877929686,400.5061383430226,413.0623185042671
2026-03-20,379.8500061035156,379.8900146484375,364.4599914550781,367.9599914550781,78628600,31.943419610228375,-9.272589506171585,-7.4476392014260275,420.1033898519073,376.84560611977236,398.47449798583983,397.40650530607553,411.2935997964558
2026-03-23,373.0899963378906,385.3299865722656,372.7300109863281,380.8500061035156,74606000,40.22519277681896,-9.453208306112288,-7.84875302236328,420.5260296556124,374.52496826919236,397.52549896240237,395.8296958582127,410.0997333771248
2026-03-24,376.55999755859375,387.4800109863281,376.30999755859375,383.0299987792969,60004900,41.52128917768729,-9.313087342686003,-8.141619886427826,419.367582471607,373.04841484284606,396.20799865722654,394.61067708879216,409.03817515760215
2026-03-25,389.989990234375,396.2300109863281,385.010009765625,385.95001220703125,55157300,43.29488973742187,-8.864238367502253,-8.286143582642712,415.9324506174015,373.33854852810634,394.63549957275393,393.7858518619578,408.13275700267786
2026-03-26,381.6000061035156,384.44000244140625,371.8699951171875,372.1099853515625,55522900,37.490969143973714,-9.51560682991692,-8.532036232097553,415.29407476636345,370.329924257074,392.81199951171874,391.7214836228725,406.7200992908694
2026-03-27,369.69000244140625,369.8599853515625,359.4700012207031,361.8299865722656,62065700,33.860075257792616,-10.737555165143931,-8.973140018706829,416.6682449219307,364.8877517821708,390.77799835205076,388.8746743799576,404.9597027136693
2026-03-30,365.8599853515625,367.2900085449219,352.1400146484375,355.2799987792969,67954400,31.750160428333643,-12.095062942152424,-9.597524603395948,418.01012470970926,358.74187113990007,388.37599792480466,385.67518146560894,403.01147902996837
2026-03-31,361.510009765625,373.3299865722656,361.0,371.75,75534900,41.60385327802767,-11.70695568497024,-10.019410819710806,417.8118895994228,356.87210698260844,387.3419982910156,384.34897370697956,401.78553867585197
2026-04-01,378.6300048828125,383.1400146484375,374.0799865722656,381.260009765625,58683800,46.41463440854044,-10.51083718952151,-10.117696093672949,415.3820846891292,356.83391262532393,386.1079986572266,384.0547866649458,400.98061597349016
2026-04-02,364.20001220703125,370.2799987792969,359.0299987792969,360.5899963378906,83031200,38.9113387446051,-11.102815653823768,-10.314720005703114,413.7465389028508,353.9734592660945,383.85999908447263,381.8200447290358,399.39667010542746
2026-04-06,362.5899963378906,367.7200012207031,346.6400146484375,352.82000732421875,77697600,36.52128583617417,-12.059916814651785,-10.66375936749285,413.92712011846777,349.40187768426665,381.6644989013672,379.05813640476754,397.57013431008596
2026-04-07,346.44000244140625,348.0199890136719,337.239990234375,346.6499938964844,74515400,34.69867231640386,-13.16454225039439,-11.163915944073157,413.8413859312691,344.2846119935356,379.06299896240233,375.9716466420739,395.5732660585722
2026-04-08,363.7900085449219,364.5,339.6700134277344,343.25,78838600,33.70059807441996,-14.151190839936248,-11.761370923245776,413.15312976745025,339.3738691339169,376.2634994506836,372.8552993428288,393.5213732719615
2026-04-09,343.1499938964844,348.8800048828125,337.25,345.6199951171875,62164000,35.10191342555051,-14.573879545016155,-12.323872647599853,409.32205747770263,336.9849402029614,373.153498840332,370.2614608451487,391.64288785412725
2026-04-10,346.2900085449219,350.3599853515625,342.739990234375,348.95001220703125,51045600,37.113179827723194,-14.473319423082444,-12.753762002696373,407.0249521104878,334.6760458143169,370.85049896240236,368.2317990700899,389.96865743659407
2026-04-13,350.1700134277344,356.3500061035156,348.57000732421875,353.04998779296875,32471296,39.595328138845396,-13.902531310175448,-12.983515864192189,404.6192963110192,333.2666991723793,368.94299774169923,366.78591228179266,388.5208664701774
